Timestamp               Ty Process[PID:TID]
2026-09-28 20:47:41.746 Df LosslessSwitcher[2783:176a134] [com.apple.coreaudio:as_client] SessionCore_macOS_Legacy.mm:163   --> setPlayState Started  Input {LSOutput_UID, 0xa}
2026-09-28 20:47:41.759 Df LosslessSwitcher[2783:1769dc5] (CoreAudio)   HALC_ProxyIOContext.cpp:1159   HALC_ProxyIOContext::PauseIO: <- 0 1 1, id:589 called from <private>
2026-09-28 20:47:41.763 Df LosslessSwitcher[2783:1769cbf] (CoreAudio)   HALC_ProxyIOContext.cpp:1159   HALC_ProxyIOContext::PauseIO: <- 0 1 1, id:610 called from <private>
2026-09-28 20:47:41.790 Df LosslessSwitcher[2783:1769dc5] (CoreAudio)   HALC_ProxyIOContext.cpp:1159   HALC_ProxyIOContext::PauseIO: <- 0 2 2, id:610 called from <private>
2026-09-28 20:47:41.790 Df LosslessSwitcher[2783:1769f69] (CoreAudio)   HALC_ProxyIOContext.cpp:1159   HALC_ProxyIOContext::PauseIO: <- 0 3 3, id:610 called from <private>
2026-09-28 20:47:41.791 Df LosslessSwitcher[2783:1769f6b] (CoreAudio)   HALC_ProxyIOContext.cpp:1210   HALC_ProxyIOContext::ResumeIO: <- 0 2 2 id:610 called from <private>
2026-09-28 20:47:41.791 Df LosslessSwitcher[2783:1769f6b] (CoreAudio)   HALC_ProxyIOContext.cpp:1210   HALC_ProxyIOContext::ResumeIO: <- 0 1 1 id:610 called from <private>
2026-09-28 20:47:41.793 Df LosslessSwitcher[2783:1769f6b] (CoreAudio)   HALC_ProxyIOContext.cpp:1159   HALC_ProxyIOContext::PauseIO: <- 0 1 1, id:610 called from <private>
2026-09-28 20:47:41.793 E  LosslessSwitcher[2783:1769dc5] [com.apple.coreaudio:AMCP]          HALC_ProxyIOContext.cpp:1075  HALC_ProxyIOContext::_StartIO(): Start failed - StartAndWaitForState returned error 35
2026-09-28 20:47:41.793 Df LosslessSwitcher[2783:1769dc5] (CoreAudio)   HALC_ProxyIOContext.cpp:1210   HALC_ProxyIOContext::ResumeIO: <- 0 1 1 id:610 called from <private>
2026-09-28 20:47:41.811 Df LosslessSwitcher[2783:1769dc5] (CoreAudio)   HALC_ProxyIOContext.cpp:1159   HALC_ProxyIOContext::PauseIO: <- 0 2 2, id:610 called from <private>
2026-09-28 20:47:41.811 Df LosslessSwitcher[2783:1769f6b] (CoreAudio)   HALC_ProxyIOContext.cpp:1159   HALC_ProxyIOContext::PauseIO: <- 0 3 3, id:610 called from <private>
2026-09-28 20:47:41.813 Df LosslessSwitcher[2783:1769f69] (CoreAudio)   HALC_ProxyIOContext.cpp:1210   HALC_ProxyIOContext::ResumeIO: <- 0 2 2 id:610 called from <private>
2026-09-28 20:47:41.813 Df LosslessSwitcher[2783:1769f69] (CoreAudio)   HALC_ProxyIOContext.cpp:1210   HALC_ProxyIOContext::ResumeIO: <- 0 1 1 id:610 called from <private>
2026-09-28 20:47:41.815 E  LosslessSwitcher[2783:1769dc5] [com.apple.coreaudio:AMCP]          HALC_ProxyIOContext.cpp:1075  HALC_ProxyIOContext::_StartIO(): Start failed - StartAndWaitForState returned error 35
2026-09-28 20:47:41.815 Df LosslessSwitcher[2783:1769dc5] (CoreAudio)   HALC_ProxyIOContext.cpp:1210   HALC_ProxyIOContext::ResumeIO: <- 0 0 0 id:610 called from <private>
2026-09-28 20:47:41.815 Df LosslessSwitcher[2783:1769dc5] (CoreAudio)   HALC_ProxyIOContext.cpp:1159   HALC_ProxyIOContext::PauseIO: <- 0 1 1, id:610 called from <private>
2026-09-28 20:47:41.816 Df LosslessSwitcher[2783:1769cbf] (CoreAudio)   HALC_ProxyIOContext.cpp:1159   HALC_ProxyIOContext::PauseIO: <- 0 2 2, id:589 called from <private>
2026-09-28 20:47:41.821 Df LosslessSwitcher[2783:1769cbf] (CoreAudio)   HALC_ProxyIOContext.cpp:1210   HALC_ProxyIOContext::ResumeIO: <- 0 1 1 id:589 called from <private>
2026-09-28 20:47:41.821 Df LosslessSwitcher[2783:1769cbf] (CoreAudio)   HALC_ProxyIOContext.cpp:1159   HALC_ProxyIOContext::PauseIO: <- 0 2 2, id:589 called from <private>
2026-09-28 20:47:41.821 Df LosslessSwitcher[2783:1769cbf] (CoreAudio)   HALC_ProxyIOContext.cpp:1210   HALC_ProxyIOContext::ResumeIO: <- 0 1 1 id:589 called from <private>
2026-09-28 20:47:41.846 Df LosslessSwitcher[2783:1769cbf] (CoreAudio)   HALC_ProxyIOContext.cpp:1210   HALC_ProxyIOContext::ResumeIO: <- 1 0 0 id:589 called from <private>
2026-09-28 20:47:41.853 Df LosslessSwitcher[2783:1769cbf] (CoreAudio)   HALC_ProxyIOContext.cpp:1159   HALC_ProxyIOContext::PauseIO: <- 0 1 1, id:589 called from <private>
2026-09-28 20:47:41.860 Df LosslessSwitcher[2783:1769f69] (CoreAudio)   HALC_ProxyIOContext.cpp:1159   HALC_ProxyIOContext::PauseIO: <- 0 2 2, id:610 called from <private>
2026-09-28 20:47:41.863 Df LosslessSwitcher[2783:1769f69] (CoreAudio)   HALC_ProxyIOContext.cpp:1210   HALC_ProxyIOContext::ResumeIO: <- 0 1 1 id:610 called from <private>
2026-09-28 20:47:41.876 Df LosslessSwitcher[2783:1769f69] (CoreAudio)   HALC_ProxyIOContext.cpp:1159   HALC_ProxyIOContext::PauseIO: <- 0 2 2, id:610 called from <private>
2026-09-28 20:47:41.889 Df LosslessSwitcher[2783:1769cbf] (CoreAudio)   HALC_ProxyIOContext.cpp:1210   HALC_ProxyIOContext::ResumeIO: <- 1 0 0 id:589 called from <private>
2026-09-28 20:47:41.896 Df LosslessSwitcher[2783:1769dc5] (CoreAudio)   HALC_ProxyIOContext.cpp:1159   HALC_ProxyIOContext::PauseIO: <- 0 3 3, id:610 called from <private>
2026-09-28 20:47:41.898 Df LosslessSwitcher[2783:1769dc5] (CoreAudio)   HALC_ProxyIOContext.cpp:1210   HALC_ProxyIOContext::ResumeIO: <- 0 2 2 id:610 called from <private>
2026-09-28 20:47:41.898 Df LosslessSwitcher[2783:1769dc5] (CoreAudio)   HALC_ProxyIOContext.cpp:1210   HALC_ProxyIOContext::ResumeIO: <- 0 1 1 id:610 called from <private>
2026-09-28 20:47:41.898 Df LosslessSwitcher[2783:1769dc5] (CoreAudio)   HALC_ProxyIOContext.cpp:1159   HALC_ProxyIOContext::PauseIO: <- 0 2 2, id:610 called from <private>
2026-09-28 20:47:41.898 Df LosslessSwitcher[2783:1769dc5] (CoreAudio)   HALC_ProxyIOContext.cpp:1210   HALC_ProxyIOContext::ResumeIO: <- 0 1 1 id:610 called from <private>
2026-09-28 20:47:41.898 Df LosslessSwitcher[2783:1769dc5] (CoreAudio)   HALC_ProxyIOContext.cpp:1159   HALC_ProxyIOContext::PauseIO: <- 0 2 2, id:610 called from <private>
2026-09-28 20:47:41.898 Df LosslessSwitcher[2783:1769dc5] (CoreAudio)   HALC_ProxyIOContext.cpp:1210   HALC_ProxyIOContext::ResumeIO: <- 0 1 1 id:610 called from <private>
2026-09-28 20:47:41.898 Df LosslessSwitcher[2783:1769cbf] (CoreAudio)   HALC_ProxyIOContext.cpp:1159   HALC_ProxyIOContext::PauseIO: <- 0 2 2, id:610 called from <private>
2026-09-28 20:47:41.899 Df LosslessSwitcher[2783:1769f69] (CoreAudio)   HALC_ProxyIOContext.cpp:1210   HALC_ProxyIOContext::ResumeIO: <- 0 1 1 id:610 called from <private>
2026-09-28 20:47:41.960 Df LosslessSwitcher[2783:1769cbf] (CoreAudio)   HALC_ProxyIOContext.cpp:1210   HALC_ProxyIOContext::ResumeIO: <- 1 0 0 id:610 called from <private>
2026-09-28 20:47:42.003 E  LosslessSwitcher[2783:176a134] (CoreAudio)         HALB_IOThread.cpp:342    HALB_IOThread::_Start: there already is a thread
2026-09-28 20:47:42.003 Df LosslessSwitcher[2783:176a134] [com.apple.coreaudio:as_client] SessionCore_macOS_Legacy.mm:163   --> setPlayState Started  Output {AppleUSBAudioEngine:AudioQuest:AudioQuest DragonFly Black v1.5:AQDFBL0120002531:1, 0xa}
2026-09-28 20:48:42.565 Df LosslessSwitcher[2783:176a134] [com.apple.coreaudio:as_client] SessionCore_macOS_Legacy.mm:163   --> setPlayState Stopped  Input {LSOutput_UID, 0xa}
2026-09-28 20:48:42.568 Df LosslessSwitcher[2783:176a134] [com.apple.coreaudio:as_client] SessionCore_macOS_Legacy.mm:163   --> setPlayState Stopped  Input {LSOutput_UID, 0xa}
2026-09-28 20:48:42.622 Df LosslessSwitcher[2783:176a134] [com.apple.coreaudio:as_client] SessionCore_macOS_Legacy.mm:163   --> setPlayState Stopped  Output {AppleUSBAudioEngine:AudioQuest:AudioQuest DragonFly Black v1.5:AQDFBL0120002531:1, 0xa}
2026-09-28 20:48:42.622 Df LosslessSwitcher[2783:176a134] [com.apple.coreaudio:as_client] SessionCore_macOS_Legacy.mm:163   --> setPlayState Stopped  Output {AppleUSBAudioEngine:AudioQuest:AudioQuest DragonFly Black v1.5:AQDFBL0120002531:1, 0xa}
2026-09-28 20:48:42.625 Df LosslessSwitcher[2783:176a696] (CoreAudio)   HALC_ProxyIOContext.cpp:1159   HALC_ProxyIOContext::PauseIO: <- 0 1 1, id:610 called from <private>
2026-09-28 20:48:42.625 Df LosslessSwitcher[2783:176a696] (CoreAudio)   HALC_ProxyIOContext.cpp:1210   HALC_ProxyIOContext::ResumeIO: <- 0 0 0 id:610 called from <private>
2026-09-28 20:48:42.649 Df LosslessSwitcher[2783:176a696] (CoreAudio)   HALC_ProxyIOContext.cpp:1159   HALC_ProxyIOContext::PauseIO: <- 0 1 1, id:610 called from <private>
2026-09-28 20:48:42.649 Df LosslessSwitcher[2783:176a62e] (CoreAudio)   HALC_ProxyIOContext.cpp:1159   HALC_ProxyIOContext::PauseIO: <- 0 2 2, id:610 called from <private>
2026-09-28 20:48:42.651 Df LosslessSwitcher[2783:176a697] (CoreAudio)   HALC_ProxyIOContext.cpp:1210   HALC_ProxyIOContext::ResumeIO: <- 0 1 1 id:610 called from <private>
2026-09-28 20:48:42.651 Df LosslessSwitcher[2783:176a697] (CoreAudio)   HALC_ProxyIOContext.cpp:1210   HALC_ProxyIOContext::ResumeIO: <- 0 0 0 id:610 called from <private>
2026-09-28 20:48:42.651 Df LosslessSwitcher[2783:176a696] (CoreAudio)   HALC_ProxyIOContext.cpp:1210   HALC_ProxyIOContext::ResumeIO: <- 0 0 0 id:610 called from <private>
2026-09-28 20:48:42.652 Df LosslessSwitcher[2783:176a697] (CoreAudio)   HALC_ProxyIOContext.cpp:1159   HALC_ProxyIOContext::PauseIO: <- 0 1 1, id:610 called from <private>
2026-09-28 20:48:42.701 Df LosslessSwitcher[2783:176a696] (CoreAudio)   HALC_ProxyIOContext.cpp:1159   HALC_ProxyIOContext::PauseIO: <- 0 2 2, id:610 called from <private>
2026-09-28 20:48:42.727 Df LosslessSwitcher[2783:176a62e] (CoreAudio)   HALC_ProxyIOContext.cpp:1159   HALC_ProxyIOContext::PauseIO: <- 0 3 3, id:610 called from <private>
2026-09-28 20:48:42.728 Df LosslessSwitcher[2783:176a62e] (CoreAudio)   HALC_ProxyIOContext.cpp:1210   HALC_ProxyIOContext::ResumeIO: <- 0 2 2 id:610 called from <private>
2026-09-28 20:48:42.728 Df LosslessSwitcher[2783:176a62e] (CoreAudio)   HALC_ProxyIOContext.cpp:1159   HALC_ProxyIOContext::PauseIO: <- 0 3 3, id:610 called from <private>
2026-09-28 20:48:42.728 Df LosslessSwitcher[2783:176a62e] (CoreAudio)   HALC_ProxyIOContext.cpp:1210   HALC_ProxyIOContext::ResumeIO: <- 0 2 2 id:610 called from <private>
2026-09-28 20:48:42.728 Df LosslessSwitcher[2783:176a62e] (CoreAudio)   HALC_ProxyIOContext.cpp:1159   HALC_ProxyIOContext::PauseIO: <- 0 3 3, id:610 called from <private>
2026-09-28 20:48:42.730 Df LosslessSwitcher[2783:176a696] (CoreAudio)   HALC_ProxyIOContext.cpp:1210   HALC_ProxyIOContext::ResumeIO: <- 0 2 2 id:610 called from <private>
2026-09-28 20:48:42.730 Df LosslessSwitcher[2783:176a697] (CoreAudio)   HALC_ProxyIOContext.cpp:1210   HALC_ProxyIOContext::ResumeIO: <- 0 1 1 id:610 called from <private>
2026-09-28 20:48:42.759 Df LosslessSwitcher[2783:176a696] (CoreAudio)   HALC_ProxyIOContext.cpp:1159   HALC_ProxyIOContext::PauseIO: <- 0 2 2, id:610 called from <private>
2026-09-28 20:48:42.759 Df LosslessSwitcher[2783:176a697] (CoreAudio)   HALC_ProxyIOContext.cpp:1159   HALC_ProxyIOContext::PauseIO: <- 0 3 3, id:610 called from <private>
2026-09-28 20:48:42.762 Df LosslessSwitcher[2783:176a697] (CoreAudio)   HALC_ProxyIOContext.cpp:1210   HALC_ProxyIOContext::ResumeIO: <- 0 2 2 id:610 called from <private>
2026-09-28 20:48:42.762 Df LosslessSwitcher[2783:176a696] (CoreAudio)   HALC_ProxyIOContext.cpp:1210   HALC_ProxyIOContext::ResumeIO: <- 0 1 1 id:610 called from <private>
2026-09-28 20:48:42.780 Df LosslessSwitcher[2783:176a696] (CoreAudio)   HALC_ProxyIOContext.cpp:1159   HALC_ProxyIOContext::PauseIO: <- 0 2 2, id:610 called from <private>
2026-09-28 20:48:42.780 Df LosslessSwitcher[2783:176a697] (CoreAudio)   HALC_ProxyIOContext.cpp:1159   HALC_ProxyIOContext::PauseIO: <- 0 3 3, id:610 called from <private>
2026-09-28 20:48:42.782 Df LosslessSwitcher[2783:176a696] (CoreAudio)   HALC_ProxyIOContext.cpp:1210   HALC_ProxyIOContext::ResumeIO: <- 0 2 2 id:610 called from <private>
2026-09-28 20:48:42.782 Df LosslessSwitcher[2783:176a62e] (CoreAudio)   HALC_ProxyIOContext.cpp:1210   HALC_ProxyIOContext::ResumeIO: <- 0 1 1 id:610 called from <private>
2026-09-28 20:49:11.437 Df LosslessSwitcher[2783:176a134] [com.apple.coreaudio:as_client] SessionCore_macOS_Legacy.mm:163   --> setPlayState Started  Input {LSOutput_UID, 0xb}
2026-09-28 20:49:11.449 Df LosslessSwitcher[2783:176b0fa] (CoreAudio)   HALC_ProxyIOContext.cpp:1159   HALC_ProxyIOContext::PauseIO: <- 0 2 2, id:610 called from <private>
2026-09-28 20:49:11.476 Df LosslessSwitcher[2783:176a696] (CoreAudio)   HALC_ProxyIOContext.cpp:1159   HALC_ProxyIOContext::PauseIO: <- 0 3 3, id:610 called from <private>
2026-09-28 20:49:11.476 Df LosslessSwitcher[2783:176b0fa] (CoreAudio)   HALC_ProxyIOContext.cpp:1159   HALC_ProxyIOContext::PauseIO: <- 0 4 4, id:610 called from <private>
2026-09-28 20:49:11.478 Df LosslessSwitcher[2783:176a696] (CoreAudio)   HALC_ProxyIOContext.cpp:1210   HALC_ProxyIOContext::ResumeIO: <- 0 3 3 id:610 called from <private>
2026-09-28 20:49:11.478 Df LosslessSwitcher[2783:176b159] (CoreAudio)   HALC_ProxyIOContext.cpp:1210   HALC_ProxyIOContext::ResumeIO: <- 0 2 2 id:610 called from <private>
2026-09-28 20:49:11.478 Df LosslessSwitcher[2783:176b159] (CoreAudio)   HALC_ProxyIOContext.cpp:1210   HALC_ProxyIOContext::ResumeIO: <- 0 1 1 id:610 called from <private>
2026-09-28 20:49:11.478 Df LosslessSwitcher[2783:176b159] (CoreAudio)   HALC_ProxyIOContext.cpp:1159   HALC_ProxyIOContext::PauseIO: <- 0 2 2, id:610 called from <private>
2026-09-28 20:49:11.502 Df LosslessSwitcher[2783:176a696] (CoreAudio)   HALC_ProxyIOContext.cpp:1159   HALC_ProxyIOContext::PauseIO: <- 0 3 3, id:610 called from <private>
2026-09-28 20:49:11.502 Df LosslessSwitcher[2783:176b0fa] (CoreAudio)   HALC_ProxyIOContext.cpp:1159   HALC_ProxyIOContext::PauseIO: <- 0 4 4, id:610 called from <private>
2026-09-28 20:49:11.503 Df LosslessSwitcher[2783:176a696] (CoreAudio)   HALC_ProxyIOContext.cpp:1210   HALC_ProxyIOContext::ResumeIO: <- 0 3 3 id:610 called from <private>
2026-09-28 20:49:11.503 Df LosslessSwitcher[2783:176a698] (CoreAudio)   HALC_ProxyIOContext.cpp:1210   HALC_ProxyIOContext::ResumeIO: <- 0 2 2 id:610 called from <private>
2026-09-28 20:49:11.503 Df LosslessSwitcher[2783:176a698] (CoreAudio)   HALC_ProxyIOContext.cpp:1210   HALC_ProxyIOContext::ResumeIO: <- 0 1 1 id:610 called from <private>
2026-09-28 20:49:11.503 Df LosslessSwitcher[2783:176a698] (CoreAudio)   HALC_ProxyIOContext.cpp:1159   HALC_ProxyIOContext::PauseIO: <- 0 2 2, id:610 called from <private>
2026-09-28 20:49:11.530 Df LosslessSwitcher[2783:176a696] (CoreAudio)   HALC_ProxyIOContext.cpp:1159   HALC_ProxyIOContext::PauseIO: <- 0 3 3, id:610 called from <private>
2026-09-28 20:49:11.532 Df LosslessSwitcher[2783:176a696] (CoreAudio)   HALC_ProxyIOContext.cpp:1210   HALC_ProxyIOContext::ResumeIO: <- 0 2 2 id:610 called from <private>
2026-09-28 20:49:11.550 Df LosslessSwitcher[2783:176b0fa] (CoreAudio)   HALC_ProxyIOContext.cpp:1159   HALC_ProxyIOContext::PauseIO: <- 0 3 3, id:610 called from <private>
2026-09-28 20:49:11.551 Df LosslessSwitcher[2783:176b0fa] (CoreAudio)   HALC_ProxyIOContext.cpp:1210   HALC_ProxyIOContext::ResumeIO: <- 0 2 2 id:610 called from <private>
2026-09-28 20:49:11.566 Df LosslessSwitcher[2783:176a696] (CoreAudio)   HALC_ProxyIOContext.cpp:1159   HALC_ProxyIOContext::PauseIO: <- 0 3 3, id:610 called from <private>
2026-09-28 20:49:11.566 Df LosslessSwitcher[2783:176b0fa] (CoreAudio)   HALC_ProxyIOContext.cpp:1210   HALC_ProxyIOContext::ResumeIO: <- 0 2 2 id:610 called from <private>
2026-09-28 20:49:11.566 Df LosslessSwitcher[2783:176b0fa] (CoreAudio)   HALC_ProxyIOContext.cpp:1159   HALC_ProxyIOContext::PauseIO: <- 0 3 3, id:610 called from <private>
2026-09-28 20:49:11.566 Df LosslessSwitcher[2783:176b0fa] (CoreAudio)   HALC_ProxyIOContext.cpp:1210   HALC_ProxyIOContext::ResumeIO: <- 0 2 2 id:610 called from <private>
2026-09-28 20:49:11.566 Df LosslessSwitcher[2783:176b0fa] (CoreAudio)   HALC_ProxyIOContext.cpp:1159   HALC_ProxyIOContext::PauseIO: <- 0 3 3, id:610 called from <private>
2026-09-28 20:49:11.566 Df LosslessSwitcher[2783:176b0fa] (CoreAudio)   HALC_ProxyIOContext.cpp:1210   HALC_ProxyIOContext::ResumeIO: <- 0 2 2 id:610 called from <private>
2026-09-28 20:49:11.566 Df LosslessSwitcher[2783:176a698] (CoreAudio)   HALC_ProxyIOContext.cpp:1159   HALC_ProxyIOContext::PauseIO: <- 0 3 3, id:610 called from <private>
2026-09-28 20:49:11.568 Df LosslessSwitcher[2783:176b159] (CoreAudio)   HALC_ProxyIOContext.cpp:1210   HALC_ProxyIOContext::ResumeIO: <- 0 2 2 id:610 called from <private>
2026-09-28 20:49:11.568 Df LosslessSwitcher[2783:176a696] (CoreAudio)   HALC_ProxyIOContext.cpp:1210   HALC_ProxyIOContext::ResumeIO: <- 0 1 1 id:610 called from <private>
2026-09-28 20:49:13.511 Df LosslessSwitcher[2783:176a134] (CoreAudio)         HALB_IOThread.cpp:305    HALB_IOThread::_Start: IO is still disabled after waiting
2026-09-28 20:49:18.769 E  LosslessSwitcher[2783:176a134] [com.apple.coreaudio:AMCP]          HALC_ProxyIOContext.cpp:1075  HALC_ProxyIOContext::_StartIO(): Start failed - StartAndWaitForState returned error 35
2026-09-28 20:49:18.826 Df LosslessSwitcher[2783:176a134] [com.apple.coreaudio:as_client] SessionCore_macOS_Legacy.mm:163   --> setPlayState Stopped  Input {LSOutput_UID, 0xb}
2026-09-28 20:49:18.827 Df LosslessSwitcher[2783:176a134] [com.apple.coreaudio:as_client] SessionCore_macOS_Legacy.mm:163   --> setPlayState Stopped  Input {LSOutput_UID, 0xb}
2026-09-28 20:49:18.865 Df LosslessSwitcher[2783:176a134] [com.apple.coreaudio:as_client] SessionCore_macOS_Legacy.mm:163   --> setPlayState Stopped  Output {AppleUSBAudioEngine:AudioQuest:AudioQuest DragonFly Black v1.5:AQDFBL0120002531:1, 0xb}
2026-09-28 20:49:18.865 Df LosslessSwitcher[2783:176a134] [com.apple.coreaudio:as_client] SessionCore_macOS_Legacy.mm:163   --> setPlayState Stopped  Output {AppleUSBAudioEngine:AudioQuest:AudioQuest DragonFly Black v1.5:AQDFBL0120002531:1, 0xb}
2026-09-28 20:49:18.869 Df LosslessSwitcher[2783:176a698] (CoreAudio)   HALC_ProxyIOContext.cpp:1159   HALC_ProxyIOContext::PauseIO: <- 0 2 2, id:610 called from <private>
2026-09-28 20:49:18.905 Df LosslessSwitcher[2783:176a698] (CoreAudio)   HALC_ProxyIOContext.cpp:1159   HALC_ProxyIOContext::PauseIO: <- 0 3 3, id:610 called from <private>
2026-09-28 20:49:18.905 Df LosslessSwitcher[2783:176a696] (CoreAudio)   HALC_ProxyIOContext.cpp:1159   HALC_ProxyIOContext::PauseIO: <- 0 4 4, id:610 called from <private>
2026-09-28 20:49:18.908 Df LosslessSwitcher[2783:176a696] (CoreAudio)   HALC_ProxyIOContext.cpp:1210   HALC_ProxyIOContext::ResumeIO: <- 0 3 3 id:610 called from <private>
2026-09-28 20:49:18.908 Df LosslessSwitcher[2783:176a698] (CoreAudio)   HALC_ProxyIOContext.cpp:1210   HALC_ProxyIOContext::ResumeIO: <- 0 2 2 id:610 called from <private>
2026-09-28 20:49:18.908 Df LosslessSwitcher[2783:176a696] (CoreAudio)   HALC_ProxyIOContext.cpp:1210   HALC_ProxyIOContext::ResumeIO: <- 0 1 1 id:610 called from <private>
2026-09-28 20:49:18.908 Df LosslessSwitcher[2783:176a696] (CoreAudio)   HALC_ProxyIOContext.cpp:1159   HALC_ProxyIOContext::PauseIO: <- 0 2 2, id:610 called from <private>
2026-09-28 20:49:18.951 Df LosslessSwitcher[2783:176a698] (CoreAudio)   HALC_ProxyIOContext.cpp:1159   HALC_ProxyIOContext::PauseIO: <- 0 3 3, id:610 called from <private>
2026-09-28 20:49:18.953 Df LosslessSwitcher[2783:176a698] (CoreAudio)   HALC_ProxyIOContext.cpp:1210   HALC_ProxyIOContext::ResumeIO: <- 0 2 2 id:610 called from <private>
2026-09-28 20:49:18.976 Df LosslessSwitcher[2783:176b2fb] (CoreAudio)   HALC_ProxyIOContext.cpp:1159   HALC_ProxyIOContext::PauseIO: <- 0 3 3, id:610 called from <private>
2026-09-28 20:49:18.978 Df LosslessSwitcher[2783:176b2fb] (CoreAudio)   HALC_ProxyIOContext.cpp:1210   HALC_ProxyIOContext::ResumeIO: <- 0 2 2 id:610 called from <private>
2026-09-28 20:49:18.978 Df LosslessSwitcher[2783:176a696] (CoreAudio)   HALC_ProxyIOContext.cpp:1210   HALC_ProxyIOContext::ResumeIO: <- 0 1 1 id:610 called from <private>
2026-09-28 20:49:18.978 Df LosslessSwitcher[2783:176a696] (CoreAudio)   HALC_ProxyIOContext.cpp:1159   HALC_ProxyIOContext::PauseIO: <- 0 2 2, id:610 called from <private>
2026-09-28 20:49:18.978 Df LosslessSwitcher[2783:176a696] (CoreAudio)   HALC_ProxyIOContext.cpp:1210   HALC_ProxyIOContext::ResumeIO: <- 0 1 1 id:610 called from <private>
2026-09-28 20:49:18.978 Df LosslessSwitcher[2783:176a696] (CoreAudio)   HALC_ProxyIOContext.cpp:1159   HALC_ProxyIOContext::PauseIO: <- 0 2 2, id:610 called from <private>
2026-09-28 20:49:18.978 Df LosslessSwitcher[2783:176a696] (CoreAudio)   HALC_ProxyIOContext.cpp:1210   HALC_ProxyIOContext::ResumeIO: <- 0 1 1 id:610 called from <private>
2026-09-28 20:49:19.002 Df LosslessSwitcher[2783:176a698] (CoreAudio)   HALC_ProxyIOContext.cpp:1159   HALC_ProxyIOContext::PauseIO: <- 0 2 2, id:610 called from <private>
2026-09-28 20:49:19.002 Df LosslessSwitcher[2783:176b2e8] (CoreAudio)   HALC_ProxyIOContext.cpp:1159   HALC_ProxyIOContext::PauseIO: <- 0 3 3, id:610 called from <private>
2026-09-28 20:49:19.005 Df LosslessSwitcher[2783:176b2e8] (CoreAudio)   HALC_ProxyIOContext.cpp:1210   HALC_ProxyIOContext::ResumeIO: <- 0 2 2 id:610 called from <private>
2026-09-28 20:49:19.005 Df LosslessSwitcher[2783:176a698] (CoreAudio)   HALC_ProxyIOContext.cpp:1210   HALC_ProxyIOContext::ResumeIO: <- 0 1 1 id:610 called from <private>
2026-09-28 20:49:19.024 Df LosslessSwitcher[2783:176a698] (CoreAudio)   HALC_ProxyIOContext.cpp:1159   HALC_ProxyIOContext::PauseIO: <- 0 2 2, id:610 called from <private>
2026-09-28 20:49:19.024 Df LosslessSwitcher[2783:176b2fb] (CoreAudio)   HALC_ProxyIOContext.cpp:1159   HALC_ProxyIOContext::PauseIO: <- 0 3 3, id:610 called from <private>
2026-09-28 20:49:19.026 Df LosslessSwitcher[2783:176a698] (CoreAudio)   HALC_ProxyIOContext.cpp:1210   HALC_ProxyIOContext::ResumeIO: <- 0 2 2 id:610 called from <private>
2026-09-28 20:49:19.026 Df LosslessSwitcher[2783:176b2fb] (CoreAudio)   HALC_ProxyIOContext.cpp:1210   HALC_ProxyIOContext::ResumeIO: <- 0 1 1 id:610 called from <private>
2026-09-28 20:49:22.608 Df LosslessSwitcher[2783:176a134] [com.apple.coreaudio:as_client] SessionCore_macOS_Legacy.mm:163   --> setPlayState Started  Input {LSOutput_UID, 0xc}
2026-09-28 20:49:22.625 Df LosslessSwitcher[2783:176b2fb] (CoreAudio)   HALC_ProxyIOContext.cpp:1159   HALC_ProxyIOContext::PauseIO: <- 0 2 2, id:610 called from <private>
2026-09-28 20:49:22.644 Df LosslessSwitcher[2783:176a696] (CoreAudio)   HALC_ProxyIOContext.cpp:1159   HALC_ProxyIOContext::PauseIO: <- 0 3 3, id:610 called from <private>
2026-09-28 20:49:22.644 Df LosslessSwitcher[2783:176b2fb] (CoreAudio)   HALC_ProxyIOContext.cpp:1159   HALC_ProxyIOContext::PauseIO: <- 0 4 4, id:610 called from <private>
2026-09-28 20:49:22.646 Df LosslessSwitcher[2783:176b2fb] (CoreAudio)   HALC_ProxyIOContext.cpp:1210   HALC_ProxyIOContext::ResumeIO: <- 0 3 3 id:610 called from <private>
2026-09-28 20:49:22.646 Df LosslessSwitcher[2783:176a696] (CoreAudio)   HALC_ProxyIOContext.cpp:1210   HALC_ProxyIOContext::ResumeIO: <- 0 2 2 id:610 called from <private>
2026-09-28 20:49:22.646 Df LosslessSwitcher[2783:176a698] (CoreAudio)   HALC_ProxyIOContext.cpp:1210   HALC_ProxyIOContext::ResumeIO: <- 0 1 1 id:610 called from <private>
2026-09-28 20:49:22.648 Df LosslessSwitcher[2783:176a698] (CoreAudio)   HALC_ProxyIOContext.cpp:1159   HALC_ProxyIOContext::PauseIO: <- 0 2 2, id:610 called from <private>
2026-09-28 20:49:22.691 Df LosslessSwitcher[2783:176a696] (CoreAudio)   HALC_ProxyIOContext.cpp:1159   HALC_ProxyIOContext::PauseIO: <- 0 3 3, id:610 called from <private>
2026-09-28 20:49:22.693 Df LosslessSwitcher[2783:176a696] (CoreAudio)   HALC_ProxyIOContext.cpp:1210   HALC_ProxyIOContext::ResumeIO: <- 0 2 2 id:610 called from <private>
2026-09-28 20:49:22.707 Df LosslessSwitcher[2783:176a696] (CoreAudio)   HALC_ProxyIOContext.cpp:1159   HALC_ProxyIOContext::PauseIO: <- 0 3 3, id:610 called from <private>
2026-09-28 20:49:22.709 Df LosslessSwitcher[2783:176a696] (CoreAudio)   HALC_ProxyIOContext.cpp:1210   HALC_ProxyIOContext::ResumeIO: <- 0 2 2 id:610 called from <private>
2026-09-28 20:49:22.729 Df LosslessSwitcher[2783:176a696] (CoreAudio)   HALC_ProxyIOContext.cpp:1159   HALC_ProxyIOContext::PauseIO: <- 0 3 3, id:610 called from <private>
2026-09-28 20:49:22.748 Df LosslessSwitcher[2783:176a698] (CoreAudio)   HALC_ProxyIOContext.cpp:1159   HALC_ProxyIOContext::PauseIO: <- 0 4 4, id:610 called from <private>
2026-09-28 20:49:22.750 Df LosslessSwitcher[2783:176a698] (CoreAudio)   HALC_ProxyIOContext.cpp:1210   HALC_ProxyIOContext::ResumeIO: <- 0 3 3 id:610 called from <private>
2026-09-28 20:49:22.750 Df LosslessSwitcher[2783:176a698] (CoreAudio)   HALC_ProxyIOContext.cpp:1210   HALC_ProxyIOContext::ResumeIO: <- 0 2 2 id:610 called from <private>
2026-09-28 20:49:22.750 Df LosslessSwitcher[2783:176a698] (CoreAudio)   HALC_ProxyIOContext.cpp:1159   HALC_ProxyIOContext::PauseIO: <- 0 3 3, id:610 called from <private>
2026-09-28 20:49:22.750 Df LosslessSwitcher[2783:176a698] (CoreAudio)   HALC_ProxyIOContext.cpp:1210   HALC_ProxyIOContext::ResumeIO: <- 0 2 2 id:610 called from <private>
2026-09-28 20:49:22.750 Df LosslessSwitcher[2783:176a698] (CoreAudio)   HALC_ProxyIOContext.cpp:1159   HALC_ProxyIOContext::PauseIO: <- 0 3 3, id:610 called from <private>
2026-09-28 20:49:22.750 Df LosslessSwitcher[2783:176a698] (CoreAudio)   HALC_ProxyIOContext.cpp:1210   HALC_ProxyIOContext::ResumeIO: <- 0 2 2 id:610 called from <private>
2026-09-28 20:49:22.750 Df LosslessSwitcher[2783:176a698] (CoreAudio)   HALC_ProxyIOContext.cpp:1159   HALC_ProxyIOContext::PauseIO: <- 0 3 3, id:610 called from <private>
2026-09-28 20:49:22.750 Df LosslessSwitcher[2783:176a698] (CoreAudio)   HALC_ProxyIOContext.cpp:1210   HALC_ProxyIOContext::ResumeIO: <- 0 2 2 id:610 called from <private>
2026-09-28 20:49:22.750 Df LosslessSwitcher[2783:176a698] (CoreAudio)   HALC_ProxyIOContext.cpp:1159   HALC_ProxyIOContext::PauseIO: <- 0 3 3, id:610 called from <private>
2026-09-28 20:49:22.753 Df LosslessSwitcher[2783:176a696] (CoreAudio)   HALC_ProxyIOContext.cpp:1210   HALC_ProxyIOContext::ResumeIO: <- 0 2 2 id:610 called from <private>
2026-09-28 20:49:22.753 Df LosslessSwitcher[2783:176a698] (CoreAudio)   HALC_ProxyIOContext.cpp:1210   HALC_ProxyIOContext::ResumeIO: <- 0 1 1 id:610 called from <private>
2026-09-28 20:49:24.698 Df LosslessSwitcher[2783:176a134] (CoreAudio)         HALB_IOThread.cpp:305    HALB_IOThread::_Start: IO is still disabled after waiting
2026-09-28 20:49:29.980 E  LosslessSwitcher[2783:176a134] [com.apple.coreaudio:AMCP]          HALC_ProxyIOContext.cpp:1075  HALC_ProxyIOContext::_StartIO(): Start failed - StartAndWaitForState returned error 35
2026-09-28 20:49:30.051 Df LosslessSwitcher[2783:176a134] [com.apple.coreaudio:as_client] SessionCore_macOS_Legacy.mm:163   --> setPlayState Stopped  Input {LSOutput_UID, 0xc}
2026-09-28 20:49:30.051 Df LosslessSwitcher[2783:176a134] [com.apple.coreaudio:as_client] SessionCore_macOS_Legacy.mm:163   --> setPlayState Stopped  Input {LSOutput_UID, 0xc}
2026-09-28 20:49:30.081 Df LosslessSwitcher[2783:176a134] [com.apple.coreaudio:as_client] SessionCore_macOS_Legacy.mm:163   --> setPlayState Stopped  Output {AppleUSBAudioEngine:AudioQuest:AudioQuest DragonFly Black v1.5:AQDFBL0120002531:1, 0xc}
2026-09-28 20:49:30.081 Df LosslessSwitcher[2783:176a134] [com.apple.coreaudio:as_client] SessionCore_macOS_Legacy.mm:163   --> setPlayState Stopped  Output {AppleUSBAudioEngine:AudioQuest:AudioQuest DragonFly Black v1.5:AQDFBL0120002531:1, 0xc}
2026-09-28 20:49:30.084 Df LosslessSwitcher[2783:176a696] (CoreAudio)   HALC_ProxyIOContext.cpp:1159   HALC_ProxyIOContext::PauseIO: <- 0 2 2, id:610 called from <private>
2026-09-28 20:49:30.120 Df LosslessSwitcher[2783:176a698] (CoreAudio)   HALC_ProxyIOContext.cpp:1159   HALC_ProxyIOContext::PauseIO: <- 0 3 3, id:610 called from <private>
2026-09-28 20:49:30.121 Df LosslessSwitcher[2783:176a696] (CoreAudio)   HALC_ProxyIOContext.cpp:1159   HALC_ProxyIOContext::PauseIO: <- 0 4 4, id:610 called from <private>
2026-09-28 20:49:30.123 Df LosslessSwitcher[2783:176a696] (CoreAudio)   HALC_ProxyIOContext.cpp:1210   HALC_ProxyIOContext::ResumeIO: <- 0 3 3 id:610 called from <private>
2026-09-28 20:49:30.123 Df LosslessSwitcher[2783:176a696] (CoreAudio)   HALC_ProxyIOContext.cpp:1210   HALC_ProxyIOContext::ResumeIO: <- 0 2 2 id:610 called from <private>
2026-09-28 20:49:30.123 Df LosslessSwitcher[2783:176a696] (CoreAudio)   HALC_ProxyIOContext.cpp:1159   HALC_ProxyIOContext::PauseIO: <- 0 3 3, id:610 called from <private>
2026-09-28 20:49:30.124 Df LosslessSwitcher[2783:176a698] (CoreAudio)   HALC_ProxyIOContext.cpp:1210   HALC_ProxyIOContext::ResumeIO: <- 0 2 2 id:610 called from <private>
2026-09-28 20:49:30.170 Df LosslessSwitcher[2783:176a698] (CoreAudio)   HALC_ProxyIOContext.cpp:1159   HALC_ProxyIOContext::PauseIO: <- 0 3 3, id:610 called from <private>
2026-09-28 20:49:30.172 Df LosslessSwitcher[2783:176a698] (CoreAudio)   HALC_ProxyIOContext.cpp:1210   HALC_ProxyIOContext::ResumeIO: <- 0 2 2 id:610 called from <private>
2026-09-28 20:49:30.197 Df LosslessSwitcher[2783:176a698] (CoreAudio)   HALC_ProxyIOContext.cpp:1159   HALC_ProxyIOContext::PauseIO: <- 0 3 3, id:610 called from <private>
2026-09-28 20:49:30.199 Df LosslessSwitcher[2783:176a698] (CoreAudio)   HALC_ProxyIOContext.cpp:1210   HALC_ProxyIOContext::ResumeIO: <- 0 2 2 id:610 called from <private>
2026-09-28 20:49:30.221 Df LosslessSwitcher[2783:176a698] (CoreAudio)   HALC_ProxyIOContext.cpp:1159   HALC_ProxyIOContext::PauseIO: <- 0 3 3, id:610 called from <private>
2026-09-28 20:49:30.223 Df LosslessSwitcher[2783:176a698] (CoreAudio)   HALC_ProxyIOContext.cpp:1210   HALC_ProxyIOContext::ResumeIO: <- 0 2 2 id:610 called from <private>
2026-09-28 20:49:30.245 Df LosslessSwitcher[2783:176a696] (CoreAudio)   HALC_ProxyIOContext.cpp:1159   HALC_ProxyIOContext::PauseIO: <- 0 3 3, id:610 called from <private>
2026-09-28 20:49:30.247 Df LosslessSwitcher[2783:176a696] (CoreAudio)   HALC_ProxyIOContext.cpp:1210   HALC_ProxyIOContext::ResumeIO: <- 0 2 2 id:610 called from <private>
2026-09-28 20:49:30.247 Df LosslessSwitcher[2783:176a698] (CoreAudio)   HALC_ProxyIOContext.cpp:1210   HALC_ProxyIOContext::ResumeIO: <- 0 1 1 id:610 called from <private>
2026-09-28 20:49:30.247 Df LosslessSwitcher[2783:176a698] (CoreAudio)   HALC_ProxyIOContext.cpp:1159   HALC_ProxyIOContext::PauseIO: <- 0 2 2, id:610 called from <private>
2026-09-28 20:49:30.247 Df LosslessSwitcher[2783:176a698] (CoreAudio)   HALC_ProxyIOContext.cpp:1210   HALC_ProxyIOContext::ResumeIO: <- 0 1 1 id:610 called from <private>
2026-09-28 20:49:30.247 Df LosslessSwitcher[2783:176a698] (CoreAudio)   HALC_ProxyIOContext.cpp:1159   HALC_ProxyIOContext::PauseIO: <- 0 2 2, id:610 called from <private>
2026-09-28 20:49:30.247 Df LosslessSwitcher[2783:176a698] (CoreAudio)   HALC_ProxyIOContext.cpp:1210   HALC_ProxyIOContext::ResumeIO: <- 0 1 1 id:610 called from <private>
2026-09-28 20:49:30.247 Df LosslessSwitcher[2783:176a698] (CoreAudio)   HALC_ProxyIOContext.cpp:1159   HALC_ProxyIOContext::PauseIO: <- 0 2 2, id:610 called from <private>
2026-09-28 20:49:30.247 Df LosslessSwitcher[2783:176a698] (CoreAudio)   HALC_ProxyIOContext.cpp:1210   HALC_ProxyIOContext::ResumeIO: <- 0 1 1 id:610 called from <private>
2026-09-28 20:49:30.247 Df LosslessSwitcher[2783:176a698] (CoreAudio)   HALC_ProxyIOContext.cpp:1159   HALC_ProxyIOContext::PauseIO: <- 0 2 2, id:610 called from <private>
2026-09-28 20:49:30.247 Df LosslessSwitcher[2783:176a698] (CoreAudio)   HALC_ProxyIOContext.cpp:1210   HALC_ProxyIOContext::ResumeIO: <- 0 1 1 id:610 called from <private>
2026-09-28 20:49:33.662 Df LosslessSwitcher[2783:176a134] [com.apple.coreaudio:as_client] SessionCore_macOS_Legacy.mm:163   --> setPlayState Started  Input {LSOutput_UID, 0xd}
2026-09-28 20:49:33.694 Df LosslessSwitcher[2783:176a696] (CoreAudio)   HALC_ProxyIOContext.cpp:1159   HALC_ProxyIOContext::PauseIO: <- 0 2 2, id:610 called from <private>
2026-09-28 20:49:33.716 Df LosslessSwitcher[2783:176a698] (CoreAudio)   HALC_ProxyIOContext.cpp:1159   HALC_ProxyIOContext::PauseIO: <- 0 3 3, id:610 called from <private>
2026-09-28 20:49:33.716 Df LosslessSwitcher[2783:176b2e8] (CoreAudio)   HALC_ProxyIOContext.cpp:1159   HALC_ProxyIOContext::PauseIO: <- 0 4 4, id:610 called from <private>
2026-09-28 20:49:33.719 Df LosslessSwitcher[2783:176b2e8] (CoreAudio)   HALC_ProxyIOContext.cpp:1210   HALC_ProxyIOContext::ResumeIO: <- 0 3 3 id:610 called from <private>
2026-09-28 20:49:33.719 Df LosslessSwitcher[2783:176a696] (CoreAudio)   HALC_ProxyIOContext.cpp:1210   HALC_ProxyIOContext::ResumeIO: <- 0 2 2 id:610 called from <private>
2026-09-28 20:49:33.719 Df LosslessSwitcher[2783:176a698] (CoreAudio)   HALC_ProxyIOContext.cpp:1210   HALC_ProxyIOContext::ResumeIO: <- 0 1 1 id:610 called from <private>
2026-09-28 20:49:33.719 Df LosslessSwitcher[2783:176b2e8] (CoreAudio)   HALC_ProxyIOContext.cpp:1159   HALC_ProxyIOContext::PauseIO: <- 0 2 2, id:610 called from <private>
2026-09-28 20:49:33.730 Df LosslessSwitcher[2783:176a698] (CoreAudio)   HALC_ProxyIOContext.cpp:1159   HALC_ProxyIOContext::PauseIO: <- 0 3 3, id:610 called from <private>
2026-09-28 20:49:33.730 Df LosslessSwitcher[2783:176a696] (CoreAudio)   HALC_ProxyIOContext.cpp:1159   HALC_ProxyIOContext::PauseIO: <- 0 4 4, id:610 called from <private>
2026-09-28 20:49:33.733 Df LosslessSwitcher[2783:176b445] (CoreAudio)   HALC_ProxyIOContext.cpp:1210   HALC_ProxyIOContext::ResumeIO: <- 0 3 3 id:610 called from <private>
2026-09-28 20:49:33.733 Df LosslessSwitcher[2783:176b445] (CoreAudio)   HALC_ProxyIOContext.cpp:1210   HALC_ProxyIOContext::ResumeIO: <- 0 2 2 id:610 called from <private>
2026-09-28 20:49:33.733 Df LosslessSwitcher[2783:176a698] (CoreAudio)   HALC_ProxyIOContext.cpp:1210   HALC_ProxyIOContext::ResumeIO: <- 0 1 1 id:610 called from <private>
2026-09-28 20:49:33.734 Df LosslessSwitcher[2783:176a696] (CoreAudio)   HALC_ProxyIOContext.cpp:1159   HALC_ProxyIOContext::PauseIO: <- 0 2 2, id:610 called from <private>
2026-09-28 20:49:33.767 Df LosslessSwitcher[2783:176a698] (CoreAudio)   HALC_ProxyIOContext.cpp:1159   HALC_ProxyIOContext::PauseIO: <- 0 3 3, id:610 called from <private>
2026-09-28 20:49:33.769 Df LosslessSwitcher[2783:176a698] (CoreAudio)   HALC_ProxyIOContext.cpp:1210   HALC_ProxyIOContext::ResumeIO: <- 0 2 2 id:610 called from <private>
2026-09-28 20:49:33.787 Df LosslessSwitcher[2783:176a698] (CoreAudio)   HALC_ProxyIOContext.cpp:1159   HALC_ProxyIOContext::PauseIO: <- 0 3 3, id:610 called from <private>
2026-09-28 20:49:33.789 Df LosslessSwitcher[2783:176a698] (CoreAudio)   HALC_ProxyIOContext.cpp:1210   HALC_ProxyIOContext::ResumeIO: <- 0 2 2 id:610 called from <private>
2026-09-28 20:49:33.809 Df LosslessSwitcher[2783:176b445] (CoreAudio)   HALC_ProxyIOContext.cpp:1159   HALC_ProxyIOContext::PauseIO: <- 0 3 3, id:610 called from <private>
2026-09-28 20:49:33.811 Df LosslessSwitcher[2783:176b445] (CoreAudio)   HALC_ProxyIOContext.cpp:1210   HALC_ProxyIOContext::ResumeIO: <- 0 2 2 id:610 called from <private>
2026-09-28 20:49:33.811 Df LosslessSwitcher[2783:176a696] (CoreAudio)   HALC_ProxyIOContext.cpp:1210   HALC_ProxyIOContext::ResumeIO: <- 0 1 1 id:610 called from <private>
2026-09-28 20:49:33.811 Df LosslessSwitcher[2783:176a696] (CoreAudio)   HALC_ProxyIOContext.cpp:1159   HALC_ProxyIOContext::PauseIO: <- 0 2 2, id:610 called from <private>
2026-09-28 20:49:33.811 Df LosslessSwitcher[2783:176a696] (CoreAudio)   HALC_ProxyIOContext.cpp:1210   HALC_ProxyIOContext::ResumeIO: <- 0 1 1 id:610 called from <private>
2026-09-28 20:49:33.811 Df LosslessSwitcher[2783:176a696] (CoreAudio)   HALC_ProxyIOContext.cpp:1159   HALC_ProxyIOContext::PauseIO: <- 0 2 2, id:610 called from <private>
2026-09-28 20:49:33.811 Df LosslessSwitcher[2783:176a696] (CoreAudio)   HALC_ProxyIOContext.cpp:1210   HALC_ProxyIOContext::ResumeIO: <- 0 1 1 id:610 called from <private>
2026-09-28 20:49:33.811 Df LosslessSwitcher[2783:176a696] (CoreAudio)   HALC_ProxyIOContext.cpp:1159   HALC_ProxyIOContext::PauseIO: <- 0 2 2, id:610 called from <private>
2026-09-28 20:49:33.811 Df LosslessSwitcher[2783:176a696] (CoreAudio)   HALC_ProxyIOContext.cpp:1210   HALC_ProxyIOContext::ResumeIO: <- 0 1 1 id:610 called from <private>
2026-09-28 20:49:35.772 Df LosslessSwitcher[2783:176a134] (CoreAudio)         HALB_IOThread.cpp:305    HALB_IOThread::_Start: IO is still disabled after waiting
2026-09-28 20:49:41.075 E  LosslessSwitcher[2783:176a134] [com.apple.coreaudio:AMCP]          HALC_ProxyIOContext.cpp:1075  HALC_ProxyIOContext::_StartIO(): Start failed - StartAndWaitForState returned error 35
2026-09-28 20:49:41.137 Df LosslessSwitcher[2783:176a134] [com.apple.coreaudio:as_client] SessionCore_macOS_Legacy.mm:163   --> setPlayState Stopped  Input {LSOutput_UID, 0xd}
2026-09-28 20:49:41.137 Df LosslessSwitcher[2783:176a134] [com.apple.coreaudio:as_client] SessionCore_macOS_Legacy.mm:163   --> setPlayState Stopped  Input {LSOutput_UID, 0xd}
2026-09-28 20:49:41.175 Df LosslessSwitcher[2783:176a134] [com.apple.coreaudio:as_client] SessionCore_macOS_Legacy.mm:163   --> setPlayState Stopped  Output {AppleUSBAudioEngine:AudioQuest:AudioQuest DragonFly Black v1.5:AQDFBL0120002531:1, 0xd}
2026-09-28 20:49:41.175 Df LosslessSwitcher[2783:176a134] [com.apple.coreaudio:as_client] SessionCore_macOS_Legacy.mm:163   --> setPlayState Stopped  Output {AppleUSBAudioEngine:AudioQuest:AudioQuest DragonFly Black v1.5:AQDFBL0120002531:1, 0xd}
2026-09-28 20:49:41.178 Df LosslessSwitcher[2783:176a698] (CoreAudio)   HALC_ProxyIOContext.cpp:1159   HALC_ProxyIOContext::PauseIO: <- 0 2 2, id:610 called from <private>
2026-09-28 20:49:41.206 Df LosslessSwitcher[2783:176a696] (CoreAudio)   HALC_ProxyIOContext.cpp:1159   HALC_ProxyIOContext::PauseIO: <- 0 3 3, id:610 called from <private>
2026-09-28 20:49:41.206 Df LosslessSwitcher[2783:176a698] (CoreAudio)   HALC_ProxyIOContext.cpp:1159   HALC_ProxyIOContext::PauseIO: <- 0 4 4, id:610 called from <private>
2026-09-28 20:49:41.208 Df LosslessSwitcher[2783:176b445] (CoreAudio)   HALC_ProxyIOContext.cpp:1210   HALC_ProxyIOContext::ResumeIO: <- 0 3 3 id:610 called from <private>
2026-09-28 20:49:41.208 Df LosslessSwitcher[2783:176b445] (CoreAudio)   HALC_ProxyIOContext.cpp:1210   HALC_ProxyIOContext::ResumeIO: <- 0 2 2 id:610 called from <private>
2026-09-28 20:49:41.208 Df LosslessSwitcher[2783:176a696] (CoreAudio)   HALC_ProxyIOContext.cpp:1210   HALC_ProxyIOContext::ResumeIO: <- 0 1 1 id:610 called from <private>
2026-09-28 20:49:41.209 Df LosslessSwitcher[2783:176a698] (CoreAudio)   HALC_ProxyIOContext.cpp:1159   HALC_ProxyIOContext::PauseIO: <- 0 2 2, id:610 called from <private>
2026-09-28 20:49:41.248 Df LosslessSwitcher[2783:176a696] (CoreAudio)   HALC_ProxyIOContext.cpp:1159   HALC_ProxyIOContext::PauseIO: <- 0 3 3, id:610 called from <private>
2026-09-28 20:49:41.250 Df LosslessSwitcher[2783:176a696] (CoreAudio)   HALC_ProxyIOContext.cpp:1210   HALC_ProxyIOContext::ResumeIO: <- 0 2 2 id:610 called from <private>
2026-09-28 20:49:41.267 Df LosslessSwitcher[2783:176a696] (CoreAudio)   HALC_ProxyIOContext.cpp:1159   HALC_ProxyIOContext::PauseIO: <- 0 3 3, id:610 called from <private>
2026-09-28 20:49:41.270 Df LosslessSwitcher[2783:176a696] (CoreAudio)   HALC_ProxyIOContext.cpp:1210   HALC_ProxyIOContext::ResumeIO: <- 0 2 2 id:610 called from <private>
2026-09-28 20:49:41.299 Df LosslessSwitcher[2783:176a696] (CoreAudio)   HALC_ProxyIOContext.cpp:1159   HALC_ProxyIOContext::PauseIO: <- 0 3 3, id:610 called from <private>
2026-09-28 20:49:41.301 Df LosslessSwitcher[2783:176a696] (CoreAudio)   HALC_ProxyIOContext.cpp:1210   HALC_ProxyIOContext::ResumeIO: <- 0 2 2 id:610 called from <private>
2026-09-28 20:49:41.321 Df LosslessSwitcher[2783:176b445] (CoreAudio)   HALC_ProxyIOContext.cpp:1159   HALC_ProxyIOContext::PauseIO: <- 0 3 3, id:610 called from <private>
2026-09-28 20:49:41.323 Df LosslessSwitcher[2783:176b445] (CoreAudio)   HALC_ProxyIOContext.cpp:1210   HALC_ProxyIOContext::ResumeIO: <- 0 2 2 id:610 called from <private>
2026-09-28 20:49:41.323 Df LosslessSwitcher[2783:176a698] (CoreAudio)   HALC_ProxyIOContext.cpp:1210   HALC_ProxyIOContext::ResumeIO: <- 0 1 1 id:610 called from <private>
2026-09-28 20:49:41.323 Df LosslessSwitcher[2783:176a698] (CoreAudio)   HALC_ProxyIOContext.cpp:1159   HALC_ProxyIOContext::PauseIO: <- 0 2 2, id:610 called from <private>
2026-09-28 20:49:41.323 Df LosslessSwitcher[2783:176a698] (CoreAudio)   HALC_ProxyIOContext.cpp:1210   HALC_ProxyIOContext::ResumeIO: <- 0 1 1 id:610 called from <private>
2026-09-28 20:49:41.323 Df LosslessSwitcher[2783:176a698] (CoreAudio)   HALC_ProxyIOContext.cpp:1159   HALC_ProxyIOContext::PauseIO: <- 0 2 2, id:610 called from <private>
2026-09-28 20:49:41.323 Df LosslessSwitcher[2783:176a698] (CoreAudio)   HALC_ProxyIOContext.cpp:1210   HALC_ProxyIOContext::ResumeIO: <- 0 1 1 id:610 called from <private>
2026-09-28 20:49:41.323 Df LosslessSwitcher[2783:176a698] (CoreAudio)   HALC_ProxyIOContext.cpp:1159   HALC_ProxyIOContext::PauseIO: <- 0 2 2, id:610 called from <private>
2026-09-28 20:49:41.323 Df LosslessSwitcher[2783:176a698] (CoreAudio)   HALC_ProxyIOContext.cpp:1210   HALC_ProxyIOContext::ResumeIO: <- 0 1 1 id:610 called from <private>
2026-09-28 20:49:41.323 Df LosslessSwitcher[2783:176a698] (CoreAudio)   HALC_ProxyIOContext.cpp:1159   HALC_ProxyIOContext::PauseIO: <- 0 2 2, id:610 called from <private>
2026-09-28 20:49:41.323 Df LosslessSwitcher[2783:176a698] (CoreAudio)   HALC_ProxyIOContext.cpp:1210   HALC_ProxyIOContext::ResumeIO: <- 0 1 1 id:610 called from <private>
2026-09-28 20:49:44.866 Df LosslessSwitcher[2783:176a134] [com.apple.coreaudio:as_client] SessionCore_macOS_Legacy.mm:163   --> setPlayState Started  Input {LSOutput_UID, 0xe}
2026-09-28 20:49:44.893 Df LosslessSwitcher[2783:176b445] (CoreAudio)   HALC_ProxyIOContext.cpp:1159   HALC_ProxyIOContext::PauseIO: <- 0 2 2, id:610 called from <private>
2026-09-28 20:49:44.921 Df LosslessSwitcher[2783:176a696] (CoreAudio)   HALC_ProxyIOContext.cpp:1159   HALC_ProxyIOContext::PauseIO: <- 0 3 3, id:610 called from <private>
2026-09-28 20:49:44.921 Df LosslessSwitcher[2783:176b445] (CoreAudio)   HALC_ProxyIOContext.cpp:1159   HALC_ProxyIOContext::PauseIO: <- 0 4 4, id:610 called from <private>
2026-09-28 20:49:44.923 Df LosslessSwitcher[2783:176a696] (CoreAudio)   HALC_ProxyIOContext.cpp:1210   HALC_ProxyIOContext::ResumeIO: <- 0 3 3 id:610 called from <private>
2026-09-28 20:49:44.923 Df LosslessSwitcher[2783:176a698] (CoreAudio)   HALC_ProxyIOContext.cpp:1210   HALC_ProxyIOContext::ResumeIO: <- 0 2 2 id:610 called from <private>
2026-09-28 20:49:44.923 Df LosslessSwitcher[2783:176a698] (CoreAudio)   HALC_ProxyIOContext.cpp:1210   HALC_ProxyIOContext::ResumeIO: <- 0 1 1 id:610 called from <private>
2026-09-28 20:49:44.923 Df LosslessSwitcher[2783:176a698] (CoreAudio)   HALC_ProxyIOContext.cpp:1159   HALC_ProxyIOContext::PauseIO: <- 0 2 2, id:610 called from <private>
2026-09-28 20:49:44.965 Df LosslessSwitcher[2783:176a696] (CoreAudio)   HALC_ProxyIOContext.cpp:1159   HALC_ProxyIOContext::PauseIO: <- 0 3 3, id:610 called from <private>
2026-09-28 20:49:44.987 Df LosslessSwitcher[2783:176b445] (CoreAudio)   HALC_ProxyIOContext.cpp:1159   HALC_ProxyIOContext::PauseIO: <- 0 4 4, id:610 called from <private>
2026-09-28 20:49:44.988 Df LosslessSwitcher[2783:176b445] (CoreAudio)   HALC_ProxyIOContext.cpp:1210   HALC_ProxyIOContext::ResumeIO: <- 0 3 3 id:610 called from <private>
2026-09-28 20:49:44.988 Df LosslessSwitcher[2783:176a698] (CoreAudio)   HALC_ProxyIOContext.cpp:1210   HALC_ProxyIOContext::ResumeIO: <- 0 2 2 id:610 called from <private>
2026-09-28 20:49:44.988 Df LosslessSwitcher[2783:176a698] (CoreAudio)   HALC_ProxyIOContext.cpp:1159   HALC_ProxyIOContext::PauseIO: <- 0 3 3, id:610 called from <private>
2026-09-28 20:49:44.988 Df LosslessSwitcher[2783:176a698] (CoreAudio)   HALC_ProxyIOContext.cpp:1210   HALC_ProxyIOContext::ResumeIO: <- 0 2 2 id:610 called from <private>
2026-09-28 20:49:44.988 Df LosslessSwitcher[2783:176b77b] (CoreAudio)   HALC_ProxyIOContext.cpp:1159   HALC_ProxyIOContext::PauseIO: <- 0 3 3, id:610 called from <private>
2026-09-28 20:49:44.990 Df LosslessSwitcher[2783:176b445] (CoreAudio)   HALC_ProxyIOContext.cpp:1210   HALC_ProxyIOContext::ResumeIO: <- 0 2 2 id:610 called from <private>
2026-09-28 20:49:44.991 Df LosslessSwitcher[2783:176a696] (CoreAudio)   HALC_ProxyIOContext.cpp:1210   HALC_ProxyIOContext::ResumeIO: <- 0 1 1 id:610 called from <private>
2026-09-28 20:49:45.001 Df LosslessSwitcher[2783:176a696] (CoreAudio)   HALC_ProxyIOContext.cpp:1159   HALC_ProxyIOContext::PauseIO: <- 0 2 2, id:610 called from <private>
2026-09-28 20:49:45.001 Df LosslessSwitcher[2783:176b77b] (CoreAudio)   HALC_ProxyIOContext.cpp:1159   HALC_ProxyIOContext::PauseIO: <- 0 3 3, id:610 called from <private>
2026-09-28 20:49:45.003 Df LosslessSwitcher[2783:176b445] (CoreAudio)   HALC_ProxyIOContext.cpp:1210   HALC_ProxyIOContext::ResumeIO: <- 0 2 2 id:610 called from <private>
2026-09-28 20:49:45.003 Df LosslessSwitcher[2783:176a696] (CoreAudio)   HALC_ProxyIOContext.cpp:1210   HALC_ProxyIOContext::ResumeIO: <- 0 1 1 id:610 called from <private>
2026-09-28 20:49:45.033 Df LosslessSwitcher[2783:176a696] (CoreAudio)   HALC_ProxyIOContext.cpp:1159   HALC_ProxyIOContext::PauseIO: <- 0 2 2, id:610 called from <private>
2026-09-28 20:49:45.033 Df LosslessSwitcher[2783:176b77b] (CoreAudio)   HALC_ProxyIOContext.cpp:1159   HALC_ProxyIOContext::PauseIO: <- 0 3 3, id:610 called from <private>
2026-09-28 20:49:45.035 Df LosslessSwitcher[2783:176a696] (CoreAudio)   HALC_ProxyIOContext.cpp:1210   HALC_ProxyIOContext::ResumeIO: <- 0 2 2 id:610 called from <private>
2026-09-28 20:49:45.035 Df LosslessSwitcher[2783:176b445] (CoreAudio)   HALC_ProxyIOContext.cpp:1210   HALC_ProxyIOContext::ResumeIO: <- 0 1 1 id:610 called from <private>
2026-09-28 20:49:46.957 Df LosslessSwitcher[2783:176a134] (CoreAudio)         HALB_IOThread.cpp:305    HALB_IOThread::_Start: IO is still disabled after waiting
2026-09-28 20:49:52.227 E  LosslessSwitcher[2783:176a134] [com.apple.coreaudio:AMCP]          HALC_ProxyIOContext.cpp:1075  HALC_ProxyIOContext::_StartIO(): Start failed - StartAndWaitForState returned error 35
2026-09-28 20:49:52.284 Df LosslessSwitcher[2783:176a134] [com.apple.coreaudio:as_client] SessionCore_macOS_Legacy.mm:163   --> setPlayState Stopped  Input {LSOutput_UID, 0xe}
2026-09-28 20:49:52.285 Df LosslessSwitcher[2783:176a134] [com.apple.coreaudio:as_client] SessionCore_macOS_Legacy.mm:163   --> setPlayState Stopped  Input {LSOutput_UID, 0xe}
2026-09-28 20:49:52.330 Df LosslessSwitcher[2783:176a134] [com.apple.coreaudio:as_client] SessionCore_macOS_Legacy.mm:163   --> setPlayState Stopped  Output {AppleUSBAudioEngine:AudioQuest:AudioQuest DragonFly Black v1.5:AQDFBL0120002531:1, 0xe}
2026-09-28 20:49:52.330 Df LosslessSwitcher[2783:176a134] [com.apple.coreaudio:as_client] SessionCore_macOS_Legacy.mm:163   --> setPlayState Stopped  Output {AppleUSBAudioEngine:AudioQuest:AudioQuest DragonFly Black v1.5:AQDFBL0120002531:1, 0xe}
2026-09-28 20:49:52.333 Df LosslessSwitcher[2783:176b77b] (CoreAudio)   HALC_ProxyIOContext.cpp:1159   HALC_ProxyIOContext::PauseIO: <- 0 2 2, id:610 called from <private>
2026-09-28 20:49:52.334 Df LosslessSwitcher[2783:176a696] (CoreAudio)   HALC_ProxyIOContext.cpp:1210   HALC_ProxyIOContext::ResumeIO: <- 0 1 1 id:610 called from <private>
2026-09-28 20:49:52.366 Df LosslessSwitcher[2783:176b77b] (CoreAudio)   HALC_ProxyIOContext.cpp:1159   HALC_ProxyIOContext::PauseIO: <- 0 2 2, id:610 called from <private>
2026-09-28 20:49:52.366 Df LosslessSwitcher[2783:176a696] (CoreAudio)   HALC_ProxyIOContext.cpp:1159   HALC_ProxyIOContext::PauseIO: <- 0 3 3, id:610 called from <private>
2026-09-28 20:49:52.369 Df LosslessSwitcher[2783:176a698] (CoreAudio)   HALC_ProxyIOContext.cpp:1210   HALC_ProxyIOContext::ResumeIO: <- 0 2 2 id:610 called from <private>
2026-09-28 20:49:52.369 Df LosslessSwitcher[2783:176a698] (CoreAudio)   HALC_ProxyIOContext.cpp:1210   HALC_ProxyIOContext::ResumeIO: <- 0 1 1 id:610 called from <private>
2026-09-28 20:49:52.369 Df LosslessSwitcher[2783:176a698] (CoreAudio)   HALC_ProxyIOContext.cpp:1159   HALC_ProxyIOContext::PauseIO: <- 0 2 2, id:610 called from <private>
2026-09-28 20:49:52.369 Df LosslessSwitcher[2783:176b77b] (CoreAudio)   HALC_ProxyIOContext.cpp:1210   HALC_ProxyIOContext::ResumeIO: <- 0 1 1 id:610 called from <private>
2026-09-28 20:49:52.410 Df LosslessSwitcher[2783:176b77b] (CoreAudio)   HALC_ProxyIOContext.cpp:1159   HALC_ProxyIOContext::PauseIO: <- 0 2 2, id:610 called from <private>
2026-09-28 20:49:52.413 Df LosslessSwitcher[2783:176b77b] (CoreAudio)   HALC_ProxyIOContext.cpp:1210   HALC_ProxyIOContext::ResumeIO: <- 0 1 1 id:610 called from <private>
2026-09-28 20:49:52.433 Df LosslessSwitcher[2783:176b77b] (CoreAudio)   HALC_ProxyIOContext.cpp:1159   HALC_ProxyIOContext::PauseIO: <- 0 2 2, id:610 called from <private>
2026-09-28 20:49:52.434 Df LosslessSwitcher[2783:176b77b] (CoreAudio)   HALC_ProxyIOContext.cpp:1210   HALC_ProxyIOContext::ResumeIO: <- 0 1 1 id:610 called from <private>
2026-09-28 20:49:52.455 Df LosslessSwitcher[2783:176a698] (CoreAudio)   HALC_ProxyIOContext.cpp:1159   HALC_ProxyIOContext::PauseIO: <- 0 2 2, id:610 called from <private>
2026-09-28 20:49:52.456 Df LosslessSwitcher[2783:176a698] (CoreAudio)   HALC_ProxyIOContext.cpp:1210   HALC_ProxyIOContext::ResumeIO: <- 0 1 1 id:610 called from <private>
2026-09-28 20:49:52.456 Df LosslessSwitcher[2783:176a698] (CoreAudio)   HALC_ProxyIOContext.cpp:1159   HALC_ProxyIOContext::PauseIO: <- 0 2 2, id:610 called from <private>
2026-09-28 20:49:52.456 Df LosslessSwitcher[2783:176a698] (CoreAudio)   HALC_ProxyIOContext.cpp:1210   HALC_ProxyIOContext::ResumeIO: <- 0 1 1 id:610 called from <private>
2026-09-28 20:49:52.456 Df LosslessSwitcher[2783:176a698] (CoreAudio)   HALC_ProxyIOContext.cpp:1159   HALC_ProxyIOContext::PauseIO: <- 0 2 2, id:610 called from <private>
2026-09-28 20:49:52.456 Df LosslessSwitcher[2783:176a698] (CoreAudio)   HALC_ProxyIOContext.cpp:1210   HALC_ProxyIOContext::ResumeIO: <- 0 1 1 id:610 called from <private>
2026-09-28 20:49:52.456 Df LosslessSwitcher[2783:176a698] (CoreAudio)   HALC_ProxyIOContext.cpp:1159   HALC_ProxyIOContext::PauseIO: <- 0 2 2, id:610 called from <private>
2026-09-28 20:49:52.456 Df LosslessSwitcher[2783:176a698] (CoreAudio)   HALC_ProxyIOContext.cpp:1210   HALC_ProxyIOContext::ResumeIO: <- 0 1 1 id:610 called from <private>
2026-09-28 20:49:52.487 Df LosslessSwitcher[2783:176b77b] (CoreAudio)   HALC_ProxyIOContext.cpp:1159   HALC_ProxyIOContext::PauseIO: <- 0 2 2, id:610 called from <private>
2026-09-28 20:49:52.487 Df LosslessSwitcher[2783:176a696] (CoreAudio)   HALC_ProxyIOContext.cpp:1159   HALC_ProxyIOContext::PauseIO: <- 0 3 3, id:610 called from <private>
2026-09-28 20:49:52.490 Df LosslessSwitcher[2783:176b77b] (CoreAudio)   HALC_ProxyIOContext.cpp:1210   HALC_ProxyIOContext::ResumeIO: <- 0 2 2 id:610 called from <private>
2026-09-28 20:49:52.490 Df LosslessSwitcher[2783:176a696] (CoreAudio)   HALC_ProxyIOContext.cpp:1210   HALC_ProxyIOContext::ResumeIO: <- 0 1 1 id:610 called from <private>
2026-09-28 20:49:55.870 Df LosslessSwitcher[2783:176a134] [com.apple.coreaudio:as_client] SessionCore_macOS_Legacy.mm:163   --> setPlayState Started  Input {LSOutput_UID, 0xf}
2026-09-28 20:49:55.906 Df LosslessSwitcher[2783:176a696] (CoreAudio)   HALC_ProxyIOContext.cpp:1159   HALC_ProxyIOContext::PauseIO: <- 0 2 2, id:610 called from <private>
2026-09-28 20:49:55.930 Df LosslessSwitcher[2783:176a698] (CoreAudio)   HALC_ProxyIOContext.cpp:1159   HALC_ProxyIOContext::PauseIO: <- 0 3 3, id:610 called from <private>
2026-09-28 20:49:55.930 Df LosslessSwitcher[2783:176a696] (CoreAudio)   HALC_ProxyIOContext.cpp:1159   HALC_ProxyIOContext::PauseIO: <- 0 4 4, id:610 called from <private>
2026-09-28 20:49:55.932 Df LosslessSwitcher[2783:176a698] (CoreAudio)   HALC_ProxyIOContext.cpp:1210   HALC_ProxyIOContext::ResumeIO: <- 0 3 3 id:610 called from <private>
2026-09-28 20:49:55.932 Df LosslessSwitcher[2783:176b962] (CoreAudio)   HALC_ProxyIOContext.cpp:1210   HALC_ProxyIOContext::ResumeIO: <- 0 2 2 id:610 called from <private>
2026-09-28 20:49:55.932 Df LosslessSwitcher[2783:176b962] (CoreAudio)   HALC_ProxyIOContext.cpp:1210   HALC_ProxyIOContext::ResumeIO: <- 0 1 1 id:610 called from <private>
2026-09-28 20:49:55.932 Df LosslessSwitcher[2783:176b962] (CoreAudio)   HALC_ProxyIOContext.cpp:1159   HALC_ProxyIOContext::PauseIO: <- 0 2 2, id:610 called from <private>
2026-09-28 20:49:55.960 Df LosslessSwitcher[2783:176a698] (CoreAudio)   HALC_ProxyIOContext.cpp:1159   HALC_ProxyIOContext::PauseIO: <- 0 3 3, id:610 called from <private>
2026-09-28 20:49:55.962 Df LosslessSwitcher[2783:176a698] (CoreAudio)   HALC_ProxyIOContext.cpp:1210   HALC_ProxyIOContext::ResumeIO: <- 0 2 2 id:610 called from <private>
2026-09-28 20:49:55.980 Df LosslessSwitcher[2783:176a698] (CoreAudio)   HALC_ProxyIOContext.cpp:1159   HALC_ProxyIOContext::PauseIO: <- 0 3 3, id:610 called from <private>
2026-09-28 20:49:55.981 Df LosslessSwitcher[2783:176a698] (CoreAudio)   HALC_ProxyIOContext.cpp:1210   HALC_ProxyIOContext::ResumeIO: <- 0 2 2 id:610 called from <private>
2026-09-28 20:49:56.015 Df LosslessSwitcher[2783:176a698] (CoreAudio)   HALC_ProxyIOContext.cpp:1159   HALC_ProxyIOContext::PauseIO: <- 0 3 3, id:610 called from <private>
2026-09-28 20:49:56.016 Df LosslessSwitcher[2783:176a698] (CoreAudio)   HALC_ProxyIOContext.cpp:1210   HALC_ProxyIOContext::ResumeIO: <- 0 2 2 id:610 called from <private>
2026-09-28 20:49:56.033 Df LosslessSwitcher[2783:176b962] (CoreAudio)   HALC_ProxyIOContext.cpp:1159   HALC_ProxyIOContext::PauseIO: <- 0 3 3, id:610 called from <private>
2026-09-28 20:49:56.036 Df LosslessSwitcher[2783:176b962] (CoreAudio)   HALC_ProxyIOContext.cpp:1210   HALC_ProxyIOContext::ResumeIO: <- 0 2 2 id:610 called from <private>
2026-09-28 20:49:56.036 Df LosslessSwitcher[2783:176a698] (CoreAudio)   HALC_ProxyIOContext.cpp:1159   HALC_ProxyIOContext::PauseIO: <- 0 3 3, id:610 called from <private>
2026-09-28 20:49:56.036 Df LosslessSwitcher[2783:176a698] (CoreAudio)   HALC_ProxyIOContext.cpp:1210   HALC_ProxyIOContext::ResumeIO: <- 0 2 2 id:610 called from <private>
2026-09-28 20:49:56.036 Df LosslessSwitcher[2783:176a698] (CoreAudio)   HALC_ProxyIOContext.cpp:1210   HALC_ProxyIOContext::ResumeIO: <- 0 1 1 id:610 called from <private>
2026-09-28 20:49:56.036 Df LosslessSwitcher[2783:176a698] (CoreAudio)   HALC_ProxyIOContext.cpp:1159   HALC_ProxyIOContext::PauseIO: <- 0 2 2, id:610 called from <private>
2026-09-28 20:49:56.036 Df LosslessSwitcher[2783:176a698] (CoreAudio)   HALC_ProxyIOContext.cpp:1210   HALC_ProxyIOContext::ResumeIO: <- 0 1 1 id:610 called from <private>
2026-09-28 20:49:56.036 Df LosslessSwitcher[2783:176a698] (CoreAudio)   HALC_ProxyIOContext.cpp:1159   HALC_ProxyIOContext::PauseIO: <- 0 2 2, id:610 called from <private>
2026-09-28 20:49:56.036 Df LosslessSwitcher[2783:176a698] (CoreAudio)   HALC_ProxyIOContext.cpp:1210   HALC_ProxyIOContext::ResumeIO: <- 0 1 1 id:610 called from <private>
2026-09-28 20:49:56.036 Df LosslessSwitcher[2783:176a698] (CoreAudio)   HALC_ProxyIOContext.cpp:1159   HALC_ProxyIOContext::PauseIO: <- 0 2 2, id:610 called from <private>
2026-09-28 20:49:56.036 Df LosslessSwitcher[2783:176a698] (CoreAudio)   HALC_ProxyIOContext.cpp:1210   HALC_ProxyIOContext::ResumeIO: <- 0 1 1 id:610 called from <private>
2026-09-28 20:49:57.972 Df LosslessSwitcher[2783:176a134] (CoreAudio)         HALB_IOThread.cpp:305    HALB_IOThread::_Start: IO is still disabled after waiting
2026-09-28 20:50:03.238 E  LosslessSwitcher[2783:176a134] [com.apple.coreaudio:AMCP]          HALC_ProxyIOContext.cpp:1075  HALC_ProxyIOContext::_StartIO(): Start failed - StartAndWaitForState returned error 35
2026-09-28 20:50:03.298 Df LosslessSwitcher[2783:176a134] [com.apple.coreaudio:as_client] SessionCore_macOS_Legacy.mm:163   --> setPlayState Stopped  Input {LSOutput_UID, 0xf}
2026-09-28 20:50:03.300 Df LosslessSwitcher[2783:176a134] [com.apple.coreaudio:as_client] SessionCore_macOS_Legacy.mm:163   --> setPlayState Stopped  Input {LSOutput_UID, 0xf}
2026-09-28 20:50:03.346 Df LosslessSwitcher[2783:176a134] [com.apple.coreaudio:as_client] SessionCore_macOS_Legacy.mm:163   --> setPlayState Stopped  Output {AppleUSBAudioEngine:AudioQuest:AudioQuest DragonFly Black v1.5:AQDFBL0120002531:1, 0xf}
2026-09-28 20:50:03.346 Df LosslessSwitcher[2783:176a134] [com.apple.coreaudio:as_client] SessionCore_macOS_Legacy.mm:163   --> setPlayState Stopped  Output {AppleUSBAudioEngine:AudioQuest:AudioQuest DragonFly Black v1.5:AQDFBL0120002531:1, 0xf}
2026-09-28 20:50:03.349 Df LosslessSwitcher[2783:176b962] (CoreAudio)   HALC_ProxyIOContext.cpp:1159   HALC_ProxyIOContext::PauseIO: <- 0 2 2, id:610 called from <private>
2026-09-28 20:50:03.351 Df LosslessSwitcher[2783:176a696] (CoreAudio)   HALC_ProxyIOContext.cpp:1210   HALC_ProxyIOContext::ResumeIO: <- 0 1 1 id:610 called from <private>
2026-09-28 20:50:03.381 Df LosslessSwitcher[2783:176b962] (CoreAudio)   HALC_ProxyIOContext.cpp:1159   HALC_ProxyIOContext::PauseIO: <- 0 2 2, id:610 called from <private>
2026-09-28 20:50:03.381 Df LosslessSwitcher[2783:176a696] (CoreAudio)   HALC_ProxyIOContext.cpp:1159   HALC_ProxyIOContext::PauseIO: <- 0 3 3, id:610 called from <private>
2026-09-28 20:50:03.385 Df LosslessSwitcher[2783:176a696] (CoreAudio)   HALC_ProxyIOContext.cpp:1210   HALC_ProxyIOContext::ResumeIO: <- 0 2 2 id:610 called from <private>
2026-09-28 20:50:03.385 Df LosslessSwitcher[2783:176a696] (CoreAudio)   HALC_ProxyIOContext.cpp:1210   HALC_ProxyIOContext::ResumeIO: <- 0 1 1 id:610 called from <private>
2026-09-28 20:50:03.385 Df LosslessSwitcher[2783:176b962] (CoreAudio)   HALC_ProxyIOContext.cpp:1210   HALC_ProxyIOContext::ResumeIO: <- 0 0 0 id:610 called from <private>
2026-09-28 20:50:03.385 Df LosslessSwitcher[2783:176bba3] (CoreAudio)   HALC_ProxyIOContext.cpp:1159   HALC_ProxyIOContext::PauseIO: <- 0 1 1, id:610 called from <private>
2026-09-28 20:50:03.429 Df LosslessSwitcher[2783:176b962] (CoreAudio)   HALC_ProxyIOContext.cpp:1159   HALC_ProxyIOContext::PauseIO: <- 0 2 2, id:610 called from <private>
2026-09-28 20:50:03.454 Df LosslessSwitcher[2783:176bba3] (CoreAudio)   HALC_ProxyIOContext.cpp:1159   HALC_ProxyIOContext::PauseIO: <- 0 3 3, id:610 called from <private>
2026-09-28 20:50:03.456 Df LosslessSwitcher[2783:176bba3] (CoreAudio)   HALC_ProxyIOContext.cpp:1210   HALC_ProxyIOContext::ResumeIO: <- 0 2 2 id:610 called from <private>
2026-09-28 20:50:03.456 Df LosslessSwitcher[2783:176bbcf] (CoreAudio)   HALC_ProxyIOContext.cpp:1159   HALC_ProxyIOContext::PauseIO: <- 0 3 3, id:610 called from <private>
2026-09-28 20:50:03.456 Df LosslessSwitcher[2783:176bbcf] (CoreAudio)   HALC_ProxyIOContext.cpp:1210   HALC_ProxyIOContext::ResumeIO: <- 0 2 2 id:610 called from <private>
2026-09-28 20:50:03.456 Df LosslessSwitcher[2783:176a696] (CoreAudio)   HALC_ProxyIOContext.cpp:1159   HALC_ProxyIOContext::PauseIO: <- 0 3 3, id:610 called from <private>
2026-09-28 20:50:03.459 Df LosslessSwitcher[2783:176b962] (CoreAudio)   HALC_ProxyIOContext.cpp:1210   HALC_ProxyIOContext::ResumeIO: <- 0 2 2 id:610 called from <private>
2026-09-28 20:50:03.459 Df LosslessSwitcher[2783:176a696] (CoreAudio)   HALC_ProxyIOContext.cpp:1210   HALC_ProxyIOContext::ResumeIO: <- 0 1 1 id:610 called from <private>
2026-09-28 20:50:03.487 Df LosslessSwitcher[2783:176b962] (CoreAudio)   HALC_ProxyIOContext.cpp:1159   HALC_ProxyIOContext::PauseIO: <- 0 2 2, id:610 called from <private>
2026-09-28 20:50:03.487 Df LosslessSwitcher[2783:176a696] (CoreAudio)   HALC_ProxyIOContext.cpp:1159   HALC_ProxyIOContext::PauseIO: <- 0 3 3, id:610 called from <private>
2026-09-28 20:50:03.489 Df LosslessSwitcher[2783:176b962] (CoreAudio)   HALC_ProxyIOContext.cpp:1210   HALC_ProxyIOContext::ResumeIO: <- 0 2 2 id:610 called from <private>
2026-09-28 20:50:03.489 Df LosslessSwitcher[2783:176bba3] (CoreAudio)   HALC_ProxyIOContext.cpp:1210   HALC_ProxyIOContext::ResumeIO: <- 0 1 1 id:610 called from <private>
2026-09-28 20:50:03.518 Df LosslessSwitcher[2783:176b962] (CoreAudio)   HALC_ProxyIOContext.cpp:1159   HALC_ProxyIOContext::PauseIO: <- 0 2 2, id:610 called from <private>
2026-09-28 20:50:03.518 Df LosslessSwitcher[2783:176a696] (CoreAudio)   HALC_ProxyIOContext.cpp:1159   HALC_ProxyIOContext::PauseIO: <- 0 3 3, id:610 called from <private>
2026-09-28 20:50:03.520 Df LosslessSwitcher[2783:176b962] (CoreAudio)   HALC_ProxyIOContext.cpp:1210   HALC_ProxyIOContext::ResumeIO: <- 0 2 2 id:610 called from <private>
2026-09-28 20:50:03.520 Df LosslessSwitcher[2783:176a696] (CoreAudio)   HALC_ProxyIOContext.cpp:1210   HALC_ProxyIOContext::ResumeIO: <- 0 1 1 id:610 called from <private>
2026-09-28 20:50:07.023 Df LosslessSwitcher[2783:176a134] [com.apple.coreaudio:as_client] SessionCore_macOS_Legacy.mm:163   --> setPlayState Started  Input {LSOutput_UID, 0x10}
2026-09-28 20:50:07.057 Df LosslessSwitcher[2783:176b962] (CoreAudio)   HALC_ProxyIOContext.cpp:1159   HALC_ProxyIOContext::PauseIO: <- 0 2 2, id:610 called from <private>
2026-09-28 20:50:07.073 Df LosslessSwitcher[2783:176bbcf] (CoreAudio)   HALC_ProxyIOContext.cpp:1159   HALC_ProxyIOContext::PauseIO: <- 0 3 3, id:610 called from <private>
2026-09-28 20:50:07.073 Df LosslessSwitcher[2783:176b962] (CoreAudio)   HALC_ProxyIOContext.cpp:1159   HALC_ProxyIOContext::PauseIO: <- 0 4 4, id:610 called from <private>
2026-09-28 20:50:07.075 Df LosslessSwitcher[2783:176bbcf] (CoreAudio)   HALC_ProxyIOContext.cpp:1210   HALC_ProxyIOContext::ResumeIO: <- 0 3 3 id:610 called from <private>
2026-09-28 20:50:07.075 Df LosslessSwitcher[2783:176a696] (CoreAudio)   HALC_ProxyIOContext.cpp:1210   HALC_ProxyIOContext::ResumeIO: <- 0 2 2 id:610 called from <private>
2026-09-28 20:50:07.075 Df LosslessSwitcher[2783:176a696] (CoreAudio)   HALC_ProxyIOContext.cpp:1210   HALC_ProxyIOContext::ResumeIO: <- 0 1 1 id:610 called from <private>
2026-09-28 20:50:07.075 Df LosslessSwitcher[2783:176a696] (CoreAudio)   HALC_ProxyIOContext.cpp:1159   HALC_ProxyIOContext::PauseIO: <- 0 2 2, id:610 called from <private>
2026-09-28 20:50:07.114 Df LosslessSwitcher[2783:176bbcf] (CoreAudio)   HALC_ProxyIOContext.cpp:1159   HALC_ProxyIOContext::PauseIO: <- 0 3 3, id:610 called from <private>
2026-09-28 20:50:07.116 Df LosslessSwitcher[2783:176bba3] (CoreAudio)   HALC_ProxyIOContext.cpp:1159   HALC_ProxyIOContext::PauseIO: <- 0 4 4, id:610 called from <private>
2026-09-28 20:50:07.117 Df LosslessSwitcher[2783:176bba3] (CoreAudio)   HALC_ProxyIOContext.cpp:1210   HALC_ProxyIOContext::ResumeIO: <- 0 3 3 id:610 called from <private>
2026-09-28 20:50:07.117 Df LosslessSwitcher[2783:176bba3] (CoreAudio)   HALC_ProxyIOContext.cpp:1159   HALC_ProxyIOContext::PauseIO: <- 0 4 4, id:610 called from <private>
2026-09-28 20:50:07.117 Df LosslessSwitcher[2783:176bba3] (CoreAudio)   HALC_ProxyIOContext.cpp:1210   HALC_ProxyIOContext::ResumeIO: <- 0 3 3 id:610 called from <private>
2026-09-28 20:50:07.118 Df LosslessSwitcher[2783:176bba3] (CoreAudio)   HALC_ProxyIOContext.cpp:1210   HALC_ProxyIOContext::ResumeIO: <- 0 2 2 id:610 called from <private>
2026-09-28 20:50:07.118 Df LosslessSwitcher[2783:176a696] (CoreAudio)   HALC_ProxyIOContext.cpp:1159   HALC_ProxyIOContext::PauseIO: <- 0 3 3, id:610 called from <private>
2026-09-28 20:50:07.119 Df LosslessSwitcher[2783:176a696] (CoreAudio)   HALC_ProxyIOContext.cpp:1210   HALC_ProxyIOContext::ResumeIO: <- 0 2 2 id:610 called from <private>
2026-09-28 20:50:07.119 Df LosslessSwitcher[2783:176bbcf] (CoreAudio)   HALC_ProxyIOContext.cpp:1210   HALC_ProxyIOContext::ResumeIO: <- 0 1 1 id:610 called from <private>
2026-09-28 20:50:07.146 Df LosslessSwitcher[2783:176bbcf] (CoreAudio)   HALC_ProxyIOContext.cpp:1159   HALC_ProxyIOContext::PauseIO: <- 0 2 2, id:610 called from <private>
2026-09-28 20:50:07.146 Df LosslessSwitcher[2783:176b962] (CoreAudio)   HALC_ProxyIOContext.cpp:1159   HALC_ProxyIOContext::PauseIO: <- 0 3 3, id:610 called from <private>
2026-09-28 20:50:07.147 Df LosslessSwitcher[2783:176bbcf] (CoreAudio)   HALC_ProxyIOContext.cpp:1210   HALC_ProxyIOContext::ResumeIO: <- 0 2 2 id:610 called from <private>
2026-09-28 20:50:07.147 Df LosslessSwitcher[2783:176a696] (CoreAudio)   HALC_ProxyIOContext.cpp:1210   HALC_ProxyIOContext::ResumeIO: <- 0 1 1 id:610 called from <private>
2026-09-28 20:50:07.178 Df LosslessSwitcher[2783:176bbcf] (CoreAudio)   HALC_ProxyIOContext.cpp:1159   HALC_ProxyIOContext::PauseIO: <- 0 2 2, id:610 called from <private>
2026-09-28 20:50:07.178 Df LosslessSwitcher[2783:176a696] (CoreAudio)   HALC_ProxyIOContext.cpp:1159   HALC_ProxyIOContext::PauseIO: <- 0 3 3, id:610 called from <private>
2026-09-28 20:50:07.181 Df LosslessSwitcher[2783:176a696] (CoreAudio)   HALC_ProxyIOContext.cpp:1210   HALC_ProxyIOContext::ResumeIO: <- 0 2 2 id:610 called from <private>
2026-09-28 20:50:07.181 Df LosslessSwitcher[2783:176bbcf] (CoreAudio)   HALC_ProxyIOContext.cpp:1210   HALC_ProxyIOContext::ResumeIO: <- 0 1 1 id:610 called from <private>
2026-09-28 20:50:09.135 Df LosslessSwitcher[2783:176a134] (CoreAudio)         HALB_IOThread.cpp:305    HALB_IOThread::_Start: IO is still disabled after waiting
2026-09-28 20:50:14.426 E  LosslessSwitcher[2783:176a134] [com.apple.coreaudio:AMCP]          HALC_ProxyIOContext.cpp:1075  HALC_ProxyIOContext::_StartIO(): Start failed - StartAndWaitForState returned error 35
2026-09-28 20:50:14.474 Df LosslessSwitcher[2783:176a134] [com.apple.coreaudio:as_client] SessionCore_macOS_Legacy.mm:163   --> setPlayState Stopped  Input {LSOutput_UID, 0x10}
2026-09-28 20:50:14.475 Df LosslessSwitcher[2783:176a134] [com.apple.coreaudio:as_client] SessionCore_macOS_Legacy.mm:163   --> setPlayState Stopped  Input {LSOutput_UID, 0x10}
2026-09-28 20:50:14.518 Df LosslessSwitcher[2783:176a134] [com.apple.coreaudio:as_client] SessionCore_macOS_Legacy.mm:163   --> setPlayState Stopped  Output {AppleUSBAudioEngine:AudioQuest:AudioQuest DragonFly Black v1.5:AQDFBL0120002531:1, 0x10}
2026-09-28 20:50:14.518 Df LosslessSwitcher[2783:176a134] [com.apple.coreaudio:as_client] SessionCore_macOS_Legacy.mm:163   --> setPlayState Stopped  Output {AppleUSBAudioEngine:AudioQuest:AudioQuest DragonFly Black v1.5:AQDFBL0120002531:1, 0x10}
2026-09-28 20:50:14.521 Df LosslessSwitcher[2783:176bbcf] (CoreAudio)   HALC_ProxyIOContext.cpp:1159   HALC_ProxyIOContext::PauseIO: <- 0 2 2, id:610 called from <private>
2026-09-28 20:50:14.541 Df LosslessSwitcher[2783:176bbcf] (CoreAudio)   HALC_ProxyIOContext.cpp:1159   HALC_ProxyIOContext::PauseIO: <- 0 3 3, id:610 called from <private>
2026-09-28 20:50:14.542 Df LosslessSwitcher[2783:176b962] (CoreAudio)   HALC_ProxyIOContext.cpp:1159   HALC_ProxyIOContext::PauseIO: <- 0 4 4, id:610 called from <private>
2026-09-28 20:50:14.544 Df LosslessSwitcher[2783:176b962] (CoreAudio)   HALC_ProxyIOContext.cpp:1210   HALC_ProxyIOContext::ResumeIO: <- 0 3 3 id:610 called from <private>
2026-09-28 20:50:14.544 Df LosslessSwitcher[2783:176b962] (CoreAudio)   HALC_ProxyIOContext.cpp:1210   HALC_ProxyIOContext::ResumeIO: <- 0 2 2 id:610 called from <private>
2026-09-28 20:50:14.544 Df LosslessSwitcher[2783:176bbcf] (CoreAudio)   HALC_ProxyIOContext.cpp:1210   HALC_ProxyIOContext::ResumeIO: <- 0 1 1 id:610 called from <private>
2026-09-28 20:50:14.544 Df LosslessSwitcher[2783:176b962] (CoreAudio)   HALC_ProxyIOContext.cpp:1159   HALC_ProxyIOContext::PauseIO: <- 0 2 2, id:610 called from <private>
2026-09-28 20:50:14.594 Df LosslessSwitcher[2783:176bbcf] (CoreAudio)   HALC_ProxyIOContext.cpp:1159   HALC_ProxyIOContext::PauseIO: <- 0 3 3, id:610 called from <private>
2026-09-28 20:50:14.614 Df LosslessSwitcher[2783:176b962] (CoreAudio)   HALC_ProxyIOContext.cpp:1159   HALC_ProxyIOContext::PauseIO: <- 0 4 4, id:610 called from <private>
2026-09-28 20:50:14.617 Df LosslessSwitcher[2783:176bbcf] (CoreAudio)   HALC_ProxyIOContext.cpp:1210   HALC_ProxyIOContext::ResumeIO: <- 0 3 3 id:610 called from <private>
2026-09-28 20:50:14.640 Df LosslessSwitcher[2783:176bbcf] (CoreAudio)   HALC_ProxyIOContext.cpp:1159   HALC_ProxyIOContext::PauseIO: <- 0 4 4, id:610 called from <private>
2026-09-28 20:50:14.642 Df LosslessSwitcher[2783:176bbcf] (CoreAudio)   HALC_ProxyIOContext.cpp:1210   HALC_ProxyIOContext::ResumeIO: <- 0 3 3 id:610 called from <private>
2026-09-28 20:50:14.665 Df LosslessSwitcher[2783:176bbcf] (CoreAudio)   HALC_ProxyIOContext.cpp:1159   HALC_ProxyIOContext::PauseIO: <- 0 4 4, id:610 called from <private>
2026-09-28 20:50:14.666 Df LosslessSwitcher[2783:176bbcf] (CoreAudio)   HALC_ProxyIOContext.cpp:1210   HALC_ProxyIOContext::ResumeIO: <- 0 3 3 id:610 called from <private>
2026-09-28 20:50:14.668 Df LosslessSwitcher[2783:176b962] (CoreAudio)   HALC_ProxyIOContext.cpp:1210   HALC_ProxyIOContext::ResumeIO: <- 0 2 2 id:610 called from <private>
2026-09-28 20:50:14.668 Df LosslessSwitcher[2783:176b962] (CoreAudio)   HALC_ProxyIOContext.cpp:1210   HALC_ProxyIOContext::ResumeIO: <- 0 1 1 id:610 called from <private>
2026-09-28 20:50:14.668 Df LosslessSwitcher[2783:176b962] (CoreAudio)   HALC_ProxyIOContext.cpp:1159   HALC_ProxyIOContext::PauseIO: <- 0 2 2, id:610 called from <private>
2026-09-28 20:50:14.668 Df LosslessSwitcher[2783:176b962] (CoreAudio)   HALC_ProxyIOContext.cpp:1210   HALC_ProxyIOContext::ResumeIO: <- 0 1 1 id:610 called from <private>
2026-09-28 20:50:14.668 Df LosslessSwitcher[2783:176b962] (CoreAudio)   HALC_ProxyIOContext.cpp:1159   HALC_ProxyIOContext::PauseIO: <- 0 2 2, id:610 called from <private>
2026-09-28 20:50:14.668 Df LosslessSwitcher[2783:176b962] (CoreAudio)   HALC_ProxyIOContext.cpp:1210   HALC_ProxyIOContext::ResumeIO: <- 0 1 1 id:610 called from <private>
2026-09-28 20:50:14.668 Df LosslessSwitcher[2783:176b962] (CoreAudio)   HALC_ProxyIOContext.cpp:1159   HALC_ProxyIOContext::PauseIO: <- 0 2 2, id:610 called from <private>
2026-09-28 20:50:14.668 Df LosslessSwitcher[2783:176b962] (CoreAudio)   HALC_ProxyIOContext.cpp:1210   HALC_ProxyIOContext::ResumeIO: <- 0 1 1 id:610 called from <private>
2026-09-28 20:50:14.668 Df LosslessSwitcher[2783:176b962] (CoreAudio)   HALC_ProxyIOContext.cpp:1159   HALC_ProxyIOContext::PauseIO: <- 0 2 2, id:610 called from <private>
2026-09-28 20:50:14.668 Df LosslessSwitcher[2783:176b962] (CoreAudio)   HALC_ProxyIOContext.cpp:1210   HALC_ProxyIOContext::ResumeIO: <- 0 1 1 id:610 called from <private>
2026-09-28 20:50:18.212 Df LosslessSwitcher[2783:176a134] [com.apple.coreaudio:as_client] SessionCore_macOS_Legacy.mm:163   --> setPlayState Started  Input {LSOutput_UID, 0x11}
2026-09-28 20:50:18.243 Df LosslessSwitcher[2783:176be82] (CoreAudio)   HALC_ProxyIOContext.cpp:1159   HALC_ProxyIOContext::PauseIO: <- 0 2 2, id:610 called from <private>
2026-09-28 20:50:18.265 Df LosslessSwitcher[2783:176b962] (CoreAudio)   HALC_ProxyIOContext.cpp:1159   HALC_ProxyIOContext::PauseIO: <- 0 3 3, id:610 called from <private>
2026-09-28 20:50:18.265 Df LosslessSwitcher[2783:176be82] (CoreAudio)   HALC_ProxyIOContext.cpp:1159   HALC_ProxyIOContext::PauseIO: <- 0 4 4, id:610 called from <private>
2026-09-28 20:50:18.267 Df LosslessSwitcher[2783:176b962] (CoreAudio)   HALC_ProxyIOContext.cpp:1210   HALC_ProxyIOContext::ResumeIO: <- 0 3 3 id:610 called from <private>
2026-09-28 20:50:18.267 Df LosslessSwitcher[2783:176be82] (CoreAudio)   HALC_ProxyIOContext.cpp:1210   HALC_ProxyIOContext::ResumeIO: <- 0 2 2 id:610 called from <private>
2026-09-28 20:50:18.267 Df LosslessSwitcher[2783:176be82] (CoreAudio)   HALC_ProxyIOContext.cpp:1210   HALC_ProxyIOContext::ResumeIO: <- 0 1 1 id:610 called from <private>
2026-09-28 20:50:18.267 Df LosslessSwitcher[2783:176be82] (CoreAudio)   HALC_ProxyIOContext.cpp:1159   HALC_ProxyIOContext::PauseIO: <- 0 2 2, id:610 called from <private>
2026-09-28 20:50:18.289 Df LosslessSwitcher[2783:176b962] (CoreAudio)   HALC_ProxyIOContext.cpp:1159   HALC_ProxyIOContext::PauseIO: <- 0 3 3, id:610 called from <private>
2026-09-28 20:50:18.289 Df LosslessSwitcher[2783:176bbcf] (CoreAudio)   HALC_ProxyIOContext.cpp:1159   HALC_ProxyIOContext::PauseIO: <- 0 4 4, id:610 called from <private>
2026-09-28 20:50:18.291 Df LosslessSwitcher[2783:176bbcf] (CoreAudio)   HALC_ProxyIOContext.cpp:1210   HALC_ProxyIOContext::ResumeIO: <- 0 3 3 id:610 called from <private>
2026-09-28 20:50:18.291 Df LosslessSwitcher[2783:176bbcf] (CoreAudio)   HALC_ProxyIOContext.cpp:1210   HALC_ProxyIOContext::ResumeIO: <- 0 2 2 id:610 called from <private>
2026-09-28 20:50:18.295 Df LosslessSwitcher[2783:176b962] (CoreAudio)   HALC_ProxyIOContext.cpp:1210   HALC_ProxyIOContext::ResumeIO: <- 0 1 1 id:610 called from <private>
2026-09-28 20:50:18.295 Df LosslessSwitcher[2783:176bbcf] (CoreAudio)   HALC_ProxyIOContext.cpp:1159   HALC_ProxyIOContext::PauseIO: <- 0 2 2, id:610 called from <private>
2026-09-28 20:50:18.322 Df LosslessSwitcher[2783:176b962] (CoreAudio)   HALC_ProxyIOContext.cpp:1159   HALC_ProxyIOContext::PauseIO: <- 0 3 3, id:610 called from <private>
2026-09-28 20:50:18.340 Df LosslessSwitcher[2783:176be82] (CoreAudio)   HALC_ProxyIOContext.cpp:1159   HALC_ProxyIOContext::PauseIO: <- 0 4 4, id:610 called from <private>
2026-09-28 20:50:18.341 Df LosslessSwitcher[2783:176be82] (CoreAudio)   HALC_ProxyIOContext.cpp:1210   HALC_ProxyIOContext::ResumeIO: <- 0 3 3 id:610 called from <private>
2026-09-28 20:50:18.341 Df LosslessSwitcher[2783:176be82] (CoreAudio)   HALC_ProxyIOContext.cpp:1210   HALC_ProxyIOContext::ResumeIO: <- 0 2 2 id:610 called from <private>
2026-09-28 20:50:18.341 Df LosslessSwitcher[2783:176be82] (CoreAudio)   HALC_ProxyIOContext.cpp:1159   HALC_ProxyIOContext::PauseIO: <- 0 3 3, id:610 called from <private>
2026-09-28 20:50:18.341 Df LosslessSwitcher[2783:176be82] (CoreAudio)   HALC_ProxyIOContext.cpp:1210   HALC_ProxyIOContext::ResumeIO: <- 0 2 2 id:610 called from <private>
2026-09-28 20:50:18.341 Df LosslessSwitcher[2783:176be82] (CoreAudio)   HALC_ProxyIOContext.cpp:1159   HALC_ProxyIOContext::PauseIO: <- 0 3 3, id:610 called from <private>
2026-09-28 20:50:18.344 Df LosslessSwitcher[2783:176b962] (CoreAudio)   HALC_ProxyIOContext.cpp:1210   HALC_ProxyIOContext::ResumeIO: <- 0 2 2 id:610 called from <private>
2026-09-28 20:50:18.344 Df LosslessSwitcher[2783:176be82] (CoreAudio)   HALC_ProxyIOContext.cpp:1210   HALC_ProxyIOContext::ResumeIO: <- 0 1 1 id:610 called from <private>
2026-09-28 20:50:18.359 Df LosslessSwitcher[2783:176b962] (CoreAudio)   HALC_ProxyIOContext.cpp:1159   HALC_ProxyIOContext::PauseIO: <- 0 2 2, id:610 called from <private>
2026-09-28 20:50:18.360 Df LosslessSwitcher[2783:176bbcf] (CoreAudio)   HALC_ProxyIOContext.cpp:1159   HALC_ProxyIOContext::PauseIO: <- 0 3 3, id:610 called from <private>
2026-09-28 20:50:18.361 Df LosslessSwitcher[2783:176b962] (CoreAudio)   HALC_ProxyIOContext.cpp:1210   HALC_ProxyIOContext::ResumeIO: <- 0 2 2 id:610 called from <private>
2026-09-28 20:50:18.361 Df LosslessSwitcher[2783:176bbcf] (CoreAudio)   HALC_ProxyIOContext.cpp:1210   HALC_ProxyIOContext::ResumeIO: <- 0 1 1 id:610 called from <private>
2026-09-28 20:50:20.318 Df LosslessSwitcher[2783:176a134] (CoreAudio)         HALB_IOThread.cpp:305    HALB_IOThread::_Start: IO is still disabled after waiting
2026-09-28 20:50:25.584 E  LosslessSwitcher[2783:176a134] [com.apple.coreaudio:AMCP]          HALC_ProxyIOContext.cpp:1075  HALC_ProxyIOContext::_StartIO(): Start failed - StartAndWaitForState returned error 35
2026-09-28 20:50:25.628 Df LosslessSwitcher[2783:176a134] [com.apple.coreaudio:as_client] SessionCore_macOS_Legacy.mm:163   --> setPlayState Stopped  Input {LSOutput_UID, 0x11}
2026-09-28 20:50:25.632 Df LosslessSwitcher[2783:176a134] [com.apple.coreaudio:as_client] SessionCore_macOS_Legacy.mm:163   --> setPlayState Stopped  Input {LSOutput_UID, 0x11}
2026-09-28 20:50:25.667 Df LosslessSwitcher[2783:176a134] [com.apple.coreaudio:as_client] SessionCore_macOS_Legacy.mm:163   --> setPlayState Stopped  Output {AppleUSBAudioEngine:AudioQuest:AudioQuest DragonFly Black v1.5:AQDFBL0120002531:1, 0x11}
2026-09-28 20:50:25.668 Df LosslessSwitcher[2783:176a134] [com.apple.coreaudio:as_client] SessionCore_macOS_Legacy.mm:163   --> setPlayState Stopped  Output {AppleUSBAudioEngine:AudioQuest:AudioQuest DragonFly Black v1.5:AQDFBL0120002531:1, 0x11}
2026-09-28 20:50:25.670 Df LosslessSwitcher[2783:176b962] (CoreAudio)   HALC_ProxyIOContext.cpp:1159   HALC_ProxyIOContext::PauseIO: <- 0 2 2, id:610 called from <private>
2026-09-28 20:50:25.671 Df LosslessSwitcher[2783:176bbcf] (CoreAudio)   HALC_ProxyIOContext.cpp:1210   HALC_ProxyIOContext::ResumeIO: <- 0 1 1 id:610 called from <private>
2026-09-28 20:50:25.702 Df LosslessSwitcher[2783:176be9a] (CoreAudio)   HALC_ProxyIOContext.cpp:1159   HALC_ProxyIOContext::PauseIO: <- 0 2 2, id:610 called from <private>
2026-09-28 20:50:25.702 Df LosslessSwitcher[2783:176b962] (CoreAudio)   HALC_ProxyIOContext.cpp:1159   HALC_ProxyIOContext::PauseIO: <- 0 3 3, id:610 called from <private>
2026-09-28 20:50:25.704 Df LosslessSwitcher[2783:176be9a] (CoreAudio)   HALC_ProxyIOContext.cpp:1210   HALC_ProxyIOContext::ResumeIO: <- 0 2 2 id:610 called from <private>
2026-09-28 20:50:25.704 Df LosslessSwitcher[2783:176b962] (CoreAudio)   HALC_ProxyIOContext.cpp:1210   HALC_ProxyIOContext::ResumeIO: <- 0 1 1 id:610 called from <private>
2026-09-28 20:50:25.704 Df LosslessSwitcher[2783:176b962] (CoreAudio)   HALC_ProxyIOContext.cpp:1210   HALC_ProxyIOContext::ResumeIO: <- 0 0 0 id:610 called from <private>
2026-09-28 20:50:25.704 Df LosslessSwitcher[2783:176b962] (CoreAudio)   HALC_ProxyIOContext.cpp:1159   HALC_ProxyIOContext::PauseIO: <- 0 1 1, id:610 called from <private>
2026-09-28 20:50:25.742 Df LosslessSwitcher[2783:176be9a] (CoreAudio)   HALC_ProxyIOContext.cpp:1159   HALC_ProxyIOContext::PauseIO: <- 0 2 2, id:610 called from <private>
2026-09-28 20:50:25.744 Df LosslessSwitcher[2783:176be9a] (CoreAudio)   HALC_ProxyIOContext.cpp:1210   HALC_ProxyIOContext::ResumeIO: <- 0 1 1 id:610 called from <private>
2026-09-28 20:50:25.768 Df LosslessSwitcher[2783:176be9a] (CoreAudio)   HALC_ProxyIOContext.cpp:1159   HALC_ProxyIOContext::PauseIO: <- 0 2 2, id:610 called from <private>
2026-09-28 20:50:25.771 Df LosslessSwitcher[2783:176be9a] (CoreAudio)   HALC_ProxyIOContext.cpp:1210   HALC_ProxyIOContext::ResumeIO: <- 0 1 1 id:610 called from <private>
2026-09-28 20:50:25.798 Df LosslessSwitcher[2783:176be9a] (CoreAudio)   HALC_ProxyIOContext.cpp:1159   HALC_ProxyIOContext::PauseIO: <- 0 2 2, id:610 called from <private>
2026-09-28 20:50:25.799 Df LosslessSwitcher[2783:176be9a] (CoreAudio)   HALC_ProxyIOContext.cpp:1210   HALC_ProxyIOContext::ResumeIO: <- 0 1 1 id:610 called from <private>
2026-09-28 20:50:25.817 Df LosslessSwitcher[2783:176c0d7] (CoreAudio)   HALC_ProxyIOContext.cpp:1159   HALC_ProxyIOContext::PauseIO: <- 0 2 2, id:610 called from <private>
2026-09-28 20:50:25.819 Df LosslessSwitcher[2783:176c0d7] (CoreAudio)   HALC_ProxyIOContext.cpp:1210   HALC_ProxyIOContext::ResumeIO: <- 0 1 1 id:610 called from <private>
2026-09-28 20:50:25.819 Df LosslessSwitcher[2783:176b962] (CoreAudio)   HALC_ProxyIOContext.cpp:1159   HALC_ProxyIOContext::PauseIO: <- 0 2 2, id:610 called from <private>
2026-09-28 20:50:25.819 Df LosslessSwitcher[2783:176b962] (CoreAudio)   HALC_ProxyIOContext.cpp:1210   HALC_ProxyIOContext::ResumeIO: <- 0 1 1 id:610 called from <private>
2026-09-28 20:50:25.819 Df LosslessSwitcher[2783:176b962] (CoreAudio)   HALC_ProxyIOContext.cpp:1159   HALC_ProxyIOContext::PauseIO: <- 0 2 2, id:610 called from <private>
2026-09-28 20:50:25.819 Df LosslessSwitcher[2783:176b962] (CoreAudio)   HALC_ProxyIOContext.cpp:1210   HALC_ProxyIOContext::ResumeIO: <- 0 1 1 id:610 called from <private>
2026-09-28 20:50:25.819 Df LosslessSwitcher[2783:176b962] (CoreAudio)   HALC_ProxyIOContext.cpp:1159   HALC_ProxyIOContext::PauseIO: <- 0 2 2, id:610 called from <private>
2026-09-28 20:50:25.819 Df LosslessSwitcher[2783:176b962] (CoreAudio)   HALC_ProxyIOContext.cpp:1210   HALC_ProxyIOContext::ResumeIO: <- 0 1 1 id:610 called from <private>
2026-09-28 20:50:25.819 Df LosslessSwitcher[2783:176b962] (CoreAudio)   HALC_ProxyIOContext.cpp:1159   HALC_ProxyIOContext::PauseIO: <- 0 2 2, id:610 called from <private>
2026-09-28 20:50:25.819 Df LosslessSwitcher[2783:176b962] (CoreAudio)   HALC_ProxyIOContext.cpp:1210   HALC_ProxyIOContext::ResumeIO: <- 0 1 1 id:610 called from <private>
2026-09-28 20:50:29.361 Df LosslessSwitcher[2783:176a134] [com.apple.coreaudio:as_client] SessionCore_macOS_Legacy.mm:163   --> setPlayState Started  Input {LSOutput_UID, 0x12}
2026-09-28 20:50:29.392 Df LosslessSwitcher[2783:176be9a] (CoreAudio)   HALC_ProxyIOContext.cpp:1159   HALC_ProxyIOContext::PauseIO: <- 0 2 2, id:610 called from <private>
2026-09-28 20:50:29.411 Df LosslessSwitcher[2783:176be9a] (CoreAudio)   HALC_ProxyIOContext.cpp:1159   HALC_ProxyIOContext::PauseIO: <- 0 3 3, id:610 called from <private>
2026-09-28 20:50:29.412 Df LosslessSwitcher[2783:176bbcf] (CoreAudio)   HALC_ProxyIOContext.cpp:1159   HALC_ProxyIOContext::PauseIO: <- 0 4 4, id:610 called from <private>
2026-09-28 20:50:29.414 Df LosslessSwitcher[2783:176be9a] (CoreAudio)   HALC_ProxyIOContext.cpp:1210   HALC_ProxyIOContext::ResumeIO: <- 0 3 3 id:610 called from <private>
2026-09-28 20:50:29.414 Df LosslessSwitcher[2783:176b962] (CoreAudio)   HALC_ProxyIOContext.cpp:1210   HALC_ProxyIOContext::ResumeIO: <- 0 2 2 id:610 called from <private>
2026-09-28 20:50:29.414 Df LosslessSwitcher[2783:176b962] (CoreAudio)   HALC_ProxyIOContext.cpp:1210   HALC_ProxyIOContext::ResumeIO: <- 0 1 1 id:610 called from <private>
2026-09-28 20:50:29.414 Df LosslessSwitcher[2783:176b962] (CoreAudio)   HALC_ProxyIOContext.cpp:1159   HALC_ProxyIOContext::PauseIO: <- 0 2 2, id:610 called from <private>
2026-09-28 20:50:29.447 Df LosslessSwitcher[2783:176be9a] (CoreAudio)   HALC_ProxyIOContext.cpp:1159   HALC_ProxyIOContext::PauseIO: <- 0 3 3, id:610 called from <private>
2026-09-28 20:50:29.449 Df LosslessSwitcher[2783:176be9a] (CoreAudio)   HALC_ProxyIOContext.cpp:1210   HALC_ProxyIOContext::ResumeIO: <- 0 2 2 id:610 called from <private>
2026-09-28 20:50:29.469 Df LosslessSwitcher[2783:176be9a] (CoreAudio)   HALC_ProxyIOContext.cpp:1159   HALC_ProxyIOContext::PauseIO: <- 0 3 3, id:610 called from <private>
2026-09-28 20:50:29.497 Df LosslessSwitcher[2783:176b962] (CoreAudio)   HALC_ProxyIOContext.cpp:1159   HALC_ProxyIOContext::PauseIO: <- 0 4 4, id:610 called from <private>
2026-09-28 20:50:29.499 Df LosslessSwitcher[2783:176b962] (CoreAudio)   HALC_ProxyIOContext.cpp:1210   HALC_ProxyIOContext::ResumeIO: <- 0 3 3 id:610 called from <private>
2026-09-28 20:50:29.502 Df LosslessSwitcher[2783:176be9a] (CoreAudio)   HALC_ProxyIOContext.cpp:1210   HALC_ProxyIOContext::ResumeIO: <- 0 2 2 id:610 called from <private>
2026-09-28 20:50:29.539 Df LosslessSwitcher[2783:176be9a] (CoreAudio)   HALC_ProxyIOContext.cpp:1159   HALC_ProxyIOContext::PauseIO: <- 0 3 3, id:610 called from <private>
2026-09-28 20:50:29.541 Df LosslessSwitcher[2783:176be9a] (CoreAudio)   HALC_ProxyIOContext.cpp:1210   HALC_ProxyIOContext::ResumeIO: <- 0 2 2 id:610 called from <private>
2026-09-28 20:50:29.541 Df LosslessSwitcher[2783:176b962] (CoreAudio)   HALC_ProxyIOContext.cpp:1159   HALC_ProxyIOContext::PauseIO: <- 0 3 3, id:610 called from <private>
2026-09-28 20:50:29.541 Df LosslessSwitcher[2783:176b962] (CoreAudio)   HALC_ProxyIOContext.cpp:1210   HALC_ProxyIOContext::ResumeIO: <- 0 2 2 id:610 called from <private>
2026-09-28 20:50:29.541 Df LosslessSwitcher[2783:176b962] (CoreAudio)   HALC_ProxyIOContext.cpp:1159   HALC_ProxyIOContext::PauseIO: <- 0 3 3, id:610 called from <private>
2026-09-28 20:50:29.541 Df LosslessSwitcher[2783:176b962] (CoreAudio)   HALC_ProxyIOContext.cpp:1210   HALC_ProxyIOContext::ResumeIO: <- 0 2 2 id:610 called from <private>
2026-09-28 20:50:29.541 Df LosslessSwitcher[2783:176b962] (CoreAudio)   HALC_ProxyIOContext.cpp:1210   HALC_ProxyIOContext::ResumeIO: <- 0 1 1 id:610 called from <private>
2026-09-28 20:50:29.541 Df LosslessSwitcher[2783:176b962] (CoreAudio)   HALC_ProxyIOContext.cpp:1159   HALC_ProxyIOContext::PauseIO: <- 0 2 2, id:610 called from <private>
2026-09-28 20:50:29.541 Df LosslessSwitcher[2783:176b962] (CoreAudio)   HALC_ProxyIOContext.cpp:1210   HALC_ProxyIOContext::ResumeIO: <- 0 1 1 id:610 called from <private>
2026-09-28 20:50:29.541 Df LosslessSwitcher[2783:176b962] (CoreAudio)   HALC_ProxyIOContext.cpp:1159   HALC_ProxyIOContext::PauseIO: <- 0 2 2, id:610 called from <private>
2026-09-28 20:50:29.541 Df LosslessSwitcher[2783:176b962] (CoreAudio)   HALC_ProxyIOContext.cpp:1210   HALC_ProxyIOContext::ResumeIO: <- 0 1 1 id:610 called from <private>
2026-09-28 20:50:29.541 Df LosslessSwitcher[2783:176b962] (CoreAudio)   HALC_ProxyIOContext.cpp:1159   HALC_ProxyIOContext::PauseIO: <- 0 2 2, id:610 called from <private>
2026-09-28 20:50:29.542 Df LosslessSwitcher[2783:176b962] (CoreAudio)   HALC_ProxyIOContext.cpp:1210   HALC_ProxyIOContext::ResumeIO: <- 0 1 1 id:610 called from <private>
2026-09-28 20:50:31.452 Df LosslessSwitcher[2783:176a134] (CoreAudio)         HALB_IOThread.cpp:305    HALB_IOThread::_Start: IO is still disabled after waiting
2026-09-28 20:50:36.713 E  LosslessSwitcher[2783:176a134] [com.apple.coreaudio:AMCP]          HALC_ProxyIOContext.cpp:1075  HALC_ProxyIOContext::_StartIO(): Start failed - StartAndWaitForState returned error 35
2026-09-28 20:50:36.774 Df LosslessSwitcher[2783:176a134] [com.apple.coreaudio:as_client] SessionCore_macOS_Legacy.mm:163   --> setPlayState Stopped  Input {LSOutput_UID, 0x12}
2026-09-28 20:50:36.774 Df LosslessSwitcher[2783:176a134] [com.apple.coreaudio:as_client] SessionCore_macOS_Legacy.mm:163   --> setPlayState Stopped  Input {LSOutput_UID, 0x12}
2026-09-28 20:50:36.820 Df LosslessSwitcher[2783:176a134] [com.apple.coreaudio:as_client] SessionCore_macOS_Legacy.mm:163   --> setPlayState Stopped  Output {AppleUSBAudioEngine:AudioQuest:AudioQuest DragonFly Black v1.5:AQDFBL0120002531:1, 0x12}
2026-09-28 20:50:36.820 Df LosslessSwitcher[2783:176a134] [com.apple.coreaudio:as_client] SessionCore_macOS_Legacy.mm:163   --> setPlayState Stopped  Output {AppleUSBAudioEngine:AudioQuest:AudioQuest DragonFly Black v1.5:AQDFBL0120002531:1, 0x12}
2026-09-28 20:50:36.823 Df LosslessSwitcher[2783:176be9a] (CoreAudio)   HALC_ProxyIOContext.cpp:1159   HALC_ProxyIOContext::PauseIO: <- 0 2 2, id:610 called from <private>
2026-09-28 20:50:36.826 Df LosslessSwitcher[2783:176c0f0] (CoreAudio)   HALC_ProxyIOContext.cpp:1210   HALC_ProxyIOContext::ResumeIO: <- 0 1 1 id:610 called from <private>
2026-09-28 20:50:36.846 Df LosslessSwitcher[2783:176c0f0] (CoreAudio)   HALC_ProxyIOContext.cpp:1159   HALC_ProxyIOContext::PauseIO: <- 0 2 2, id:610 called from <private>
2026-09-28 20:50:36.846 Df LosslessSwitcher[2783:176be9a] (CoreAudio)   HALC_ProxyIOContext.cpp:1159   HALC_ProxyIOContext::PauseIO: <- 0 3 3, id:610 called from <private>
2026-09-28 20:50:36.848 Df LosslessSwitcher[2783:176bbcf] (CoreAudio)   HALC_ProxyIOContext.cpp:1210   HALC_ProxyIOContext::ResumeIO: <- 0 2 2 id:610 called from <private>
2026-09-28 20:50:36.848 Df LosslessSwitcher[2783:176bbcf] (CoreAudio)   HALC_ProxyIOContext.cpp:1159   HALC_ProxyIOContext::PauseIO: <- 0 3 3, id:610 called from <private>
2026-09-28 20:50:36.848 Df LosslessSwitcher[2783:176be9a] (CoreAudio)   HALC_ProxyIOContext.cpp:1210   HALC_ProxyIOContext::ResumeIO: <- 0 2 2 id:610 called from <private>
2026-09-28 20:50:36.849 Df LosslessSwitcher[2783:176c0f0] (CoreAudio)   HALC_ProxyIOContext.cpp:1210   HALC_ProxyIOContext::ResumeIO: <- 0 1 1 id:610 called from <private>
2026-09-28 20:50:36.910 Df LosslessSwitcher[2783:176c0f0] (CoreAudio)   HALC_ProxyIOContext.cpp:1159   HALC_ProxyIOContext::PauseIO: <- 0 2 2, id:610 called from <private>
2026-09-28 20:50:36.913 Df LosslessSwitcher[2783:176c0f0] (CoreAudio)   HALC_ProxyIOContext.cpp:1210   HALC_ProxyIOContext::ResumeIO: <- 0 1 1 id:610 called from <private>
2026-09-28 20:50:36.934 Df LosslessSwitcher[2783:176c0f0] (CoreAudio)   HALC_ProxyIOContext.cpp:1159   HALC_ProxyIOContext::PauseIO: <- 0 2 2, id:610 called from <private>
2026-09-28 20:50:36.936 Df LosslessSwitcher[2783:176c0f0] (CoreAudio)   HALC_ProxyIOContext.cpp:1210   HALC_ProxyIOContext::ResumeIO: <- 0 1 1 id:610 called from <private>
2026-09-28 20:50:36.953 Df LosslessSwitcher[2783:176c0f0] (CoreAudio)   HALC_ProxyIOContext.cpp:1159   HALC_ProxyIOContext::PauseIO: <- 0 2 2, id:610 called from <private>
2026-09-28 20:50:36.958 Df LosslessSwitcher[2783:176c0f0] (CoreAudio)   HALC_ProxyIOContext.cpp:1210   HALC_ProxyIOContext::ResumeIO: <- 0 1 1 id:610 called from <private>
2026-09-28 20:50:36.979 Df LosslessSwitcher[2783:176c32c] (CoreAudio)   HALC_ProxyIOContext.cpp:1159   HALC_ProxyIOContext::PauseIO: <- 0 2 2, id:610 called from <private>
2026-09-28 20:50:36.982 Df LosslessSwitcher[2783:176c32c] (CoreAudio)   HALC_ProxyIOContext.cpp:1210   HALC_ProxyIOContext::ResumeIO: <- 0 1 1 id:610 called from <private>
2026-09-28 20:50:36.982 Df LosslessSwitcher[2783:176c32c] (CoreAudio)   HALC_ProxyIOContext.cpp:1159   HALC_ProxyIOContext::PauseIO: <- 0 2 2, id:610 called from <private>
2026-09-28 20:50:36.982 Df LosslessSwitcher[2783:176c32c] (CoreAudio)   HALC_ProxyIOContext.cpp:1210   HALC_ProxyIOContext::ResumeIO: <- 0 1 1 id:610 called from <private>
2026-09-28 20:50:36.982 Df LosslessSwitcher[2783:176c32c] (CoreAudio)   HALC_ProxyIOContext.cpp:1159   HALC_ProxyIOContext::PauseIO: <- 0 2 2, id:610 called from <private>
2026-09-28 20:50:36.982 Df LosslessSwitcher[2783:176c32c] (CoreAudio)   HALC_ProxyIOContext.cpp:1210   HALC_ProxyIOContext::ResumeIO: <- 0 1 1 id:610 called from <private>
2026-09-28 20:50:36.982 Df LosslessSwitcher[2783:176c32c] (CoreAudio)   HALC_ProxyIOContext.cpp:1159   HALC_ProxyIOContext::PauseIO: <- 0 2 2, id:610 called from <private>
2026-09-28 20:50:36.982 Df LosslessSwitcher[2783:176c32c] (CoreAudio)   HALC_ProxyIOContext.cpp:1210   HALC_ProxyIOContext::ResumeIO: <- 0 1 1 id:610 called from <private>
2026-09-28 20:50:36.982 Df LosslessSwitcher[2783:176c32c] (CoreAudio)   HALC_ProxyIOContext.cpp:1159   HALC_ProxyIOContext::PauseIO: <- 0 2 2, id:610 called from <private>
2026-09-28 20:50:36.982 Df LosslessSwitcher[2783:176c32c] (CoreAudio)   HALC_ProxyIOContext.cpp:1210   HALC_ProxyIOContext::ResumeIO: <- 0 1 1 id:610 called from <private>
2026-09-28 20:50:40.543 Df LosslessSwitcher[2783:176a134] [com.apple.coreaudio:as_client] SessionCore_macOS_Legacy.mm:163   --> setPlayState Started  Input {LSOutput_UID, 0x13}
2026-09-28 20:50:40.575 Df LosslessSwitcher[2783:176c0f0] (CoreAudio)   HALC_ProxyIOContext.cpp:1159   HALC_ProxyIOContext::PauseIO: <- 0 2 2, id:610 called from <private>
2026-09-28 20:50:40.594 Df LosslessSwitcher[2783:176be9a] (CoreAudio)   HALC_ProxyIOContext.cpp:1159   HALC_ProxyIOContext::PauseIO: <- 0 3 3, id:610 called from <private>
2026-09-28 20:50:40.594 Df LosslessSwitcher[2783:176c0f0] (CoreAudio)   HALC_ProxyIOContext.cpp:1159   HALC_ProxyIOContext::PauseIO: <- 0 4 4, id:610 called from <private>
2026-09-28 20:50:40.596 Df LosslessSwitcher[2783:176be9a] (CoreAudio)   HALC_ProxyIOContext.cpp:1210   HALC_ProxyIOContext::ResumeIO: <- 0 3 3 id:610 called from <private>
2026-09-28 20:50:40.596 Df LosslessSwitcher[2783:176bbcf] (CoreAudio)   HALC_ProxyIOContext.cpp:1210   HALC_ProxyIOContext::ResumeIO: <- 0 2 2 id:610 called from <private>
2026-09-28 20:50:40.596 Df LosslessSwitcher[2783:176bbcf] (CoreAudio)   HALC_ProxyIOContext.cpp:1210   HALC_ProxyIOContext::ResumeIO: <- 0 1 1 id:610 called from <private>
2026-09-28 20:50:40.597 Df LosslessSwitcher[2783:176bbcf] (CoreAudio)   HALC_ProxyIOContext.cpp:1159   HALC_ProxyIOContext::PauseIO: <- 0 2 2, id:610 called from <private>
2026-09-28 20:50:40.616 Df LosslessSwitcher[2783:176be9a] (CoreAudio)   HALC_ProxyIOContext.cpp:1159   HALC_ProxyIOContext::PauseIO: <- 0 3 3, id:610 called from <private>
2026-09-28 20:50:40.616 Df LosslessSwitcher[2783:176c0f0] (CoreAudio)   HALC_ProxyIOContext.cpp:1159   HALC_ProxyIOContext::PauseIO: <- 0 4 4, id:610 called from <private>
2026-09-28 20:50:40.620 Df LosslessSwitcher[2783:176bbcf] (CoreAudio)   HALC_ProxyIOContext.cpp:1210   HALC_ProxyIOContext::ResumeIO: <- 0 3 3 id:610 called from <private>
2026-09-28 20:50:40.620 Df LosslessSwitcher[2783:176bbcf] (CoreAudio)   HALC_ProxyIOContext.cpp:1210   HALC_ProxyIOContext::ResumeIO: <- 0 2 2 id:610 called from <private>
2026-09-28 20:50:40.620 Df LosslessSwitcher[2783:176bbcf] (CoreAudio)   HALC_ProxyIOContext.cpp:1159   HALC_ProxyIOContext::PauseIO: <- 0 3 3, id:610 called from <private>
2026-09-28 20:50:40.620 Df LosslessSwitcher[2783:176be9a] (CoreAudio)   HALC_ProxyIOContext.cpp:1210   HALC_ProxyIOContext::ResumeIO: <- 0 2 2 id:610 called from <private>
2026-09-28 20:50:40.651 Df LosslessSwitcher[2783:176be9a] (CoreAudio)   HALC_ProxyIOContext.cpp:1159   HALC_ProxyIOContext::PauseIO: <- 0 3 3, id:610 called from <private>
2026-09-28 20:50:40.669 Df LosslessSwitcher[2783:176c0f0] (CoreAudio)   HALC_ProxyIOContext.cpp:1159   HALC_ProxyIOContext::PauseIO: <- 0 4 4, id:610 called from <private>
2026-09-28 20:50:40.671 Df LosslessSwitcher[2783:176c0f0] (CoreAudio)   HALC_ProxyIOContext.cpp:1210   HALC_ProxyIOContext::ResumeIO: <- 0 3 3 id:610 called from <private>
2026-09-28 20:50:40.671 Df LosslessSwitcher[2783:176c32c] (CoreAudio)   HALC_ProxyIOContext.cpp:1210   HALC_ProxyIOContext::ResumeIO: <- 0 2 2 id:610 called from <private>
2026-09-28 20:50:40.671 Df LosslessSwitcher[2783:176c32c] (CoreAudio)   HALC_ProxyIOContext.cpp:1159   HALC_ProxyIOContext::PauseIO: <- 0 3 3, id:610 called from <private>
2026-09-28 20:50:40.671 Df LosslessSwitcher[2783:176c32c] (CoreAudio)   HALC_ProxyIOContext.cpp:1210   HALC_ProxyIOContext::ResumeIO: <- 0 2 2 id:610 called from <private>
2026-09-28 20:50:40.672 Df LosslessSwitcher[2783:176c0f0] (CoreAudio)   HALC_ProxyIOContext.cpp:1159   HALC_ProxyIOContext::PauseIO: <- 0 3 3, id:610 called from <private>
2026-09-28 20:50:40.673 Df LosslessSwitcher[2783:176be9a] (CoreAudio)   HALC_ProxyIOContext.cpp:1210   HALC_ProxyIOContext::ResumeIO: <- 0 2 2 id:610 called from <private>
2026-09-28 20:50:40.673 Df LosslessSwitcher[2783:176bbcf] (CoreAudio)   HALC_ProxyIOContext.cpp:1210   HALC_ProxyIOContext::ResumeIO: <- 0 1 1 id:610 called from <private>
2026-09-28 20:50:40.693 Df LosslessSwitcher[2783:176be9a] (CoreAudio)   HALC_ProxyIOContext.cpp:1159   HALC_ProxyIOContext::PauseIO: <- 0 2 2, id:610 called from <private>
2026-09-28 20:50:40.693 Df LosslessSwitcher[2783:176c0f0] (CoreAudio)   HALC_ProxyIOContext.cpp:1159   HALC_ProxyIOContext::PauseIO: <- 0 3 3, id:610 called from <private>
2026-09-28 20:50:40.694 Df LosslessSwitcher[2783:176be9a] (CoreAudio)   HALC_ProxyIOContext.cpp:1210   HALC_ProxyIOContext::ResumeIO: <- 0 2 2 id:610 called from <private>
2026-09-28 20:50:40.694 Df LosslessSwitcher[2783:176c0f0] (CoreAudio)   HALC_ProxyIOContext.cpp:1210   HALC_ProxyIOContext::ResumeIO: <- 0 1 1 id:610 called from <private>
2026-09-28 20:50:42.655 Df LosslessSwitcher[2783:176a134] (CoreAudio)         HALB_IOThread.cpp:305    HALB_IOThread::_Start: IO is still disabled after waiting
2026-09-28 20:50:47.904 E  LosslessSwitcher[2783:176a134] [com.apple.coreaudio:AMCP]          HALC_ProxyIOContext.cpp:1075  HALC_ProxyIOContext::_StartIO(): Start failed - StartAndWaitForState returned error 35
2026-09-28 20:50:47.961 Df LosslessSwitcher[2783:176a134] [com.apple.coreaudio:as_client] SessionCore_macOS_Legacy.mm:163   --> setPlayState Stopped  Input {LSOutput_UID, 0x13}
2026-09-28 20:50:47.962 Df LosslessSwitcher[2783:176a134] [com.apple.coreaudio:as_client] SessionCore_macOS_Legacy.mm:163   --> setPlayState Stopped  Input {LSOutput_UID, 0x13}
2026-09-28 20:50:48.001 Df LosslessSwitcher[2783:176a134] [com.apple.coreaudio:as_client] SessionCore_macOS_Legacy.mm:163   --> setPlayState Stopped  Output {AppleUSBAudioEngine:AudioQuest:AudioQuest DragonFly Black v1.5:AQDFBL0120002531:1, 0x13}
2026-09-28 20:50:48.001 Df LosslessSwitcher[2783:176a134] [com.apple.coreaudio:as_client] SessionCore_macOS_Legacy.mm:163   --> setPlayState Stopped  Output {AppleUSBAudioEngine:AudioQuest:AudioQuest DragonFly Black v1.5:AQDFBL0120002531:1, 0x13}
2026-09-28 20:50:48.004 Df LosslessSwitcher[2783:176bbcf] (CoreAudio)   HALC_ProxyIOContext.cpp:1159   HALC_ProxyIOContext::PauseIO: <- 0 2 2, id:610 called from <private>
2026-09-28 20:50:48.032 Df LosslessSwitcher[2783:176c0f0] (CoreAudio)   HALC_ProxyIOContext.cpp:1159   HALC_ProxyIOContext::PauseIO: <- 0 3 3, id:610 called from <private>
2026-09-28 20:50:48.032 Df LosslessSwitcher[2783:176bbcf] (CoreAudio)   HALC_ProxyIOContext.cpp:1159   HALC_ProxyIOContext::PauseIO: <- 0 4 4, id:610 called from <private>
2026-09-28 20:50:48.035 Df LosslessSwitcher[2783:176bbcf] (CoreAudio)   HALC_ProxyIOContext.cpp:1210   HALC_ProxyIOContext::ResumeIO: <- 0 3 3 id:610 called from <private>
2026-09-28 20:50:48.035 Df LosslessSwitcher[2783:176bbcf] (CoreAudio)   HALC_ProxyIOContext.cpp:1210   HALC_ProxyIOContext::ResumeIO: <- 0 2 2 id:610 called from <private>
2026-09-28 20:50:48.035 Df LosslessSwitcher[2783:176c0f0] (CoreAudio)   HALC_ProxyIOContext.cpp:1210   HALC_ProxyIOContext::ResumeIO: <- 0 1 1 id:610 called from <private>
2026-09-28 20:50:48.036 Df LosslessSwitcher[2783:176c540] (CoreAudio)   HALC_ProxyIOContext.cpp:1159   HALC_ProxyIOContext::PauseIO: <- 0 2 2, id:610 called from <private>
2026-09-28 20:50:48.080 Df LosslessSwitcher[2783:176c0f0] (CoreAudio)   HALC_ProxyIOContext.cpp:1159   HALC_ProxyIOContext::PauseIO: <- 0 3 3, id:610 called from <private>
2026-09-28 20:50:48.084 Df LosslessSwitcher[2783:176c0f0] (CoreAudio)   HALC_ProxyIOContext.cpp:1210   HALC_ProxyIOContext::ResumeIO: <- 0 2 2 id:610 called from <private>
2026-09-28 20:50:48.092 Df LosslessSwitcher[2783:176c0f0] (CoreAudio)   HALC_ProxyIOContext.cpp:1159   HALC_ProxyIOContext::PauseIO: <- 0 3 3, id:610 called from <private>
2026-09-28 20:50:48.094 Df LosslessSwitcher[2783:176c0f0] (CoreAudio)   HALC_ProxyIOContext.cpp:1210   HALC_ProxyIOContext::ResumeIO: <- 0 2 2 id:610 called from <private>
2026-09-28 20:50:48.118 Df LosslessSwitcher[2783:176c0f0] (CoreAudio)   HALC_ProxyIOContext.cpp:1159   HALC_ProxyIOContext::PauseIO: <- 0 3 3, id:610 called from <private>
2026-09-28 20:50:48.121 Df LosslessSwitcher[2783:176c0f0] (CoreAudio)   HALC_ProxyIOContext.cpp:1210   HALC_ProxyIOContext::ResumeIO: <- 0 2 2 id:610 called from <private>
2026-09-28 20:50:48.150 Df LosslessSwitcher[2783:176c540] (CoreAudio)   HALC_ProxyIOContext.cpp:1159   HALC_ProxyIOContext::PauseIO: <- 0 3 3, id:610 called from <private>
2026-09-28 20:50:48.152 Df LosslessSwitcher[2783:176c540] (CoreAudio)   HALC_ProxyIOContext.cpp:1210   HALC_ProxyIOContext::ResumeIO: <- 0 2 2 id:610 called from <private>
2026-09-28 20:50:48.152 Df LosslessSwitcher[2783:176c540] (CoreAudio)   HALC_ProxyIOContext.cpp:1210   HALC_ProxyIOContext::ResumeIO: <- 0 1 1 id:610 called from <private>
2026-09-28 20:50:48.152 Df LosslessSwitcher[2783:176c540] (CoreAudio)   HALC_ProxyIOContext.cpp:1159   HALC_ProxyIOContext::PauseIO: <- 0 2 2, id:610 called from <private>
2026-09-28 20:50:48.152 Df LosslessSwitcher[2783:176c540] (CoreAudio)   HALC_ProxyIOContext.cpp:1210   HALC_ProxyIOContext::ResumeIO: <- 0 1 1 id:610 called from <private>
2026-09-28 20:50:48.152 Df LosslessSwitcher[2783:176c540] (CoreAudio)   HALC_ProxyIOContext.cpp:1159   HALC_ProxyIOContext::PauseIO: <- 0 2 2, id:610 called from <private>
2026-09-28 20:50:48.152 Df LosslessSwitcher[2783:176c540] (CoreAudio)   HALC_ProxyIOContext.cpp:1210   HALC_ProxyIOContext::ResumeIO: <- 0 1 1 id:610 called from <private>
2026-09-28 20:50:48.152 Df LosslessSwitcher[2783:176c540] (CoreAudio)   HALC_ProxyIOContext.cpp:1159   HALC_ProxyIOContext::PauseIO: <- 0 2 2, id:610 called from <private>
2026-09-28 20:50:48.152 Df LosslessSwitcher[2783:176c540] (CoreAudio)   HALC_ProxyIOContext.cpp:1210   HALC_ProxyIOContext::ResumeIO: <- 0 1 1 id:610 called from <private>
2026-09-28 20:50:48.152 Df LosslessSwitcher[2783:176c540] (CoreAudio)   HALC_ProxyIOContext.cpp:1159   HALC_ProxyIOContext::PauseIO: <- 0 2 2, id:610 called from <private>
2026-09-28 20:50:48.152 Df LosslessSwitcher[2783:176c540] (CoreAudio)   HALC_ProxyIOContext.cpp:1210   HALC_ProxyIOContext::ResumeIO: <- 0 1 1 id:610 called from <private>
2026-09-28 20:50:51.675 Df LosslessSwitcher[2783:176a134] [com.apple.coreaudio:as_client] SessionCore_macOS_Legacy.mm:163   --> setPlayState Started  Input {LSOutput_UID, 0x14}
2026-09-28 20:50:51.708 Df LosslessSwitcher[2783:176c540] (CoreAudio)   HALC_ProxyIOContext.cpp:1159   HALC_ProxyIOContext::PauseIO: <- 0 2 2, id:610 called from <private>
2026-09-28 20:50:51.740 Df LosslessSwitcher[2783:176c0f0] (CoreAudio)   HALC_ProxyIOContext.cpp:1159   HALC_ProxyIOContext::PauseIO: <- 0 3 3, id:610 called from <private>
2026-09-28 20:50:51.740 Df LosslessSwitcher[2783:176c540] (CoreAudio)   HALC_ProxyIOContext.cpp:1159   HALC_ProxyIOContext::PauseIO: <- 0 4 4, id:610 called from <private>
2026-09-28 20:50:51.740 Df LosslessSwitcher[2783:176c0f0] (CoreAudio)   HALC_ProxyIOContext.cpp:1210   HALC_ProxyIOContext::ResumeIO: <- 0 3 3 id:610 called from <private>
2026-09-28 20:50:51.740 Df LosslessSwitcher[2783:176c571] (CoreAudio)   HALC_ProxyIOContext.cpp:1210   HALC_ProxyIOContext::ResumeIO: <- 0 2 2 id:610 called from <private>
2026-09-28 20:50:51.740 Df LosslessSwitcher[2783:176c571] (CoreAudio)   HALC_ProxyIOContext.cpp:1159   HALC_ProxyIOContext::PauseIO: <- 0 3 3, id:610 called from <private>
2026-09-28 20:50:51.740 Df LosslessSwitcher[2783:176c571] (CoreAudio)   HALC_ProxyIOContext.cpp:1210   HALC_ProxyIOContext::ResumeIO: <- 0 2 2 id:610 called from <private>
2026-09-28 20:50:51.774 Df LosslessSwitcher[2783:176c0f0] (CoreAudio)   HALC_ProxyIOContext.cpp:1159   HALC_ProxyIOContext::PauseIO: <- 0 3 3, id:610 called from <private>
2026-09-28 20:50:51.789 Df LosslessSwitcher[2783:176bbcf] (CoreAudio)   HALC_ProxyIOContext.cpp:1159   HALC_ProxyIOContext::PauseIO: <- 0 4 4, id:610 called from <private>
2026-09-28 20:50:51.792 Df LosslessSwitcher[2783:176bbcf] (CoreAudio)   HALC_ProxyIOContext.cpp:1210   HALC_ProxyIOContext::ResumeIO: <- 0 3 3 id:610 called from <private>
2026-09-28 20:50:51.792 Df LosslessSwitcher[2783:176bbcf] (CoreAudio)   HALC_ProxyIOContext.cpp:1210   HALC_ProxyIOContext::ResumeIO: <- 0 2 2 id:610 called from <private>
2026-09-28 20:50:51.792 Df LosslessSwitcher[2783:176bbcf] (CoreAudio)   HALC_ProxyIOContext.cpp:1159   HALC_ProxyIOContext::PauseIO: <- 0 3 3, id:610 called from <private>
2026-09-28 20:50:51.792 Df LosslessSwitcher[2783:176bbcf] (CoreAudio)   HALC_ProxyIOContext.cpp:1210   HALC_ProxyIOContext::ResumeIO: <- 0 2 2 id:610 called from <private>
2026-09-28 20:50:51.792 Df LosslessSwitcher[2783:176bbcf] (CoreAudio)   HALC_ProxyIOContext.cpp:1159   HALC_ProxyIOContext::PauseIO: <- 0 3 3, id:610 called from <private>
2026-09-28 20:50:51.793 Df LosslessSwitcher[2783:176c540] (CoreAudio)   HALC_ProxyIOContext.cpp:1210   HALC_ProxyIOContext::ResumeIO: <- 0 2 2 id:610 called from <private>
2026-09-28 20:50:51.793 Df LosslessSwitcher[2783:176c0f0] (CoreAudio)   HALC_ProxyIOContext.cpp:1210   HALC_ProxyIOContext::ResumeIO: <- 0 1 1 id:610 called from <private>
2026-09-28 20:50:51.814 Df LosslessSwitcher[2783:176c0f0] (CoreAudio)   HALC_ProxyIOContext.cpp:1159   HALC_ProxyIOContext::PauseIO: <- 0 2 2, id:610 called from <private>
2026-09-28 20:50:51.815 Df LosslessSwitcher[2783:176bbcf] (CoreAudio)   HALC_ProxyIOContext.cpp:1159   HALC_ProxyIOContext::PauseIO: <- 0 3 3, id:610 called from <private>
2026-09-28 20:50:51.816 Df LosslessSwitcher[2783:176c0f0] (CoreAudio)   HALC_ProxyIOContext.cpp:1210   HALC_ProxyIOContext::ResumeIO: <- 0 2 2 id:610 called from <private>
2026-09-28 20:50:51.816 Df LosslessSwitcher[2783:176c540] (CoreAudio)   HALC_ProxyIOContext.cpp:1210   HALC_ProxyIOContext::ResumeIO: <- 0 1 1 id:610 called from <private>
2026-09-28 20:50:51.839 Df LosslessSwitcher[2783:176c0f0] (CoreAudio)   HALC_ProxyIOContext.cpp:1159   HALC_ProxyIOContext::PauseIO: <- 0 2 2, id:610 called from <private>
2026-09-28 20:50:51.840 Df LosslessSwitcher[2783:176c540] (CoreAudio)   HALC_ProxyIOContext.cpp:1159   HALC_ProxyIOContext::PauseIO: <- 0 3 3, id:610 called from <private>
2026-09-28 20:50:51.841 Df LosslessSwitcher[2783:176c540] (CoreAudio)   HALC_ProxyIOContext.cpp:1210   HALC_ProxyIOContext::ResumeIO: <- 0 2 2 id:610 called from <private>
2026-09-28 20:50:51.842 Df LosslessSwitcher[2783:176c0f0] (CoreAudio)   HALC_ProxyIOContext.cpp:1210   HALC_ProxyIOContext::ResumeIO: <- 0 1 1 id:610 called from <private>
2026-09-28 20:50:53.785 Df LosslessSwitcher[2783:176a134] (CoreAudio)         HALB_IOThread.cpp:305    HALB_IOThread::_Start: IO is still disabled after waiting
2026-09-28 20:50:59.057 E  LosslessSwitcher[2783:176a134] [com.apple.coreaudio:AMCP]          HALC_ProxyIOContext.cpp:1075  HALC_ProxyIOContext::_StartIO(): Start failed - StartAndWaitForState returned error 35
2026-09-28 20:50:59.108 Df LosslessSwitcher[2783:176a134] [com.apple.coreaudio:as_client] SessionCore_macOS_Legacy.mm:163   --> setPlayState Stopped  Input {LSOutput_UID, 0x14}
2026-09-28 20:50:59.109 Df LosslessSwitcher[2783:176a134] [com.apple.coreaudio:as_client] SessionCore_macOS_Legacy.mm:163   --> setPlayState Stopped  Input {LSOutput_UID, 0x14}
2026-09-28 20:50:59.154 Df LosslessSwitcher[2783:176a134] [com.apple.coreaudio:as_client] SessionCore_macOS_Legacy.mm:163   --> setPlayState Stopped  Output {AppleUSBAudioEngine:AudioQuest:AudioQuest DragonFly Black v1.5:AQDFBL0120002531:1, 0x14}
2026-09-28 20:50:59.154 Df LosslessSwitcher[2783:176a134] [com.apple.coreaudio:as_client] SessionCore_macOS_Legacy.mm:163   --> setPlayState Stopped  Output {AppleUSBAudioEngine:AudioQuest:AudioQuest DragonFly Black v1.5:AQDFBL0120002531:1, 0x14}
2026-09-28 20:50:59.157 Df LosslessSwitcher[2783:176bbcf] (CoreAudio)   HALC_ProxyIOContext.cpp:1159   HALC_ProxyIOContext::PauseIO: <- 0 2 2, id:610 called from <private>
2026-09-28 20:50:59.160 Df LosslessSwitcher[2783:176c0f0] (CoreAudio)   HALC_ProxyIOContext.cpp:1210   HALC_ProxyIOContext::ResumeIO: <- 0 1 1 id:610 called from <private>
2026-09-28 20:50:59.183 Df LosslessSwitcher[2783:176c0f0] (CoreAudio)   HALC_ProxyIOContext.cpp:1159   HALC_ProxyIOContext::PauseIO: <- 0 2 2, id:610 called from <private>
2026-09-28 20:50:59.183 Df LosslessSwitcher[2783:176bbcf] (CoreAudio)   HALC_ProxyIOContext.cpp:1159   HALC_ProxyIOContext::PauseIO: <- 0 3 3, id:610 called from <private>
2026-09-28 20:50:59.186 Df LosslessSwitcher[2783:176c843] (CoreAudio)   HALC_ProxyIOContext.cpp:1210   HALC_ProxyIOContext::ResumeIO: <- 0 2 2 id:610 called from <private>
2026-09-28 20:50:59.186 Df LosslessSwitcher[2783:176c843] (CoreAudio)   HALC_ProxyIOContext.cpp:1210   HALC_ProxyIOContext::ResumeIO: <- 0 1 1 id:610 called from <private>
2026-09-28 20:50:59.186 Df LosslessSwitcher[2783:176c0f0] (CoreAudio)   HALC_ProxyIOContext.cpp:1210   HALC_ProxyIOContext::ResumeIO: <- 0 0 0 id:610 called from <private>
2026-09-28 20:50:59.186 Df LosslessSwitcher[2783:176bbcf] (CoreAudio)   HALC_ProxyIOContext.cpp:1159   HALC_ProxyIOContext::PauseIO: <- 0 1 1, id:610 called from <private>
2026-09-28 20:50:59.236 Df LosslessSwitcher[2783:176c0f0] (CoreAudio)   HALC_ProxyIOContext.cpp:1159   HALC_ProxyIOContext::PauseIO: <- 0 2 2, id:610 called from <private>
2026-09-28 20:50:59.239 Df LosslessSwitcher[2783:176c0f0] (CoreAudio)   HALC_ProxyIOContext.cpp:1210   HALC_ProxyIOContext::ResumeIO: <- 0 1 1 id:610 called from <private>
2026-09-28 20:50:59.265 Df LosslessSwitcher[2783:176c0f0] (CoreAudio)   HALC_ProxyIOContext.cpp:1159   HALC_ProxyIOContext::PauseIO: <- 0 2 2, id:610 called from <private>
2026-09-28 20:50:59.266 Df LosslessSwitcher[2783:176c0f0] (CoreAudio)   HALC_ProxyIOContext.cpp:1210   HALC_ProxyIOContext::ResumeIO: <- 0 1 1 id:610 called from <private>
2026-09-28 20:50:59.295 Df LosslessSwitcher[2783:176c0f0] (CoreAudio)   HALC_ProxyIOContext.cpp:1159   HALC_ProxyIOContext::PauseIO: <- 0 2 2, id:610 called from <private>
2026-09-28 20:50:59.297 Df LosslessSwitcher[2783:176c0f0] (CoreAudio)   HALC_ProxyIOContext.cpp:1210   HALC_ProxyIOContext::ResumeIO: <- 0 1 1 id:610 called from <private>
2026-09-28 20:50:59.317 Df LosslessSwitcher[2783:176c843] (CoreAudio)   HALC_ProxyIOContext.cpp:1159   HALC_ProxyIOContext::PauseIO: <- 0 2 2, id:610 called from <private>
2026-09-28 20:50:59.319 Df LosslessSwitcher[2783:176c843] (CoreAudio)   HALC_ProxyIOContext.cpp:1210   HALC_ProxyIOContext::ResumeIO: <- 0 1 1 id:610 called from <private>
2026-09-28 20:50:59.319 Df LosslessSwitcher[2783:176c843] (CoreAudio)   HALC_ProxyIOContext.cpp:1159   HALC_ProxyIOContext::PauseIO: <- 0 2 2, id:610 called from <private>
2026-09-28 20:50:59.319 Df LosslessSwitcher[2783:176c843] (CoreAudio)   HALC_ProxyIOContext.cpp:1210   HALC_ProxyIOContext::ResumeIO: <- 0 1 1 id:610 called from <private>
2026-09-28 20:50:59.319 Df LosslessSwitcher[2783:176c843] (CoreAudio)   HALC_ProxyIOContext.cpp:1159   HALC_ProxyIOContext::PauseIO: <- 0 2 2, id:610 called from <private>
2026-09-28 20:50:59.319 Df LosslessSwitcher[2783:176c843] (CoreAudio)   HALC_ProxyIOContext.cpp:1210   HALC_ProxyIOContext::ResumeIO: <- 0 1 1 id:610 called from <private>
2026-09-28 20:50:59.319 Df LosslessSwitcher[2783:176c843] (CoreAudio)   HALC_ProxyIOContext.cpp:1159   HALC_ProxyIOContext::PauseIO: <- 0 2 2, id:610 called from <private>
2026-09-28 20:50:59.319 Df LosslessSwitcher[2783:176c843] (CoreAudio)   HALC_ProxyIOContext.cpp:1210   HALC_ProxyIOContext::ResumeIO: <- 0 1 1 id:610 called from <private>
2026-09-28 20:50:59.319 Df LosslessSwitcher[2783:176c843] (CoreAudio)   HALC_ProxyIOContext.cpp:1159   HALC_ProxyIOContext::PauseIO: <- 0 2 2, id:610 called from <private>
2026-09-28 20:50:59.319 Df LosslessSwitcher[2783:176c843] (CoreAudio)   HALC_ProxyIOContext.cpp:1210   HALC_ProxyIOContext::ResumeIO: <- 0 1 1 id:610 called from <private>
2026-09-28 20:51:02.904 Df LosslessSwitcher[2783:176a134] [com.apple.coreaudio:as_client] SessionCore_macOS_Legacy.mm:163   --> setPlayState Started  Input {LSOutput_UID, 0x15}
2026-09-28 20:51:02.928 Df LosslessSwitcher[2783:176c843] (CoreAudio)   HALC_ProxyIOContext.cpp:1159   HALC_ProxyIOContext::PauseIO: <- 0 2 2, id:610 called from <private>
2026-09-28 20:51:02.941 Df LosslessSwitcher[2783:176bbcf] (CoreAudio)   HALC_ProxyIOContext.cpp:1159   HALC_ProxyIOContext::PauseIO: <- 0 3 3, id:610 called from <private>
2026-09-28 20:51:02.941 Df LosslessSwitcher[2783:176c843] (CoreAudio)   HALC_ProxyIOContext.cpp:1159   HALC_ProxyIOContext::PauseIO: <- 0 4 4, id:610 called from <private>
2026-09-28 20:51:02.943 Df LosslessSwitcher[2783:176c843] (CoreAudio)   HALC_ProxyIOContext.cpp:1210   HALC_ProxyIOContext::ResumeIO: <- 0 3 3 id:610 called from <private>
2026-09-28 20:51:02.943 Df LosslessSwitcher[2783:176c843] (CoreAudio)   HALC_ProxyIOContext.cpp:1210   HALC_ProxyIOContext::ResumeIO: <- 0 2 2 id:610 called from <private>
2026-09-28 20:51:02.943 Df LosslessSwitcher[2783:176bbcf] (CoreAudio)   HALC_ProxyIOContext.cpp:1210   HALC_ProxyIOContext::ResumeIO: <- 0 1 1 id:610 called from <private>
2026-09-28 20:51:02.943 Df LosslessSwitcher[2783:176c843] (CoreAudio)   HALC_ProxyIOContext.cpp:1159   HALC_ProxyIOContext::PauseIO: <- 0 2 2, id:610 called from <private>
2026-09-28 20:51:02.961 Df LosslessSwitcher[2783:176bbcf] (CoreAudio)   HALC_ProxyIOContext.cpp:1159   HALC_ProxyIOContext::PauseIO: <- 0 3 3, id:610 called from <private>
2026-09-28 20:51:02.961 Df LosslessSwitcher[2783:176c843] (CoreAudio)   HALC_ProxyIOContext.cpp:1159   HALC_ProxyIOContext::PauseIO: <- 0 4 4, id:610 called from <private>
2026-09-28 20:51:02.963 Df LosslessSwitcher[2783:176c843] (CoreAudio)   HALC_ProxyIOContext.cpp:1210   HALC_ProxyIOContext::ResumeIO: <- 0 3 3 id:610 called from <private>
2026-09-28 20:51:02.963 Df LosslessSwitcher[2783:176c843] (CoreAudio)   HALC_ProxyIOContext.cpp:1210   HALC_ProxyIOContext::ResumeIO: <- 0 2 2 id:610 called from <private>
2026-09-28 20:51:02.964 Df LosslessSwitcher[2783:176bbcf] (CoreAudio)   HALC_ProxyIOContext.cpp:1210   HALC_ProxyIOContext::ResumeIO: <- 0 1 1 id:610 called from <private>
2026-09-28 20:51:02.964 Df LosslessSwitcher[2783:176c843] (CoreAudio)   HALC_ProxyIOContext.cpp:1159   HALC_ProxyIOContext::PauseIO: <- 0 2 2, id:610 called from <private>
2026-09-28 20:51:02.994 Df LosslessSwitcher[2783:176bbcf] (CoreAudio)   HALC_ProxyIOContext.cpp:1159   HALC_ProxyIOContext::PauseIO: <- 0 3 3, id:610 called from <private>
2026-09-28 20:51:02.996 Df LosslessSwitcher[2783:176bbcf] (CoreAudio)   HALC_ProxyIOContext.cpp:1210   HALC_ProxyIOContext::ResumeIO: <- 0 2 2 id:610 called from <private>
2026-09-28 20:51:03.014 Df LosslessSwitcher[2783:176bbcf] (CoreAudio)   HALC_ProxyIOContext.cpp:1159   HALC_ProxyIOContext::PauseIO: <- 0 3 3, id:610 called from <private>
2026-09-28 20:51:03.034 Df LosslessSwitcher[2783:176c0f0] (CoreAudio)   HALC_ProxyIOContext.cpp:1159   HALC_ProxyIOContext::PauseIO: <- 0 4 4, id:610 called from <private>
2026-09-28 20:51:03.035 Df LosslessSwitcher[2783:176c0f0] (CoreAudio)   HALC_ProxyIOContext.cpp:1210   HALC_ProxyIOContext::ResumeIO: <- 0 3 3 id:610 called from <private>
2026-09-28 20:51:03.035 Df LosslessSwitcher[2783:176c843] (CoreAudio)   HALC_ProxyIOContext.cpp:1210   HALC_ProxyIOContext::ResumeIO: <- 0 2 2 id:610 called from <private>
2026-09-28 20:51:03.035 Df LosslessSwitcher[2783:176c843] (CoreAudio)   HALC_ProxyIOContext.cpp:1159   HALC_ProxyIOContext::PauseIO: <- 0 3 3, id:610 called from <private>
2026-09-28 20:51:03.035 Df LosslessSwitcher[2783:176c843] (CoreAudio)   HALC_ProxyIOContext.cpp:1210   HALC_ProxyIOContext::ResumeIO: <- 0 2 2 id:610 called from <private>
2026-09-28 20:51:03.035 Df LosslessSwitcher[2783:176c843] (CoreAudio)   HALC_ProxyIOContext.cpp:1159   HALC_ProxyIOContext::PauseIO: <- 0 3 3, id:610 called from <private>
2026-09-28 20:51:03.035 Df LosslessSwitcher[2783:176c843] (CoreAudio)   HALC_ProxyIOContext.cpp:1210   HALC_ProxyIOContext::ResumeIO: <- 0 2 2 id:610 called from <private>
2026-09-28 20:51:03.035 Df LosslessSwitcher[2783:176c87a] (CoreAudio)   HALC_ProxyIOContext.cpp:1159   HALC_ProxyIOContext::PauseIO: <- 0 3 3, id:610 called from <private>
2026-09-28 20:51:03.037 Df LosslessSwitcher[2783:176bbcf] (CoreAudio)   HALC_ProxyIOContext.cpp:1210   HALC_ProxyIOContext::ResumeIO: <- 0 2 2 id:610 called from <private>
2026-09-28 20:51:03.037 Df LosslessSwitcher[2783:176c87a] (CoreAudio)   HALC_ProxyIOContext.cpp:1210   HALC_ProxyIOContext::ResumeIO: <- 0 1 1 id:610 called from <private>
2026-09-28 20:51:04.993 Df LosslessSwitcher[2783:176a134] (CoreAudio)         HALB_IOThread.cpp:305    HALB_IOThread::_Start: IO is still disabled after waiting
2026-09-28 20:51:10.256 E  LosslessSwitcher[2783:176a134] [com.apple.coreaudio:AMCP]          HALC_ProxyIOContext.cpp:1075  HALC_ProxyIOContext::_StartIO(): Start failed - StartAndWaitForState returned error 35
2026-09-28 20:51:10.319 Df LosslessSwitcher[2783:176a134] [com.apple.coreaudio:as_client] SessionCore_macOS_Legacy.mm:163   --> setPlayState Stopped  Input {LSOutput_UID, 0x15}
2026-09-28 20:51:10.320 Df LosslessSwitcher[2783:176a134] [com.apple.coreaudio:as_client] SessionCore_macOS_Legacy.mm:163   --> setPlayState Stopped  Input {LSOutput_UID, 0x15}
2026-09-28 20:51:10.356 Df LosslessSwitcher[2783:176a134] [com.apple.coreaudio:as_client] SessionCore_macOS_Legacy.mm:163   --> setPlayState Stopped  Output {AppleUSBAudioEngine:AudioQuest:AudioQuest DragonFly Black v1.5:AQDFBL0120002531:1, 0x15}
2026-09-28 20:51:10.356 Df LosslessSwitcher[2783:176a134] [com.apple.coreaudio:as_client] SessionCore_macOS_Legacy.mm:163   --> setPlayState Stopped  Output {AppleUSBAudioEngine:AudioQuest:AudioQuest DragonFly Black v1.5:AQDFBL0120002531:1, 0x15}
2026-09-28 20:51:10.359 Df LosslessSwitcher[2783:176cad7] (CoreAudio)   HALC_ProxyIOContext.cpp:1159   HALC_ProxyIOContext::PauseIO: <- 0 2 2, id:610 called from <private>
2026-09-28 20:51:10.401 Df LosslessSwitcher[2783:176bbcf] (CoreAudio)   HALC_ProxyIOContext.cpp:1159   HALC_ProxyIOContext::PauseIO: <- 0 3 3, id:610 called from <private>
2026-09-28 20:51:10.401 Df LosslessSwitcher[2783:176cad7] (CoreAudio)   HALC_ProxyIOContext.cpp:1159   HALC_ProxyIOContext::PauseIO: <- 0 4 4, id:610 called from <private>
2026-09-28 20:51:10.404 Df LosslessSwitcher[2783:176cad7] (CoreAudio)   HALC_ProxyIOContext.cpp:1210   HALC_ProxyIOContext::ResumeIO: <- 0 3 3 id:610 called from <private>
2026-09-28 20:51:10.404 Df LosslessSwitcher[2783:176bbcf] (CoreAudio)   HALC_ProxyIOContext.cpp:1210   HALC_ProxyIOContext::ResumeIO: <- 0 2 2 id:610 called from <private>
2026-09-28 20:51:10.404 Df LosslessSwitcher[2783:176c0f0] (CoreAudio)   HALC_ProxyIOContext.cpp:1210   HALC_ProxyIOContext::ResumeIO: <- 0 1 1 id:610 called from <private>
2026-09-28 20:51:10.404 Df LosslessSwitcher[2783:176c0f0] (CoreAudio)   HALC_ProxyIOContext.cpp:1159   HALC_ProxyIOContext::PauseIO: <- 0 2 2, id:610 called from <private>
2026-09-28 20:51:10.443 Df LosslessSwitcher[2783:176bbcf] (CoreAudio)   HALC_ProxyIOContext.cpp:1159   HALC_ProxyIOContext::PauseIO: <- 0 3 3, id:610 called from <private>
2026-09-28 20:51:10.445 Df LosslessSwitcher[2783:176bbcf] (CoreAudio)   HALC_ProxyIOContext.cpp:1210   HALC_ProxyIOContext::ResumeIO: <- 0 2 2 id:610 called from <private>
2026-09-28 20:51:10.471 Df LosslessSwitcher[2783:176bbcf] (CoreAudio)   HALC_ProxyIOContext.cpp:1159   HALC_ProxyIOContext::PauseIO: <- 0 3 3, id:610 called from <private>
2026-09-28 20:51:10.473 Df LosslessSwitcher[2783:176bbcf] (CoreAudio)   HALC_ProxyIOContext.cpp:1210   HALC_ProxyIOContext::ResumeIO: <- 0 2 2 id:610 called from <private>
2026-09-28 20:51:10.498 Df LosslessSwitcher[2783:176bbcf] (CoreAudio)   HALC_ProxyIOContext.cpp:1159   HALC_ProxyIOContext::PauseIO: <- 0 3 3, id:610 called from <private>
2026-09-28 20:51:10.500 Df LosslessSwitcher[2783:176bbcf] (CoreAudio)   HALC_ProxyIOContext.cpp:1210   HALC_ProxyIOContext::ResumeIO: <- 0 2 2 id:610 called from <private>
2026-09-28 20:51:10.518 Df LosslessSwitcher[2783:176c0f0] (CoreAudio)   HALC_ProxyIOContext.cpp:1159   HALC_ProxyIOContext::PauseIO: <- 0 3 3, id:610 called from <private>
2026-09-28 20:51:10.521 Df LosslessSwitcher[2783:176c0f0] (CoreAudio)   HALC_ProxyIOContext.cpp:1210   HALC_ProxyIOContext::ResumeIO: <- 0 2 2 id:610 called from <private>
2026-09-28 20:51:10.521 Df LosslessSwitcher[2783:176c0f0] (CoreAudio)   HALC_ProxyIOContext.cpp:1210   HALC_ProxyIOContext::ResumeIO: <- 0 1 1 id:610 called from <private>
2026-09-28 20:51:10.521 Df LosslessSwitcher[2783:176c0f0] (CoreAudio)   HALC_ProxyIOContext.cpp:1159   HALC_ProxyIOContext::PauseIO: <- 0 2 2, id:610 called from <private>
2026-09-28 20:51:10.521 Df LosslessSwitcher[2783:176c0f0] (CoreAudio)   HALC_ProxyIOContext.cpp:1210   HALC_ProxyIOContext::ResumeIO: <- 0 1 1 id:610 called from <private>
2026-09-28 20:51:10.521 Df LosslessSwitcher[2783:176c0f0] (CoreAudio)   HALC_ProxyIOContext.cpp:1159   HALC_ProxyIOContext::PauseIO: <- 0 2 2, id:610 called from <private>
2026-09-28 20:51:10.521 Df LosslessSwitcher[2783:176c0f0] (CoreAudio)   HALC_ProxyIOContext.cpp:1210   HALC_ProxyIOContext::ResumeIO: <- 0 1 1 id:610 called from <private>
2026-09-28 20:51:10.521 Df LosslessSwitcher[2783:176c0f0] (CoreAudio)   HALC_ProxyIOContext.cpp:1159   HALC_ProxyIOContext::PauseIO: <- 0 2 2, id:610 called from <private>
2026-09-28 20:51:10.521 Df LosslessSwitcher[2783:176c0f0] (CoreAudio)   HALC_ProxyIOContext.cpp:1210   HALC_ProxyIOContext::ResumeIO: <- 0 1 1 id:610 called from <private>
2026-09-28 20:51:10.521 Df LosslessSwitcher[2783:176c0f0] (CoreAudio)   HALC_ProxyIOContext.cpp:1159   HALC_ProxyIOContext::PauseIO: <- 0 2 2, id:610 called from <private>
2026-09-28 20:51:10.521 Df LosslessSwitcher[2783:176c0f0] (CoreAudio)   HALC_ProxyIOContext.cpp:1210   HALC_ProxyIOContext::ResumeIO: <- 0 1 1 id:610 called from <private>
2026-09-28 20:51:14.060 Df LosslessSwitcher[2783:176a134] [com.apple.coreaudio:as_client] SessionCore_macOS_Legacy.mm:163   --> setPlayState Started  Input {LSOutput_UID, 0x16}
2026-09-28 20:51:14.083 Df LosslessSwitcher[2783:176c0f0] (CoreAudio)   HALC_ProxyIOContext.cpp:1159   HALC_ProxyIOContext::PauseIO: <- 0 2 2, id:610 called from <private>
2026-09-28 20:51:14.107 Df LosslessSwitcher[2783:176cafc] (CoreAudio)   HALC_ProxyIOContext.cpp:1159   HALC_ProxyIOContext::PauseIO: <- 0 3 3, id:610 called from <private>
2026-09-28 20:51:14.107 Df LosslessSwitcher[2783:176bbcf] (CoreAudio)   HALC_ProxyIOContext.cpp:1159   HALC_ProxyIOContext::PauseIO: <- 0 4 4, id:610 called from <private>
2026-09-28 20:51:14.109 Df LosslessSwitcher[2783:176cafc] (CoreAudio)   HALC_ProxyIOContext.cpp:1210   HALC_ProxyIOContext::ResumeIO: <- 0 3 3 id:610 called from <private>
2026-09-28 20:51:14.109 Df LosslessSwitcher[2783:176c0f0] (CoreAudio)   HALC_ProxyIOContext.cpp:1210   HALC_ProxyIOContext::ResumeIO: <- 0 2 2 id:610 called from <private>
2026-09-28 20:51:14.109 Df LosslessSwitcher[2783:176c0f0] (CoreAudio)   HALC_ProxyIOContext.cpp:1210   HALC_ProxyIOContext::ResumeIO: <- 0 1 1 id:610 called from <private>
2026-09-28 20:51:14.109 Df LosslessSwitcher[2783:176c0f0] (CoreAudio)   HALC_ProxyIOContext.cpp:1159   HALC_ProxyIOContext::PauseIO: <- 0 2 2, id:610 called from <private>
2026-09-28 20:51:14.142 Df LosslessSwitcher[2783:176cafc] (CoreAudio)   HALC_ProxyIOContext.cpp:1159   HALC_ProxyIOContext::PauseIO: <- 0 3 3, id:610 called from <private>
2026-09-28 20:51:14.143 Df LosslessSwitcher[2783:176cafc] (CoreAudio)   HALC_ProxyIOContext.cpp:1210   HALC_ProxyIOContext::ResumeIO: <- 0 2 2 id:610 called from <private>
2026-09-28 20:51:14.166 Df LosslessSwitcher[2783:176cafc] (CoreAudio)   HALC_ProxyIOContext.cpp:1159   HALC_ProxyIOContext::PauseIO: <- 0 3 3, id:610 called from <private>
2026-09-28 20:51:14.169 Df LosslessSwitcher[2783:176cafc] (CoreAudio)   HALC_ProxyIOContext.cpp:1210   HALC_ProxyIOContext::ResumeIO: <- 0 2 2 id:610 called from <private>
2026-09-28 20:51:14.183 Df LosslessSwitcher[2783:176cafc] (CoreAudio)   HALC_ProxyIOContext.cpp:1159   HALC_ProxyIOContext::PauseIO: <- 0 3 3, id:610 called from <private>
2026-09-28 20:51:14.185 Df LosslessSwitcher[2783:176cafc] (CoreAudio)   HALC_ProxyIOContext.cpp:1210   HALC_ProxyIOContext::ResumeIO: <- 0 2 2 id:610 called from <private>
2026-09-28 20:51:14.210 Df LosslessSwitcher[2783:176c0f0] (CoreAudio)   HALC_ProxyIOContext.cpp:1159   HALC_ProxyIOContext::PauseIO: <- 0 3 3, id:610 called from <private>
2026-09-28 20:51:14.212 Df LosslessSwitcher[2783:176c0f0] (CoreAudio)   HALC_ProxyIOContext.cpp:1210   HALC_ProxyIOContext::ResumeIO: <- 0 2 2 id:610 called from <private>
2026-09-28 20:51:14.212 Df LosslessSwitcher[2783:176c0f0] (CoreAudio)   HALC_ProxyIOContext.cpp:1210   HALC_ProxyIOContext::ResumeIO: <- 0 1 1 id:610 called from <private>
2026-09-28 20:51:14.212 Df LosslessSwitcher[2783:176c0f0] (CoreAudio)   HALC_ProxyIOContext.cpp:1159   HALC_ProxyIOContext::PauseIO: <- 0 2 2, id:610 called from <private>
2026-09-28 20:51:14.212 Df LosslessSwitcher[2783:176c0f0] (CoreAudio)   HALC_ProxyIOContext.cpp:1210   HALC_ProxyIOContext::ResumeIO: <- 0 1 1 id:610 called from <private>
2026-09-28 20:51:14.212 Df LosslessSwitcher[2783:176c0f0] (CoreAudio)   HALC_ProxyIOContext.cpp:1159   HALC_ProxyIOContext::PauseIO: <- 0 2 2, id:610 called from <private>
2026-09-28 20:51:14.212 Df LosslessSwitcher[2783:176c0f0] (CoreAudio)   HALC_ProxyIOContext.cpp:1210   HALC_ProxyIOContext::ResumeIO: <- 0 1 1 id:610 called from <private>
2026-09-28 20:51:14.212 Df LosslessSwitcher[2783:176c0f0] (CoreAudio)   HALC_ProxyIOContext.cpp:1159   HALC_ProxyIOContext::PauseIO: <- 0 2 2, id:610 called from <private>
2026-09-28 20:51:14.212 Df LosslessSwitcher[2783:176c0f0] (CoreAudio)   HALC_ProxyIOContext.cpp:1210   HALC_ProxyIOContext::ResumeIO: <- 0 1 1 id:610 called from <private>
2026-09-28 20:51:14.212 Df LosslessSwitcher[2783:176c0f0] (CoreAudio)   HALC_ProxyIOContext.cpp:1159   HALC_ProxyIOContext::PauseIO: <- 0 2 2, id:610 called from <private>
2026-09-28 20:51:14.212 Df LosslessSwitcher[2783:176c0f0] (CoreAudio)   HALC_ProxyIOContext.cpp:1210   HALC_ProxyIOContext::ResumeIO: <- 0 1 1 id:610 called from <private>
2026-09-28 20:51:16.155 Df LosslessSwitcher[2783:176a134] (CoreAudio)         HALB_IOThread.cpp:305    HALB_IOThread::_Start: IO is still disabled after waiting
