2026-09-28 20:56:47.018 Df Music[1908:1770658] [com.apple.coreaudio:as_client]   AVAudioSession_MacOS.mm:690   Activating session
2026-09-28 20:56:47.019 Df LosslessSwitcher[4654:17703cc] [com.apple.xpc:connection] [0x775eb51e00] activating connection: mach=true listener=false peer=false name=com.apple.security.syspolicy.exec
2026-09-28 20:56:47.019 Df LosslessSwitcher[4654:17703cc] [com.apple.xpc:connection] [0x775eb51e00] invalidated because the current process cancelled the connection by calling xpc_connection_cancel()
2026-09-28 20:56:47.034 I  LosslessSwitcher[4654:17703cc] [com.apple.appleevents:send] AESendMessage(core,getd {core,getd target='psn '[Music]  returnID=393}...
2026-09-28 20:56:47.045 I  Music[1908:4bbf] [com.apple.appleevents:receive] RECEIVED:(core,getd) {core,getd target=LosslessSwitcher  returnID=393}...
2026-09-28 20:56:47.047 I  LosslessSwitcher[4654:17703cc] [com.apple.appleevents:receive] REPLY:(aevt,ansr) <private>
2026-09-28 20:56:47.057 I  LosslessSwitcher[4654:176e40b] [com.apple.appleevents:send] AESendMessage(hook,Paus {hook,Paus target='psn '[Music]  returnID=9760}...
2026-09-28 20:56:47.061 I  Music[1908:4bbf] [com.apple.appleevents:receive] RECEIVED:(hook,Paus) {hook,Paus target=LosslessSwitcher  returnID=9760}...
2026-09-28 20:56:47.062 I  LosslessSwitcher[4654:176e40b] [com.apple.appleevents:receive] REPLY:(aevt,ansr) <private>
2026-09-28 20:56:48.071 I  LosslessSwitcher[4654:176e40b] [com.apple.appleevents:send] AESendMessage(core,getd {core,getd target='psn '[Music]  returnID=-28690}...
2026-09-28 20:56:48.071 I  Music[1908:4bbf] [com.apple.appleevents:receive] RECEIVED:(core,getd) {core,getd target=LosslessSwitcher  returnID=-28690}...
2026-09-28 20:56:48.072 I  LosslessSwitcher[4654:176e40b] [com.apple.appleevents:receive] REPLY:(aevt,ansr) <private>
2026-09-28 20:56:48.078 I  LosslessSwitcher[4654:176e40b] [com.apple.appleevents:send] AESendMessage(hook,Paus {hook,Paus target='psn '[Music]  returnID=27075}...
2026-09-28 20:56:48.078 I  Music[1908:4bbf] [com.apple.appleevents:receive] RECEIVED:(hook,Paus) {hook,Paus target=LosslessSwitcher  returnID=27075}...
2026-09-28 20:56:48.089 I  LosslessSwitcher[4654:176e40b] [com.apple.appleevents:receive] REPLY:(aevt,ansr) <private>
2026-09-28 20:56:48.098 Df LosslessSwitcher[4654:176e40b] [com.apple.xpc:connection] [0x775eb52080] activating connection: mach=true listener=false peer=false name=com.apple.security.syspolicy.exec
2026-09-28 20:56:48.098 Df LosslessSwitcher[4654:176e40b] [com.apple.xpc:connection] [0x775eb52080] invalidated because the current process cancelled the connection by calling xpc_connection_cancel()
2026-09-28 20:56:48.105 I  LosslessSwitcher[4654:176e40b] [com.apple.appleevents:send] AESendMessage(core,getd {core,getd target='psn '[Music]  returnID=-13373}...
2026-09-28 20:56:48.106 I  Music[1908:4bbf] [com.apple.appleevents:receive] RECEIVED:(core,getd) {core,getd target=LosslessSwitcher  returnID=-13373}...
2026-09-28 20:56:48.134 I  LosslessSwitcher[4654:176e40b] [com.apple.appleevents:receive] REPLY:(aevt,ansr) <private>
2026-09-28 20:56:48.134 I  LosslessSwitcher[4654:176e40b] [com.apple.appleevents:send] AESendMessage(core,getd {core,getd target='psn '[Music]  returnID=2334}...
2026-09-28 20:56:48.135 I  Music[1908:4bbf] [com.apple.appleevents:receive] RECEIVED:(core,getd) {core,getd target=LosslessSwitcher  returnID=2334}...
2026-09-28 20:56:48.139 I  LosslessSwitcher[4654:176e40b] [com.apple.appleevents:receive] REPLY:(aevt,ansr) <private>
2026-09-28 20:56:48.139 I  LosslessSwitcher[4654:176e40b] [com.apple.appleevents:send] AESendMessage(core,getd {core,getd target='psn '[Music]  returnID=-3993}...
2026-09-28 20:56:48.139 I  Music[1908:4bbf] [com.apple.appleevents:receive] RECEIVED:(core,getd) {core,getd target=LosslessSwitcher  returnID=-3993}...
2026-09-28 20:56:48.156 I  LosslessSwitcher[4654:176e40b] [com.apple.appleevents:receive] REPLY:(aevt,ansr) <private>
2026-09-28 20:56:48.178 Df coreaudiod[2872:176ff82] (CoreAudio) HALS_DefaultDeviceManager.cpp:1069   HALS_DefaultDeviceManager::SetDefaultDevice:           'dOut' |  1467: 'LSOutput_UID'/''
2026-09-28 20:56:48.180 Df coreaudiod[2872:176ff82] (CoreAudio) HALS_DefaultDeviceManager.cpp:1692   HALS_DefaultDeviceManager::FindPreferredDefaultDevice: 'dOut' | found preferred[0] 1467: 'LSOutput_UID'/''
2026-09-28 20:56:48.181 Df Music[1908:176fb05] [com.apple.coreaudio:AUHAL]                 AUHAL.cpp:962   HALListener: ->(0x791f7c4040) 1 addresses @ 0x74829aeb50; thread 0x16b7e3000
2026-09-28 20:56:48.184 Df coreaudiod[2872:176ff82] (CoreAudio) HALS_DefaultDeviceManager.cpp:1692   HALS_DefaultDeviceManager::FindPreferredDefaultDevice: 'shrd' | found preferred[0] 1467: 'LSOutput_UID'/''
2026-09-28 20:56:48.185 Df Music[1908:176fb05] [com.apple.coreaudio:AUHAL]                 AUHAL.cpp:975   HALListener:   (0x791f7c4040) Property dOut/glob/0 changed; value 0x3ad (0x0)
2026-09-28 20:56:48.185 Df Music[1908:176fb05] [com.apple.coreaudio:AUHAL]                 AUHAL.cpp:625   SelectDevice: -> (0x791f7c4040)
2026-09-28 20:56:48.185 Df Music[1908:176fb05] [com.apple.coreaudio:AUHAL]                 AUHAL.cpp:677   SelectDevice: (0x791f7c4040) not already running
2026-09-28 20:56:48.185 Df Music[1908:176fb05] [com.apple.coreaudio:AUHAL]                 AUHAL.cpp:683   SelectDevice: (0x791f7c4040) disconnecting device 597
2026-09-28 20:56:48.185 Df Music[1908:176fb05] [com.apple.coreaudio:AUHAL]                 AUHAL.cpp:747   SelectDevice: (0x791f7c4040) destroying ioproc 0x3d for device 597
2026-09-28 20:56:48.185 Df Music[1908:176fb05] [com.apple.coreaudio:as_client] SessionCore_macOS_Legacy.mm:163   --> setPlayState Stopped  Output {AppleUSBAudioEngine:AudioQuest:AudioQuest DragonFly Black v1.5:AQDFBL0120002531:1, 0x3d}
2026-09-28 20:56:48.185 Df Music[1908:176fb05] [com.apple.coreaudio:as_client] SessionCore_macOS_Legacy.mm:194   <-- setPlayState IOState: [0, 0]. BT device UIDS: {(
2026-09-28 20:56:48.185 Df Music[1908:176fb05] [com.apple.coreaudio:AUHAL]                 AUHAL.cpp:758   SelectDevice: (0x791f7c4040) connecting device 941
2026-09-28 20:56:48.185 Df LosslessSwitcher[4654:176e40b] (CoreAudio)      HALDefaultDevice.cpp:525    HALDefaultDeviceProperty::SetData:kAudioHardwarePropertyDefaultOutputDevice  to LSOutput_UID (Object: 147)
2026-09-28 20:56:48.186 Df Music[1908:176fb05] [com.apple.coreaudio:AUHAL]                 AUHAL.cpp:3406  IsDeviceUsable: (0x791f7c4040) Device ID: 941 (Input:No | Output:Yes): true
2026-09-28 20:56:48.186 A  coreaudiod[2872:176ff82] (TCC) TCCAccessRequest() IPC
2026-09-28 20:56:48.186 Df coreaudiod[2872:176ff82] [com.apple.xpc:connection] [0x7aaf3d9040] activating connection: mach=true listener=false peer=false name=com.apple.tccd.system
2026-09-28 20:56:48.193 A  coreaudiod[2872:177065b] (TCC) TCCAccessRequest() IPC
2026-09-28 20:56:48.197 Df coreaudiod[2872:17706c2] [com.apple.coreaudio:AMCP]                  HALS_Device.cpp:5561  [ahal_dsp] Per client DSP has been initialized (Device ID: 1864).
2026-09-28 20:56:48.200 Df coreaudiod[2872:17706c2] (CoreAudio)           HALS_Device.cpp:210    HALS_Device::Activate: activating device 1864: CADefaultDeviceAggregate-1905-37 Transport Type: <private> Clock Domain: 0
2026-09-28 20:56:48.200 Df coreaudiod[2872:17706c2] [com.apple.Accessibility:AXHearingHalPlugin] IsHidden: 1
2026-09-28 20:56:48.202 Df coreaudiod[2872:17706c2] [com.apple.Accessibility:AXHearingHalPlugin] IsHidden: 1
2026-09-28 20:56:48.202 Df coreaudiod[2872:17706c2] [com.apple.Accessibility:AXHearingHalPlugin] IsHidden: 1
2026-09-28 20:56:48.202 Df coreaudiod[2872:17706c2] [com.apple.Accessibility:AXHearingHalPlugin] IsHidden: 1
2026-09-28 20:56:48.202 Df coreaudiod[2872:17706c2] [com.apple.Accessibility:AXHearingHalPlugin] IsHidden: 1
2026-09-28 20:56:48.202 Df coreaudiod[2872:17706c2] [com.apple.Accessibility:AXHearingHalPlugin] IsHidden: 1
2026-09-28 20:56:48.202 Df coreaudiod[2872:17706c2] [com.apple.Accessibility:AXHearingHalPlugin] IsHidden: 1
2026-09-28 20:56:48.204 Df coreaudiod[2872:17706cb] (CoreAudio)         HALS_UCPlugIn.cpp:1177   HALS_UCPlugIn::ObjectGetPropertyData: failed:  [<private>/<private>/0], Error: 2003329396 (<private>)
2026-09-28 20:56:48.204 Df coreaudiod[2872:17706cb] (CoreAudio)         HALS_UCPlugIn.cpp:1177   HALS_UCPlugIn::ObjectGetPropertyData: failed:  [<private>/<private>/0], Error: 2003329396 (<private>)
2026-09-28 20:56:48.205 Df coreaudiod[2872:17706d1] (CoreAudio)         HALS_UCPlugIn.cpp:1177   HALS_UCPlugIn::ObjectGetPropertyData: failed:  [<private>/<private>/0], Error: 2003329396 (<private>)
2026-09-28 20:56:48.206 Df coreaudiod[2872:17706c1] (CoreAudio)         HALS_UCPlugIn.cpp:1177   HALS_UCPlugIn::ObjectGetPropertyData: failed:  [<private>/<private>/0], Error: 2003329396 (<private>)
2026-09-28 20:56:48.207 Df coreaudiod[2872:17706d1] (CoreAudio)         HALS_UCPlugIn.cpp:1177   HALS_UCPlugIn::ObjectGetPropertyData: failed:  [<private>/<private>/0], Error: 2003329396 (<private>)
2026-09-28 20:56:48.207 Df coreaudiod[2872:17706c1] (CoreAudio)         HALS_UCPlugIn.cpp:1177   HALS_UCPlugIn::ObjectGetPropertyData: failed:  [<private>/<private>/0], Error: 2003329396 (<private>)
2026-09-28 20:56:48.209 Df Music[1908:1770658] [com.apple.coreaudio:aqme]            AQMEIO_HAL.cpp:1621  User-selected BT device category is 0
2026-09-28 20:56:48.210 Df coreaudiod[2872:17706c2] [com.apple.Accessibility:AXHearingHalPlugin] IsHidden: 1
2026-09-28 20:56:48.212 Df coreaudiod[2872:17706c2] [com.apple.Accessibility:AXHearingHalPlugin] IsHidden: 1
2026-09-28 20:56:48.214 Df LosslessSwitcher[4654:17703cc] [com.apple.xpc:connection] [0x775eb52080] activating connection: mach=true listener=false peer=false name=com.apple.security.syspolicy.exec
2026-09-28 20:56:48.215 Df LosslessSwitcher[4654:17703cc] [com.apple.xpc:connection] [0x775eb52080] invalidated because the current process cancelled the connection by calling xpc_connection_cancel()
2026-09-28 20:56:48.220 Df coreaudiod[2872:176ff82] [com.apple.xpc:connection] [0x7aaf3d9040] invalidated after the last release of the connection object
2026-09-28 20:56:48.220 E  coreaudiod[2872:176ff82] (CoreAudio)        HALS_IOContext.cpp:1508   Client is not granted access to the input device.
2026-09-28 20:56:48.220 Df coreaudiod[2872:177065b] [com.apple.xpc:connection] [0x7aaf3d8b40] activating connection: mach=true listener=false peer=false name=com.apple.tccd.system
2026-09-28 20:56:48.220 Df Music[1908:176fb05] [com.apple.coreaudio:AUHAL]                 AUHAL.cpp:770   SelectDevice: (0x791f7c4040) created ioproc 0x16 for device 941
2026-09-28 20:56:48.220 Df Music[1908:176fb05] [com.apple.coreaudio:AUHAL]                 AUHAL.cpp:859   SelectDevice: (0x791f7c4040) adding 6 device listeners to device 941
2026-09-28 20:56:48.222 Df coreaudiod[2872:17706c2] (CoreAudio) HALS_DefaultDeviceManager.cpp:410    Heap has 4 items
2026-09-28 20:56:48.222 Df coreaudiod[2872:17706c2] (CoreAudio) HALS_DefaultDeviceManager.cpp:488      126: 'BuiltInMicrophoneDevice'
2026-09-28 20:56:48.222 Df coreaudiod[2872:17706c2] (CoreAudio) HALS_DefaultDeviceManager.cpp:489           Arrival Time:       (0, 0)
2026-09-28 20:56:48.222 Df coreaudiod[2872:17706c2] (CoreAudio) HALS_DefaultDeviceManager.cpp:490           Transport:          'bltn'
2026-09-28 20:56:48.222 Df coreaudiod[2872:17706c2] (CoreAudio) HALS_DefaultDeviceManager.cpp:491           Input Data Source:  'imic'
2026-09-28 20:56:48.222 Df coreaudiod[2872:17706c2] (CoreAudio) HALS_DefaultDeviceManager.cpp:492           Output Data Source: ''
2026-09-28 20:56:48.222 Df coreaudiod[2872:17706c2] (CoreAudio) HALS_DefaultDeviceManager.cpp:493           Input Kind:          Mic
2026-09-28 20:56:48.222 Df coreaudiod[2872:17706c2] (CoreAudio) HALS_DefaultDeviceManager.cpp:494           Output Kind:         None
2026-09-28 20:56:48.222 Df coreaudiod[2872:17706c2] (CoreAudio) HALS_DefaultDeviceManager.cpp:495           Can Be Input:        yes
2026-09-28 20:56:48.222 Df coreaudiod[2872:17706c2] (CoreAudio) HALS_DefaultDeviceManager.cpp:496           Can Be Output:       no
2026-09-28 20:56:48.222 Df coreaudiod[2872:17706c2] (CoreAudio) HALS_DefaultDeviceManager.cpp:497           Can Be System:       no
2026-09-28 20:56:48.222 Df coreaudiod[2872:17706c2] (CoreAudio) HALS_DefaultDeviceManager.cpp:498           Allows Auto-Route:   yes
2026-09-28 20:56:48.222 Df coreaudiod[2872:17706c2] (CoreAudio) HALS_DefaultDeviceManager.cpp:488      551: 'com.rogueamoeba.Loopback:B84C2883-09E2-4BFA-979B-9935F80B4D6D'
2026-09-28 20:56:48.222 Df coreaudiod[2872:17706c2] (CoreAudio) HALS_DefaultDeviceManager.cpp:489           Arrival Time:       (497, 26001960000000)
2026-09-28 20:56:48.222 Df coreaudiod[2872:17706c2] (CoreAudio) HALS_DefaultDeviceManager.cpp:490           Transport:          'virt'
2026-09-28 20:56:48.222 Df coreaudiod[2872:17706c2] (CoreAudio) HALS_DefaultDeviceManager.cpp:491           Input Data Source:  ''
2026-09-28 20:56:48.222 Df coreaudiod[2872:17706c2] (CoreAudio) HALS_DefaultDeviceManager.cpp:492           Output Data Source: ''
2026-09-28 20:56:48.222 Df coreaudiod[2872:17706c2] (CoreAudio) HALS_DefaultDeviceManager.cpp:493           Input Kind:          Don't
2026-09-28 20:56:48.222 Df coreaudiod[2872:17706c2] (CoreAudio) HALS_DefaultDeviceManager.cpp:494           Output Kind:         Don't
2026-09-28 20:56:48.222 Df coreaudiod[2872:17706c2] (CoreAudio) HALS_DefaultDeviceManager.cpp:495           Can Be Input:        yes
2026-09-28 20:56:48.222 Df coreaudiod[2872:17706c2] (CoreAudio) HALS_DefaultDeviceManager.cpp:496           Can Be Output:       yes
2026-09-28 20:56:48.222 Df coreaudiod[2872:17706c2] (CoreAudio) HALS_DefaultDeviceManager.cpp:497           Can Be System:       yes
2026-09-28 20:56:48.222 Df coreaudiod[2872:17706c2] (CoreAudio) HALS_DefaultDeviceManager.cpp:498           Allows Auto-Route:   yes
2026-09-28 20:56:48.222 Df coreaudiod[2872:17706c2] (CoreAudio) HALS_DefaultDeviceManager.cpp:488      70: '597A1DFA-1BE3-47EF-8565-BAD100000003'
2026-09-28 20:56:48.222 Df coreaudiod[2872:17706c2] (CoreAudio) HALS_DefaultDeviceManager.cpp:489           Arrival Time:       (496, 26001120000000)
2026-09-28 20:56:48.222 Df coreaudiod[2872:17706c2] (CoreAudio) HALS_DefaultDeviceManager.cpp:490           Transport:          'ccwd'
2026-09-28 20:56:48.222 Df coreaudiod[2872:17706c2] (CoreAudio) HALS_DefaultDeviceManager.cpp:491           Input Data Source:  ''
2026-09-28 20:56:48.222 Df coreaudiod[2872:17706c2] (CoreAudio) HALS_DefaultDeviceManager.cpp:492           Output Data Source: ''
2026-09-28 20:56:48.222 Df coreaudiod[2872:17706c2] (CoreAudio) HALS_DefaultDeviceManager.cpp:493           Input Kind:          Don't
2026-09-28 20:56:48.222 Df coreaudiod[2872:17706c2] (CoreAudio) HALS_DefaultDeviceManager.cpp:494           Output Kind:         Don't
2026-09-28 20:56:48.222 Df coreaudiod[2872:17706c2] (CoreAudio) HALS_DefaultDeviceManager.cpp:495           Can Be Input:        yes
2026-09-28 20:56:48.222 Df coreaudiod[2872:17706c2] (CoreAudio) HALS_DefaultDeviceManager.cpp:496           Can Be Output:       no
2026-09-28 20:56:48.222 Df coreaudiod[2872:17706c2] (CoreAudio) HALS_DefaultDeviceManager.cpp:497           Can Be System:       no
2026-09-28 20:56:48.222 Df coreaudiod[2872:17706c2] (CoreAudio) HALS_DefaultDeviceManager.cpp:498           Allows Auto-Route:   no
2026-09-28 20:56:48.222 Df coreaudiod[2872:17706c2] (CoreAudio) HALS_DefaultDeviceManager.cpp:488      36: 'AOP Audio-1'
2026-09-28 20:56:48.222 Df coreaudiod[2872:17706c2] (CoreAudio) HALS_DefaultDeviceManager.cpp:489           Arrival Time:       (323, 0)
2026-09-28 20:56:48.222 Df coreaudiod[2872:17706c2] (CoreAudio) HALS_DefaultDeviceManager.cpp:490           Transport:          'virt'
2026-09-28 20:56:48.222 Df coreaudiod[2872:17706c2] (CoreAudio) HALS_DefaultDeviceManager.cpp:491           Input Data Source:  ''
2026-09-28 20:56:48.222 Df coreaudiod[2872:17706c2] (CoreAudio) HALS_DefaultDeviceManager.cpp:492           Output Data Source: ''
2026-09-28 20:56:48.222 Df coreaudiod[2872:17706c2] (CoreAudio) HALS_DefaultDeviceManager.cpp:493           Input Kind:          Don't
2026-09-28 20:56:48.222 Df coreaudiod[2872:17706c2] (CoreAudio) HALS_DefaultDeviceManager.cpp:494           Output Kind:         None
2026-09-28 20:56:48.222 Df coreaudiod[2872:17706c2] (CoreAudio) HALS_DefaultDeviceManager.cpp:495           Can Be Input:        yes
2026-09-28 20:56:48.222 Df coreaudiod[2872:17706c2] (CoreAudio) HALS_DefaultDeviceManager.cpp:496           Can Be Output:       no
2026-09-28 20:56:48.222 Df coreaudiod[2872:17706c2] (CoreAudio) HALS_DefaultDeviceManager.cpp:497           Can Be System:       no
2026-09-28 20:56:48.222 Df coreaudiod[2872:17706c2] (CoreAudio) HALS_DefaultDeviceManager.cpp:498           Allows Auto-Route:   yes
2026-09-28 20:56:48.222 Df coreaudiod[2872:17706c2] (CoreAudio) HALS_DefaultDeviceManager.cpp:1730   HALS_DefaultDeviceManager::PickDefaultDevice:          'dIn ' | picking 126: 'BuiltInMicrophoneDevice'/'imic'
2026-09-28 20:56:48.225 Df coreaudiod[2872:17706d1] (CoreAudio)         HALS_UCPlugIn.cpp:1177   HALS_UCPlugIn::ObjectGetPropertyData: failed:  [<private>/<private>/0], Error: 2003329396 (<private>)
2026-09-28 20:56:48.225 Df coreaudiod[2872:17706d1] (CoreAudio)         HALS_UCPlugIn.cpp:1177   HALS_UCPlugIn::ObjectGetPropertyData: failed:  [<private>/<private>/0], Error: 2003329396 (<private>)
2026-09-28 20:56:48.225 Df coreaudiod[2872:17706cb] (CoreAudio)         HALS_UCPlugIn.cpp:1177   HALS_UCPlugIn::ObjectGetPropertyData: failed:  [<private>/<private>/0], Error: 2003329396 (<private>)
2026-09-28 20:56:48.226 Df coreaudiod[2872:17706cb] (CoreAudio)         HALS_UCPlugIn.cpp:1177   HALS_UCPlugIn::ObjectGetPropertyData: failed:  [<private>/<private>/0], Error: 2003329396 (<private>)
2026-09-28 20:56:48.226 Df coreaudiod[2872:17706c2] (CoreAudio) HALS_DefaultDeviceManager.cpp:1692   HALS_DefaultDeviceManager::FindPreferredDefaultDevice: 'dOut' | found preferred[0] 1467: 'LSOutput_UID'/''
2026-09-28 20:56:48.226 Df coreaudiod[2872:17706cb] (CoreAudio)         HALS_UCPlugIn.cpp:1177   HALS_UCPlugIn::ObjectGetPropertyData: failed:  [<private>/<private>/0], Error: 2003329396 (<private>)
2026-09-28 20:56:48.226 Df coreaudiod[2872:17706c2] (CoreAudio) HALS_DefaultDeviceManager.cpp:1692   HALS_DefaultDeviceManager::FindPreferredDefaultDevice: 'sOut' | found preferred[0] 117: 'BuiltInSpeakerDevice'/'ispk'
2026-09-28 20:56:48.226 Df coreaudiod[2872:17706cb] (CoreAudio)         HALS_UCPlugIn.cpp:1177   HALS_UCPlugIn::ObjectGetPropertyData: failed:  [<private>/<private>/0], Error: 2003329396 (<private>)
2026-09-28 20:56:48.227 Df Music[1908:176fb05] [com.apple.coreaudio:AUHAL]                 AUHAL.cpp:859   SelectDevice: (0x791f7c4040) adding 0 device delegate listeners to device 941
2026-09-28 20:56:48.227 Df Music[1908:176fb05] [com.apple.coreaudio:AUHAL]                 AUHAL.cpp:1582  UpdateStreamFormats: -> (0x791f7c4040)
2026-09-28 20:56:48.228 Df coreaudiod[2872:17706c2] (CoreAudio) HALS_DefaultDeviceManager.cpp:1692   HALS_DefaultDeviceManager::FindPreferredDefaultDevice: 'shrd' | found preferred[0] 1467: 'LSOutput_UID'/''
2026-09-28 20:56:48.229 Df coreaudiod[2872:177065b] [com.apple.xpc:connection] [0x7aaf3d8b40] invalidated after the last release of the connection object
2026-09-28 20:56:48.230 A  coreaudiod[2872:17706d1] (TCC) TCCAccessRequest() IPC
2026-09-28 20:56:48.230 Df coreaudiod[2872:17706d1] [com.apple.xpc:connection] [0x7aaf3d8b40] activating connection: mach=true listener=false peer=false name=com.apple.tccd.system
2026-09-28 20:56:48.230 Df Music[1908:1770658] [com.apple.coreaudio:SpatialMgr] SpatializationManager.cpp:184   Spatial info for binding = Default-Output: {
2026-09-28 20:56:48.233 A  coreaudiod[2872:17706c2] (TCC) TCCAccessRequest() IPC
2026-09-28 20:56:48.233 A  coreaudiod[2872:17706c1] (TCC) TCCAccessRequest() IPC
2026-09-28 20:56:48.233 Df coreaudiod[2872:17706c0] (CoreAudio)         HALS_UCPlugIn.cpp:1177   HALS_UCPlugIn::ObjectGetPropertyData: failed:  [<private>/<private>/0], Error: 2003329396 (<private>)
2026-09-28 20:56:48.233 A  coreaudiod[2872:177065b] (TCC) TCCAccessRequest() IPC
2026-09-28 20:56:48.233 Df coreaudiod[2872:176ff82] (CoreAudio)         HALS_UCPlugIn.cpp:1177   HALS_UCPlugIn::ObjectGetPropertyData: failed:  [<private>/<private>/0], Error: 2003329396 (<private>)
2026-09-28 20:56:48.233 Df Music[1908:1770658] [com.apple.coreaudio:aqme]            AQMEIO_HAL.cpp:1621  User-selected BT device category is 0
2026-09-28 20:56:48.233 Df coreaudiod[2872:176ff82] (CoreAudio)         HALS_UCPlugIn.cpp:1177   HALS_UCPlugIn::ObjectGetPropertyData: failed:  [<private>/<private>/0], Error: 2003329396 (<private>)
2026-09-28 20:56:48.234 Df coreaudiod[2872:176ff82] (CoreAudio)         HALS_UCPlugIn.cpp:1177   HALS_UCPlugIn::ObjectGetPropertyData: failed:  [<private>/<private>/0], Error: 2003329396 (<private>)
2026-09-28 20:56:48.234 Df coreaudiod[2872:176ff82] (CoreAudio)         HALS_UCPlugIn.cpp:1177   HALS_UCPlugIn::ObjectGetPropertyData: failed:  [<private>/<private>/0], Error: 2003329396 (<private>)
2026-09-28 20:56:48.234 Df coreaudiod[2872:176ff82] (CoreAudio)         HALS_UCPlugIn.cpp:1177   HALS_UCPlugIn::ObjectGetPropertyData: failed:  [<private>/<private>/0], Error: 2003329396 (<private>)
2026-09-28 20:56:48.234 Df Music[1908:176fb05] [com.apple.coreaudio:AUHAL]                 AUHAL.cpp:1678  UpdateStreamFormats: 
2026-09-28 20:56:48.234 Df Music[1908:176fb05] [com.apple.coreaudio:AUHAL]                 AUHAL.cpp:1690  UpdateStreamFormats: 1 output streams; not all mono
2026-09-28 20:56:48.234 Df Music[1908:176fb05] [com.apple.coreaudio:AUHAL]                 AUHAL.cpp:1702  UpdateStreamFormats: 
2026-09-28 20:56:48.235 Df Music[1908:1770658] [com.apple.coreaudio:SpatialMgr] SpatializationManager.cpp:184   Spatial info for binding = Default-Output: {
2026-09-28 20:56:48.241 A  coreaudiod[2872:176ff82] (TCC) TCCAccessRequest() IPC
2026-09-28 20:56:48.241 A  coreaudiod[2872:17706cb] (TCC) TCCAccessRequest() IPC
2026-09-28 20:56:48.245 Df Music[1908:176fb05] [com.apple.coreaudio:AUHAL]                 AUHAL.cpp:1678  UpdateStreamFormats: 
2026-09-28 20:56:48.245 Df Music[1908:176fb05] [com.apple.coreaudio:AUHAL]                 AUHAL.cpp:1690  UpdateStreamFormats: 1 input streams; not all mono
2026-09-28 20:56:48.245 Df Music[1908:176fb05] [com.apple.coreaudio:AUHAL]                 AUHAL.cpp:1772  UpdateStreamFormats: AUHAL(0x791f7c4040) Calling PropertyChanged() for kAudioUnitProperty_StreamFormat, Scope:Output, Bus:Output
2026-09-28 20:56:48.245 Df Music[1908:176fb05] [com.apple.coreaudio:AUHAL]                 AUHAL.cpp:1894  SetStreamUsage: Input stream enables: Stream 0 is DISABLED
2026-09-28 20:56:48.245 Df Music[1908:176fb05] [com.apple.coreaudio:AUHAL]                 AUHAL.cpp:1788  UpdateStreamFormats: <-
2026-09-28 20:56:48.246 Df Music[1908:176fb05] [com.apple.coreaudio:AUHAL]                 AUHAL.cpp:896   SelectDevice: (0x791f7c4040) removing 6 device listeners from device 597
2026-09-28 20:56:48.247 Df Music[1908:176fb05] [com.apple.coreaudio:AUHAL]                 AUHAL.cpp:896   SelectDevice: (0x791f7c4040) removing 0 device delegate listeners from device 597
2026-09-28 20:56:48.247 Df Music[1908:176fb05] [com.apple.coreaudio:AUHAL]                 AUHAL.cpp:912   SelectDevice: <- (0x791f7c4040)
2026-09-28 20:56:48.247 Df Music[1908:176fb05] [com.apple.coreaudio:AUHAL]                 AUHAL.cpp:982   HALListener: <-(0x791f7c4040)
2026-09-28 20:56:48.247 Df Music[1908:176fb05] [com.apple.coreaudio:AUHAL]                 AUHAL.cpp:962   HALListener: ->(0x791f7c5c40) 1 addresses @ 0x74829ad810; thread 0x16b7e3000
2026-09-28 20:56:48.247 Df Music[1908:176fb05] [com.apple.coreaudio:AUHAL]                 AUHAL.cpp:975   HALListener:   (0x791f7c5c40) Property dOut/glob/0 changed; value 0x3ad (0x0)
2026-09-28 20:56:48.247 Df Music[1908:176fb05] [com.apple.coreaudio:AUHAL]                 AUHAL.cpp:625   SelectDevice: -> (0x791f7c5c40)
2026-09-28 20:56:48.247 Df Music[1908:176fb05] [com.apple.coreaudio:AUHAL]                 AUHAL.cpp:677   SelectDevice: (0x791f7c5c40) not already running
2026-09-28 20:56:48.247 Df Music[1908:176fb05] [com.apple.coreaudio:AUHAL]                 AUHAL.cpp:683   SelectDevice: (0x791f7c5c40) disconnecting device 597
2026-09-28 20:56:48.247 Df Music[1908:176fb05] [com.apple.coreaudio:AUHAL]                 AUHAL.cpp:747   SelectDevice: (0x791f7c5c40) destroying ioproc 0x3e for device 597
2026-09-28 20:56:48.247 Df Music[1908:176fb05] [com.apple.coreaudio:as_client] SessionCore_macOS_Legacy.mm:163   --> setPlayState Stopped  Output {AppleUSBAudioEngine:AudioQuest:AudioQuest DragonFly Black v1.5:AQDFBL0120002531:1, 0x3e}
2026-09-28 20:56:48.247 Df Music[1908:176fb05] [com.apple.coreaudio:as_client] SessionCore_macOS_Legacy.mm:194   <-- setPlayState IOState: [0, 0]. BT device UIDS: {(
2026-09-28 20:56:48.247 Df Music[1908:176fb05] [com.apple.coreaudio:AUHAL]                 AUHAL.cpp:758   SelectDevice: (0x791f7c5c40) connecting device 941
2026-09-28 20:56:48.248 Df Music[1908:176fb05] [com.apple.coreaudio:AUHAL]                 AUHAL.cpp:3406  IsDeviceUsable: (0x791f7c5c40) Device ID: 941 (Input:No | Output:Yes): true
2026-09-28 20:56:48.248 A  coreaudiod[2872:17706c3] (TCC) TCCAccessRequest() IPC
2026-09-28 20:56:48.251 Df coreaudiod[2872:17706bf] (CoreAudio)         HALS_UCPlugIn.cpp:1177   HALS_UCPlugIn::ObjectGetPropertyData: failed:  [<private>/<private>/0], Error: 2003329396 (<private>)
2026-09-28 20:56:48.251 Df coreaudiod[2872:17706c0] (CoreAudio)         HALS_UCPlugIn.cpp:1177   HALS_UCPlugIn::ObjectGetPropertyData: failed:  [<private>/<private>/0], Error: 2003329396 (<private>)
2026-09-28 20:56:48.251 Df coreaudiod[2872:17706c0] (CoreAudio)         HALS_UCPlugIn.cpp:1177   HALS_UCPlugIn::ObjectGetPropertyData: failed:  [<private>/<private>/0], Error: 2003329396 (<private>)
2026-09-28 20:56:48.251 Df coreaudiod[2872:177065c] (CoreAudio)           HALS_Device.cpp:293    HALS_Device::_Deactivate: deactivating device 1854: CADefaultDeviceAggregate-1905-36
2026-09-28 20:56:48.253 Df coreaudiod[2872:17706d3] (CoreAudio)         HALS_UCPlugIn.cpp:1177   HALS_UCPlugIn::ObjectGetPropertyData: failed:  [<private>/<private>/0], Error: 2003329396 (<private>)
2026-09-28 20:56:48.253 Df coreaudiod[2872:17706c0] (CoreAudio)         HALS_UCPlugIn.cpp:1177   HALS_UCPlugIn::ObjectGetPropertyData: failed:  [<private>/<private>/0], Error: 2003329396 (<private>)
2026-09-28 20:56:48.254 Df coreaudiod[2872:17706d3] (CoreAudio)         HALS_UCPlugIn.cpp:1177   HALS_UCPlugIn::ObjectGetPropertyData: failed:  [<private>/<private>/0], Error: 2003329396 (<private>)
2026-09-28 20:56:48.254 Df coreaudiod[2872:17706d1] [com.apple.xpc:connection] [0x7aaf3d8b40] invalidated after the last release of the connection object
2026-09-28 20:56:48.254 Df coreaudiod[2872:17706c2] [com.apple.xpc:connection] [0x7aaf3d9400] activating connection: mach=true listener=false peer=false name=com.apple.tccd.system
2026-09-28 20:56:48.254 Df coreaudiod[2872:17706e6] (CoreAudio) HALS_IOContext_Legacy_Impl.cpp:1902   HALS_IOContext_Legacy_Impl::IOWorkLoopInit: 1587 LSOutput_UID (LSOutput_UID): starting
2026-09-28 20:56:48.254 Df coreaudiod[2872:17706be] (CoreAudio)   HALB_PowerAssertion.cpp:123    HALB_PowerAssertion::Take: taking power assertion ID 42087 of type 'PreventUserIdleSystemSleep' with name: 'com.apple.audio.LSOutput_UID.context.preventuseridlesleep' on behalf of 4654
2026-09-28 20:56:48.255 Df coreaudiod[2872:17706c2] [com.apple.xpc:connection] [0x7aaf3d9400] invalidated after the last release of the connection object
2026-09-28 20:56:48.255 Df coreaudiod[2872:17706c1] [com.apple.xpc:connection] [0x7aaf3d9040] activating connection: mach=true listener=false peer=false name=com.apple.tccd.system
2026-09-28 20:56:48.255 Df coreaudiod[2872:17706e6] (CoreAudio)        HALS_IOEngine2.cpp:2445   HALS_IOEngine2::StartIO: starting IO on device <private>
2026-09-28 20:56:48.255 Df coreaudiod[2872:17706e6] [com.apple.coreaudio:AudioConverter]        AudioConverter.cpp:1068  Created a new in process converter -> 0x7aaf0b92c0, from  2 ch,  44100 Hz, Float32, interleaved to  2 ch,  44100 Hz, Float32, interleaved
2026-09-28 20:56:48.255 Df coreaudiod[2872:17706e6] [com.apple.coreaudio:AudioConverter]        AudioConverter.cpp:1068  Created a new in process converter -> 0x7aaf0b9440, from  2 ch,  44100 Hz, Float32, interleaved to  2 ch,  44100 Hz, Float32, interleaved
2026-09-28 20:56:48.257 Df coreaudiod[2872:17706bf] [com.apple.Accessibility:AXHearingHalPlugin] IsHidden: 1
2026-09-28 20:56:48.258 Df coreaudiod[2872:17706bf] [com.apple.Accessibility:AXHearingHalPlugin] IsHidden: 1
2026-09-28 20:56:48.259 Df LosslessSwitcher[4654:176e40b] [com.apple.coreaudio:as_client] SessionCore_macOS_Legacy.mm:163   --> setPlayState Started  Input {LSOutput_UID, 0xe}
2026-09-28 20:56:48.259 Df coreaudiod[2872:17706d2] (CoreAudio)    SystemStatusWrapper.mm:89     SystemStatusWrapper::PublishRecordingClientInfo: Report client 4654 running: yes device: <private>
2026-09-28 20:56:48.261 Df coreaudiod[2872:17706d3] (CoreAudio)    SystemStatusWrapper.mm:129    SystemStatusWrapper::PublishRecordingClientInfo: Updated recording status successfully.
2026-09-28 20:56:48.261 Df coreaudiod[2872:17706be] [com.apple.coreaudio:AMCP]               HALS_IOEngine2.cpp:2878  		HALS_IOEngine2::_StartIO(1473) succeeded on Context 1587  new state: Prewarm: 0 Play: 1 State: Running
2026-09-28 20:56:48.263 Df LosslessSwitcher[4654:176e40b] [com.apple.coreaudio:as_client] SessionCore_macOS_Legacy.mm:156   Sent updated IOState to server: [1, 0]. BT device UIDS: {(
2026-09-28 20:56:48.263 Df LosslessSwitcher[4654:176e40b] [com.apple.coreaudio:as_client] SessionCore_macOS_Legacy.mm:199   <-- setPlayState Server update was required.
2026-09-28 20:56:48.264 Df coreaudiod[2872:17706be] (CoreAudio)   HALC_ProxyIOContext.cpp:3542   HALC_IOContext_PauseIO(359)
2026-09-28 20:56:48.265 Df coreaudiod[2872:17706be] (CoreAudio)   HALC_ProxyIOContext.cpp:1146   HALC_ProxyIOContext::PauseIO: -> 0 0 0, id:359 called from <private>
2026-09-28 20:56:48.265 Df coreaudiod[2872:17706be] (CoreAudio)   HALC_ProxyIOContext.cpp:1159   HALC_ProxyIOContext::PauseIO: <- 0 1 1, id:359 called from <private>
2026-09-28 20:56:48.265 Df coreaudiod[2872:17706bf] (CoreAudio) HALS_DefaultDeviceManager.cpp:410    Heap has 4 items
2026-09-28 20:56:48.265 Df coreaudiod[2872:17706bf] (CoreAudio) HALS_DefaultDeviceManager.cpp:488      126: 'BuiltInMicrophoneDevice'
2026-09-28 20:56:48.265 Df coreaudiod[2872:17706bf] (CoreAudio) HALS_DefaultDeviceManager.cpp:489           Arrival Time:       (0, 0)
2026-09-28 20:56:48.265 Df coreaudiod[2872:17706bf] (CoreAudio) HALS_DefaultDeviceManager.cpp:490           Transport:          'bltn'
2026-09-28 20:56:48.265 Df coreaudiod[2872:17706bf] (CoreAudio) HALS_DefaultDeviceManager.cpp:491           Input Data Source:  'imic'
2026-09-28 20:56:48.265 Df coreaudiod[2872:17706bf] (CoreAudio) HALS_DefaultDeviceManager.cpp:492           Output Data Source: ''
2026-09-28 20:56:48.265 Df coreaudiod[2872:17706bf] (CoreAudio) HALS_DefaultDeviceManager.cpp:493           Input Kind:          Mic
2026-09-28 20:56:48.265 Df coreaudiod[2872:17706bf] (CoreAudio) HALS_DefaultDeviceManager.cpp:494           Output Kind:         None
2026-09-28 20:56:48.265 Df coreaudiod[2872:17706bf] (CoreAudio) HALS_DefaultDeviceManager.cpp:495           Can Be Input:        yes
2026-09-28 20:56:48.265 Df coreaudiod[2872:17706bf] (CoreAudio) HALS_DefaultDeviceManager.cpp:496           Can Be Output:       no
2026-09-28 20:56:48.265 Df coreaudiod[2872:17706bf] (CoreAudio) HALS_DefaultDeviceManager.cpp:497           Can Be System:       no
2026-09-28 20:56:48.265 Df coreaudiod[2872:17706bf] (CoreAudio) HALS_DefaultDeviceManager.cpp:498           Allows Auto-Route:   yes
2026-09-28 20:56:48.265 Df coreaudiod[2872:17706bf] (CoreAudio) HALS_DefaultDeviceManager.cpp:488      551: 'com.rogueamoeba.Loopback:B84C2883-09E2-4BFA-979B-9935F80B4D6D'
2026-09-28 20:56:48.265 Df coreaudiod[2872:17706bf] (CoreAudio) HALS_DefaultDeviceManager.cpp:489           Arrival Time:       (497, 26001960000000)
2026-09-28 20:56:48.265 Df coreaudiod[2872:17706bf] (CoreAudio) HALS_DefaultDeviceManager.cpp:490           Transport:          'virt'
2026-09-28 20:56:48.265 Df coreaudiod[2872:17706bf] (CoreAudio) HALS_DefaultDeviceManager.cpp:491           Input Data Source:  ''
2026-09-28 20:56:48.265 Df coreaudiod[2872:17706bf] (CoreAudio) HALS_DefaultDeviceManager.cpp:492           Output Data Source: ''
2026-09-28 20:56:48.265 Df coreaudiod[2872:17706bf] (CoreAudio) HALS_DefaultDeviceManager.cpp:493           Input Kind:          Don't
2026-09-28 20:56:48.265 Df coreaudiod[2872:17706bf] (CoreAudio) HALS_DefaultDeviceManager.cpp:494           Output Kind:         Don't
2026-09-28 20:56:48.265 Df coreaudiod[2872:17706bf] (CoreAudio) HALS_DefaultDeviceManager.cpp:495           Can Be Input:        yes
2026-09-28 20:56:48.265 Df coreaudiod[2872:17706bf] (CoreAudio) HALS_DefaultDeviceManager.cpp:496           Can Be Output:       yes
2026-09-28 20:56:48.265 Df coreaudiod[2872:17706bf] (CoreAudio) HALS_DefaultDeviceManager.cpp:497           Can Be System:       yes
2026-09-28 20:56:48.265 Df coreaudiod[2872:17706bf] (CoreAudio) HALS_DefaultDeviceManager.cpp:498           Allows Auto-Route:   yes
2026-09-28 20:56:48.265 Df coreaudiod[2872:17706bf] (CoreAudio) HALS_DefaultDeviceManager.cpp:488      70: '597A1DFA-1BE3-47EF-8565-BAD100000003'
2026-09-28 20:56:48.265 Df coreaudiod[2872:17706bf] (CoreAudio) HALS_DefaultDeviceManager.cpp:489           Arrival Time:       (496, 26001120000000)
2026-09-28 20:56:48.265 Df coreaudiod[2872:17706bf] (CoreAudio) HALS_DefaultDeviceManager.cpp:490           Transport:          'ccwd'
2026-09-28 20:56:48.265 Df coreaudiod[2872:17706bf] (CoreAudio) HALS_DefaultDeviceManager.cpp:491           Input Data Source:  ''
2026-09-28 20:56:48.265 Df coreaudiod[2872:17706bf] (CoreAudio) HALS_DefaultDeviceManager.cpp:492           Output Data Source: ''
2026-09-28 20:56:48.265 Df coreaudiod[2872:17706bf] (CoreAudio) HALS_DefaultDeviceManager.cpp:493           Input Kind:          Don't
2026-09-28 20:56:48.265 Df coreaudiod[2872:17706bf] (CoreAudio) HALS_DefaultDeviceManager.cpp:494           Output Kind:         Don't
2026-09-28 20:56:48.265 Df coreaudiod[2872:17706bf] (CoreAudio) HALS_DefaultDeviceManager.cpp:495           Can Be Input:        yes
2026-09-28 20:56:48.265 Df coreaudiod[2872:17706bf] (CoreAudio) HALS_DefaultDeviceManager.cpp:496           Can Be Output:       no
2026-09-28 20:56:48.265 Df coreaudiod[2872:17706bf] (CoreAudio) HALS_DefaultDeviceManager.cpp:497           Can Be System:       no
2026-09-28 20:56:48.265 Df coreaudiod[2872:17706bf] (CoreAudio) HALS_DefaultDeviceManager.cpp:498           Allows Auto-Route:   no
2026-09-28 20:56:48.265 Df coreaudiod[2872:17706bf] (CoreAudio) HALS_DefaultDeviceManager.cpp:488      36: 'AOP Audio-1'
2026-09-28 20:56:48.265 Df coreaudiod[2872:17706bf] (CoreAudio) HALS_DefaultDeviceManager.cpp:489           Arrival Time:       (323, 0)
2026-09-28 20:56:48.265 Df coreaudiod[2872:17706bf] (CoreAudio) HALS_DefaultDeviceManager.cpp:490           Transport:          'virt'
2026-09-28 20:56:48.265 Df coreaudiod[2872:17706bf] (CoreAudio) HALS_DefaultDeviceManager.cpp:491           Input Data Source:  ''
2026-09-28 20:56:48.265 Df coreaudiod[2872:17706bf] (CoreAudio) HALS_DefaultDeviceManager.cpp:492           Output Data Source: ''
2026-09-28 20:56:48.265 Df coreaudiod[2872:17706bf] (CoreAudio) HALS_DefaultDeviceManager.cpp:493           Input Kind:          Don't
2026-09-28 20:56:48.265 Df coreaudiod[2872:17706bf] (CoreAudio) HALS_DefaultDeviceManager.cpp:494           Output Kind:         None
2026-09-28 20:56:48.265 Df coreaudiod[2872:17706bf] (CoreAudio) HALS_DefaultDeviceManager.cpp:495           Can Be Input:        yes
2026-09-28 20:56:48.265 Df coreaudiod[2872:17706bf] (CoreAudio) HALS_DefaultDeviceManager.cpp:496           Can Be Output:       no
2026-09-28 20:56:48.265 Df coreaudiod[2872:17706bf] (CoreAudio) HALS_DefaultDeviceManager.cpp:497           Can Be System:       no
2026-09-28 20:56:48.265 Df coreaudiod[2872:17706bf] (CoreAudio) HALS_DefaultDeviceManager.cpp:498           Allows Auto-Route:   yes
2026-09-28 20:56:48.265 Df coreaudiod[2872:17706bf] (CoreAudio) HALS_DefaultDeviceManager.cpp:1730   HALS_DefaultDeviceManager::PickDefaultDevice:          'dIn ' | picking 126: 'BuiltInMicrophoneDevice'/'imic'
2026-09-28 20:56:48.267 Df coreaudiod[2872:17706bf] (CoreAudio) HALS_DefaultDeviceManager.cpp:1692   HALS_DefaultDeviceManager::FindPreferredDefaultDevice: 'dOut' | found preferred[0] 1467: 'LSOutput_UID'/''
2026-09-28 20:56:48.267 Df coreaudiod[2872:17706bf] (CoreAudio) HALS_DefaultDeviceManager.cpp:1692   HALS_DefaultDeviceManager::FindPreferredDefaultDevice: 'sOut' | found preferred[0] 117: 'BuiltInSpeakerDevice'/'ispk'
2026-09-28 20:56:48.267 Df coreaudiod[2872:17706d2] (CoreAudio)     HALS_PlugInDevice.cpp:2856   HALS_PlugInDevice::HandlePlugIn_RequestConfigChange: AppleUSBAudioEngine:AudioQuest:AudioQuest DragonFly Black v1.5:AQDFBL0120002531:1  --->
2026-09-28 20:56:48.268 Df LosslessSwitcher[4654:177068a] (CoreAudio)   HALC_ProxyIOContext.cpp:3542   HALC_IOContext_PauseIO(1584)
2026-09-28 20:56:48.268 Df LosslessSwitcher[4654:177068a] (CoreAudio)   HALC_ProxyIOContext.cpp:1146   HALC_ProxyIOContext::PauseIO: -> 0 1 1, id:1584 called from <private>
2026-09-28 20:56:48.268 Df LosslessSwitcher[4654:177068a] (CoreAudio)   HALC_ProxyIOContext.cpp:1159   HALC_ProxyIOContext::PauseIO: <- 0 2 2, id:1584 called from <private>
2026-09-28 20:56:48.268 Df coreaudiod[2872:17706c2] (CoreAudio)   HALC_ProxyIOContext.cpp:3542   HALC_IOContext_PauseIO(359)
2026-09-28 20:56:48.268 Df coreaudiod[2872:17706c2] (CoreAudio)   HALC_ProxyIOContext.cpp:1146   HALC_ProxyIOContext::PauseIO: -> 0 1 1, id:359 called from <private>
2026-09-28 20:56:48.268 Df coreaudiod[2872:17706c2] (CoreAudio)   HALC_ProxyIOContext.cpp:1159   HALC_ProxyIOContext::PauseIO: <- 0 2 2, id:359 called from <private>
2026-09-28 20:56:48.268 Df coreaudiod[2872:17706bf] (CoreAudio) HALS_DefaultDeviceManager.cpp:1692   HALS_DefaultDeviceManager::FindPreferredDefaultDevice: 'shrd' | found preferred[0] 1467: 'LSOutput_UID'/''
2026-09-28 20:56:48.268 Df coreaudiod[2872:17706bf] [com.apple.Accessibility:AXHearingHalPlugin] IsHidden: 1
2026-09-28 20:56:48.268 Df coreaudiod[2872:17706bf] [com.apple.Accessibility:AXHearingHalPlugin] IsHidden: 1
2026-09-28 20:56:48.270 Df coreaudiod[2872:17706d2] (CoreAudio)     HALS_PlugInDevice.cpp:2617   HALS_PlugInDevice::HandlePlugIn_RequestConfigChange: AppleUSBAudioEngine:AudioQuest:AudioQuest DragonFly Black v1.5:AQDFBL0120002531:1  --- calling driver
2026-09-28 20:56:48.270 I  LosslessSwitcher[4654:17703cc] [com.apple.appleevents:send] AESendMessage(core,getd {core,getd target='psn '[Music]  returnID=-17707}...
2026-09-28 20:56:48.271 I  Music[1908:4bbf] [com.apple.appleevents:receive] RECEIVED:(core,getd) {core,getd target=LosslessSwitcher  returnID=-17707}...
2026-09-28 20:56:48.272 I  LosslessSwitcher[4654:17703cc] [com.apple.appleevents:receive] REPLY:(aevt,ansr) <private>
2026-09-28 20:56:48.273 Df coreaudiod[2872:17706bf] (CoreAudio) HALS_DefaultDeviceManager.cpp:410    Heap has 4 items
2026-09-28 20:56:48.273 Df coreaudiod[2872:17706bf] (CoreAudio) HALS_DefaultDeviceManager.cpp:488      126: 'BuiltInMicrophoneDevice'
2026-09-28 20:56:48.273 Df coreaudiod[2872:17706bf] (CoreAudio) HALS_DefaultDeviceManager.cpp:489           Arrival Time:       (0, 0)
2026-09-28 20:56:48.273 Df coreaudiod[2872:17706bf] (CoreAudio) HALS_DefaultDeviceManager.cpp:490           Transport:          'bltn'
2026-09-28 20:56:48.273 Df coreaudiod[2872:17706bf] (CoreAudio) HALS_DefaultDeviceManager.cpp:491           Input Data Source:  'imic'
2026-09-28 20:56:48.273 Df coreaudiod[2872:17706bf] (CoreAudio) HALS_DefaultDeviceManager.cpp:492           Output Data Source: ''
2026-09-28 20:56:48.273 Df coreaudiod[2872:17706bf] (CoreAudio) HALS_DefaultDeviceManager.cpp:493           Input Kind:          Mic
2026-09-28 20:56:48.273 Df coreaudiod[2872:17706bf] (CoreAudio) HALS_DefaultDeviceManager.cpp:494           Output Kind:         None
2026-09-28 20:56:48.273 Df coreaudiod[2872:17706bf] (CoreAudio) HALS_DefaultDeviceManager.cpp:495           Can Be Input:        yes
2026-09-28 20:56:48.273 Df coreaudiod[2872:17706bf] (CoreAudio) HALS_DefaultDeviceManager.cpp:496           Can Be Output:       no
2026-09-28 20:56:48.273 Df coreaudiod[2872:17706bf] (CoreAudio) HALS_DefaultDeviceManager.cpp:497           Can Be System:       no
2026-09-28 20:56:48.273 Df coreaudiod[2872:17706bf] (CoreAudio) HALS_DefaultDeviceManager.cpp:498           Allows Auto-Route:   yes
2026-09-28 20:56:48.273 Df coreaudiod[2872:17706bf] (CoreAudio) HALS_DefaultDeviceManager.cpp:488      551: 'com.rogueamoeba.Loopback:B84C2883-09E2-4BFA-979B-9935F80B4D6D'
2026-09-28 20:56:48.273 Df coreaudiod[2872:17706bf] (CoreAudio) HALS_DefaultDeviceManager.cpp:489           Arrival Time:       (497, 26001960000000)
2026-09-28 20:56:48.273 Df coreaudiod[2872:17706bf] (CoreAudio) HALS_DefaultDeviceManager.cpp:490           Transport:          'virt'
2026-09-28 20:56:48.273 Df coreaudiod[2872:17706bf] (CoreAudio) HALS_DefaultDeviceManager.cpp:491           Input Data Source:  ''
2026-09-28 20:56:48.273 Df coreaudiod[2872:17706bf] (CoreAudio) HALS_DefaultDeviceManager.cpp:492           Output Data Source: ''
2026-09-28 20:56:48.273 Df coreaudiod[2872:17706bf] (CoreAudio) HALS_DefaultDeviceManager.cpp:493           Input Kind:          Don't
2026-09-28 20:56:48.273 Df coreaudiod[2872:17706bf] (CoreAudio) HALS_DefaultDeviceManager.cpp:494           Output Kind:         Don't
2026-09-28 20:56:48.273 Df coreaudiod[2872:17706bf] (CoreAudio) HALS_DefaultDeviceManager.cpp:495           Can Be Input:        yes
2026-09-28 20:56:48.273 Df coreaudiod[2872:17706bf] (CoreAudio) HALS_DefaultDeviceManager.cpp:496           Can Be Output:       yes
2026-09-28 20:56:48.273 Df coreaudiod[2872:17706bf] (CoreAudio) HALS_DefaultDeviceManager.cpp:497           Can Be System:       yes
2026-09-28 20:56:48.273 Df coreaudiod[2872:17706bf] (CoreAudio) HALS_DefaultDeviceManager.cpp:498           Allows Auto-Route:   yes
2026-09-28 20:56:48.273 Df coreaudiod[2872:17706bf] (CoreAudio) HALS_DefaultDeviceManager.cpp:488      70: '597A1DFA-1BE3-47EF-8565-BAD100000003'
2026-09-28 20:56:48.273 Df coreaudiod[2872:17706bf] (CoreAudio) HALS_DefaultDeviceManager.cpp:489           Arrival Time:       (496, 26001120000000)
2026-09-28 20:56:48.273 Df coreaudiod[2872:17706bf] (CoreAudio) HALS_DefaultDeviceManager.cpp:490           Transport:          'ccwd'
2026-09-28 20:56:48.273 Df coreaudiod[2872:17706bf] (CoreAudio) HALS_DefaultDeviceManager.cpp:491           Input Data Source:  ''
2026-09-28 20:56:48.273 Df coreaudiod[2872:17706bf] (CoreAudio) HALS_DefaultDeviceManager.cpp:492           Output Data Source: ''
2026-09-28 20:56:48.273 Df coreaudiod[2872:17706bf] (CoreAudio) HALS_DefaultDeviceManager.cpp:493           Input Kind:          Don't
2026-09-28 20:56:48.273 Df coreaudiod[2872:17706bf] (CoreAudio) HALS_DefaultDeviceManager.cpp:494           Output Kind:         Don't
2026-09-28 20:56:48.273 Df coreaudiod[2872:17706bf] (CoreAudio) HALS_DefaultDeviceManager.cpp:495           Can Be Input:        yes
2026-09-28 20:56:48.273 Df coreaudiod[2872:17706bf] (CoreAudio) HALS_DefaultDeviceManager.cpp:496           Can Be Output:       no
2026-09-28 20:56:48.273 Df coreaudiod[2872:17706bf] (CoreAudio) HALS_DefaultDeviceManager.cpp:497           Can Be System:       no
2026-09-28 20:56:48.273 Df coreaudiod[2872:17706bf] (CoreAudio) HALS_DefaultDeviceManager.cpp:498           Allows Auto-Route:   no
2026-09-28 20:56:48.273 Df coreaudiod[2872:17706bf] (CoreAudio) HALS_DefaultDeviceManager.cpp:488      36: 'AOP Audio-1'
2026-09-28 20:56:48.273 Df coreaudiod[2872:17706bf] (CoreAudio) HALS_DefaultDeviceManager.cpp:489           Arrival Time:       (323, 0)
2026-09-28 20:56:48.273 Df coreaudiod[2872:17706bf] (CoreAudio) HALS_DefaultDeviceManager.cpp:490           Transport:          'virt'
2026-09-28 20:56:48.273 Df coreaudiod[2872:17706bf] (CoreAudio) HALS_DefaultDeviceManager.cpp:491           Input Data Source:  ''
2026-09-28 20:56:48.273 Df coreaudiod[2872:17706bf] (CoreAudio) HALS_DefaultDeviceManager.cpp:492           Output Data Source: ''
2026-09-28 20:56:48.273 Df coreaudiod[2872:17706bf] (CoreAudio) HALS_DefaultDeviceManager.cpp:493           Input Kind:          Don't
2026-09-28 20:56:48.273 Df coreaudiod[2872:17706bf] (CoreAudio) HALS_DefaultDeviceManager.cpp:494           Output Kind:         None
2026-09-28 20:56:48.273 Df coreaudiod[2872:17706bf] (CoreAudio) HALS_DefaultDeviceManager.cpp:495           Can Be Input:        yes
2026-09-28 20:56:48.273 Df coreaudiod[2872:17706bf] (CoreAudio) HALS_DefaultDeviceManager.cpp:496           Can Be Output:       no
2026-09-28 20:56:48.273 Df coreaudiod[2872:17706bf] (CoreAudio) HALS_DefaultDeviceManager.cpp:497           Can Be System:       no
2026-09-28 20:56:48.273 Df coreaudiod[2872:17706bf] (CoreAudio) HALS_DefaultDeviceManager.cpp:498           Allows Auto-Route:   yes
2026-09-28 20:56:48.273 Df coreaudiod[2872:17706bf] (CoreAudio) HALS_DefaultDeviceManager.cpp:1730   HALS_DefaultDeviceManager::PickDefaultDevice:          'dIn ' | picking 126: 'BuiltInMicrophoneDevice'/'imic'
2026-09-28 20:56:48.275 Df coreaudiod[2872:17706bf] (CoreAudio) HALS_DefaultDeviceManager.cpp:1692   HALS_DefaultDeviceManager::FindPreferredDefaultDevice: 'dOut' | found preferred[0] 1467: 'LSOutput_UID'/''
2026-09-28 20:56:48.275 Df coreaudiod[2872:17706bf] (CoreAudio) HALS_DefaultDeviceManager.cpp:1692   HALS_DefaultDeviceManager::FindPreferredDefaultDevice: 'sOut' | found preferred[0] 117: 'BuiltInSpeakerDevice'/'ispk'
2026-09-28 20:56:48.276 Df coreaudiod[2872:17706bf] (CoreAudio) HALS_DefaultDeviceManager.cpp:1692   HALS_DefaultDeviceManager::FindPreferredDefaultDevice: 'shrd' | found preferred[0] 1467: 'LSOutput_UID'/''
2026-09-28 20:56:48.282 Df coreaudiod[2872:17706f3] (CoreAudio)   HALC_ProxyIOContext.cpp:1146   HALC_ProxyIOContext::PauseIO: -> 0 2 2, id:359 called from <private>
2026-09-28 20:56:48.282 Df coreaudiod[2872:17706f3] (CoreAudio)   HALC_ProxyIOContext.cpp:1159   HALC_ProxyIOContext::PauseIO: <- 0 3 3, id:359 called from <private>
2026-09-28 20:56:48.282 Df coreaudiod[2872:17706f2] (CoreAudio)   HALC_ProxyIOContext.cpp:3542   HALC_IOContext_PauseIO(359)
2026-09-28 20:56:48.282 Df coreaudiod[2872:17706f2] (CoreAudio)   HALC_ProxyIOContext.cpp:1146   HALC_ProxyIOContext::PauseIO: -> 0 3 3, id:359 called from <private>
2026-09-28 20:56:48.282 Df coreaudiod[2872:17706f2] (CoreAudio)   HALC_ProxyIOContext.cpp:1159   HALC_ProxyIOContext::PauseIO: <- 0 4 4, id:359 called from <private>
2026-09-28 20:56:48.283 Df LosslessSwitcher[4654:177065a] (CoreAudio)   HALC_ProxyIOContext.cpp:1146   HALC_ProxyIOContext::PauseIO: -> 0 2 2, id:1584 called from <private>
2026-09-28 20:56:48.283 Df LosslessSwitcher[4654:177065a] (CoreAudio)   HALC_ProxyIOContext.cpp:1159   HALC_ProxyIOContext::PauseIO: <- 0 3 3, id:1584 called from <private>
2026-09-28 20:56:48.283 Df LosslessSwitcher[4654:17703cc] (CoreAudio)   HALC_ProxyIOContext.cpp:3542   HALC_IOContext_PauseIO(1584)
2026-09-28 20:56:48.283 Df LosslessSwitcher[4654:17703cc] (CoreAudio)   HALC_ProxyIOContext.cpp:1146   HALC_ProxyIOContext::PauseIO: -> 0 3 3, id:1584 called from <private>
2026-09-28 20:56:48.283 Df LosslessSwitcher[4654:17703cc] (CoreAudio)   HALC_ProxyIOContext.cpp:1159   HALC_ProxyIOContext::PauseIO: <- 0 4 4, id:1584 called from <private>
2026-09-28 20:56:48.283 Df coreaudiod[2872:17706d4] (CoreAudio)   HALC_ProxyIOContext.cpp:3576   HALC_IOContext_ResumeIO(359)
2026-09-28 20:56:48.283 Df coreaudiod[2872:17706f6] (CoreAudio)   HALC_ProxyIOContext.cpp:3576   HALC_IOContext_ResumeIO(359)
2026-09-28 20:56:48.283 Df coreaudiod[2872:17706f3] (CoreAudio)   HALC_ProxyIOContext.cpp:1193   HALC_ProxyIOContext::ResumeIO: -> 0 4 4 id:359 called from <private>
2026-09-28 20:56:48.283 Df coreaudiod[2872:17706f3] (CoreAudio)   HALC_ProxyIOContext.cpp:1210   HALC_ProxyIOContext::ResumeIO: <- 0 3 3 id:359 called from <private>
2026-09-28 20:56:48.283 Df coreaudiod[2872:17706d4] (CoreAudio)   HALC_ProxyIOContext.cpp:1193   HALC_ProxyIOContext::ResumeIO: -> 0 3 3 id:359 called from <private>
2026-09-28 20:56:48.283 Df coreaudiod[2872:17706d4] (CoreAudio)   HALC_ProxyIOContext.cpp:1210   HALC_ProxyIOContext::ResumeIO: <- 0 2 2 id:359 called from <private>
2026-09-28 20:56:48.283 Df coreaudiod[2872:17706d4] (CoreAudio)   HALC_ProxyIOContext.cpp:1193   HALC_ProxyIOContext::ResumeIO: -> 0 2 2 id:359 called from <private>
2026-09-28 20:56:48.283 Df coreaudiod[2872:17706d4] (CoreAudio)   HALC_ProxyIOContext.cpp:1210   HALC_ProxyIOContext::ResumeIO: <- 0 1 1 id:359 called from <private>
2026-09-28 20:56:48.285 Df LosslessSwitcher[4654:17703cc] (CoreAudio)   HALC_ProxyIOContext.cpp:3576   HALC_IOContext_ResumeIO(1584)
2026-09-28 20:56:48.285 Df LosslessSwitcher[4654:17703cc] (CoreAudio)   HALC_ProxyIOContext.cpp:1193   HALC_ProxyIOContext::ResumeIO: -> 0 4 4 id:1584 called from <private>
2026-09-28 20:56:48.285 Df LosslessSwitcher[4654:17703cc] (CoreAudio)   HALC_ProxyIOContext.cpp:1210   HALC_ProxyIOContext::ResumeIO: <- 0 3 3 id:1584 called from <private>
2026-09-28 20:56:48.285 Df coreaudiod[2872:17706be] (CoreAudio)   HALC_ProxyIOContext.cpp:3542   HALC_IOContext_PauseIO(359)
2026-09-28 20:56:48.285 Df coreaudiod[2872:17706be] (CoreAudio)   HALC_ProxyIOContext.cpp:1146   HALC_ProxyIOContext::PauseIO: -> 0 1 1, id:359 called from <private>
2026-09-28 20:56:48.285 Df coreaudiod[2872:17706be] (CoreAudio)   HALC_ProxyIOContext.cpp:1159   HALC_ProxyIOContext::PauseIO: <- 0 2 2, id:359 called from <private>
2026-09-28 20:56:48.285 Df LosslessSwitcher[4654:177068a] (CoreAudio)   HALC_ProxyIOContext.cpp:3576   HALC_IOContext_ResumeIO(1584)
2026-09-28 20:56:48.285 Df LosslessSwitcher[4654:177068a] (CoreAudio)   HALC_ProxyIOContext.cpp:3542   HALC_IOContext_PauseIO(1584)
2026-09-28 20:56:48.285 Df LosslessSwitcher[4654:177065a] (CoreAudio)   HALC_ProxyIOContext.cpp:1193   HALC_ProxyIOContext::ResumeIO: -> 0 3 3 id:1584 called from <private>
2026-09-28 20:56:48.285 Df LosslessSwitcher[4654:177065a] (CoreAudio)   HALC_ProxyIOContext.cpp:1210   HALC_ProxyIOContext::ResumeIO: <- 0 2 2 id:1584 called from <private>
2026-09-28 20:56:48.285 Df LosslessSwitcher[4654:17703cc] (CoreAudio)   HALC_ProxyIOContext.cpp:1193   HALC_ProxyIOContext::ResumeIO: -> 0 2 2 id:1584 called from <private>
2026-09-28 20:56:48.285 Df LosslessSwitcher[4654:17703cc] (CoreAudio)   HALC_ProxyIOContext.cpp:1210   HALC_ProxyIOContext::ResumeIO: <- 0 1 1 id:1584 called from <private>
2026-09-28 20:56:48.285 Df LosslessSwitcher[4654:17703cc] (CoreAudio)   HALC_ProxyIOContext.cpp:1146   HALC_ProxyIOContext::PauseIO: -> 0 1 1, id:1584 called from <private>
2026-09-28 20:56:48.285 Df LosslessSwitcher[4654:17703cc] (CoreAudio)   HALC_ProxyIOContext.cpp:1159   HALC_ProxyIOContext::PauseIO: <- 0 2 2, id:1584 called from <private>
2026-09-28 20:56:48.296 Df coreaudiod[2872:17706d2] (CoreAudio)     HALS_PlugInDevice.cpp:2634   HALS_PlugInDevice::HandlePlugIn_RequestConfigChange: AppleUSBAudioEngine:AudioQuest:AudioQuest DragonFly Black v1.5:AQDFBL0120002531:1  --- driver returned
2026-09-28 20:56:48.297 Df coreaudiod[2872:17706d2] [com.apple.coreaudio:AMCP]            HALS_PlugInDevice.cpp:902   HALS_PlugInDevice::_UpdateControls: AppleUSBAudioEngine:AudioQuest:AudioQuest DragonFly Black v1.5:AQDFBL0120002531:1  --- keeping existing software reference stream control
2026-09-28 20:56:48.297 E  coreaudiod[2872:17706c2] (CoreAudio)        HALS_MIGServer.cpp:2016   HALS_Object_GetPropertyData_DI32: message for unknown object (via ID)
2026-09-28 20:56:48.297 Df LosslessSwitcher[4654:177065a] (CoreAudio)      HALC_ProxyObject.cpp:421    HALC_ProxyObject::GetPropertyData ('<private>', '<private>', 0, DI32): got an error from the server, 0xFFFFFECC
2026-09-28 20:56:48.297 Df LosslessSwitcher[4654:177065a] (CoreAudio)      HALC_ProxyObject.cpp:421    HALC_ProxyObject::GetPropertyData ('<private>', '<private>', 0, DI32): got an error from the server, 0x10000003
2026-09-28 20:56:48.297 Df LosslessSwitcher[4654:177065a] (CoreAudio)      HALC_ProxyObject.cpp:421    HALC_ProxyObject::GetPropertyData ('<private>', '<private>', 0, DI32): got an error from the server, 0xFFFFFECC
2026-09-28 20:56:48.297 Df LosslessSwitcher[4654:177065a] (CoreAudio)      HALC_ProxyObject.cpp:421    HALC_ProxyObject::GetPropertyData ('<private>', '<private>', 0, DI32): got an error from the server, 0x10000003
2026-09-28 20:56:48.297 Df coreaudiod[2872:17706f3] (CoreAudio)      HALC_ProxyObject.cpp:421    HALC_ProxyObject::GetPropertyData ('<private>', '<private>', 0, DI32): got an error from the server, 0xFFFFFECC
2026-09-28 20:56:48.297 Df coreaudiod[2872:17706f3] (CoreAudio)      HALC_ProxyObject.cpp:421    HALC_ProxyObject::GetPropertyData ('<private>', '<private>', 0, DI32): got an error from the server, 0x10000003
2026-09-28 20:56:48.299 Df coreaudiod[2872:17706c1] [com.apple.xpc:connection] [0x7aaf3d9040] invalidated after the last release of the connection object
2026-09-28 20:56:48.299 E  coreaudiod[2872:17706c1] (CoreAudio)        HALS_IOContext.cpp:1508   Client is not granted access to the input device.
2026-09-28 20:56:48.299 Df coreaudiod[2872:177065b] [com.apple.xpc:connection] [0x7aaf3d9540] activating connection: mach=true listener=false peer=false name=com.apple.tccd.system
2026-09-28 20:56:48.300 Df coreaudiod[2872:177065b] [com.apple.xpc:connection] [0x7aaf3d9540] invalidated after the last release of the connection object
2026-09-28 20:56:48.300 Df coreaudiod[2872:176ff82] [com.apple.xpc:connection] [0x7aaf3d9400] activating connection: mach=true listener=false peer=false name=com.apple.tccd.system
2026-09-28 20:56:48.301 Df coreaudiod[2872:176ff82] [com.apple.xpc:connection] [0x7aaf3d9400] invalidated after the last release of the connection object
2026-09-28 20:56:48.301 Df coreaudiod[2872:17706cb] [com.apple.xpc:connection] [0x7aaf3d9540] activating connection: mach=true listener=false peer=false name=com.apple.tccd.system
2026-09-28 20:56:48.301 Df LosslessSwitcher[4654:177065a] (CoreAudio)   HALC_ProxyIOContext.cpp:1146   HALC_ProxyIOContext::PauseIO: -> 0 2 2, id:1584 called from <private>
2026-09-28 20:56:48.301 Df LosslessSwitcher[4654:177065a] (CoreAudio)   HALC_ProxyIOContext.cpp:1159   HALC_ProxyIOContext::PauseIO: <- 0 3 3, id:1584 called from <private>
2026-09-28 20:56:48.302 Df LosslessSwitcher[4654:17703cc] (CoreAudio)   HALC_ProxyIOContext.cpp:3542   HALC_IOContext_PauseIO(1584)
2026-09-28 20:56:48.302 Df LosslessSwitcher[4654:17703cc] (CoreAudio)   HALC_ProxyIOContext.cpp:1146   HALC_ProxyIOContext::PauseIO: -> 0 3 3, id:1584 called from <private>
2026-09-28 20:56:48.302 Df LosslessSwitcher[4654:17703cc] (CoreAudio)   HALC_ProxyIOContext.cpp:1159   HALC_ProxyIOContext::PauseIO: <- 0 4 4, id:1584 called from <private>
2026-09-28 20:56:48.302 Df coreaudiod[2872:17706cb] [com.apple.xpc:connection] [0x7aaf3d9540] invalidated after the last release of the connection object
2026-09-28 20:56:48.302 Df coreaudiod[2872:17706c3] [com.apple.xpc:connection] [0x7aaf3d8c80] activating connection: mach=true listener=false peer=false name=com.apple.tccd.system
2026-09-28 20:56:48.304 Df coreaudiod[2872:17706f3] (CoreAudio)   HALC_ProxyIOContext.cpp:1146   HALC_ProxyIOContext::PauseIO: -> 0 2 2, id:359 called from <private>
2026-09-28 20:56:48.304 Df coreaudiod[2872:17706f3] (CoreAudio)   HALC_ProxyIOContext.cpp:1159   HALC_ProxyIOContext::PauseIO: <- 0 3 3, id:359 called from <private>
2026-09-28 20:56:48.304 Df LosslessSwitcher[4654:17703cc] (CoreAudio)   HALC_ProxyIOContext.cpp:3576   HALC_IOContext_ResumeIO(1584)
2026-09-28 20:56:48.304 Df LosslessSwitcher[4654:17703cc] (CoreAudio)   HALC_ProxyIOContext.cpp:1193   HALC_ProxyIOContext::ResumeIO: -> 0 4 4 id:1584 called from <private>
2026-09-28 20:56:48.304 Df LosslessSwitcher[4654:17703cc] (CoreAudio)   HALC_ProxyIOContext.cpp:1210   HALC_ProxyIOContext::ResumeIO: <- 0 3 3 id:1584 called from <private>
2026-09-28 20:56:48.304 Df coreaudiod[2872:17706f5] (CoreAudio)   HALC_ProxyIOContext.cpp:3542   HALC_IOContext_PauseIO(359)
2026-09-28 20:56:48.304 Df coreaudiod[2872:17706f7] (CoreAudio)   HALC_ProxyIOContext.cpp:1146   HALC_ProxyIOContext::PauseIO: -> 0 3 3, id:359 called from <private>
2026-09-28 20:56:48.304 Df coreaudiod[2872:17706f7] (CoreAudio)   HALC_ProxyIOContext.cpp:1159   HALC_ProxyIOContext::PauseIO: <- 0 4 4, id:359 called from <private>
2026-09-28 20:56:48.304 Df LosslessSwitcher[4654:177065a] (CoreAudio)   HALC_ProxyIOContext.cpp:1193   HALC_ProxyIOContext::ResumeIO: -> 0 3 3 id:1584 called from <private>
2026-09-28 20:56:48.304 Df LosslessSwitcher[4654:177065a] (CoreAudio)   HALC_ProxyIOContext.cpp:1210   HALC_ProxyIOContext::ResumeIO: <- 0 2 2 id:1584 called from <private>
2026-09-28 20:56:48.304 Df LosslessSwitcher[4654:177068a] (CoreAudio)   HALC_ProxyIOContext.cpp:3576   HALC_IOContext_ResumeIO(1584)
2026-09-28 20:56:48.304 Df LosslessSwitcher[4654:177068a] (CoreAudio)   HALC_ProxyIOContext.cpp:1193   HALC_ProxyIOContext::ResumeIO: -> 0 2 2 id:1584 called from <private>
2026-09-28 20:56:48.304 Df LosslessSwitcher[4654:177068a] (CoreAudio)   HALC_ProxyIOContext.cpp:1210   HALC_ProxyIOContext::ResumeIO: <- 0 1 1 id:1584 called from <private>
2026-09-28 20:56:48.304 Df LosslessSwitcher[4654:177068a] (CoreAudio)   HALC_ProxyIOContext.cpp:3542   HALC_IOContext_PauseIO(1584)
2026-09-28 20:56:48.304 Df LosslessSwitcher[4654:177068a] (CoreAudio)   HALC_ProxyIOContext.cpp:1146   HALC_ProxyIOContext::PauseIO: -> 0 1 1, id:1584 called from <private>
2026-09-28 20:56:48.304 Df LosslessSwitcher[4654:177068a] (CoreAudio)   HALC_ProxyIOContext.cpp:1159   HALC_ProxyIOContext::PauseIO: <- 0 2 2, id:1584 called from <private>
2026-09-28 20:56:48.306 Df coreaudiod[2872:177065b] (CoreAudio)   HALC_ProxyIOContext.cpp:3576   HALC_IOContext_ResumeIO(359)
2026-09-28 20:56:48.306 Df coreaudiod[2872:177065b] (CoreAudio)   HALC_ProxyIOContext.cpp:1193   HALC_ProxyIOContext::ResumeIO: -> 0 4 4 id:359 called from <private>
2026-09-28 20:56:48.306 Df coreaudiod[2872:177065b] (CoreAudio)   HALC_ProxyIOContext.cpp:1210   HALC_ProxyIOContext::ResumeIO: <- 0 3 3 id:359 called from <private>
2026-09-28 20:56:48.306 Df coreaudiod[2872:17706f3] (CoreAudio)   HALC_ProxyIOContext.cpp:1193   HALC_ProxyIOContext::ResumeIO: -> 0 3 3 id:359 called from <private>
2026-09-28 20:56:48.306 Df coreaudiod[2872:17706f3] (CoreAudio)   HALC_ProxyIOContext.cpp:1210   HALC_ProxyIOContext::ResumeIO: <- 0 2 2 id:359 called from <private>
2026-09-28 20:56:48.306 Df coreaudiod[2872:17706f5] (CoreAudio)   HALC_ProxyIOContext.cpp:3576   HALC_IOContext_ResumeIO(359)
2026-09-28 20:56:48.306 Df coreaudiod[2872:17706f5] (CoreAudio)   HALC_ProxyIOContext.cpp:1193   HALC_ProxyIOContext::ResumeIO: -> 0 2 2 id:359 called from <private>
2026-09-28 20:56:48.306 Df coreaudiod[2872:17706f5] (CoreAudio)   HALC_ProxyIOContext.cpp:1210   HALC_ProxyIOContext::ResumeIO: <- 0 1 1 id:359 called from <private>
2026-09-28 20:56:48.307 Df coreaudiod[2872:176ff82] (CoreAudio)   HALC_ProxyIOContext.cpp:3542   HALC_IOContext_PauseIO(359)
2026-09-28 20:56:48.307 Df coreaudiod[2872:176ff82] (CoreAudio)   HALC_ProxyIOContext.cpp:1146   HALC_ProxyIOContext::PauseIO: -> 0 1 1, id:359 called from <private>
2026-09-28 20:56:48.307 Df coreaudiod[2872:176ff82] (CoreAudio)   HALC_ProxyIOContext.cpp:1159   HALC_ProxyIOContext::PauseIO: <- 0 2 2, id:359 called from <private>
2026-09-28 20:56:48.311 Df coreaudiod[2872:17706d2] [com.apple.coreaudio:aid] [NodeFormatConverter.cpp:81    rtaid::NodeFormatConverter:0x7aaedc8fe8] AudioConverterNew wasn't needed since incoming and outgoing format are equivalent:  2 ch,  44100 Hz, Float32, interleaved
2026-09-28 20:56:48.311 Df coreaudiod[2872:17706d2] [com.apple.coreaudio:aid] [Detector.cpp:58    rtaid::Detector:0x7aaf39c8c0] initialized with error = 0
2026-09-28 20:56:48.311 Df coreaudiod[2872:17706d2] [com.apple.coreaudio:aid] [Detector.cpp:122   rtaid::Detector:0x7aaf39c8c0] Node -Output with nodeID 156 already present, replacing it
2026-09-28 20:56:48.311 Df coreaudiod[2872:17706d2] [com.apple.coreaudio:aid] [Detector.cpp:156   rtaid::Detector:0x7aaf39c8c0] Created node -Output with nodeID 156 - reporting period = 10.000000, sample rate = 44100.000000
2026-09-28 20:56:48.311 Df coreaudiod[2872:17706d2] [com.apple.coreaudio:AudioConverter]        AudioConverter.cpp:1068  Created a new in process converter -> 0x7aaf2a4150, from  2 ch,  44100 Hz, lpcm (0x0000004C) 24-bit little-endian signed integer to  2 ch,  44100 Hz, Float32, interleaved
2026-09-28 20:56:48.311 Df coreaudiod[2872:17706d2] [com.apple.coreaudio:aid] [NodeFormatConverter.cpp:62    rtaid::NodeFormatConverter:0x7aaedc8fe8] AudioConverterNew succeeded with incoming format  2 ch,  44100 Hz, lpcm (0x0000004C) 24-bit little-endian signed integer and outgoing format  2 ch,  44100 Hz, Float32, interleaved
2026-09-28 20:56:48.311 Df coreaudiod[2872:17706d2] [com.apple.coreaudio:aid] [Detector.cpp:58    rtaid::Detector:0x7aaf39c8c0] initialized with error = 0
2026-09-28 20:56:48.311 Df coreaudiod[2872:17706d2] (CoreAudio)     HALS_PlugInDevice.cpp:2822   HALS_PlugInDevice::HandlePlugIn_RequestConfigChange: AppleUSBAudioEngine:AudioQuest:AudioQuest DragonFly Black v1.5:AQDFBL0120002531:1  --- sending notifications
2026-09-28 20:56:48.315 Df coreaudiod[2872:17706c3] [com.apple.xpc:connection] [0x7aaf3d8c80] invalidated after the last release of the connection object
2026-09-28 20:56:48.315 E  coreaudiod[2872:17706c3] (CoreAudio)        HALS_IOContext.cpp:1508   Client is not granted access to the input device.
2026-09-28 20:56:48.315 Df Music[1908:176fb05] [com.apple.coreaudio:AUHAL]                 AUHAL.cpp:770   SelectDevice: (0x791f7c5c40) created ioproc 0x17 for device 941
2026-09-28 20:56:48.317 Df Music[1908:176fb05] [com.apple.coreaudio:AUHAL]                 AUHAL.cpp:859   SelectDevice: (0x791f7c5c40) adding 6 device listeners to device 941
2026-09-28 20:56:48.322 Df Music[1908:176fb05] [com.apple.coreaudio:AUHAL]                 AUHAL.cpp:859   SelectDevice: (0x791f7c5c40) adding 0 device delegate listeners to device 941
2026-09-28 20:56:48.322 Df Music[1908:176fb05] [com.apple.coreaudio:AUHAL]                 AUHAL.cpp:1582  UpdateStreamFormats: -> (0x791f7c5c40)
2026-09-28 20:56:48.326 Df Music[1908:176fb05] [com.apple.coreaudio:AUHAL]                 AUHAL.cpp:1678  UpdateStreamFormats: 
2026-09-28 20:56:48.326 Df Music[1908:176fb05] [com.apple.coreaudio:AUHAL]                 AUHAL.cpp:1690  UpdateStreamFormats: 1 output streams; not all mono
2026-09-28 20:56:48.326 Df Music[1908:176fb05] [com.apple.coreaudio:AUHAL]                 AUHAL.cpp:1702  UpdateStreamFormats: 
2026-09-28 20:56:48.328 Df coreaudiod[2872:17706d2] (CoreAudio)     HALS_PlugInDevice.cpp:2873   HALS_PlugInDevice::HandlePlugIn_RequestConfigChange: AppleUSBAudioEngine:AudioQuest:AudioQuest DragonFly Black v1.5:AQDFBL0120002531:1  --- restarting IO
2026-09-28 20:56:48.329 Df Music[1908:176fb05] [com.apple.coreaudio:AUHAL]                 AUHAL.cpp:1678  UpdateStreamFormats: 
2026-09-28 20:56:48.329 Df Music[1908:176fb05] [com.apple.coreaudio:AUHAL]                 AUHAL.cpp:1690  UpdateStreamFormats: 1 input streams; not all mono
2026-09-28 20:56:48.329 Df Music[1908:176fb05] [com.apple.coreaudio:AUHAL]                 AUHAL.cpp:1772  UpdateStreamFormats: AUHAL(0x791f7c5c40) Calling PropertyChanged() for kAudioUnitProperty_StreamFormat, Scope:Output, Bus:Output
2026-09-28 20:56:48.329 Df Music[1908:176fb05] [com.apple.coreaudio:AUHAL]                 AUHAL.cpp:1894  SetStreamUsage: Input stream enables: Stream 0 is DISABLED
2026-09-28 20:56:48.329 Df Music[1908:176fb05] [com.apple.coreaudio:AUHAL]                 AUHAL.cpp:1788  UpdateStreamFormats: <-
2026-09-28 20:56:48.329 Df Music[1908:176fb05] [com.apple.coreaudio:AUHAL]                 AUHAL.cpp:896   SelectDevice: (0x791f7c5c40) removing 6 device listeners from device 597
2026-09-28 20:56:48.333 Df LosslessSwitcher[4654:177068a] (CoreAudio)   HALC_ProxyIOContext.cpp:3576   HALC_IOContext_ResumeIO(1584)
2026-09-28 20:56:48.333 Df coreaudiod[2872:17706ca] (CoreAudio)   HALC_ProxyIOContext.cpp:3576   HALC_IOContext_ResumeIO(359)
2026-09-28 20:56:48.333 Df coreaudiod[2872:17706d2] (CoreAudio)     HALS_PlugInDevice.cpp:2888   HALS_PlugInDevice::HandlePlugIn_RequestConfigChange: AppleUSBAudioEngine:AudioQuest:AudioQuest DragonFly Black v1.5:AQDFBL0120002531:1  <---
2026-09-28 20:56:48.335 Df coreaudiod[2872:177065c] [com.apple.Accessibility:AXHearingHalPlugin] IsHidden: 1
2026-09-28 20:56:48.336 Df coreaudiod[2872:177065c] [com.apple.Accessibility:AXHearingHalPlugin] IsHidden: 1
2026-09-28 20:56:48.344 Df coreaudiod[2872:17706f3] (CoreAudio)   HALC_ProxyIOContext.cpp:1146   HALC_ProxyIOContext::PauseIO: -> 0 2 2, id:359 called from <private>
2026-09-28 20:56:48.344 Df coreaudiod[2872:17706f3] (CoreAudio)   HALC_ProxyIOContext.cpp:1159   HALC_ProxyIOContext::PauseIO: <- 0 3 3, id:359 called from <private>
2026-09-28 20:56:48.344 Df coreaudiod[2872:17706e3] (CoreAudio)   HALC_ProxyIOContext.cpp:3542   HALC_IOContext_PauseIO(359)
2026-09-28 20:56:48.345 Df coreaudiod[2872:177065c] (CoreAudio) HALS_DefaultDeviceManager.cpp:410    Heap has 4 items
2026-09-28 20:56:48.345 Df coreaudiod[2872:177065c] (CoreAudio) HALS_DefaultDeviceManager.cpp:488      126: 'BuiltInMicrophoneDevice'
2026-09-28 20:56:48.345 Df coreaudiod[2872:177065c] (CoreAudio) HALS_DefaultDeviceManager.cpp:489           Arrival Time:       (0, 0)
2026-09-28 20:56:48.345 Df coreaudiod[2872:177065c] (CoreAudio) HALS_DefaultDeviceManager.cpp:490           Transport:          'bltn'
2026-09-28 20:56:48.345 Df coreaudiod[2872:177065c] (CoreAudio) HALS_DefaultDeviceManager.cpp:491           Input Data Source:  'imic'
2026-09-28 20:56:48.345 Df coreaudiod[2872:177065c] (CoreAudio) HALS_DefaultDeviceManager.cpp:492           Output Data Source: ''
2026-09-28 20:56:48.345 Df coreaudiod[2872:177065c] (CoreAudio) HALS_DefaultDeviceManager.cpp:493           Input Kind:          Mic
2026-09-28 20:56:48.345 Df coreaudiod[2872:177065c] (CoreAudio) HALS_DefaultDeviceManager.cpp:494           Output Kind:         None
2026-09-28 20:56:48.345 Df coreaudiod[2872:177065c] (CoreAudio) HALS_DefaultDeviceManager.cpp:495           Can Be Input:        yes
2026-09-28 20:56:48.345 Df coreaudiod[2872:177065c] (CoreAudio) HALS_DefaultDeviceManager.cpp:496           Can Be Output:       no
2026-09-28 20:56:48.345 Df coreaudiod[2872:177065c] (CoreAudio) HALS_DefaultDeviceManager.cpp:497           Can Be System:       no
2026-09-28 20:56:48.345 Df coreaudiod[2872:177065c] (CoreAudio) HALS_DefaultDeviceManager.cpp:498           Allows Auto-Route:   yes
2026-09-28 20:56:48.345 Df coreaudiod[2872:177065c] (CoreAudio) HALS_DefaultDeviceManager.cpp:488      551: 'com.rogueamoeba.Loopback:B84C2883-09E2-4BFA-979B-9935F80B4D6D'
2026-09-28 20:56:48.345 Df coreaudiod[2872:177065c] (CoreAudio) HALS_DefaultDeviceManager.cpp:489           Arrival Time:       (497, 26001960000000)
2026-09-28 20:56:48.345 Df coreaudiod[2872:177065c] (CoreAudio) HALS_DefaultDeviceManager.cpp:490           Transport:          'virt'
2026-09-28 20:56:48.345 Df coreaudiod[2872:177065c] (CoreAudio) HALS_DefaultDeviceManager.cpp:491           Input Data Source:  ''
2026-09-28 20:56:48.345 Df coreaudiod[2872:177065c] (CoreAudio) HALS_DefaultDeviceManager.cpp:492           Output Data Source: ''
2026-09-28 20:56:48.345 Df coreaudiod[2872:177065c] (CoreAudio) HALS_DefaultDeviceManager.cpp:493           Input Kind:          Don't
2026-09-28 20:56:48.345 Df coreaudiod[2872:177065c] (CoreAudio) HALS_DefaultDeviceManager.cpp:494           Output Kind:         Don't
2026-09-28 20:56:48.345 Df coreaudiod[2872:177065c] (CoreAudio) HALS_DefaultDeviceManager.cpp:495           Can Be Input:        yes
2026-09-28 20:56:48.345 Df coreaudiod[2872:177065c] (CoreAudio) HALS_DefaultDeviceManager.cpp:496           Can Be Output:       yes
2026-09-28 20:56:48.345 Df coreaudiod[2872:177065c] (CoreAudio) HALS_DefaultDeviceManager.cpp:497           Can Be System:       yes
2026-09-28 20:56:48.345 Df coreaudiod[2872:177065c] (CoreAudio) HALS_DefaultDeviceManager.cpp:498           Allows Auto-Route:   yes
2026-09-28 20:56:48.345 Df coreaudiod[2872:177065c] (CoreAudio) HALS_DefaultDeviceManager.cpp:488      70: '597A1DFA-1BE3-47EF-8565-BAD100000003'
2026-09-28 20:56:48.345 Df coreaudiod[2872:177065c] (CoreAudio) HALS_DefaultDeviceManager.cpp:489           Arrival Time:       (496, 26001120000000)
2026-09-28 20:56:48.345 Df coreaudiod[2872:177065c] (CoreAudio) HALS_DefaultDeviceManager.cpp:490           Transport:          'ccwd'
2026-09-28 20:56:48.345 Df coreaudiod[2872:177065c] (CoreAudio) HALS_DefaultDeviceManager.cpp:491           Input Data Source:  ''
2026-09-28 20:56:48.345 Df coreaudiod[2872:177065c] (CoreAudio) HALS_DefaultDeviceManager.cpp:492           Output Data Source: ''
2026-09-28 20:56:48.345 Df coreaudiod[2872:177065c] (CoreAudio) HALS_DefaultDeviceManager.cpp:493           Input Kind:          Don't
2026-09-28 20:56:48.345 Df coreaudiod[2872:177065c] (CoreAudio) HALS_DefaultDeviceManager.cpp:494           Output Kind:         Don't
2026-09-28 20:56:48.345 Df coreaudiod[2872:177065c] (CoreAudio) HALS_DefaultDeviceManager.cpp:495           Can Be Input:        yes
2026-09-28 20:56:48.345 Df coreaudiod[2872:177065c] (CoreAudio) HALS_DefaultDeviceManager.cpp:496           Can Be Output:       no
2026-09-28 20:56:48.345 Df coreaudiod[2872:177065c] (CoreAudio) HALS_DefaultDeviceManager.cpp:497           Can Be System:       no
2026-09-28 20:56:48.345 Df coreaudiod[2872:177065c] (CoreAudio) HALS_DefaultDeviceManager.cpp:498           Allows Auto-Route:   no
2026-09-28 20:56:48.345 Df coreaudiod[2872:177065c] (CoreAudio) HALS_DefaultDeviceManager.cpp:488      36: 'AOP Audio-1'
2026-09-28 20:56:48.345 Df coreaudiod[2872:177065c] (CoreAudio) HALS_DefaultDeviceManager.cpp:489           Arrival Time:       (323, 0)
2026-09-28 20:56:48.345 Df coreaudiod[2872:177065c] (CoreAudio) HALS_DefaultDeviceManager.cpp:490           Transport:          'virt'
2026-09-28 20:56:48.345 Df coreaudiod[2872:177065c] (CoreAudio) HALS_DefaultDeviceManager.cpp:491           Input Data Source:  ''
2026-09-28 20:56:48.345 Df coreaudiod[2872:177065c] (CoreAudio) HALS_DefaultDeviceManager.cpp:492           Output Data Source: ''
2026-09-28 20:56:48.345 Df coreaudiod[2872:177065c] (CoreAudio) HALS_DefaultDeviceManager.cpp:493           Input Kind:          Don't
2026-09-28 20:56:48.345 Df coreaudiod[2872:177065c] (CoreAudio) HALS_DefaultDeviceManager.cpp:494           Output Kind:         None
2026-09-28 20:56:48.345 Df coreaudiod[2872:177065c] (CoreAudio) HALS_DefaultDeviceManager.cpp:495           Can Be Input:        yes
2026-09-28 20:56:48.345 Df coreaudiod[2872:177065c] (CoreAudio) HALS_DefaultDeviceManager.cpp:496           Can Be Output:       no
2026-09-28 20:56:48.345 Df coreaudiod[2872:177065c] (CoreAudio) HALS_DefaultDeviceManager.cpp:497           Can Be System:       no
2026-09-28 20:56:48.345 Df coreaudiod[2872:177065c] (CoreAudio) HALS_DefaultDeviceManager.cpp:498           Allows Auto-Route:   yes
2026-09-28 20:56:48.345 Df coreaudiod[2872:177065c] (CoreAudio) HALS_DefaultDeviceManager.cpp:1730   HALS_DefaultDeviceManager::PickDefaultDevice:          'dIn ' | picking 126: 'BuiltInMicrophoneDevice'/'imic'
2026-09-28 20:56:48.346 Df LosslessSwitcher[4654:177065a] (CoreAudio)   HALC_ProxyIOContext.cpp:1146   HALC_ProxyIOContext::PauseIO: -> 0 2 2, id:1584 called from <private>
2026-09-28 20:56:48.346 Df LosslessSwitcher[4654:177065a] (CoreAudio)   HALC_ProxyIOContext.cpp:1159   HALC_ProxyIOContext::PauseIO: <- 0 3 3, id:1584 called from <private>
2026-09-28 20:56:48.346 Df LosslessSwitcher[4654:177068a] (CoreAudio)   HALC_ProxyIOContext.cpp:3542   HALC_IOContext_PauseIO(1584)
2026-09-28 20:56:48.346 Df coreaudiod[2872:17706c3] (CoreAudio)   HALC_ProxyIOContext.cpp:3576   HALC_IOContext_ResumeIO(359)
2026-09-28 20:56:48.346 Df coreaudiod[2872:17706f3] (CoreAudio)   HALC_ProxyIOContext.cpp:1193   HALC_ProxyIOContext::ResumeIO: -> 0 3 3 id:359 called from <private>
2026-09-28 20:56:48.346 Df coreaudiod[2872:17706f3] (CoreAudio)   HALC_ProxyIOContext.cpp:1210   HALC_ProxyIOContext::ResumeIO: <- 0 2 2 id:359 called from <private>
2026-09-28 20:56:48.347 Df coreaudiod[2872:177065c] (CoreAudio) HALS_DefaultDeviceManager.cpp:1692   HALS_DefaultDeviceManager::FindPreferredDefaultDevice: 'dOut' | found preferred[0] 1467: 'LSOutput_UID'/''
2026-09-28 20:56:48.347 Df coreaudiod[2872:177065c] (CoreAudio) HALS_DefaultDeviceManager.cpp:1692   HALS_DefaultDeviceManager::FindPreferredDefaultDevice: 'sOut' | found preferred[0] 117: 'BuiltInSpeakerDevice'/'ispk'
2026-09-28 20:56:48.347 Df LosslessSwitcher[4654:177068a] (CoreAudio)   HALC_ProxyIOContext.cpp:3576   HALC_IOContext_ResumeIO(1584)
2026-09-28 20:56:48.347 Df LosslessSwitcher[4654:177065a] (CoreAudio)   HALC_ProxyIOContext.cpp:1193   HALC_ProxyIOContext::ResumeIO: -> 0 3 3 id:1584 called from <private>
2026-09-28 20:56:48.347 Df LosslessSwitcher[4654:177065a] (CoreAudio)   HALC_ProxyIOContext.cpp:1210   HALC_ProxyIOContext::ResumeIO: <- 0 2 2 id:1584 called from <private>
2026-09-28 20:56:48.348 Df coreaudiod[2872:177065c] (CoreAudio) HALS_DefaultDeviceManager.cpp:1692   HALS_DefaultDeviceManager::FindPreferredDefaultDevice: 'shrd' | found preferred[0] 1467: 'LSOutput_UID'/''
2026-09-28 20:56:48.354 Df Music[1908:17703dc] [com.apple.coreaudio:AUHAL]                 AUHAL.cpp:3406  IsDeviceUsable: (0x791f7c5c40) Device ID: 941 (Input:No | Output:Yes): true
2026-09-28 20:56:48.354 Df Music[1908:17703dc] [com.apple.coreaudio:AUHAL]                 AUHAL.cpp:1582  UpdateStreamFormats: -> (0x791f7c5c40)
2026-09-28 20:56:48.354 Df Music[1908:17703dc] [com.apple.coreaudio:AUHAL]                 AUHAL.cpp:1678  UpdateStreamFormats: 
2026-09-28 20:56:48.354 Df Music[1908:17703dc] [com.apple.coreaudio:AUHAL]                 AUHAL.cpp:1690  UpdateStreamFormats: 1 output streams; not all mono
2026-09-28 20:56:48.354 Df Music[1908:17703dc] [com.apple.coreaudio:AUHAL]                 AUHAL.cpp:1702  UpdateStreamFormats: 
2026-09-28 20:56:48.355 Df Music[1908:17703dc] [com.apple.coreaudio:AUHAL]                 AUHAL.cpp:1678  UpdateStreamFormats: 
2026-09-28 20:56:48.355 Df Music[1908:17703dc] [com.apple.coreaudio:AUHAL]                 AUHAL.cpp:1690  UpdateStreamFormats: 1 input streams; not all mono
2026-09-28 20:56:48.355 Df Music[1908:17703dc] [com.apple.coreaudio:AUHAL]                 AUHAL.cpp:1772  UpdateStreamFormats: AUHAL(0x791f7c5c40) Calling PropertyChanged() for kAudioUnitProperty_StreamFormat, Scope:Output, Bus:Output
2026-09-28 20:56:48.355 Df Music[1908:17703dc] [com.apple.coreaudio:AUHAL]                 AUHAL.cpp:1894  SetStreamUsage: Input stream enables: Stream 0 is DISABLED
2026-09-28 20:56:48.355 Df Music[1908:17703dc] [com.apple.coreaudio:AUHAL]                 AUHAL.cpp:1788  UpdateStreamFormats: <-
2026-09-28 20:56:48.355 Df Music[1908:17703dc] [com.apple.coreaudio:AUHAL]                 AUHAL.cpp:3406  IsDeviceUsable: (0x791f7c5c40) Device ID: 941 (Input:No | Output:Yes): true
2026-09-28 20:56:48.355 Df Music[1908:17703dc] [com.apple.coreaudio:AUHAL]                 AUHAL.cpp:1582  UpdateStreamFormats: -> (0x791f7c5c40)
2026-09-28 20:56:48.356 Df Music[1908:17703dc] [com.apple.coreaudio:AUHAL]                 AUHAL.cpp:1678  UpdateStreamFormats: 
2026-09-28 20:56:48.356 Df Music[1908:17703dc] [com.apple.coreaudio:AUHAL]                 AUHAL.cpp:1690  UpdateStreamFormats: 1 output streams; not all mono
2026-09-28 20:56:48.356 Df Music[1908:17703dc] [com.apple.coreaudio:AUHAL]                 AUHAL.cpp:1702  UpdateStreamFormats: 
2026-09-28 20:56:48.356 Df Music[1908:17703dc] [com.apple.coreaudio:AUHAL]                 AUHAL.cpp:1678  UpdateStreamFormats: 
2026-09-28 20:56:48.356 Df Music[1908:17703dc] [com.apple.coreaudio:AUHAL]                 AUHAL.cpp:1690  UpdateStreamFormats: 1 input streams; not all mono
2026-09-28 20:56:48.356 Df Music[1908:17703dc] [com.apple.coreaudio:AUHAL]                 AUHAL.cpp:1772  UpdateStreamFormats: AUHAL(0x791f7c5c40) Calling PropertyChanged() for kAudioUnitProperty_StreamFormat, Scope:Output, Bus:Output
2026-09-28 20:56:48.356 Df Music[1908:17703dc] [com.apple.coreaudio:AUHAL]                 AUHAL.cpp:1894  SetStreamUsage: Input stream enables: Stream 0 is DISABLED
2026-09-28 20:56:48.356 Df Music[1908:17703dc] [com.apple.coreaudio:AUHAL]                 AUHAL.cpp:1788  UpdateStreamFormats: <-
2026-09-28 20:56:48.357 Df Music[1908:17703dc] [com.apple.coreaudio:AUHAL]                 AUHAL.cpp:3406  IsDeviceUsable: (0x791f7c5c40) Device ID: 941 (Input:No | Output:Yes): true
2026-09-28 20:56:48.357 Df Music[1908:17703dc] [com.apple.coreaudio:AUHAL]                 AUHAL.cpp:1582  UpdateStreamFormats: -> (0x791f7c5c40)
2026-09-28 20:56:48.357 Df Music[1908:17703dc] [com.apple.coreaudio:AUHAL]                 AUHAL.cpp:1678  UpdateStreamFormats: 
2026-09-28 20:56:48.357 Df Music[1908:17703dc] [com.apple.coreaudio:AUHAL]                 AUHAL.cpp:1690  UpdateStreamFormats: 1 output streams; not all mono
2026-09-28 20:56:48.357 Df Music[1908:17703dc] [com.apple.coreaudio:AUHAL]                 AUHAL.cpp:1702  UpdateStreamFormats: 
2026-09-28 20:56:48.357 Df Music[1908:17703dc] [com.apple.coreaudio:AUHAL]                 AUHAL.cpp:1678  UpdateStreamFormats: 
2026-09-28 20:56:48.357 Df Music[1908:17703dc] [com.apple.coreaudio:AUHAL]                 AUHAL.cpp:1690  UpdateStreamFormats: 1 input streams; not all mono
2026-09-28 20:56:48.357 Df Music[1908:17703dc] [com.apple.coreaudio:AUHAL]                 AUHAL.cpp:1772  UpdateStreamFormats: AUHAL(0x791f7c5c40) Calling PropertyChanged() for kAudioUnitProperty_StreamFormat, Scope:Output, Bus:Output
2026-09-28 20:56:48.357 Df Music[1908:17703dc] [com.apple.coreaudio:AUHAL]                 AUHAL.cpp:1894  SetStreamUsage: Input stream enables: Stream 0 is DISABLED
2026-09-28 20:56:48.357 Df Music[1908:17703dc] [com.apple.coreaudio:AUHAL]                 AUHAL.cpp:1788  UpdateStreamFormats: <-
2026-09-28 20:56:48.357 Df Music[1908:17703dc] [com.apple.coreaudio:aqme]            AQMEIO_HAL.cpp:3779  0x7932f75818 (AppleUSBAudioEngine:AudioQuest:AudioQuest DragonFly Black v1.5:AQDFBL0120002531:1): Output stream format changed
2026-09-28 20:56:48.357 Df Music[1908:17703dc] [com.apple.coreaudio:aqme]            AQMEIO_HAL.cpp:3779  0x7932f75818 (AppleUSBAudioEngine:AudioQuest:AudioQuest DragonFly Black v1.5:AQDFBL0120002531:1): Output stream format changed
2026-09-28 20:56:48.365 Df LosslessSwitcher[4654:177065a] (CoreAudio)   HALC_ProxyIOContext.cpp:1146   HALC_ProxyIOContext::PauseIO: -> 0 2 2, id:1584 called from <private>
2026-09-28 20:56:48.365 Df LosslessSwitcher[4654:177065a] (CoreAudio)   HALC_ProxyIOContext.cpp:1159   HALC_ProxyIOContext::PauseIO: <- 0 3 3, id:1584 called from <private>
2026-09-28 20:56:48.365 Df LosslessSwitcher[4654:177068a] (CoreAudio)   HALC_ProxyIOContext.cpp:3542   HALC_IOContext_PauseIO(1584)
2026-09-28 20:56:48.368 Df LosslessSwitcher[4654:177068a] (CoreAudio)   HALC_ProxyIOContext.cpp:3576   HALC_IOContext_ResumeIO(1584)
2026-09-28 20:56:48.368 Df LosslessSwitcher[4654:177065a] (CoreAudio)   HALC_ProxyIOContext.cpp:1193   HALC_ProxyIOContext::ResumeIO: -> 0 3 3 id:1584 called from <private>
2026-09-28 20:56:48.368 Df LosslessSwitcher[4654:177065a] (CoreAudio)   HALC_ProxyIOContext.cpp:1210   HALC_ProxyIOContext::ResumeIO: <- 0 2 2 id:1584 called from <private>
2026-09-28 20:56:48.369 Df coreaudiod[2872:17706f3] (CoreAudio)   HALC_ProxyIOContext.cpp:1146   HALC_ProxyIOContext::PauseIO: -> 0 2 2, id:359 called from <private>
2026-09-28 20:56:48.369 Df coreaudiod[2872:17706f3] (CoreAudio)   HALC_ProxyIOContext.cpp:1159   HALC_ProxyIOContext::PauseIO: <- 0 3 3, id:359 called from <private>
2026-09-28 20:56:48.369 Df coreaudiod[2872:17706c0] (CoreAudio)   HALC_ProxyIOContext.cpp:3542   HALC_IOContext_PauseIO(359)
2026-09-28 20:56:48.370 Df coreaudiod[2872:17706d1] (CoreAudio)   HALC_ProxyIOContext.cpp:3576   HALC_IOContext_ResumeIO(359)
2026-09-28 20:56:48.370 Df coreaudiod[2872:17706f3] (CoreAudio)   HALC_ProxyIOContext.cpp:1193   HALC_ProxyIOContext::ResumeIO: -> 0 3 3 id:359 called from <private>
2026-09-28 20:56:48.370 Df coreaudiod[2872:17706f3] (CoreAudio)   HALC_ProxyIOContext.cpp:1210   HALC_ProxyIOContext::ResumeIO: <- 0 2 2 id:359 called from <private>
2026-09-28 20:56:48.378 Df Music[1908:17703dc] [com.apple.coreaudio:AudioConverter]        AudioConverter.cpp:1068  Created a new in process converter -> 0x79308beca0, from  2 ch,  44100 Hz, Float32, deinterleaved to  2 ch,  44100 Hz, lpcm (0x0000000C) 24-bit little-endian signed integer
2026-09-28 20:56:48.378 Df Music[1908:17703dc] [com.apple.coreaudio:AudioConverter]        AudioConverter.cpp:1068  Created a new in process converter -> 0x79308beca0, from  2 ch,  44100 Hz, Float32, deinterleaved to  2 ch,  44100 Hz, lpcm (0x0000000C) 24-bit little-endian signed integer
2026-09-28 20:56:48.380 Df Music[1908:17703dc] [com.apple.coreaudio:AudioConverter]        AudioConverter.cpp:1068  Created a new in process converter -> 0x79308beca0, from  2 ch,  44100 Hz, Float32, deinterleaved to  2 ch,  44100 Hz, lpcm (0x0000000C) 24-bit little-endian signed integer
2026-09-28 20:56:48.387 Df LosslessSwitcher[4654:17703cc] (CoreAudio)   HALC_ProxyIOContext.cpp:1146   HALC_ProxyIOContext::PauseIO: -> 0 2 2, id:1584 called from <private>
2026-09-28 20:56:48.387 Df LosslessSwitcher[4654:17703cc] (CoreAudio)   HALC_ProxyIOContext.cpp:1159   HALC_ProxyIOContext::PauseIO: <- 0 3 3, id:1584 called from <private>
2026-09-28 20:56:48.387 Df LosslessSwitcher[4654:177068a] (CoreAudio)   HALC_ProxyIOContext.cpp:3542   HALC_IOContext_PauseIO(1584)
2026-09-28 20:56:48.389 Df LosslessSwitcher[4654:177068a] (CoreAudio)   HALC_ProxyIOContext.cpp:3576   HALC_IOContext_ResumeIO(1584)
2026-09-28 20:56:48.390 Df LosslessSwitcher[4654:17703cc] (CoreAudio)   HALC_ProxyIOContext.cpp:1193   HALC_ProxyIOContext::ResumeIO: -> 0 3 3 id:1584 called from <private>
2026-09-28 20:56:48.390 Df LosslessSwitcher[4654:17703cc] (CoreAudio)   HALC_ProxyIOContext.cpp:1210   HALC_ProxyIOContext::ResumeIO: <- 0 2 2 id:1584 called from <private>
2026-09-28 20:56:48.390 Df LosslessSwitcher[4654:177065a] (CoreAudio)   HALC_ProxyIOContext.cpp:1193   HALC_ProxyIOContext::ResumeIO: -> 0 2 2 id:1584 called from <private>
2026-09-28 20:56:48.390 Df LosslessSwitcher[4654:177065a] (CoreAudio)   HALC_ProxyIOContext.cpp:1210   HALC_ProxyIOContext::ResumeIO: <- 0 1 1 id:1584 called from <private>
2026-09-28 20:56:48.390 Df LosslessSwitcher[4654:177065a] (CoreAudio)   HALC_ProxyIOContext.cpp:1146   HALC_ProxyIOContext::PauseIO: -> 0 1 1, id:1584 called from <private>
2026-09-28 20:56:48.390 Df LosslessSwitcher[4654:177065a] (CoreAudio)   HALC_ProxyIOContext.cpp:1159   HALC_ProxyIOContext::PauseIO: <- 0 2 2, id:1584 called from <private>
2026-09-28 20:56:48.390 Df LosslessSwitcher[4654:177065a] (CoreAudio)   HALC_ProxyIOContext.cpp:1193   HALC_ProxyIOContext::ResumeIO: -> 0 2 2 id:1584 called from <private>
2026-09-28 20:56:48.390 Df LosslessSwitcher[4654:177065a] (CoreAudio)   HALC_ProxyIOContext.cpp:1210   HALC_ProxyIOContext::ResumeIO: <- 0 1 1 id:1584 called from <private>
2026-09-28 20:56:48.390 Df LosslessSwitcher[4654:177065a] (CoreAudio)   HALC_ProxyIOContext.cpp:1146   HALC_ProxyIOContext::PauseIO: -> 0 1 1, id:1584 called from <private>
2026-09-28 20:56:48.390 Df LosslessSwitcher[4654:177065a] (CoreAudio)   HALC_ProxyIOContext.cpp:1159   HALC_ProxyIOContext::PauseIO: <- 0 2 2, id:1584 called from <private>
2026-09-28 20:56:48.390 Df LosslessSwitcher[4654:177065a] (CoreAudio)   HALC_ProxyIOContext.cpp:1193   HALC_ProxyIOContext::ResumeIO: -> 0 2 2 id:1584 called from <private>
2026-09-28 20:56:48.390 Df LosslessSwitcher[4654:177065a] (CoreAudio)   HALC_ProxyIOContext.cpp:1210   HALC_ProxyIOContext::ResumeIO: <- 0 1 1 id:1584 called from <private>
2026-09-28 20:56:48.390 Df LosslessSwitcher[4654:177065a] (CoreAudio)   HALC_ProxyIOContext.cpp:1146   HALC_ProxyIOContext::PauseIO: -> 0 1 1, id:1584 called from <private>
2026-09-28 20:56:48.390 Df LosslessSwitcher[4654:177065a] (CoreAudio)   HALC_ProxyIOContext.cpp:1159   HALC_ProxyIOContext::PauseIO: <- 0 2 2, id:1584 called from <private>
2026-09-28 20:56:48.390 Df LosslessSwitcher[4654:177065a] (CoreAudio)   HALC_ProxyIOContext.cpp:1193   HALC_ProxyIOContext::ResumeIO: -> 0 2 2 id:1584 called from <private>
2026-09-28 20:56:48.390 Df LosslessSwitcher[4654:177065a] (CoreAudio)   HALC_ProxyIOContext.cpp:1210   HALC_ProxyIOContext::ResumeIO: <- 0 1 1 id:1584 called from <private>
2026-09-28 20:56:48.391 Df Music[1908:176fb05] [com.apple.coreaudio:AUHAL]                 AUHAL.cpp:896   SelectDevice: (0x791f7c5c40) removing 0 device delegate listeners from device 597
2026-09-28 20:56:48.391 Df Music[1908:176fb05] [com.apple.coreaudio:AUHAL]                 AUHAL.cpp:912   SelectDevice: <- (0x791f7c5c40)
2026-09-28 20:56:48.391 Df Music[1908:176fb05] [com.apple.coreaudio:AUHAL]                 AUHAL.cpp:982   HALListener: <-(0x791f7c5c40)
2026-09-28 20:56:48.392 Df Music[1908:176fe3e] [com.apple.coreaudio:ddagg]        AggregateDevice.mm:882   HAL notification: default output device changed
2026-09-28 20:56:48.392 Df Music[1908:176fe3e] [com.apple.coreaudio:ddagg]        AggregateDevice.mm:914   fetched default output device, ID = 941
2026-09-28 20:56:48.392 Df Music[1908:176fe3e] [com.apple.coreaudio:ddagg]        AggregateDevice.mm:914   fetched default input device, ID = 554
2026-09-28 20:56:48.393 Df coreaudiod[2872:17706d4] (CoreAudio)   HALC_ProxyIOContext.cpp:1146   HALC_ProxyIOContext::PauseIO: -> 0 2 2, id:359 called from <private>
2026-09-28 20:56:48.393 Df coreaudiod[2872:17706d4] (CoreAudio)   HALC_ProxyIOContext.cpp:1159   HALC_ProxyIOContext::PauseIO: <- 0 3 3, id:359 called from <private>
2026-09-28 20:56:48.393 Df coreaudiod[2872:177065c] (CoreAudio)   HALC_ProxyIOContext.cpp:3542   HALC_IOContext_PauseIO(359)
2026-09-28 20:56:48.394 Df coreaudiod[2872:17706f3] (CoreAudio)   HALC_ProxyIOContext.cpp:3576   HALC_IOContext_ResumeIO(359)
2026-09-28 20:56:48.394 Df coreaudiod[2872:17706d4] (CoreAudio)   HALC_ProxyIOContext.cpp:1193   HALC_ProxyIOContext::ResumeIO: -> 0 3 3 id:359 called from <private>
2026-09-28 20:56:48.394 Df coreaudiod[2872:17706d4] (CoreAudio)   HALC_ProxyIOContext.cpp:1210   HALC_ProxyIOContext::ResumeIO: <- 0 2 2 id:359 called from <private>
2026-09-28 20:56:48.394 Df coreaudiod[2872:17706cb] (CoreAudio)   HALC_ProxyIOContext.cpp:1193   HALC_ProxyIOContext::ResumeIO: -> 0 2 2 id:359 called from <private>
2026-09-28 20:56:48.394 Df coreaudiod[2872:17706cb] (CoreAudio)   HALC_ProxyIOContext.cpp:1210   HALC_ProxyIOContext::ResumeIO: <- 0 1 1 id:359 called from <private>
2026-09-28 20:56:48.394 Df coreaudiod[2872:17706cb] (CoreAudio)   HALC_ProxyIOContext.cpp:1146   HALC_ProxyIOContext::PauseIO: -> 0 1 1, id:359 called from <private>
2026-09-28 20:56:48.394 Df coreaudiod[2872:17706cb] (CoreAudio)   HALC_ProxyIOContext.cpp:1159   HALC_ProxyIOContext::PauseIO: <- 0 2 2, id:359 called from <private>
2026-09-28 20:56:48.394 Df coreaudiod[2872:17706cb] (CoreAudio)   HALC_ProxyIOContext.cpp:1193   HALC_ProxyIOContext::ResumeIO: -> 0 2 2 id:359 called from <private>
2026-09-28 20:56:48.394 Df coreaudiod[2872:17706cb] (CoreAudio)   HALC_ProxyIOContext.cpp:1210   HALC_ProxyIOContext::ResumeIO: <- 0 1 1 id:359 called from <private>
2026-09-28 20:56:48.394 Df coreaudiod[2872:17706cb] (CoreAudio)   HALC_ProxyIOContext.cpp:1146   HALC_ProxyIOContext::PauseIO: -> 0 1 1, id:359 called from <private>
2026-09-28 20:56:48.394 Df coreaudiod[2872:17706cb] (CoreAudio)   HALC_ProxyIOContext.cpp:1159   HALC_ProxyIOContext::PauseIO: <- 0 2 2, id:359 called from <private>
2026-09-28 20:56:48.394 Df coreaudiod[2872:17706cb] (CoreAudio)   HALC_ProxyIOContext.cpp:1193   HALC_ProxyIOContext::ResumeIO: -> 0 2 2 id:359 called from <private>
2026-09-28 20:56:48.394 Df coreaudiod[2872:17706cb] (CoreAudio)   HALC_ProxyIOContext.cpp:1210   HALC_ProxyIOContext::ResumeIO: <- 0 1 1 id:359 called from <private>
2026-09-28 20:56:48.394 Df coreaudiod[2872:17706cb] (CoreAudio)   HALC_ProxyIOContext.cpp:1146   HALC_ProxyIOContext::PauseIO: -> 0 1 1, id:359 called from <private>
2026-09-28 20:56:48.394 Df coreaudiod[2872:17706cb] (CoreAudio)   HALC_ProxyIOContext.cpp:1159   HALC_ProxyIOContext::PauseIO: <- 0 2 2, id:359 called from <private>
2026-09-28 20:56:48.394 Df coreaudiod[2872:17706cb] (CoreAudio)   HALC_ProxyIOContext.cpp:1193   HALC_ProxyIOContext::ResumeIO: -> 0 2 2 id:359 called from <private>
2026-09-28 20:56:48.394 Df coreaudiod[2872:17706cb] (CoreAudio)   HALC_ProxyIOContext.cpp:1210   HALC_ProxyIOContext::ResumeIO: <- 0 1 1 id:359 called from <private>
2026-09-28 20:56:48.401 Df Music[1908:176fb05] [com.apple.coreaudio:aqme]            AQMEIO_HAL.cpp:2400  aqmeio@0x7932f75818: [RemoveSpatialPropertiesListener] Removing listener 0x7903dddc80
2026-09-28 20:56:48.402 Df Music[1908:176fb05] [com.apple.coreaudio:as_client] SessionCore_macOS_Legacy.mm:163   --> setPlayState Stopped  Output {AppleUSBAudioEngine:AudioQuest:AudioQuest DragonFly Black v1.5:AQDFBL0120002531:1, 0x3f}
2026-09-28 20:56:48.402 Df Music[1908:176fb05] [com.apple.coreaudio:as_client] SessionCore_macOS_Legacy.mm:194   <-- setPlayState IOState: [0, 0]. BT device UIDS: {(
2026-09-28 20:56:48.403 Df coreaudiod[2872:17706d3] [com.apple.coreaudio:AMCP]                 HALB_Logging.cpp:72    LogVolumeChangeForClientSide from AudioObjectSetPropertyData: device id 128, property address ['volm', 'outp', 0], device UID AppleUSBAudioEngine:AudioQuest:AudioQuest DragonFly Black v1.5:AQDFBL0120002531:1, volume: 0.062500
2026-09-28 20:56:48.408 E  coreaudiod[2872:17706c2] (CoreAudio)    HALS_PlugInControl.cpp:315    HALS_PlugInControl::_SetPropertyData: the given process does not own hog mode
2026-09-28 20:56:48.408 Df coreaudiod[2872:17706c0] (CoreAudio)      HALC_ProxyObject.cpp:1252   HALC_ProxyObject::SetPropertyData ('<private>', '<private>', 0, DF32): got an error from the server, 0x21686F67
2026-09-28 20:56:48.408 E  coreaudiod[2872:17706c0] (CoreAudio)       HALC_ShellObject.mm:606    HALC_ShellObject::SetPropertyData: call to the proxy failed, Error: 560492391 (<private>)
2026-09-28 20:56:48.408 Df coreaudiod[2872:17706c0] (CoreAudio)             HALPlugIn.cpp:333    HALPlugIn::ObjectSetPropertyData: got an error from the plug-in routine [<private>/<private>/0], Error: 560492391 (<private>)
2026-09-28 20:56:48.410 Df Music[1908:176fb05] [com.apple.coreaudio:aqme]            AQMEIO_HAL.cpp:2355  [AddSpatialPropertiesListener] objectID=941
2026-09-28 20:56:48.410 Df Music[1908:176fb05] [com.apple.coreaudio:aqme]            AQMEIO_HAL.cpp:2377  aqmeio@0x7932f75818: [AddSpatialPropertiesListener] Installed listener 0x7903ddc800
2026-09-28 20:56:48.410 A  coreaudiod[2872:17706d4] (TCC) TCCAccessRequest() IPC
2026-09-28 20:56:48.410 Df coreaudiod[2872:17706d4] [com.apple.xpc:connection] [0x7aaf3d9040] activating connection: mach=true listener=false peer=false name=com.apple.tccd.system
2026-09-28 20:56:48.411 E  Music[1908:17706d0] [com.apple.coreaudio:ddagg]        AggregateDevice.mm:364   Failed expectation of constructed aggregate (1004): mOutput.streamChannelCounts == outputStreamChannelCounts
2026-09-28 20:56:48.411 E  Music[1908:17706d0] [com.apple.coreaudio:ddagg]        AggregateDevice.mm:367   Failed expectation of constructed aggregate (1004): mOutput.totalChannelCount == std::accumulate(outputStreamChannelCounts.begin(), outputStreamChannelCounts.end(), 0U)
2026-09-28 20:56:48.411 Df Music[1908:17706d0] [com.apple.coreaudio:ddagg]        AggregateDevice.mm:661   Aggregate -1 did not validate; racing against config change? Will retry (2/10).
2026-09-28 20:56:48.411 E  coreaudiod[2872:17706c2] (CoreAudio)    HALS_PlugInControl.cpp:315    HALS_PlugInControl::_SetPropertyData: the given process does not own hog mode
2026-09-28 20:56:48.411 Df coreaudiod[2872:177065c] [com.apple.coreaudio:AMCP]                 HALB_Logging.cpp:72    LogVolumeChangeForClientSide from AudioObjectSetPropertyData: device id 128, property address ['mute', 'outp', 0], device UID AppleUSBAudioEngine:AudioQuest:AudioQuest DragonFly Black v1.5:AQDFBL0120002531:1, mute: 0.000000
2026-09-28 20:56:48.411 Df coreaudiod[2872:17706c0] (CoreAudio)      HALC_ProxyObject.cpp:1039   HALC_ProxyObject::SetPropertyData ('<private>', '<private>', 0, DI32): got an error from the server, 0x21686F67
2026-09-28 20:56:48.411 E  coreaudiod[2872:17706c0] (CoreAudio)       HALC_ShellObject.mm:606    HALC_ShellObject::SetPropertyData: call to the proxy failed, Error: 560492391 (<private>)
2026-09-28 20:56:48.411 Df coreaudiod[2872:17706c0] (CoreAudio)             HALPlugIn.cpp:333    HALPlugIn::ObjectSetPropertyData: got an error from the plug-in routine [<private>/<private>/0], Error: 560492391 (<private>)
2026-09-28 20:56:48.413 Df coreaudiod[2872:17706d2] (CoreAudio)           HALS_Device.cpp:293    HALS_Device::_Deactivate: deactivating device 1858: CADefaultDeviceAggregate-1908-36
2026-09-28 20:56:48.417 Df coreaudiod[2872:17706ca] [com.apple.coreaudio:AMCP]                 HALB_Logging.cpp:72    LogVolumeChangeForClientSide from AudioObjectSetPropertyData: device id 128, property address ['volm', 'outp', 0], device UID AppleUSBAudioEngine:AudioQuest:AudioQuest DragonFly Black v1.5:AQDFBL0120002531:1, volume: 0.062500
2026-09-28 20:56:48.419 Df coreaudiod[2872:17706f3] [com.apple.Accessibility:AXHearingHalPlugin] IsHidden: 1
2026-09-28 20:56:48.420 Df coreaudiod[2872:17706f3] [com.apple.Accessibility:AXHearingHalPlugin] IsHidden: 1
2026-09-28 20:56:48.420 E  coreaudiod[2872:17706c2] (CoreAudio)    HALS_PlugInControl.cpp:315    HALS_PlugInControl::_SetPropertyData: the given process does not own hog mode
2026-09-28 20:56:48.420 Df coreaudiod[2872:17706c0] (CoreAudio)      HALC_ProxyObject.cpp:1252   HALC_ProxyObject::SetPropertyData ('<private>', '<private>', 0, DF32): got an error from the server, 0x21686F67
2026-09-28 20:56:48.420 E  coreaudiod[2872:17706c0] (CoreAudio)       HALC_ShellObject.mm:606    HALC_ShellObject::SetPropertyData: call to the proxy failed, Error: 560492391 (<private>)
2026-09-28 20:56:48.420 Df coreaudiod[2872:17706c0] (CoreAudio)             HALPlugIn.cpp:333    HALPlugIn::ObjectSetPropertyData: got an error from the plug-in routine [<private>/<private>/0], Error: 560492391 (<private>)
2026-09-28 20:56:48.421 Df coreaudiod[2872:17706e3] [com.apple.coreaudio:AMCP]                 HALB_Logging.cpp:72    LogVolumeChangeForClientSide from AudioObjectSetPropertyData: device id 128, property address ['mute', 'outp', 0], device UID AppleUSBAudioEngine:AudioQuest:AudioQuest DragonFly Black v1.5:AQDFBL0120002531:1, mute: 0.000000
2026-09-28 20:56:48.423 E  coreaudiod[2872:17706c2] (CoreAudio)    HALS_PlugInControl.cpp:315    HALS_PlugInControl::_SetPropertyData: the given process does not own hog mode
2026-09-28 20:56:48.423 Df coreaudiod[2872:17706c0] (CoreAudio)      HALC_ProxyObject.cpp:1039   HALC_ProxyObject::SetPropertyData ('<private>', '<private>', 0, DI32): got an error from the server, 0x21686F67
2026-09-28 20:56:48.423 E  coreaudiod[2872:17706c0] (CoreAudio)       HALC_ShellObject.mm:606    HALC_ShellObject::SetPropertyData: call to the proxy failed, Error: 560492391 (<private>)
2026-09-28 20:56:48.423 Df coreaudiod[2872:17706c0] (CoreAudio)             HALPlugIn.cpp:333    HALPlugIn::ObjectSetPropertyData: got an error from the plug-in routine [<private>/<private>/0], Error: 560492391 (<private>)
2026-09-28 20:56:48.424 Df coreaudiod[2872:17706d3] [com.apple.coreaudio:AMCP]                 HALB_Logging.cpp:72    LogVolumeChangeForClientSide from AudioObjectSetPropertyData: device id 128, property address ['volm', 'outp', 0], device UID AppleUSBAudioEngine:AudioQuest:AudioQuest DragonFly Black v1.5:AQDFBL0120002531:1, volume: 0.062500
2026-09-28 20:56:48.424 E  coreaudiod[2872:17706c2] (CoreAudio)    HALS_PlugInControl.cpp:315    HALS_PlugInControl::_SetPropertyData: the given process does not own hog mode
2026-09-28 20:56:48.424 Df coreaudiod[2872:17706c0] (CoreAudio)      HALC_ProxyObject.cpp:1252   HALC_ProxyObject::SetPropertyData ('<private>', '<private>', 0, DF32): got an error from the server, 0x21686F67
2026-09-28 20:56:48.424 E  coreaudiod[2872:17706c0] (CoreAudio)       HALC_ShellObject.mm:606    HALC_ShellObject::SetPropertyData: call to the proxy failed, Error: 560492391 (<private>)
2026-09-28 20:56:48.424 Df coreaudiod[2872:17706c0] (CoreAudio)             HALPlugIn.cpp:333    HALPlugIn::ObjectSetPropertyData: got an error from the plug-in routine [<private>/<private>/0], Error: 560492391 (<private>)
2026-09-28 20:56:48.425 Df coreaudiod[2872:17706ca] [com.apple.coreaudio:AMCP]                 HALB_Logging.cpp:72    LogVolumeChangeForClientSide from AudioObjectSetPropertyData: device id 128, property address ['mute', 'outp', 0], device UID AppleUSBAudioEngine:AudioQuest:AudioQuest DragonFly Black v1.5:AQDFBL0120002531:1, mute: 0.000000
2026-09-28 20:56:48.426 Df coreaudiod[2872:17706f3] (CoreAudio) HALS_DefaultDeviceManager.cpp:410    Heap has 4 items
2026-09-28 20:56:48.426 Df coreaudiod[2872:17706f3] (CoreAudio) HALS_DefaultDeviceManager.cpp:488      126: 'BuiltInMicrophoneDevice'
2026-09-28 20:56:48.426 Df coreaudiod[2872:17706f3] (CoreAudio) HALS_DefaultDeviceManager.cpp:489           Arrival Time:       (0, 0)
2026-09-28 20:56:48.426 Df coreaudiod[2872:17706f3] (CoreAudio) HALS_DefaultDeviceManager.cpp:490           Transport:          'bltn'
2026-09-28 20:56:48.426 Df coreaudiod[2872:17706f3] (CoreAudio) HALS_DefaultDeviceManager.cpp:491           Input Data Source:  'imic'
2026-09-28 20:56:48.426 Df coreaudiod[2872:17706f3] (CoreAudio) HALS_DefaultDeviceManager.cpp:492           Output Data Source: ''
2026-09-28 20:56:48.426 Df coreaudiod[2872:17706f3] (CoreAudio) HALS_DefaultDeviceManager.cpp:493           Input Kind:          Mic
2026-09-28 20:56:48.426 Df coreaudiod[2872:17706f3] (CoreAudio) HALS_DefaultDeviceManager.cpp:494           Output Kind:         None
2026-09-28 20:56:48.426 Df coreaudiod[2872:17706f3] (CoreAudio) HALS_DefaultDeviceManager.cpp:495           Can Be Input:        yes
2026-09-28 20:56:48.426 Df coreaudiod[2872:17706f3] (CoreAudio) HALS_DefaultDeviceManager.cpp:496           Can Be Output:       no
2026-09-28 20:56:48.426 Df coreaudiod[2872:17706f3] (CoreAudio) HALS_DefaultDeviceManager.cpp:497           Can Be System:       no
2026-09-28 20:56:48.426 Df coreaudiod[2872:17706f3] (CoreAudio) HALS_DefaultDeviceManager.cpp:498           Allows Auto-Route:   yes
2026-09-28 20:56:48.426 Df coreaudiod[2872:17706f3] (CoreAudio) HALS_DefaultDeviceManager.cpp:488      551: 'com.rogueamoeba.Loopback:B84C2883-09E2-4BFA-979B-9935F80B4D6D'
2026-09-28 20:56:48.426 Df coreaudiod[2872:17706f3] (CoreAudio) HALS_DefaultDeviceManager.cpp:489           Arrival Time:       (497, 26001960000000)
2026-09-28 20:56:48.426 Df coreaudiod[2872:17706f3] (CoreAudio) HALS_DefaultDeviceManager.cpp:490           Transport:          'virt'
2026-09-28 20:56:48.426 Df coreaudiod[2872:17706f3] (CoreAudio) HALS_DefaultDeviceManager.cpp:491           Input Data Source:  ''
2026-09-28 20:56:48.426 Df coreaudiod[2872:17706f3] (CoreAudio) HALS_DefaultDeviceManager.cpp:492           Output Data Source: ''
2026-09-28 20:56:48.426 Df coreaudiod[2872:17706f3] (CoreAudio) HALS_DefaultDeviceManager.cpp:493           Input Kind:          Don't
2026-09-28 20:56:48.426 Df coreaudiod[2872:17706f3] (CoreAudio) HALS_DefaultDeviceManager.cpp:494           Output Kind:         Don't
2026-09-28 20:56:48.426 Df coreaudiod[2872:17706f3] (CoreAudio) HALS_DefaultDeviceManager.cpp:495           Can Be Input:        yes
2026-09-28 20:56:48.426 Df coreaudiod[2872:17706f3] (CoreAudio) HALS_DefaultDeviceManager.cpp:496           Can Be Output:       yes
2026-09-28 20:56:48.426 Df coreaudiod[2872:17706f3] (CoreAudio) HALS_DefaultDeviceManager.cpp:497           Can Be System:       yes
2026-09-28 20:56:48.426 Df coreaudiod[2872:17706f3] (CoreAudio) HALS_DefaultDeviceManager.cpp:498           Allows Auto-Route:   yes
2026-09-28 20:56:48.426 Df coreaudiod[2872:17706f3] (CoreAudio) HALS_DefaultDeviceManager.cpp:488      70: '597A1DFA-1BE3-47EF-8565-BAD100000003'
2026-09-28 20:56:48.426 Df coreaudiod[2872:17706f3] (CoreAudio) HALS_DefaultDeviceManager.cpp:489           Arrival Time:       (496, 26001120000000)
2026-09-28 20:56:48.426 Df coreaudiod[2872:17706f3] (CoreAudio) HALS_DefaultDeviceManager.cpp:490           Transport:          'ccwd'
2026-09-28 20:56:48.426 Df coreaudiod[2872:17706f3] (CoreAudio) HALS_DefaultDeviceManager.cpp:491           Input Data Source:  ''
2026-09-28 20:56:48.426 Df coreaudiod[2872:17706f3] (CoreAudio) HALS_DefaultDeviceManager.cpp:492           Output Data Source: ''
2026-09-28 20:56:48.426 Df coreaudiod[2872:17706f3] (CoreAudio) HALS_DefaultDeviceManager.cpp:493           Input Kind:          Don't
2026-09-28 20:56:48.426 Df coreaudiod[2872:17706f3] (CoreAudio) HALS_DefaultDeviceManager.cpp:494           Output Kind:         Don't
2026-09-28 20:56:48.426 Df coreaudiod[2872:17706f3] (CoreAudio) HALS_DefaultDeviceManager.cpp:495           Can Be Input:        yes
2026-09-28 20:56:48.426 Df coreaudiod[2872:17706f3] (CoreAudio) HALS_DefaultDeviceManager.cpp:496           Can Be Output:       no
2026-09-28 20:56:48.426 Df coreaudiod[2872:17706f3] (CoreAudio) HALS_DefaultDeviceManager.cpp:497           Can Be System:       no
2026-09-28 20:56:48.426 Df coreaudiod[2872:17706f3] (CoreAudio) HALS_DefaultDeviceManager.cpp:498           Allows Auto-Route:   no
2026-09-28 20:56:48.426 Df coreaudiod[2872:17706f3] (CoreAudio) HALS_DefaultDeviceManager.cpp:488      36: 'AOP Audio-1'
2026-09-28 20:56:48.426 Df coreaudiod[2872:17706f3] (CoreAudio) HALS_DefaultDeviceManager.cpp:489           Arrival Time:       (323, 0)
2026-09-28 20:56:48.426 Df coreaudiod[2872:17706f3] (CoreAudio) HALS_DefaultDeviceManager.cpp:490           Transport:          'virt'
2026-09-28 20:56:48.426 Df coreaudiod[2872:17706f3] (CoreAudio) HALS_DefaultDeviceManager.cpp:491           Input Data Source:  ''
2026-09-28 20:56:48.426 Df coreaudiod[2872:17706f3] (CoreAudio) HALS_DefaultDeviceManager.cpp:492           Output Data Source: ''
2026-09-28 20:56:48.426 Df coreaudiod[2872:17706f3] (CoreAudio) HALS_DefaultDeviceManager.cpp:493           Input Kind:          Don't
2026-09-28 20:56:48.426 Df coreaudiod[2872:17706f3] (CoreAudio) HALS_DefaultDeviceManager.cpp:494           Output Kind:         None
2026-09-28 20:56:48.426 Df coreaudiod[2872:17706f3] (CoreAudio) HALS_DefaultDeviceManager.cpp:495           Can Be Input:        yes
2026-09-28 20:56:48.426 Df coreaudiod[2872:17706f3] (CoreAudio) HALS_DefaultDeviceManager.cpp:496           Can Be Output:       no
2026-09-28 20:56:48.426 Df coreaudiod[2872:17706f3] (CoreAudio) HALS_DefaultDeviceManager.cpp:497           Can Be System:       no
2026-09-28 20:56:48.426 Df coreaudiod[2872:17706f3] (CoreAudio) HALS_DefaultDeviceManager.cpp:498           Allows Auto-Route:   yes
2026-09-28 20:56:48.426 Df coreaudiod[2872:17706f3] (CoreAudio) HALS_DefaultDeviceManager.cpp:1730   HALS_DefaultDeviceManager::PickDefaultDevice:          'dIn ' | picking 126: 'BuiltInMicrophoneDevice'/'imic'
2026-09-28 20:56:48.426 Df coreaudiod[2872:17706d4] [com.apple.xpc:connection] [0x7aaf3d9040] invalidated after the last release of the connection object
2026-09-28 20:56:48.426 E  coreaudiod[2872:17706d4] (CoreAudio)        HALS_IOContext.cpp:1508   Client is not granted access to the input device.
2026-09-28 20:56:48.426 Df Music[1908:176fb05] [com.apple.coreaudio:AudioConverter]        AudioConverter.cpp:1068  Created a new in process converter -> 0x79308bcf30, from  2 ch,  44100 Hz, Float32, deinterleaved to  2 ch,  44100 Hz, Float32, interleaved
2026-09-28 20:56:48.426 Df Music[1908:176fb05] [com.apple.coreaudio:aqme]            AQMEIO_HAL.cpp:562   LSOutput_UID (941): IO started 0 (err 0), was running 0, running count 0
2026-09-28 20:56:48.427 E  coreaudiod[2872:17706c2] (CoreAudio)    HALS_PlugInControl.cpp:315    HALS_PlugInControl::_SetPropertyData: the given process does not own hog mode
2026-09-28 20:56:48.427 Df coreaudiod[2872:17706c0] (CoreAudio)      HALC_ProxyObject.cpp:1039   HALC_ProxyObject::SetPropertyData ('<private>', '<private>', 0, DI32): got an error from the server, 0x21686F67
2026-09-28 20:56:48.427 E  coreaudiod[2872:17706c0] (CoreAudio)       HALC_ShellObject.mm:606    HALC_ShellObject::SetPropertyData: call to the proxy failed, Error: 560492391 (<private>)
2026-09-28 20:56:48.427 Df coreaudiod[2872:17706c0] (CoreAudio)             HALPlugIn.cpp:333    HALPlugIn::ObjectSetPropertyData: got an error from the plug-in routine [<private>/<private>/0], Error: 560492391 (<private>)
2026-09-28 20:56:48.427 Df coreaudiod[2872:17706f3] (CoreAudio) HALS_DefaultDeviceManager.cpp:1692   HALS_DefaultDeviceManager::FindPreferredDefaultDevice: 'dOut' | found preferred[0] 1467: 'LSOutput_UID'/''
2026-09-28 20:56:48.427 Df coreaudiod[2872:17706f3] (CoreAudio) HALS_DefaultDeviceManager.cpp:1692   HALS_DefaultDeviceManager::FindPreferredDefaultDevice: 'sOut' | found preferred[0] 117: 'BuiltInSpeakerDevice'/'ispk'
2026-09-28 20:56:48.428 Df coreaudiod[2872:17706f3] (CoreAudio) HALS_DefaultDeviceManager.cpp:1692   HALS_DefaultDeviceManager::FindPreferredDefaultDevice: 'shrd' | found preferred[0] 1467: 'LSOutput_UID'/''
2026-09-28 20:56:48.430 Df Music[1908:177065d] [com.apple.coreaudio:aqme]            AQMEIO_HAL.cpp:1621  User-selected BT device category is 0
2026-09-28 20:56:48.431 Df Music[1908:177065d] [com.apple.coreaudio:SpatialMgr] SpatializationManager.cpp:184   Spatial info for binding = Default-Output: {
2026-09-28 20:56:48.431 Df Music[1908:177065d] [com.apple.coreaudio:aqme]            AQMEIO_HAL.cpp:1621  User-selected BT device category is 0
2026-09-28 20:56:48.432 Df Music[1908:177065d] [com.apple.coreaudio:SpatialMgr] SpatializationManager.cpp:184   Spatial info for binding = Default-Output: {
2026-09-28 20:56:48.432 Df Music[1908:177065d] [com.apple.coreaudio:aqme]            AQMEIO_HAL.cpp:1621  User-selected BT device category is 0
2026-09-28 20:56:48.433 Df Music[1908:177065d] [com.apple.coreaudio:SpatialMgr] SpatializationManager.cpp:184   Spatial info for binding = Default-Output: {
2026-09-28 20:56:48.441 Df coreaudiod[2872:17706ca] [com.apple.coreaudio:AMCP]                  HALS_Device.cpp:5561  [ahal_dsp] Per client DSP has been initialized (Device ID: 1871).
2026-09-28 20:56:48.443 Df coreaudiod[2872:17706ca] (CoreAudio)           HALS_Device.cpp:210    HALS_Device::Activate: activating device 1871: CADefaultDeviceAggregate-1908-36 Transport Type: <private> Clock Domain: 1835100526
2026-09-28 20:56:48.443 Df coreaudiod[2872:17706ca] [com.apple.Accessibility:AXHearingHalPlugin] IsHidden: 1
2026-09-28 20:56:48.444 Df coreaudiod[2872:17706ca] [com.apple.Accessibility:AXHearingHalPlugin] IsHidden: 1
2026-09-28 20:56:48.444 Df coreaudiod[2872:17706ca] [com.apple.Accessibility:AXHearingHalPlugin] IsHidden: 1
2026-09-28 20:56:48.444 Df coreaudiod[2872:17706ca] [com.apple.Accessibility:AXHearingHalPlugin] IsHidden: 1
2026-09-28 20:56:48.444 Df coreaudiod[2872:17706ca] [com.apple.Accessibility:AXHearingHalPlugin] IsHidden: 1
2026-09-28 20:56:48.444 Df coreaudiod[2872:17706ca] [com.apple.Accessibility:AXHearingHalPlugin] IsHidden: 1
2026-09-28 20:56:48.444 Df coreaudiod[2872:17706ca] [com.apple.Accessibility:AXHearingHalPlugin] IsHidden: 1
2026-09-28 20:56:48.455 Df coreaudiod[2872:17706ca] [com.apple.Accessibility:AXHearingHalPlugin] IsHidden: 1
2026-09-28 20:56:48.456 Df coreaudiod[2872:17706ca] [com.apple.Accessibility:AXHearingHalPlugin] IsHidden: 1
2026-09-28 20:56:48.461 Df coreaudiod[2872:17706ca] (CoreAudio) HALS_DefaultDeviceManager.cpp:410    Heap has 4 items
2026-09-28 20:56:48.461 Df coreaudiod[2872:17706ca] (CoreAudio) HALS_DefaultDeviceManager.cpp:488      126: 'BuiltInMicrophoneDevice'
2026-09-28 20:56:48.461 Df coreaudiod[2872:17706ca] (CoreAudio) HALS_DefaultDeviceManager.cpp:489           Arrival Time:       (0, 0)
2026-09-28 20:56:48.461 Df coreaudiod[2872:17706ca] (CoreAudio) HALS_DefaultDeviceManager.cpp:490           Transport:          'bltn'
2026-09-28 20:56:48.461 Df coreaudiod[2872:17706ca] (CoreAudio) HALS_DefaultDeviceManager.cpp:491           Input Data Source:  'imic'
2026-09-28 20:56:48.461 Df coreaudiod[2872:17706ca] (CoreAudio) HALS_DefaultDeviceManager.cpp:492           Output Data Source: ''
2026-09-28 20:56:48.461 Df coreaudiod[2872:17706ca] (CoreAudio) HALS_DefaultDeviceManager.cpp:493           Input Kind:          Mic
2026-09-28 20:56:48.461 Df coreaudiod[2872:17706ca] (CoreAudio) HALS_DefaultDeviceManager.cpp:494           Output Kind:         None
2026-09-28 20:56:48.461 Df coreaudiod[2872:17706ca] (CoreAudio) HALS_DefaultDeviceManager.cpp:495           Can Be Input:        yes
2026-09-28 20:56:48.461 Df coreaudiod[2872:17706ca] (CoreAudio) HALS_DefaultDeviceManager.cpp:496           Can Be Output:       no
2026-09-28 20:56:48.461 Df coreaudiod[2872:17706ca] (CoreAudio) HALS_DefaultDeviceManager.cpp:497           Can Be System:       no
2026-09-28 20:56:48.461 Df coreaudiod[2872:17706ca] (CoreAudio) HALS_DefaultDeviceManager.cpp:498           Allows Auto-Route:   yes
2026-09-28 20:56:48.461 Df coreaudiod[2872:17706ca] (CoreAudio) HALS_DefaultDeviceManager.cpp:488      551: 'com.rogueamoeba.Loopback:B84C2883-09E2-4BFA-979B-9935F80B4D6D'
2026-09-28 20:56:48.461 Df coreaudiod[2872:17706ca] (CoreAudio) HALS_DefaultDeviceManager.cpp:489           Arrival Time:       (497, 26001960000000)
2026-09-28 20:56:48.461 Df coreaudiod[2872:17706ca] (CoreAudio) HALS_DefaultDeviceManager.cpp:490           Transport:          'virt'
2026-09-28 20:56:48.461 Df coreaudiod[2872:17706ca] (CoreAudio) HALS_DefaultDeviceManager.cpp:491           Input Data Source:  ''
2026-09-28 20:56:48.461 Df coreaudiod[2872:17706ca] (CoreAudio) HALS_DefaultDeviceManager.cpp:492           Output Data Source: ''
2026-09-28 20:56:48.461 Df coreaudiod[2872:17706ca] (CoreAudio) HALS_DefaultDeviceManager.cpp:493           Input Kind:          Don't
2026-09-28 20:56:48.461 Df coreaudiod[2872:17706ca] (CoreAudio) HALS_DefaultDeviceManager.cpp:494           Output Kind:         Don't
2026-09-28 20:56:48.461 Df coreaudiod[2872:17706ca] (CoreAudio) HALS_DefaultDeviceManager.cpp:495           Can Be Input:        yes
2026-09-28 20:56:48.461 Df coreaudiod[2872:17706ca] (CoreAudio) HALS_DefaultDeviceManager.cpp:496           Can Be Output:       yes
2026-09-28 20:56:48.461 Df coreaudiod[2872:17706ca] (CoreAudio) HALS_DefaultDeviceManager.cpp:497           Can Be System:       yes
2026-09-28 20:56:48.461 Df coreaudiod[2872:17706ca] (CoreAudio) HALS_DefaultDeviceManager.cpp:498           Allows Auto-Route:   yes
2026-09-28 20:56:48.461 Df coreaudiod[2872:17706ca] (CoreAudio) HALS_DefaultDeviceManager.cpp:488      70: '597A1DFA-1BE3-47EF-8565-BAD100000003'
2026-09-28 20:56:48.461 Df coreaudiod[2872:17706ca] (CoreAudio) HALS_DefaultDeviceManager.cpp:489           Arrival Time:       (496, 26001120000000)
2026-09-28 20:56:48.461 Df coreaudiod[2872:17706ca] (CoreAudio) HALS_DefaultDeviceManager.cpp:490           Transport:          'ccwd'
2026-09-28 20:56:48.461 Df coreaudiod[2872:17706ca] (CoreAudio) HALS_DefaultDeviceManager.cpp:491           Input Data Source:  ''
2026-09-28 20:56:48.461 Df coreaudiod[2872:17706ca] (CoreAudio) HALS_DefaultDeviceManager.cpp:492           Output Data Source: ''
2026-09-28 20:56:48.461 Df coreaudiod[2872:17706ca] (CoreAudio) HALS_DefaultDeviceManager.cpp:493           Input Kind:          Don't
2026-09-28 20:56:48.461 Df coreaudiod[2872:17706ca] (CoreAudio) HALS_DefaultDeviceManager.cpp:494           Output Kind:         Don't
2026-09-28 20:56:48.461 Df coreaudiod[2872:17706ca] (CoreAudio) HALS_DefaultDeviceManager.cpp:495           Can Be Input:        yes
2026-09-28 20:56:48.461 Df coreaudiod[2872:17706ca] (CoreAudio) HALS_DefaultDeviceManager.cpp:496           Can Be Output:       no
2026-09-28 20:56:48.461 Df coreaudiod[2872:17706ca] (CoreAudio) HALS_DefaultDeviceManager.cpp:497           Can Be System:       no
2026-09-28 20:56:48.461 Df coreaudiod[2872:17706ca] (CoreAudio) HALS_DefaultDeviceManager.cpp:498           Allows Auto-Route:   no
2026-09-28 20:56:48.461 Df coreaudiod[2872:17706ca] (CoreAudio) HALS_DefaultDeviceManager.cpp:488      36: 'AOP Audio-1'
2026-09-28 20:56:48.461 Df coreaudiod[2872:17706ca] (CoreAudio) HALS_DefaultDeviceManager.cpp:489           Arrival Time:       (323, 0)
2026-09-28 20:56:48.461 Df coreaudiod[2872:17706ca] (CoreAudio) HALS_DefaultDeviceManager.cpp:490           Transport:          'virt'
2026-09-28 20:56:48.461 Df coreaudiod[2872:17706ca] (CoreAudio) HALS_DefaultDeviceManager.cpp:491           Input Data Source:  ''
2026-09-28 20:56:48.461 Df coreaudiod[2872:17706ca] (CoreAudio) HALS_DefaultDeviceManager.cpp:492           Output Data Source: ''
2026-09-28 20:56:48.461 Df coreaudiod[2872:17706ca] (CoreAudio) HALS_DefaultDeviceManager.cpp:493           Input Kind:          Don't
2026-09-28 20:56:48.461 Df coreaudiod[2872:17706ca] (CoreAudio) HALS_DefaultDeviceManager.cpp:494           Output Kind:         None
2026-09-28 20:56:48.461 Df coreaudiod[2872:17706ca] (CoreAudio) HALS_DefaultDeviceManager.cpp:495           Can Be Input:        yes
2026-09-28 20:56:48.461 Df coreaudiod[2872:17706ca] (CoreAudio) HALS_DefaultDeviceManager.cpp:496           Can Be Output:       no
2026-09-28 20:56:48.461 Df coreaudiod[2872:17706ca] (CoreAudio) HALS_DefaultDeviceManager.cpp:497           Can Be System:       no
2026-09-28 20:56:48.461 Df coreaudiod[2872:17706ca] (CoreAudio) HALS_DefaultDeviceManager.cpp:498           Allows Auto-Route:   yes
2026-09-28 20:56:48.461 Df coreaudiod[2872:17706ca] (CoreAudio) HALS_DefaultDeviceManager.cpp:1730   HALS_DefaultDeviceManager::PickDefaultDevice:          'dIn ' | picking 126: 'BuiltInMicrophoneDevice'/'imic'
2026-09-28 20:56:48.462 Df coreaudiod[2872:17706ca] (CoreAudio) HALS_DefaultDeviceManager.cpp:1692   HALS_DefaultDeviceManager::FindPreferredDefaultDevice: 'dOut' | found preferred[0] 1467: 'LSOutput_UID'/''
2026-09-28 20:56:48.462 Df coreaudiod[2872:17706ca] (CoreAudio) HALS_DefaultDeviceManager.cpp:1692   HALS_DefaultDeviceManager::FindPreferredDefaultDevice: 'sOut' | found preferred[0] 117: 'BuiltInSpeakerDevice'/'ispk'
2026-09-28 20:56:48.463 Df coreaudiod[2872:17706ca] (CoreAudio) HALS_DefaultDeviceManager.cpp:1692   HALS_DefaultDeviceManager::FindPreferredDefaultDevice: 'shrd' | found preferred[0] 1467: 'LSOutput_UID'/''
2026-09-28 20:56:48.471 E  Music[1908:17706d0] [com.apple.coreaudio:ddagg]        AggregateDevice.mm:364   Failed expectation of constructed aggregate (1009): mOutput.streamChannelCounts == outputStreamChannelCounts
2026-09-28 20:56:48.471 E  Music[1908:17706d0] [com.apple.coreaudio:ddagg]        AggregateDevice.mm:367   Failed expectation of constructed aggregate (1009): mOutput.totalChannelCount == std::accumulate(outputStreamChannelCounts.begin(), outputStreamChannelCounts.end(), 0U)
2026-09-28 20:56:48.471 Df Music[1908:17706d0] [com.apple.coreaudio:ddagg]        AggregateDevice.mm:661   Aggregate -1 did not validate; racing against config change? Will retry (3/10).
2026-09-28 20:56:48.473 Df coreaudiod[2872:17706c3] (CoreAudio)           HALS_Device.cpp:293    HALS_Device::_Deactivate: deactivating device 1871: CADefaultDeviceAggregate-1908-36
2026-09-28 20:56:48.480 Df coreaudiod[2872:17706c3] [com.apple.Accessibility:AXHearingHalPlugin] IsHidden: 1
2026-09-28 20:56:48.481 Df coreaudiod[2872:17706c3] [com.apple.Accessibility:AXHearingHalPlugin] IsHidden: 1
2026-09-28 20:56:48.485 Df coreaudiod[2872:17706c3] (CoreAudio) HALS_DefaultDeviceManager.cpp:410    Heap has 4 items
2026-09-28 20:56:48.485 Df coreaudiod[2872:17706c3] (CoreAudio) HALS_DefaultDeviceManager.cpp:488      126: 'BuiltInMicrophoneDevice'
2026-09-28 20:56:48.485 Df coreaudiod[2872:17706c3] (CoreAudio) HALS_DefaultDeviceManager.cpp:489           Arrival Time:       (0, 0)
2026-09-28 20:56:48.485 Df coreaudiod[2872:17706c3] (CoreAudio) HALS_DefaultDeviceManager.cpp:490           Transport:          'bltn'
2026-09-28 20:56:48.485 Df coreaudiod[2872:17706c3] (CoreAudio) HALS_DefaultDeviceManager.cpp:491           Input Data Source:  'imic'
2026-09-28 20:56:48.485 Df coreaudiod[2872:17706c3] (CoreAudio) HALS_DefaultDeviceManager.cpp:492           Output Data Source: ''
2026-09-28 20:56:48.485 Df coreaudiod[2872:17706c3] (CoreAudio) HALS_DefaultDeviceManager.cpp:493           Input Kind:          Mic
2026-09-28 20:56:48.485 Df coreaudiod[2872:17706c3] (CoreAudio) HALS_DefaultDeviceManager.cpp:494           Output Kind:         None
2026-09-28 20:56:48.485 Df coreaudiod[2872:17706c3] (CoreAudio) HALS_DefaultDeviceManager.cpp:495           Can Be Input:        yes
2026-09-28 20:56:48.485 Df coreaudiod[2872:17706c3] (CoreAudio) HALS_DefaultDeviceManager.cpp:496           Can Be Output:       no
2026-09-28 20:56:48.485 Df coreaudiod[2872:17706c3] (CoreAudio) HALS_DefaultDeviceManager.cpp:497           Can Be System:       no
2026-09-28 20:56:48.485 Df coreaudiod[2872:17706c3] (CoreAudio) HALS_DefaultDeviceManager.cpp:498           Allows Auto-Route:   yes
2026-09-28 20:56:48.485 Df coreaudiod[2872:17706c3] (CoreAudio) HALS_DefaultDeviceManager.cpp:488      551: 'com.rogueamoeba.Loopback:B84C2883-09E2-4BFA-979B-9935F80B4D6D'
2026-09-28 20:56:48.485 Df coreaudiod[2872:17706c3] (CoreAudio) HALS_DefaultDeviceManager.cpp:489           Arrival Time:       (497, 26001960000000)
2026-09-28 20:56:48.485 Df coreaudiod[2872:17706c3] (CoreAudio) HALS_DefaultDeviceManager.cpp:490           Transport:          'virt'
2026-09-28 20:56:48.485 Df coreaudiod[2872:17706c3] (CoreAudio) HALS_DefaultDeviceManager.cpp:491           Input Data Source:  ''
2026-09-28 20:56:48.485 Df coreaudiod[2872:17706c3] (CoreAudio) HALS_DefaultDeviceManager.cpp:492           Output Data Source: ''
2026-09-28 20:56:48.485 Df coreaudiod[2872:17706c3] (CoreAudio) HALS_DefaultDeviceManager.cpp:493           Input Kind:          Don't
2026-09-28 20:56:48.485 Df coreaudiod[2872:17706c3] (CoreAudio) HALS_DefaultDeviceManager.cpp:494           Output Kind:         Don't
2026-09-28 20:56:48.485 Df coreaudiod[2872:17706c3] (CoreAudio) HALS_DefaultDeviceManager.cpp:495           Can Be Input:        yes
2026-09-28 20:56:48.485 Df coreaudiod[2872:17706c3] (CoreAudio) HALS_DefaultDeviceManager.cpp:496           Can Be Output:       yes
2026-09-28 20:56:48.485 Df coreaudiod[2872:17706c3] (CoreAudio) HALS_DefaultDeviceManager.cpp:497           Can Be System:       yes
2026-09-28 20:56:48.485 Df coreaudiod[2872:17706c3] (CoreAudio) HALS_DefaultDeviceManager.cpp:498           Allows Auto-Route:   yes
2026-09-28 20:56:48.485 Df coreaudiod[2872:17706c3] (CoreAudio) HALS_DefaultDeviceManager.cpp:488      70: '597A1DFA-1BE3-47EF-8565-BAD100000003'
2026-09-28 20:56:48.485 Df coreaudiod[2872:17706c3] (CoreAudio) HALS_DefaultDeviceManager.cpp:489           Arrival Time:       (496, 26001120000000)
2026-09-28 20:56:48.485 Df coreaudiod[2872:17706c3] (CoreAudio) HALS_DefaultDeviceManager.cpp:490           Transport:          'ccwd'
2026-09-28 20:56:48.485 Df coreaudiod[2872:17706c3] (CoreAudio) HALS_DefaultDeviceManager.cpp:491           Input Data Source:  ''
2026-09-28 20:56:48.485 Df coreaudiod[2872:17706c3] (CoreAudio) HALS_DefaultDeviceManager.cpp:492           Output Data Source: ''
2026-09-28 20:56:48.485 Df coreaudiod[2872:17706c3] (CoreAudio) HALS_DefaultDeviceManager.cpp:493           Input Kind:          Don't
2026-09-28 20:56:48.485 Df coreaudiod[2872:17706c3] (CoreAudio) HALS_DefaultDeviceManager.cpp:494           Output Kind:         Don't
2026-09-28 20:56:48.485 Df coreaudiod[2872:17706c3] (CoreAudio) HALS_DefaultDeviceManager.cpp:495           Can Be Input:        yes
2026-09-28 20:56:48.485 Df coreaudiod[2872:17706c3] (CoreAudio) HALS_DefaultDeviceManager.cpp:496           Can Be Output:       no
2026-09-28 20:56:48.485 Df coreaudiod[2872:17706c3] (CoreAudio) HALS_DefaultDeviceManager.cpp:497           Can Be System:       no
2026-09-28 20:56:48.485 Df coreaudiod[2872:17706c3] (CoreAudio) HALS_DefaultDeviceManager.cpp:498           Allows Auto-Route:   no
2026-09-28 20:56:48.485 Df coreaudiod[2872:17706c3] (CoreAudio) HALS_DefaultDeviceManager.cpp:488      36: 'AOP Audio-1'
2026-09-28 20:56:48.485 Df coreaudiod[2872:17706c3] (CoreAudio) HALS_DefaultDeviceManager.cpp:489           Arrival Time:       (323, 0)
2026-09-28 20:56:48.485 Df coreaudiod[2872:17706c3] (CoreAudio) HALS_DefaultDeviceManager.cpp:490           Transport:          'virt'
2026-09-28 20:56:48.485 Df coreaudiod[2872:17706c3] (CoreAudio) HALS_DefaultDeviceManager.cpp:491           Input Data Source:  ''
2026-09-28 20:56:48.485 Df coreaudiod[2872:17706c3] (CoreAudio) HALS_DefaultDeviceManager.cpp:492           Output Data Source: ''
2026-09-28 20:56:48.485 Df coreaudiod[2872:17706c3] (CoreAudio) HALS_DefaultDeviceManager.cpp:493           Input Kind:          Don't
2026-09-28 20:56:48.485 Df coreaudiod[2872:17706c3] (CoreAudio) HALS_DefaultDeviceManager.cpp:494           Output Kind:         None
2026-09-28 20:56:48.485 Df coreaudiod[2872:17706c3] (CoreAudio) HALS_DefaultDeviceManager.cpp:495           Can Be Input:        yes
2026-09-28 20:56:48.485 Df coreaudiod[2872:17706c3] (CoreAudio) HALS_DefaultDeviceManager.cpp:496           Can Be Output:       no
2026-09-28 20:56:48.485 Df coreaudiod[2872:17706c3] (CoreAudio) HALS_DefaultDeviceManager.cpp:497           Can Be System:       no
2026-09-28 20:56:48.485 Df coreaudiod[2872:17706c3] (CoreAudio) HALS_DefaultDeviceManager.cpp:498           Allows Auto-Route:   yes
2026-09-28 20:56:48.485 Df coreaudiod[2872:17706c3] (CoreAudio) HALS_DefaultDeviceManager.cpp:1730   HALS_DefaultDeviceManager::PickDefaultDevice:          'dIn ' | picking 126: 'BuiltInMicrophoneDevice'/'imic'
2026-09-28 20:56:48.485 Df coreaudiod[2872:17706c3] (CoreAudio) HALS_DefaultDeviceManager.cpp:1692   HALS_DefaultDeviceManager::FindPreferredDefaultDevice: 'dOut' | found preferred[0] 1467: 'LSOutput_UID'/''
2026-09-28 20:56:48.486 Df coreaudiod[2872:17706c3] (CoreAudio) HALS_DefaultDeviceManager.cpp:1692   HALS_DefaultDeviceManager::FindPreferredDefaultDevice: 'sOut' | found preferred[0] 117: 'BuiltInSpeakerDevice'/'ispk'
2026-09-28 20:56:48.486 Df coreaudiod[2872:17706c3] (CoreAudio) HALS_DefaultDeviceManager.cpp:1692   HALS_DefaultDeviceManager::FindPreferredDefaultDevice: 'shrd' | found preferred[0] 1467: 'LSOutput_UID'/''
2026-09-28 20:56:48.493 Df coreaudiod[2872:17706c3] [com.apple.coreaudio:AMCP]                  HALS_Device.cpp:5561  [ahal_dsp] Per client DSP has been initialized (Device ID: 1876).
2026-09-28 20:56:48.494 Df coreaudiod[2872:17706c3] (CoreAudio)           HALS_Device.cpp:210    HALS_Device::Activate: activating device 1876: CADefaultDeviceAggregate-1908-36 Transport Type: <private> Clock Domain: 1835100526
2026-09-28 20:56:48.494 Df coreaudiod[2872:17706c3] [com.apple.Accessibility:AXHearingHalPlugin] IsHidden: 1
2026-09-28 20:56:48.494 Df coreaudiod[2872:17706c3] [com.apple.Accessibility:AXHearingHalPlugin] IsHidden: 1
2026-09-28 20:56:48.494 Df coreaudiod[2872:17706c3] [com.apple.Accessibility:AXHearingHalPlugin] IsHidden: 1
2026-09-28 20:56:48.494 Df coreaudiod[2872:17706c3] [com.apple.Accessibility:AXHearingHalPlugin] IsHidden: 1
2026-09-28 20:56:48.494 Df coreaudiod[2872:17706c3] [com.apple.Accessibility:AXHearingHalPlugin] IsHidden: 1
2026-09-28 20:56:48.494 Df coreaudiod[2872:17706c3] [com.apple.Accessibility:AXHearingHalPlugin] IsHidden: 1
2026-09-28 20:56:48.494 Df coreaudiod[2872:17706c3] [com.apple.Accessibility:AXHearingHalPlugin] IsHidden: 1
2026-09-28 20:56:48.500 Df coreaudiod[2872:17706d3] [com.apple.Accessibility:AXHearingHalPlugin] IsHidden: 1
2026-09-28 20:56:48.500 Df coreaudiod[2872:17706d3] [com.apple.Accessibility:AXHearingHalPlugin] IsHidden: 1
2026-09-28 20:56:48.503 Df coreaudiod[2872:17706d3] (CoreAudio) HALS_DefaultDeviceManager.cpp:410    Heap has 4 items
2026-09-28 20:56:48.503 Df coreaudiod[2872:17706d3] (CoreAudio) HALS_DefaultDeviceManager.cpp:488      126: 'BuiltInMicrophoneDevice'
2026-09-28 20:56:48.503 Df coreaudiod[2872:17706d3] (CoreAudio) HALS_DefaultDeviceManager.cpp:489           Arrival Time:       (0, 0)
2026-09-28 20:56:48.503 Df coreaudiod[2872:17706d3] (CoreAudio) HALS_DefaultDeviceManager.cpp:490           Transport:          'bltn'
2026-09-28 20:56:48.503 Df coreaudiod[2872:17706d3] (CoreAudio) HALS_DefaultDeviceManager.cpp:491           Input Data Source:  'imic'
2026-09-28 20:56:48.503 Df coreaudiod[2872:17706d3] (CoreAudio) HALS_DefaultDeviceManager.cpp:492           Output Data Source: ''
2026-09-28 20:56:48.503 Df coreaudiod[2872:17706d3] (CoreAudio) HALS_DefaultDeviceManager.cpp:493           Input Kind:          Mic
2026-09-28 20:56:48.503 Df coreaudiod[2872:17706d3] (CoreAudio) HALS_DefaultDeviceManager.cpp:494           Output Kind:         None
2026-09-28 20:56:48.503 Df coreaudiod[2872:17706d3] (CoreAudio) HALS_DefaultDeviceManager.cpp:495           Can Be Input:        yes
2026-09-28 20:56:48.503 Df coreaudiod[2872:17706d3] (CoreAudio) HALS_DefaultDeviceManager.cpp:496           Can Be Output:       no
2026-09-28 20:56:48.503 Df coreaudiod[2872:17706d3] (CoreAudio) HALS_DefaultDeviceManager.cpp:497           Can Be System:       no
2026-09-28 20:56:48.503 Df coreaudiod[2872:17706d3] (CoreAudio) HALS_DefaultDeviceManager.cpp:498           Allows Auto-Route:   yes
2026-09-28 20:56:48.503 Df coreaudiod[2872:17706d3] (CoreAudio) HALS_DefaultDeviceManager.cpp:488      551: 'com.rogueamoeba.Loopback:B84C2883-09E2-4BFA-979B-9935F80B4D6D'
2026-09-28 20:56:48.503 Df coreaudiod[2872:17706d3] (CoreAudio) HALS_DefaultDeviceManager.cpp:489           Arrival Time:       (497, 26001960000000)
2026-09-28 20:56:48.503 Df coreaudiod[2872:17706d3] (CoreAudio) HALS_DefaultDeviceManager.cpp:490           Transport:          'virt'
2026-09-28 20:56:48.503 Df coreaudiod[2872:17706d3] (CoreAudio) HALS_DefaultDeviceManager.cpp:491           Input Data Source:  ''
2026-09-28 20:56:48.503 Df coreaudiod[2872:17706d3] (CoreAudio) HALS_DefaultDeviceManager.cpp:492           Output Data Source: ''
2026-09-28 20:56:48.503 Df coreaudiod[2872:17706d3] (CoreAudio) HALS_DefaultDeviceManager.cpp:493           Input Kind:          Don't
2026-09-28 20:56:48.503 Df coreaudiod[2872:17706d3] (CoreAudio) HALS_DefaultDeviceManager.cpp:494           Output Kind:         Don't
2026-09-28 20:56:48.503 Df coreaudiod[2872:17706d3] (CoreAudio) HALS_DefaultDeviceManager.cpp:495           Can Be Input:        yes
2026-09-28 20:56:48.503 Df coreaudiod[2872:17706d3] (CoreAudio) HALS_DefaultDeviceManager.cpp:496           Can Be Output:       yes
2026-09-28 20:56:48.503 Df coreaudiod[2872:17706d3] (CoreAudio) HALS_DefaultDeviceManager.cpp:497           Can Be System:       yes
2026-09-28 20:56:48.503 Df coreaudiod[2872:17706d3] (CoreAudio) HALS_DefaultDeviceManager.cpp:498           Allows Auto-Route:   yes
2026-09-28 20:56:48.503 Df coreaudiod[2872:17706d3] (CoreAudio) HALS_DefaultDeviceManager.cpp:488      70: '597A1DFA-1BE3-47EF-8565-BAD100000003'
2026-09-28 20:56:48.503 Df coreaudiod[2872:17706d3] (CoreAudio) HALS_DefaultDeviceManager.cpp:489           Arrival Time:       (496, 26001120000000)
2026-09-28 20:56:48.503 Df coreaudiod[2872:17706d3] (CoreAudio) HALS_DefaultDeviceManager.cpp:490           Transport:          'ccwd'
2026-09-28 20:56:48.503 Df coreaudiod[2872:17706d3] (CoreAudio) HALS_DefaultDeviceManager.cpp:491           Input Data Source:  ''
2026-09-28 20:56:48.503 Df coreaudiod[2872:17706d3] (CoreAudio) HALS_DefaultDeviceManager.cpp:492           Output Data Source: ''
2026-09-28 20:56:48.503 Df coreaudiod[2872:17706d3] (CoreAudio) HALS_DefaultDeviceManager.cpp:493           Input Kind:          Don't
2026-09-28 20:56:48.503 Df coreaudiod[2872:17706d3] (CoreAudio) HALS_DefaultDeviceManager.cpp:494           Output Kind:         Don't
2026-09-28 20:56:48.503 Df coreaudiod[2872:17706d3] (CoreAudio) HALS_DefaultDeviceManager.cpp:495           Can Be Input:        yes
2026-09-28 20:56:48.503 Df coreaudiod[2872:17706d3] (CoreAudio) HALS_DefaultDeviceManager.cpp:496           Can Be Output:       no
2026-09-28 20:56:48.503 Df coreaudiod[2872:17706d3] (CoreAudio) HALS_DefaultDeviceManager.cpp:497           Can Be System:       no
2026-09-28 20:56:48.503 Df coreaudiod[2872:17706d3] (CoreAudio) HALS_DefaultDeviceManager.cpp:498           Allows Auto-Route:   no
2026-09-28 20:56:48.503 Df coreaudiod[2872:17706d3] (CoreAudio) HALS_DefaultDeviceManager.cpp:488      36: 'AOP Audio-1'
2026-09-28 20:56:48.503 Df coreaudiod[2872:17706d3] (CoreAudio) HALS_DefaultDeviceManager.cpp:489           Arrival Time:       (323, 0)
2026-09-28 20:56:48.503 Df coreaudiod[2872:17706d3] (CoreAudio) HALS_DefaultDeviceManager.cpp:490           Transport:          'virt'
2026-09-28 20:56:48.503 Df coreaudiod[2872:17706d3] (CoreAudio) HALS_DefaultDeviceManager.cpp:491           Input Data Source:  ''
2026-09-28 20:56:48.503 Df coreaudiod[2872:17706d3] (CoreAudio) HALS_DefaultDeviceManager.cpp:492           Output Data Source: ''
2026-09-28 20:56:48.503 Df coreaudiod[2872:17706d3] (CoreAudio) HALS_DefaultDeviceManager.cpp:493           Input Kind:          Don't
2026-09-28 20:56:48.503 Df coreaudiod[2872:17706d3] (CoreAudio) HALS_DefaultDeviceManager.cpp:494           Output Kind:         None
2026-09-28 20:56:48.503 Df coreaudiod[2872:17706d3] (CoreAudio) HALS_DefaultDeviceManager.cpp:495           Can Be Input:        yes
2026-09-28 20:56:48.503 Df coreaudiod[2872:17706d3] (CoreAudio) HALS_DefaultDeviceManager.cpp:496           Can Be Output:       no
2026-09-28 20:56:48.503 Df coreaudiod[2872:17706d3] (CoreAudio) HALS_DefaultDeviceManager.cpp:497           Can Be System:       no
2026-09-28 20:56:48.503 Df coreaudiod[2872:17706d3] (CoreAudio) HALS_DefaultDeviceManager.cpp:498           Allows Auto-Route:   yes
2026-09-28 20:56:48.503 Df coreaudiod[2872:17706d3] (CoreAudio) HALS_DefaultDeviceManager.cpp:1730   HALS_DefaultDeviceManager::PickDefaultDevice:          'dIn ' | picking 126: 'BuiltInMicrophoneDevice'/'imic'
2026-09-28 20:56:48.504 Df coreaudiod[2872:17706d3] (CoreAudio) HALS_DefaultDeviceManager.cpp:1692   HALS_DefaultDeviceManager::FindPreferredDefaultDevice: 'dOut' | found preferred[0] 1467: 'LSOutput_UID'/''
2026-09-28 20:56:48.504 Df coreaudiod[2872:17706d3] (CoreAudio) HALS_DefaultDeviceManager.cpp:1692   HALS_DefaultDeviceManager::FindPreferredDefaultDevice: 'sOut' | found preferred[0] 117: 'BuiltInSpeakerDevice'/'ispk'
2026-09-28 20:56:48.504 Df coreaudiod[2872:17706d3] (CoreAudio) HALS_DefaultDeviceManager.cpp:1692   HALS_DefaultDeviceManager::FindPreferredDefaultDevice: 'shrd' | found preferred[0] 1467: 'LSOutput_UID'/''
2026-09-28 20:56:48.507 E  Music[1908:17706d0] [com.apple.coreaudio:ddagg]        AggregateDevice.mm:364   Failed expectation of constructed aggregate (1012): mOutput.streamChannelCounts == outputStreamChannelCounts
2026-09-28 20:56:48.507 E  Music[1908:17706d0] [com.apple.coreaudio:ddagg]        AggregateDevice.mm:367   Failed expectation of constructed aggregate (1012): mOutput.totalChannelCount == std::accumulate(outputStreamChannelCounts.begin(), outputStreamChannelCounts.end(), 0U)
2026-09-28 20:56:48.507 Df Music[1908:17706d0] [com.apple.coreaudio:ddagg]        AggregateDevice.mm:661   Aggregate -1 did not validate; racing against config change? Will retry (4/10).
2026-09-28 20:56:48.509 Df coreaudiod[2872:17706c0] (CoreAudio)           HALS_Device.cpp:293    HALS_Device::_Deactivate: deactivating device 1876: CADefaultDeviceAggregate-1908-36
2026-09-28 20:56:48.514 Df coreaudiod[2872:17706ca] [com.apple.Accessibility:AXHearingHalPlugin] IsHidden: 1
2026-09-28 20:56:48.515 Df coreaudiod[2872:17706ca] [com.apple.Accessibility:AXHearingHalPlugin] IsHidden: 1
2026-09-28 20:56:48.518 Df coreaudiod[2872:17706ca] (CoreAudio) HALS_DefaultDeviceManager.cpp:410    Heap has 4 items
2026-09-28 20:56:48.518 Df coreaudiod[2872:17706ca] (CoreAudio) HALS_DefaultDeviceManager.cpp:488      126: 'BuiltInMicrophoneDevice'
2026-09-28 20:56:48.518 Df coreaudiod[2872:17706ca] (CoreAudio) HALS_DefaultDeviceManager.cpp:489           Arrival Time:       (0, 0)
2026-09-28 20:56:48.518 Df coreaudiod[2872:17706ca] (CoreAudio) HALS_DefaultDeviceManager.cpp:490           Transport:          'bltn'
2026-09-28 20:56:48.518 Df coreaudiod[2872:17706ca] (CoreAudio) HALS_DefaultDeviceManager.cpp:491           Input Data Source:  'imic'
2026-09-28 20:56:48.518 Df coreaudiod[2872:17706ca] (CoreAudio) HALS_DefaultDeviceManager.cpp:492           Output Data Source: ''
2026-09-28 20:56:48.518 Df coreaudiod[2872:17706ca] (CoreAudio) HALS_DefaultDeviceManager.cpp:493           Input Kind:          Mic
2026-09-28 20:56:48.518 Df coreaudiod[2872:17706ca] (CoreAudio) HALS_DefaultDeviceManager.cpp:494           Output Kind:         None
2026-09-28 20:56:48.518 Df coreaudiod[2872:17706ca] (CoreAudio) HALS_DefaultDeviceManager.cpp:495           Can Be Input:        yes
2026-09-28 20:56:48.518 Df coreaudiod[2872:17706ca] (CoreAudio) HALS_DefaultDeviceManager.cpp:496           Can Be Output:       no
2026-09-28 20:56:48.518 Df coreaudiod[2872:17706ca] (CoreAudio) HALS_DefaultDeviceManager.cpp:497           Can Be System:       no
2026-09-28 20:56:48.518 Df coreaudiod[2872:17706ca] (CoreAudio) HALS_DefaultDeviceManager.cpp:498           Allows Auto-Route:   yes
2026-09-28 20:56:48.518 Df coreaudiod[2872:17706ca] (CoreAudio) HALS_DefaultDeviceManager.cpp:488      551: 'com.rogueamoeba.Loopback:B84C2883-09E2-4BFA-979B-9935F80B4D6D'
2026-09-28 20:56:48.518 Df coreaudiod[2872:17706ca] (CoreAudio) HALS_DefaultDeviceManager.cpp:489           Arrival Time:       (497, 26001960000000)
2026-09-28 20:56:48.518 Df coreaudiod[2872:17706ca] (CoreAudio) HALS_DefaultDeviceManager.cpp:490           Transport:          'virt'
2026-09-28 20:56:48.518 Df coreaudiod[2872:17706ca] (CoreAudio) HALS_DefaultDeviceManager.cpp:491           Input Data Source:  ''
2026-09-28 20:56:48.518 Df coreaudiod[2872:17706ca] (CoreAudio) HALS_DefaultDeviceManager.cpp:492           Output Data Source: ''
2026-09-28 20:56:48.518 Df coreaudiod[2872:17706ca] (CoreAudio) HALS_DefaultDeviceManager.cpp:493           Input Kind:          Don't
2026-09-28 20:56:48.518 Df coreaudiod[2872:17706ca] (CoreAudio) HALS_DefaultDeviceManager.cpp:494           Output Kind:         Don't
2026-09-28 20:56:48.518 Df coreaudiod[2872:17706ca] (CoreAudio) HALS_DefaultDeviceManager.cpp:495           Can Be Input:        yes
2026-09-28 20:56:48.518 Df coreaudiod[2872:17706ca] (CoreAudio) HALS_DefaultDeviceManager.cpp:496           Can Be Output:       yes
2026-09-28 20:56:48.518 Df coreaudiod[2872:17706ca] (CoreAudio) HALS_DefaultDeviceManager.cpp:497           Can Be System:       yes
2026-09-28 20:56:48.518 Df coreaudiod[2872:17706ca] (CoreAudio) HALS_DefaultDeviceManager.cpp:498           Allows Auto-Route:   yes
2026-09-28 20:56:48.518 Df coreaudiod[2872:17706ca] (CoreAudio) HALS_DefaultDeviceManager.cpp:488      70: '597A1DFA-1BE3-47EF-8565-BAD100000003'
2026-09-28 20:56:48.518 Df coreaudiod[2872:17706ca] (CoreAudio) HALS_DefaultDeviceManager.cpp:489           Arrival Time:       (496, 26001120000000)
2026-09-28 20:56:48.518 Df coreaudiod[2872:17706ca] (CoreAudio) HALS_DefaultDeviceManager.cpp:490           Transport:          'ccwd'
2026-09-28 20:56:48.518 Df coreaudiod[2872:17706ca] (CoreAudio) HALS_DefaultDeviceManager.cpp:491           Input Data Source:  ''
2026-09-28 20:56:48.518 Df coreaudiod[2872:17706ca] (CoreAudio) HALS_DefaultDeviceManager.cpp:492           Output Data Source: ''
2026-09-28 20:56:48.518 Df coreaudiod[2872:17706ca] (CoreAudio) HALS_DefaultDeviceManager.cpp:493           Input Kind:          Don't
2026-09-28 20:56:48.518 Df coreaudiod[2872:17706ca] (CoreAudio) HALS_DefaultDeviceManager.cpp:494           Output Kind:         Don't
2026-09-28 20:56:48.518 Df coreaudiod[2872:17706ca] (CoreAudio) HALS_DefaultDeviceManager.cpp:495           Can Be Input:        yes
2026-09-28 20:56:48.518 Df coreaudiod[2872:17706ca] (CoreAudio) HALS_DefaultDeviceManager.cpp:496           Can Be Output:       no
2026-09-28 20:56:48.518 Df coreaudiod[2872:17706ca] (CoreAudio) HALS_DefaultDeviceManager.cpp:497           Can Be System:       no
2026-09-28 20:56:48.518 Df coreaudiod[2872:17706ca] (CoreAudio) HALS_DefaultDeviceManager.cpp:498           Allows Auto-Route:   no
2026-09-28 20:56:48.518 Df coreaudiod[2872:17706ca] (CoreAudio) HALS_DefaultDeviceManager.cpp:488      36: 'AOP Audio-1'
2026-09-28 20:56:48.518 Df coreaudiod[2872:17706ca] (CoreAudio) HALS_DefaultDeviceManager.cpp:489           Arrival Time:       (323, 0)
2026-09-28 20:56:48.518 Df coreaudiod[2872:17706ca] (CoreAudio) HALS_DefaultDeviceManager.cpp:490           Transport:          'virt'
2026-09-28 20:56:48.518 Df coreaudiod[2872:17706ca] (CoreAudio) HALS_DefaultDeviceManager.cpp:491           Input Data Source:  ''
2026-09-28 20:56:48.518 Df coreaudiod[2872:17706ca] (CoreAudio) HALS_DefaultDeviceManager.cpp:492           Output Data Source: ''
2026-09-28 20:56:48.518 Df coreaudiod[2872:17706ca] (CoreAudio) HALS_DefaultDeviceManager.cpp:493           Input Kind:          Don't
2026-09-28 20:56:48.518 Df coreaudiod[2872:17706ca] (CoreAudio) HALS_DefaultDeviceManager.cpp:494           Output Kind:         None
2026-09-28 20:56:48.518 Df coreaudiod[2872:17706ca] (CoreAudio) HALS_DefaultDeviceManager.cpp:495           Can Be Input:        yes
2026-09-28 20:56:48.518 Df coreaudiod[2872:17706ca] (CoreAudio) HALS_DefaultDeviceManager.cpp:496           Can Be Output:       no
2026-09-28 20:56:48.518 Df coreaudiod[2872:17706ca] (CoreAudio) HALS_DefaultDeviceManager.cpp:497           Can Be System:       no
2026-09-28 20:56:48.518 Df coreaudiod[2872:17706ca] (CoreAudio) HALS_DefaultDeviceManager.cpp:498           Allows Auto-Route:   yes
2026-09-28 20:56:48.518 Df coreaudiod[2872:17706ca] (CoreAudio) HALS_DefaultDeviceManager.cpp:1730   HALS_DefaultDeviceManager::PickDefaultDevice:          'dIn ' | picking 126: 'BuiltInMicrophoneDevice'/'imic'
2026-09-28 20:56:48.519 Df coreaudiod[2872:17706ca] (CoreAudio) HALS_DefaultDeviceManager.cpp:1692   HALS_DefaultDeviceManager::FindPreferredDefaultDevice: 'dOut' | found preferred[0] 1467: 'LSOutput_UID'/''
2026-09-28 20:56:48.519 Df coreaudiod[2872:17706ca] (CoreAudio) HALS_DefaultDeviceManager.cpp:1692   HALS_DefaultDeviceManager::FindPreferredDefaultDevice: 'sOut' | found preferred[0] 117: 'BuiltInSpeakerDevice'/'ispk'
2026-09-28 20:56:48.520 Df coreaudiod[2872:17706ca] (CoreAudio) HALS_DefaultDeviceManager.cpp:1692   HALS_DefaultDeviceManager::FindPreferredDefaultDevice: 'shrd' | found preferred[0] 1467: 'LSOutput_UID'/''
2026-09-28 20:56:48.529 Df coreaudiod[2872:17706ca] [com.apple.coreaudio:AMCP]                  HALS_Device.cpp:5561  [ahal_dsp] Per client DSP has been initialized (Device ID: 1881).
2026-09-28 20:56:48.529 Df coreaudiod[2872:17706ca] (CoreAudio)           HALS_Device.cpp:210    HALS_Device::Activate: activating device 1881: CADefaultDeviceAggregate-1908-36 Transport Type: <private> Clock Domain: 1835100526
2026-09-28 20:56:48.529 Df coreaudiod[2872:17706ca] [com.apple.Accessibility:AXHearingHalPlugin] IsHidden: 1
2026-09-28 20:56:48.530 Df coreaudiod[2872:17706ca] [com.apple.Accessibility:AXHearingHalPlugin] IsHidden: 1
2026-09-28 20:56:48.530 Df coreaudiod[2872:17706ca] [com.apple.Accessibility:AXHearingHalPlugin] IsHidden: 1
2026-09-28 20:56:48.530 Df coreaudiod[2872:17706ca] [com.apple.Accessibility:AXHearingHalPlugin] IsHidden: 1
2026-09-28 20:56:48.530 Df coreaudiod[2872:17706ca] [com.apple.Accessibility:AXHearingHalPlugin] IsHidden: 1
2026-09-28 20:56:48.530 Df coreaudiod[2872:17706ca] [com.apple.Accessibility:AXHearingHalPlugin] IsHidden: 1
2026-09-28 20:56:48.530 Df coreaudiod[2872:17706ca] [com.apple.Accessibility:AXHearingHalPlugin] IsHidden: 1
2026-09-28 20:56:48.536 Df coreaudiod[2872:17706ca] [com.apple.Accessibility:AXHearingHalPlugin] IsHidden: 1
2026-09-28 20:56:48.536 Df coreaudiod[2872:17706ca] [com.apple.Accessibility:AXHearingHalPlugin] IsHidden: 1
2026-09-28 20:56:48.539 Df coreaudiod[2872:17706ca] (CoreAudio) HALS_DefaultDeviceManager.cpp:410    Heap has 4 items
2026-09-28 20:56:48.539 Df coreaudiod[2872:17706ca] (CoreAudio) HALS_DefaultDeviceManager.cpp:488      126: 'BuiltInMicrophoneDevice'
2026-09-28 20:56:48.539 Df coreaudiod[2872:17706ca] (CoreAudio) HALS_DefaultDeviceManager.cpp:489           Arrival Time:       (0, 0)
2026-09-28 20:56:48.539 Df coreaudiod[2872:17706ca] (CoreAudio) HALS_DefaultDeviceManager.cpp:490           Transport:          'bltn'
2026-09-28 20:56:48.539 Df coreaudiod[2872:17706ca] (CoreAudio) HALS_DefaultDeviceManager.cpp:491           Input Data Source:  'imic'
2026-09-28 20:56:48.539 Df coreaudiod[2872:17706ca] (CoreAudio) HALS_DefaultDeviceManager.cpp:492           Output Data Source: ''
2026-09-28 20:56:48.539 Df coreaudiod[2872:17706ca] (CoreAudio) HALS_DefaultDeviceManager.cpp:493           Input Kind:          Mic
2026-09-28 20:56:48.539 Df coreaudiod[2872:17706ca] (CoreAudio) HALS_DefaultDeviceManager.cpp:494           Output Kind:         None
2026-09-28 20:56:48.539 Df coreaudiod[2872:17706ca] (CoreAudio) HALS_DefaultDeviceManager.cpp:495           Can Be Input:        yes
2026-09-28 20:56:48.539 Df coreaudiod[2872:17706ca] (CoreAudio) HALS_DefaultDeviceManager.cpp:496           Can Be Output:       no
2026-09-28 20:56:48.539 Df coreaudiod[2872:17706ca] (CoreAudio) HALS_DefaultDeviceManager.cpp:497           Can Be System:       no
2026-09-28 20:56:48.539 Df coreaudiod[2872:17706ca] (CoreAudio) HALS_DefaultDeviceManager.cpp:498           Allows Auto-Route:   yes
2026-09-28 20:56:48.539 Df coreaudiod[2872:17706ca] (CoreAudio) HALS_DefaultDeviceManager.cpp:488      551: 'com.rogueamoeba.Loopback:B84C2883-09E2-4BFA-979B-9935F80B4D6D'
2026-09-28 20:56:48.539 Df coreaudiod[2872:17706ca] (CoreAudio) HALS_DefaultDeviceManager.cpp:489           Arrival Time:       (497, 26001960000000)
2026-09-28 20:56:48.539 Df coreaudiod[2872:17706ca] (CoreAudio) HALS_DefaultDeviceManager.cpp:490           Transport:          'virt'
2026-09-28 20:56:48.539 Df coreaudiod[2872:17706ca] (CoreAudio) HALS_DefaultDeviceManager.cpp:491           Input Data Source:  ''
2026-09-28 20:56:48.539 Df coreaudiod[2872:17706ca] (CoreAudio) HALS_DefaultDeviceManager.cpp:492           Output Data Source: ''
2026-09-28 20:56:48.539 Df coreaudiod[2872:17706ca] (CoreAudio) HALS_DefaultDeviceManager.cpp:493           Input Kind:          Don't
2026-09-28 20:56:48.539 Df coreaudiod[2872:17706ca] (CoreAudio) HALS_DefaultDeviceManager.cpp:494           Output Kind:         Don't
2026-09-28 20:56:48.539 Df coreaudiod[2872:17706ca] (CoreAudio) HALS_DefaultDeviceManager.cpp:495           Can Be Input:        yes
2026-09-28 20:56:48.539 Df coreaudiod[2872:17706ca] (CoreAudio) HALS_DefaultDeviceManager.cpp:496           Can Be Output:       yes
2026-09-28 20:56:48.539 Df coreaudiod[2872:17706ca] (CoreAudio) HALS_DefaultDeviceManager.cpp:497           Can Be System:       yes
2026-09-28 20:56:48.539 Df coreaudiod[2872:17706ca] (CoreAudio) HALS_DefaultDeviceManager.cpp:498           Allows Auto-Route:   yes
2026-09-28 20:56:48.539 Df coreaudiod[2872:17706ca] (CoreAudio) HALS_DefaultDeviceManager.cpp:488      70: '597A1DFA-1BE3-47EF-8565-BAD100000003'
2026-09-28 20:56:48.539 Df coreaudiod[2872:17706ca] (CoreAudio) HALS_DefaultDeviceManager.cpp:489           Arrival Time:       (496, 26001120000000)
2026-09-28 20:56:48.539 Df coreaudiod[2872:17706ca] (CoreAudio) HALS_DefaultDeviceManager.cpp:490           Transport:          'ccwd'
2026-09-28 20:56:48.539 Df coreaudiod[2872:17706ca] (CoreAudio) HALS_DefaultDeviceManager.cpp:491           Input Data Source:  ''
2026-09-28 20:56:48.539 Df coreaudiod[2872:17706ca] (CoreAudio) HALS_DefaultDeviceManager.cpp:492           Output Data Source: ''
2026-09-28 20:56:48.539 Df coreaudiod[2872:17706ca] (CoreAudio) HALS_DefaultDeviceManager.cpp:493           Input Kind:          Don't
2026-09-28 20:56:48.539 Df coreaudiod[2872:17706ca] (CoreAudio) HALS_DefaultDeviceManager.cpp:494           Output Kind:         Don't
2026-09-28 20:56:48.539 Df coreaudiod[2872:17706ca] (CoreAudio) HALS_DefaultDeviceManager.cpp:495           Can Be Input:        yes
2026-09-28 20:56:48.539 Df coreaudiod[2872:17706ca] (CoreAudio) HALS_DefaultDeviceManager.cpp:496           Can Be Output:       no
2026-09-28 20:56:48.539 Df coreaudiod[2872:17706ca] (CoreAudio) HALS_DefaultDeviceManager.cpp:497           Can Be System:       no
2026-09-28 20:56:48.539 Df coreaudiod[2872:17706ca] (CoreAudio) HALS_DefaultDeviceManager.cpp:498           Allows Auto-Route:   no
2026-09-28 20:56:48.539 Df coreaudiod[2872:17706ca] (CoreAudio) HALS_DefaultDeviceManager.cpp:488      36: 'AOP Audio-1'
2026-09-28 20:56:48.539 Df coreaudiod[2872:17706ca] (CoreAudio) HALS_DefaultDeviceManager.cpp:489           Arrival Time:       (323, 0)
2026-09-28 20:56:48.539 Df coreaudiod[2872:17706ca] (CoreAudio) HALS_DefaultDeviceManager.cpp:490           Transport:          'virt'
2026-09-28 20:56:48.539 Df coreaudiod[2872:17706ca] (CoreAudio) HALS_DefaultDeviceManager.cpp:491           Input Data Source:  ''
2026-09-28 20:56:48.539 Df coreaudiod[2872:17706ca] (CoreAudio) HALS_DefaultDeviceManager.cpp:492           Output Data Source: ''
2026-09-28 20:56:48.539 Df coreaudiod[2872:17706ca] (CoreAudio) HALS_DefaultDeviceManager.cpp:493           Input Kind:          Don't
2026-09-28 20:56:48.539 Df coreaudiod[2872:17706ca] (CoreAudio) HALS_DefaultDeviceManager.cpp:494           Output Kind:         None
2026-09-28 20:56:48.539 Df coreaudiod[2872:17706ca] (CoreAudio) HALS_DefaultDeviceManager.cpp:495           Can Be Input:        yes
2026-09-28 20:56:48.539 Df coreaudiod[2872:17706ca] (CoreAudio) HALS_DefaultDeviceManager.cpp:496           Can Be Output:       no
2026-09-28 20:56:48.539 Df coreaudiod[2872:17706ca] (CoreAudio) HALS_DefaultDeviceManager.cpp:497           Can Be System:       no
2026-09-28 20:56:48.539 Df coreaudiod[2872:17706ca] (CoreAudio) HALS_DefaultDeviceManager.cpp:498           Allows Auto-Route:   yes
2026-09-28 20:56:48.539 Df coreaudiod[2872:17706ca] (CoreAudio) HALS_DefaultDeviceManager.cpp:1730   HALS_DefaultDeviceManager::PickDefaultDevice:          'dIn ' | picking 126: 'BuiltInMicrophoneDevice'/'imic'
2026-09-28 20:56:48.540 Df coreaudiod[2872:17706ca] (CoreAudio) HALS_DefaultDeviceManager.cpp:1692   HALS_DefaultDeviceManager::FindPreferredDefaultDevice: 'dOut' | found preferred[0] 1467: 'LSOutput_UID'/''
2026-09-28 20:56:48.540 Df coreaudiod[2872:17706ca] (CoreAudio) HALS_DefaultDeviceManager.cpp:1692   HALS_DefaultDeviceManager::FindPreferredDefaultDevice: 'sOut' | found preferred[0] 117: 'BuiltInSpeakerDevice'/'ispk'
2026-09-28 20:56:48.541 Df coreaudiod[2872:17706ca] (CoreAudio) HALS_DefaultDeviceManager.cpp:1692   HALS_DefaultDeviceManager::FindPreferredDefaultDevice: 'shrd' | found preferred[0] 1467: 'LSOutput_UID'/''
2026-09-28 20:56:48.544 E  Music[1908:17706d0] [com.apple.coreaudio:ddagg]        AggregateDevice.mm:364   Failed expectation of constructed aggregate (1015): mOutput.streamChannelCounts == outputStreamChannelCounts
2026-09-28 20:56:48.544 E  Music[1908:17706d0] [com.apple.coreaudio:ddagg]        AggregateDevice.mm:367   Failed expectation of constructed aggregate (1015): mOutput.totalChannelCount == std::accumulate(outputStreamChannelCounts.begin(), outputStreamChannelCounts.end(), 0U)
2026-09-28 20:56:48.544 Df Music[1908:17706d0] [com.apple.coreaudio:ddagg]        AggregateDevice.mm:661   Aggregate -1 did not validate; racing against config change? Will retry (5/10).
2026-09-28 20:56:48.546 Df coreaudiod[2872:17706e3] (CoreAudio)           HALS_Device.cpp:293    HALS_Device::_Deactivate: deactivating device 1881: CADefaultDeviceAggregate-1908-36
2026-09-28 20:56:48.551 Df coreaudiod[2872:17706d3] [com.apple.Accessibility:AXHearingHalPlugin] IsHidden: 1
2026-09-28 20:56:48.551 Df coreaudiod[2872:17706d3] [com.apple.Accessibility:AXHearingHalPlugin] IsHidden: 1
2026-09-28 20:56:48.554 Df coreaudiod[2872:17706d3] (CoreAudio) HALS_DefaultDeviceManager.cpp:410    Heap has 4 items
2026-09-28 20:56:48.554 Df coreaudiod[2872:17706d3] (CoreAudio) HALS_DefaultDeviceManager.cpp:488      126: 'BuiltInMicrophoneDevice'
2026-09-28 20:56:48.554 Df coreaudiod[2872:17706d3] (CoreAudio) HALS_DefaultDeviceManager.cpp:489           Arrival Time:       (0, 0)
2026-09-28 20:56:48.554 Df coreaudiod[2872:17706d3] (CoreAudio) HALS_DefaultDeviceManager.cpp:490           Transport:          'bltn'
2026-09-28 20:56:48.554 Df coreaudiod[2872:17706d3] (CoreAudio) HALS_DefaultDeviceManager.cpp:491           Input Data Source:  'imic'
2026-09-28 20:56:48.554 Df coreaudiod[2872:17706d3] (CoreAudio) HALS_DefaultDeviceManager.cpp:492           Output Data Source: ''
2026-09-28 20:56:48.554 Df coreaudiod[2872:17706d3] (CoreAudio) HALS_DefaultDeviceManager.cpp:493           Input Kind:          Mic
2026-09-28 20:56:48.554 Df coreaudiod[2872:17706d3] (CoreAudio) HALS_DefaultDeviceManager.cpp:494           Output Kind:         None
2026-09-28 20:56:48.554 Df coreaudiod[2872:17706d3] (CoreAudio) HALS_DefaultDeviceManager.cpp:495           Can Be Input:        yes
2026-09-28 20:56:48.554 Df coreaudiod[2872:17706d3] (CoreAudio) HALS_DefaultDeviceManager.cpp:496           Can Be Output:       no
2026-09-28 20:56:48.554 Df coreaudiod[2872:17706d3] (CoreAudio) HALS_DefaultDeviceManager.cpp:497           Can Be System:       no
2026-09-28 20:56:48.554 Df coreaudiod[2872:17706d3] (CoreAudio) HALS_DefaultDeviceManager.cpp:498           Allows Auto-Route:   yes
2026-09-28 20:56:48.554 Df coreaudiod[2872:17706d3] (CoreAudio) HALS_DefaultDeviceManager.cpp:488      551: 'com.rogueamoeba.Loopback:B84C2883-09E2-4BFA-979B-9935F80B4D6D'
2026-09-28 20:56:48.554 Df coreaudiod[2872:17706d3] (CoreAudio) HALS_DefaultDeviceManager.cpp:489           Arrival Time:       (497, 26001960000000)
2026-09-28 20:56:48.554 Df coreaudiod[2872:17706d3] (CoreAudio) HALS_DefaultDeviceManager.cpp:490           Transport:          'virt'
2026-09-28 20:56:48.554 Df coreaudiod[2872:17706d3] (CoreAudio) HALS_DefaultDeviceManager.cpp:491           Input Data Source:  ''
2026-09-28 20:56:48.554 Df coreaudiod[2872:17706d3] (CoreAudio) HALS_DefaultDeviceManager.cpp:492           Output Data Source: ''
2026-09-28 20:56:48.554 Df coreaudiod[2872:17706d3] (CoreAudio) HALS_DefaultDeviceManager.cpp:493           Input Kind:          Don't
2026-09-28 20:56:48.554 Df coreaudiod[2872:17706d3] (CoreAudio) HALS_DefaultDeviceManager.cpp:494           Output Kind:         Don't
2026-09-28 20:56:48.554 Df coreaudiod[2872:17706d3] (CoreAudio) HALS_DefaultDeviceManager.cpp:495           Can Be Input:        yes
2026-09-28 20:56:48.554 Df coreaudiod[2872:17706d3] (CoreAudio) HALS_DefaultDeviceManager.cpp:496           Can Be Output:       yes
2026-09-28 20:56:48.554 Df coreaudiod[2872:17706d3] (CoreAudio) HALS_DefaultDeviceManager.cpp:497           Can Be System:       yes
2026-09-28 20:56:48.554 Df coreaudiod[2872:17706d3] (CoreAudio) HALS_DefaultDeviceManager.cpp:498           Allows Auto-Route:   yes
2026-09-28 20:56:48.554 Df coreaudiod[2872:17706d3] (CoreAudio) HALS_DefaultDeviceManager.cpp:488      70: '597A1DFA-1BE3-47EF-8565-BAD100000003'
2026-09-28 20:56:48.554 Df coreaudiod[2872:17706d3] (CoreAudio) HALS_DefaultDeviceManager.cpp:489           Arrival Time:       (496, 26001120000000)
2026-09-28 20:56:48.554 Df coreaudiod[2872:17706d3] (CoreAudio) HALS_DefaultDeviceManager.cpp:490           Transport:          'ccwd'
2026-09-28 20:56:48.554 Df coreaudiod[2872:17706d3] (CoreAudio) HALS_DefaultDeviceManager.cpp:491           Input Data Source:  ''
2026-09-28 20:56:48.554 Df coreaudiod[2872:17706d3] (CoreAudio) HALS_DefaultDeviceManager.cpp:492           Output Data Source: ''
2026-09-28 20:56:48.554 Df coreaudiod[2872:17706d3] (CoreAudio) HALS_DefaultDeviceManager.cpp:493           Input Kind:          Don't
2026-09-28 20:56:48.554 Df coreaudiod[2872:17706d3] (CoreAudio) HALS_DefaultDeviceManager.cpp:494           Output Kind:         Don't
2026-09-28 20:56:48.554 Df coreaudiod[2872:17706d3] (CoreAudio) HALS_DefaultDeviceManager.cpp:495           Can Be Input:        yes
2026-09-28 20:56:48.554 Df coreaudiod[2872:17706d3] (CoreAudio) HALS_DefaultDeviceManager.cpp:496           Can Be Output:       no
2026-09-28 20:56:48.554 Df coreaudiod[2872:17706d3] (CoreAudio) HALS_DefaultDeviceManager.cpp:497           Can Be System:       no
2026-09-28 20:56:48.554 Df coreaudiod[2872:17706d3] (CoreAudio) HALS_DefaultDeviceManager.cpp:498           Allows Auto-Route:   no
2026-09-28 20:56:48.554 Df coreaudiod[2872:17706d3] (CoreAudio) HALS_DefaultDeviceManager.cpp:488      36: 'AOP Audio-1'
2026-09-28 20:56:48.554 Df coreaudiod[2872:17706d3] (CoreAudio) HALS_DefaultDeviceManager.cpp:489           Arrival Time:       (323, 0)
2026-09-28 20:56:48.554 Df coreaudiod[2872:17706d3] (CoreAudio) HALS_DefaultDeviceManager.cpp:490           Transport:          'virt'
2026-09-28 20:56:48.554 Df coreaudiod[2872:17706d3] (CoreAudio) HALS_DefaultDeviceManager.cpp:491           Input Data Source:  ''
2026-09-28 20:56:48.554 Df coreaudiod[2872:17706d3] (CoreAudio) HALS_DefaultDeviceManager.cpp:492           Output Data Source: ''
2026-09-28 20:56:48.554 Df coreaudiod[2872:17706d3] (CoreAudio) HALS_DefaultDeviceManager.cpp:493           Input Kind:          Don't
2026-09-28 20:56:48.554 Df coreaudiod[2872:17706d3] (CoreAudio) HALS_DefaultDeviceManager.cpp:494           Output Kind:         None
2026-09-28 20:56:48.554 Df coreaudiod[2872:17706d3] (CoreAudio) HALS_DefaultDeviceManager.cpp:495           Can Be Input:        yes
2026-09-28 20:56:48.554 Df coreaudiod[2872:17706d3] (CoreAudio) HALS_DefaultDeviceManager.cpp:496           Can Be Output:       no
2026-09-28 20:56:48.554 Df coreaudiod[2872:17706d3] (CoreAudio) HALS_DefaultDeviceManager.cpp:497           Can Be System:       no
2026-09-28 20:56:48.554 Df coreaudiod[2872:17706d3] (CoreAudio) HALS_DefaultDeviceManager.cpp:498           Allows Auto-Route:   yes
2026-09-28 20:56:48.554 Df coreaudiod[2872:17706d3] (CoreAudio) HALS_DefaultDeviceManager.cpp:1730   HALS_DefaultDeviceManager::PickDefaultDevice:          'dIn ' | picking 126: 'BuiltInMicrophoneDevice'/'imic'
2026-09-28 20:56:48.555 Df coreaudiod[2872:17706d3] (CoreAudio) HALS_DefaultDeviceManager.cpp:1692   HALS_DefaultDeviceManager::FindPreferredDefaultDevice: 'dOut' | found preferred[0] 1467: 'LSOutput_UID'/''
2026-09-28 20:56:48.555 Df coreaudiod[2872:17706d3] (CoreAudio) HALS_DefaultDeviceManager.cpp:1692   HALS_DefaultDeviceManager::FindPreferredDefaultDevice: 'sOut' | found preferred[0] 117: 'BuiltInSpeakerDevice'/'ispk'
2026-09-28 20:56:48.555 Df coreaudiod[2872:17706d3] (CoreAudio) HALS_DefaultDeviceManager.cpp:1692   HALS_DefaultDeviceManager::FindPreferredDefaultDevice: 'shrd' | found preferred[0] 1467: 'LSOutput_UID'/''
2026-09-28 20:56:48.566 Df coreaudiod[2872:17706d3] [com.apple.coreaudio:AMCP]                  HALS_Device.cpp:5561  [ahal_dsp] Per client DSP has been initialized (Device ID: 1886).
2026-09-28 20:56:48.566 Df coreaudiod[2872:17706d3] (CoreAudio)           HALS_Device.cpp:210    HALS_Device::Activate: activating device 1886: CADefaultDeviceAggregate-1908-36 Transport Type: <private> Clock Domain: 1835100526
2026-09-28 20:56:48.566 Df coreaudiod[2872:17706d3] [com.apple.Accessibility:AXHearingHalPlugin] IsHidden: 1
2026-09-28 20:56:48.567 Df coreaudiod[2872:17706d3] [com.apple.Accessibility:AXHearingHalPlugin] IsHidden: 1
2026-09-28 20:56:48.567 Df coreaudiod[2872:17706d3] [com.apple.Accessibility:AXHearingHalPlugin] IsHidden: 1
2026-09-28 20:56:48.567 Df coreaudiod[2872:17706d3] [com.apple.Accessibility:AXHearingHalPlugin] IsHidden: 1
2026-09-28 20:56:48.567 Df coreaudiod[2872:17706d3] [com.apple.Accessibility:AXHearingHalPlugin] IsHidden: 1
2026-09-28 20:56:48.567 Df coreaudiod[2872:17706d3] [com.apple.Accessibility:AXHearingHalPlugin] IsHidden: 1
2026-09-28 20:56:48.567 Df coreaudiod[2872:17706d3] [com.apple.Accessibility:AXHearingHalPlugin] IsHidden: 1
2026-09-28 20:56:48.572 Df coreaudiod[2872:17706c0] [com.apple.Accessibility:AXHearingHalPlugin] IsHidden: 1
2026-09-28 20:56:48.572 Df coreaudiod[2872:17706c0] [com.apple.Accessibility:AXHearingHalPlugin] IsHidden: 1
2026-09-28 20:56:48.575 Df coreaudiod[2872:17706c0] (CoreAudio) HALS_DefaultDeviceManager.cpp:410    Heap has 4 items
2026-09-28 20:56:48.575 Df coreaudiod[2872:17706c0] (CoreAudio) HALS_DefaultDeviceManager.cpp:488      126: 'BuiltInMicrophoneDevice'
2026-09-28 20:56:48.575 Df coreaudiod[2872:17706c0] (CoreAudio) HALS_DefaultDeviceManager.cpp:489           Arrival Time:       (0, 0)
2026-09-28 20:56:48.575 Df coreaudiod[2872:17706c0] (CoreAudio) HALS_DefaultDeviceManager.cpp:490           Transport:          'bltn'
2026-09-28 20:56:48.575 Df coreaudiod[2872:17706c0] (CoreAudio) HALS_DefaultDeviceManager.cpp:491           Input Data Source:  'imic'
2026-09-28 20:56:48.575 Df coreaudiod[2872:17706c0] (CoreAudio) HALS_DefaultDeviceManager.cpp:492           Output Data Source: ''
2026-09-28 20:56:48.575 Df coreaudiod[2872:17706c0] (CoreAudio) HALS_DefaultDeviceManager.cpp:493           Input Kind:          Mic
2026-09-28 20:56:48.575 Df coreaudiod[2872:17706c0] (CoreAudio) HALS_DefaultDeviceManager.cpp:494           Output Kind:         None
2026-09-28 20:56:48.575 Df coreaudiod[2872:17706c0] (CoreAudio) HALS_DefaultDeviceManager.cpp:495           Can Be Input:        yes
2026-09-28 20:56:48.575 Df coreaudiod[2872:17706c0] (CoreAudio) HALS_DefaultDeviceManager.cpp:496           Can Be Output:       no
2026-09-28 20:56:48.575 Df coreaudiod[2872:17706c0] (CoreAudio) HALS_DefaultDeviceManager.cpp:497           Can Be System:       no
2026-09-28 20:56:48.575 Df coreaudiod[2872:17706c0] (CoreAudio) HALS_DefaultDeviceManager.cpp:498           Allows Auto-Route:   yes
2026-09-28 20:56:48.575 Df coreaudiod[2872:17706c0] (CoreAudio) HALS_DefaultDeviceManager.cpp:488      551: 'com.rogueamoeba.Loopback:B84C2883-09E2-4BFA-979B-9935F80B4D6D'
2026-09-28 20:56:48.575 Df coreaudiod[2872:17706c0] (CoreAudio) HALS_DefaultDeviceManager.cpp:489           Arrival Time:       (497, 26001960000000)
2026-09-28 20:56:48.575 Df coreaudiod[2872:17706c0] (CoreAudio) HALS_DefaultDeviceManager.cpp:490           Transport:          'virt'
2026-09-28 20:56:48.575 Df coreaudiod[2872:17706c0] (CoreAudio) HALS_DefaultDeviceManager.cpp:491           Input Data Source:  ''
2026-09-28 20:56:48.575 Df coreaudiod[2872:17706c0] (CoreAudio) HALS_DefaultDeviceManager.cpp:492           Output Data Source: ''
2026-09-28 20:56:48.575 Df coreaudiod[2872:17706c0] (CoreAudio) HALS_DefaultDeviceManager.cpp:493           Input Kind:          Don't
2026-09-28 20:56:48.575 Df coreaudiod[2872:17706c0] (CoreAudio) HALS_DefaultDeviceManager.cpp:494           Output Kind:         Don't
2026-09-28 20:56:48.575 Df coreaudiod[2872:17706c0] (CoreAudio) HALS_DefaultDeviceManager.cpp:495           Can Be Input:        yes
2026-09-28 20:56:48.575 Df coreaudiod[2872:17706c0] (CoreAudio) HALS_DefaultDeviceManager.cpp:496           Can Be Output:       yes
2026-09-28 20:56:48.575 Df coreaudiod[2872:17706c0] (CoreAudio) HALS_DefaultDeviceManager.cpp:497           Can Be System:       yes
2026-09-28 20:56:48.575 Df coreaudiod[2872:17706c0] (CoreAudio) HALS_DefaultDeviceManager.cpp:498           Allows Auto-Route:   yes
2026-09-28 20:56:48.575 Df coreaudiod[2872:17706c0] (CoreAudio) HALS_DefaultDeviceManager.cpp:488      70: '597A1DFA-1BE3-47EF-8565-BAD100000003'
2026-09-28 20:56:48.575 Df coreaudiod[2872:17706c0] (CoreAudio) HALS_DefaultDeviceManager.cpp:489           Arrival Time:       (496, 26001120000000)
2026-09-28 20:56:48.575 Df coreaudiod[2872:17706c0] (CoreAudio) HALS_DefaultDeviceManager.cpp:490           Transport:          'ccwd'
2026-09-28 20:56:48.575 Df coreaudiod[2872:17706c0] (CoreAudio) HALS_DefaultDeviceManager.cpp:491           Input Data Source:  ''
2026-09-28 20:56:48.575 Df coreaudiod[2872:17706c0] (CoreAudio) HALS_DefaultDeviceManager.cpp:492           Output Data Source: ''
2026-09-28 20:56:48.575 Df coreaudiod[2872:17706c0] (CoreAudio) HALS_DefaultDeviceManager.cpp:493           Input Kind:          Don't
2026-09-28 20:56:48.575 Df coreaudiod[2872:17706c0] (CoreAudio) HALS_DefaultDeviceManager.cpp:494           Output Kind:         Don't
2026-09-28 20:56:48.575 Df coreaudiod[2872:17706c0] (CoreAudio) HALS_DefaultDeviceManager.cpp:495           Can Be Input:        yes
2026-09-28 20:56:48.575 Df coreaudiod[2872:17706c0] (CoreAudio) HALS_DefaultDeviceManager.cpp:496           Can Be Output:       no
2026-09-28 20:56:48.575 Df coreaudiod[2872:17706c0] (CoreAudio) HALS_DefaultDeviceManager.cpp:497           Can Be System:       no
2026-09-28 20:56:48.575 Df coreaudiod[2872:17706c0] (CoreAudio) HALS_DefaultDeviceManager.cpp:498           Allows Auto-Route:   no
2026-09-28 20:56:48.575 Df coreaudiod[2872:17706c0] (CoreAudio) HALS_DefaultDeviceManager.cpp:488      36: 'AOP Audio-1'
2026-09-28 20:56:48.575 Df coreaudiod[2872:17706c0] (CoreAudio) HALS_DefaultDeviceManager.cpp:489           Arrival Time:       (323, 0)
2026-09-28 20:56:48.575 Df coreaudiod[2872:17706c0] (CoreAudio) HALS_DefaultDeviceManager.cpp:490           Transport:          'virt'
2026-09-28 20:56:48.575 Df coreaudiod[2872:17706c0] (CoreAudio) HALS_DefaultDeviceManager.cpp:491           Input Data Source:  ''
2026-09-28 20:56:48.575 Df coreaudiod[2872:17706c0] (CoreAudio) HALS_DefaultDeviceManager.cpp:492           Output Data Source: ''
2026-09-28 20:56:48.575 Df coreaudiod[2872:17706c0] (CoreAudio) HALS_DefaultDeviceManager.cpp:493           Input Kind:          Don't
2026-09-28 20:56:48.575 Df coreaudiod[2872:17706c0] (CoreAudio) HALS_DefaultDeviceManager.cpp:494           Output Kind:         None
2026-09-28 20:56:48.575 Df coreaudiod[2872:17706c0] (CoreAudio) HALS_DefaultDeviceManager.cpp:495           Can Be Input:        yes
2026-09-28 20:56:48.575 Df coreaudiod[2872:17706c0] (CoreAudio) HALS_DefaultDeviceManager.cpp:496           Can Be Output:       no
2026-09-28 20:56:48.575 Df coreaudiod[2872:17706c0] (CoreAudio) HALS_DefaultDeviceManager.cpp:497           Can Be System:       no
2026-09-28 20:56:48.575 Df coreaudiod[2872:17706c0] (CoreAudio) HALS_DefaultDeviceManager.cpp:498           Allows Auto-Route:   yes
2026-09-28 20:56:48.575 Df coreaudiod[2872:17706c0] (CoreAudio) HALS_DefaultDeviceManager.cpp:1730   HALS_DefaultDeviceManager::PickDefaultDevice:          'dIn ' | picking 126: 'BuiltInMicrophoneDevice'/'imic'
2026-09-28 20:56:48.576 Df coreaudiod[2872:17706c0] (CoreAudio) HALS_DefaultDeviceManager.cpp:1692   HALS_DefaultDeviceManager::FindPreferredDefaultDevice: 'dOut' | found preferred[0] 1467: 'LSOutput_UID'/''
2026-09-28 20:56:48.576 Df coreaudiod[2872:17706c0] (CoreAudio) HALS_DefaultDeviceManager.cpp:1692   HALS_DefaultDeviceManager::FindPreferredDefaultDevice: 'sOut' | found preferred[0] 117: 'BuiltInSpeakerDevice'/'ispk'
2026-09-28 20:56:48.577 Df coreaudiod[2872:17706c0] (CoreAudio) HALS_DefaultDeviceManager.cpp:1692   HALS_DefaultDeviceManager::FindPreferredDefaultDevice: 'shrd' | found preferred[0] 1467: 'LSOutput_UID'/''
2026-09-28 20:56:48.581 E  Music[1908:17706d0] [com.apple.coreaudio:ddagg]        AggregateDevice.mm:364   Failed expectation of constructed aggregate (1018): mOutput.streamChannelCounts == outputStreamChannelCounts
2026-09-28 20:56:48.581 E  Music[1908:17706d0] [com.apple.coreaudio:ddagg]        AggregateDevice.mm:367   Failed expectation of constructed aggregate (1018): mOutput.totalChannelCount == std::accumulate(outputStreamChannelCounts.begin(), outputStreamChannelCounts.end(), 0U)
2026-09-28 20:56:48.581 Df Music[1908:17706d0] [com.apple.coreaudio:ddagg]        AggregateDevice.mm:661   Aggregate -1 did not validate; racing against config change? Will retry (6/10).
2026-09-28 20:56:48.583 Df coreaudiod[2872:17706ca] (CoreAudio)           HALS_Device.cpp:293    HALS_Device::_Deactivate: deactivating device 1886: CADefaultDeviceAggregate-1908-36
2026-09-28 20:56:48.588 Df coreaudiod[2872:17706ca] [com.apple.Accessibility:AXHearingHalPlugin] IsHidden: 1
2026-09-28 20:56:48.588 Df coreaudiod[2872:17706ca] [com.apple.Accessibility:AXHearingHalPlugin] IsHidden: 1
2026-09-28 20:56:48.591 Df coreaudiod[2872:17706ca] (CoreAudio) HALS_DefaultDeviceManager.cpp:410    Heap has 4 items
2026-09-28 20:56:48.591 Df coreaudiod[2872:17706ca] (CoreAudio) HALS_DefaultDeviceManager.cpp:488      126: 'BuiltInMicrophoneDevice'
2026-09-28 20:56:48.591 Df coreaudiod[2872:17706ca] (CoreAudio) HALS_DefaultDeviceManager.cpp:489           Arrival Time:       (0, 0)
2026-09-28 20:56:48.591 Df coreaudiod[2872:17706ca] (CoreAudio) HALS_DefaultDeviceManager.cpp:490           Transport:          'bltn'
2026-09-28 20:56:48.591 Df coreaudiod[2872:17706ca] (CoreAudio) HALS_DefaultDeviceManager.cpp:491           Input Data Source:  'imic'
2026-09-28 20:56:48.591 Df coreaudiod[2872:17706ca] (CoreAudio) HALS_DefaultDeviceManager.cpp:492           Output Data Source: ''
2026-09-28 20:56:48.591 Df coreaudiod[2872:17706ca] (CoreAudio) HALS_DefaultDeviceManager.cpp:493           Input Kind:          Mic
2026-09-28 20:56:48.591 Df coreaudiod[2872:17706ca] (CoreAudio) HALS_DefaultDeviceManager.cpp:494           Output Kind:         None
2026-09-28 20:56:48.591 Df coreaudiod[2872:17706ca] (CoreAudio) HALS_DefaultDeviceManager.cpp:495           Can Be Input:        yes
2026-09-28 20:56:48.591 Df coreaudiod[2872:17706ca] (CoreAudio) HALS_DefaultDeviceManager.cpp:496           Can Be Output:       no
2026-09-28 20:56:48.591 Df coreaudiod[2872:17706ca] (CoreAudio) HALS_DefaultDeviceManager.cpp:497           Can Be System:       no
2026-09-28 20:56:48.591 Df coreaudiod[2872:17706ca] (CoreAudio) HALS_DefaultDeviceManager.cpp:498           Allows Auto-Route:   yes
2026-09-28 20:56:48.591 Df coreaudiod[2872:17706ca] (CoreAudio) HALS_DefaultDeviceManager.cpp:488      551: 'com.rogueamoeba.Loopback:B84C2883-09E2-4BFA-979B-9935F80B4D6D'
2026-09-28 20:56:48.591 Df coreaudiod[2872:17706ca] (CoreAudio) HALS_DefaultDeviceManager.cpp:489           Arrival Time:       (497, 26001960000000)
2026-09-28 20:56:48.591 Df coreaudiod[2872:17706ca] (CoreAudio) HALS_DefaultDeviceManager.cpp:490           Transport:          'virt'
2026-09-28 20:56:48.591 Df coreaudiod[2872:17706ca] (CoreAudio) HALS_DefaultDeviceManager.cpp:491           Input Data Source:  ''
2026-09-28 20:56:48.591 Df coreaudiod[2872:17706ca] (CoreAudio) HALS_DefaultDeviceManager.cpp:492           Output Data Source: ''
2026-09-28 20:56:48.591 Df coreaudiod[2872:17706ca] (CoreAudio) HALS_DefaultDeviceManager.cpp:493           Input Kind:          Don't
2026-09-28 20:56:48.591 Df coreaudiod[2872:17706ca] (CoreAudio) HALS_DefaultDeviceManager.cpp:494           Output Kind:         Don't
2026-09-28 20:56:48.591 Df coreaudiod[2872:17706ca] (CoreAudio) HALS_DefaultDeviceManager.cpp:495           Can Be Input:        yes
2026-09-28 20:56:48.591 Df coreaudiod[2872:17706ca] (CoreAudio) HALS_DefaultDeviceManager.cpp:496           Can Be Output:       yes
2026-09-28 20:56:48.591 Df coreaudiod[2872:17706ca] (CoreAudio) HALS_DefaultDeviceManager.cpp:497           Can Be System:       yes
2026-09-28 20:56:48.591 Df coreaudiod[2872:17706ca] (CoreAudio) HALS_DefaultDeviceManager.cpp:498           Allows Auto-Route:   yes
2026-09-28 20:56:48.591 Df coreaudiod[2872:17706ca] (CoreAudio) HALS_DefaultDeviceManager.cpp:488      70: '597A1DFA-1BE3-47EF-8565-BAD100000003'
2026-09-28 20:56:48.591 Df coreaudiod[2872:17706ca] (CoreAudio) HALS_DefaultDeviceManager.cpp:489           Arrival Time:       (496, 26001120000000)
2026-09-28 20:56:48.591 Df coreaudiod[2872:17706ca] (CoreAudio) HALS_DefaultDeviceManager.cpp:490           Transport:          'ccwd'
2026-09-28 20:56:48.591 Df coreaudiod[2872:17706ca] (CoreAudio) HALS_DefaultDeviceManager.cpp:491           Input Data Source:  ''
2026-09-28 20:56:48.591 Df coreaudiod[2872:17706ca] (CoreAudio) HALS_DefaultDeviceManager.cpp:492           Output Data Source: ''
2026-09-28 20:56:48.591 Df coreaudiod[2872:17706ca] (CoreAudio) HALS_DefaultDeviceManager.cpp:493           Input Kind:          Don't
2026-09-28 20:56:48.591 Df coreaudiod[2872:17706ca] (CoreAudio) HALS_DefaultDeviceManager.cpp:494           Output Kind:         Don't
2026-09-28 20:56:48.591 Df coreaudiod[2872:17706ca] (CoreAudio) HALS_DefaultDeviceManager.cpp:495           Can Be Input:        yes
2026-09-28 20:56:48.591 Df coreaudiod[2872:17706ca] (CoreAudio) HALS_DefaultDeviceManager.cpp:496           Can Be Output:       no
2026-09-28 20:56:48.591 Df coreaudiod[2872:17706ca] (CoreAudio) HALS_DefaultDeviceManager.cpp:497           Can Be System:       no
2026-09-28 20:56:48.591 Df coreaudiod[2872:17706ca] (CoreAudio) HALS_DefaultDeviceManager.cpp:498           Allows Auto-Route:   no
2026-09-28 20:56:48.591 Df coreaudiod[2872:17706ca] (CoreAudio) HALS_DefaultDeviceManager.cpp:488      36: 'AOP Audio-1'
2026-09-28 20:56:48.591 Df coreaudiod[2872:17706ca] (CoreAudio) HALS_DefaultDeviceManager.cpp:489           Arrival Time:       (323, 0)
2026-09-28 20:56:48.591 Df coreaudiod[2872:17706ca] (CoreAudio) HALS_DefaultDeviceManager.cpp:490           Transport:          'virt'
2026-09-28 20:56:48.591 Df coreaudiod[2872:17706ca] (CoreAudio) HALS_DefaultDeviceManager.cpp:491           Input Data Source:  ''
2026-09-28 20:56:48.591 Df coreaudiod[2872:17706ca] (CoreAudio) HALS_DefaultDeviceManager.cpp:492           Output Data Source: ''
2026-09-28 20:56:48.591 Df coreaudiod[2872:17706ca] (CoreAudio) HALS_DefaultDeviceManager.cpp:493           Input Kind:          Don't
2026-09-28 20:56:48.591 Df coreaudiod[2872:17706ca] (CoreAudio) HALS_DefaultDeviceManager.cpp:494           Output Kind:         None
2026-09-28 20:56:48.591 Df coreaudiod[2872:17706ca] (CoreAudio) HALS_DefaultDeviceManager.cpp:495           Can Be Input:        yes
2026-09-28 20:56:48.591 Df coreaudiod[2872:17706ca] (CoreAudio) HALS_DefaultDeviceManager.cpp:496           Can Be Output:       no
2026-09-28 20:56:48.591 Df coreaudiod[2872:17706ca] (CoreAudio) HALS_DefaultDeviceManager.cpp:497           Can Be System:       no
2026-09-28 20:56:48.591 Df coreaudiod[2872:17706ca] (CoreAudio) HALS_DefaultDeviceManager.cpp:498           Allows Auto-Route:   yes
2026-09-28 20:56:48.591 Df coreaudiod[2872:17706ca] (CoreAudio) HALS_DefaultDeviceManager.cpp:1730   HALS_DefaultDeviceManager::PickDefaultDevice:          'dIn ' | picking 126: 'BuiltInMicrophoneDevice'/'imic'
2026-09-28 20:56:48.592 Df coreaudiod[2872:17706ca] (CoreAudio) HALS_DefaultDeviceManager.cpp:1692   HALS_DefaultDeviceManager::FindPreferredDefaultDevice: 'dOut' | found preferred[0] 1467: 'LSOutput_UID'/''
2026-09-28 20:56:48.592 Df coreaudiod[2872:17706ca] (CoreAudio) HALS_DefaultDeviceManager.cpp:1692   HALS_DefaultDeviceManager::FindPreferredDefaultDevice: 'sOut' | found preferred[0] 117: 'BuiltInSpeakerDevice'/'ispk'
2026-09-28 20:56:48.593 Df coreaudiod[2872:17706ca] (CoreAudio) HALS_DefaultDeviceManager.cpp:1692   HALS_DefaultDeviceManager::FindPreferredDefaultDevice: 'shrd' | found preferred[0] 1467: 'LSOutput_UID'/''
2026-09-28 20:56:48.603 Df coreaudiod[2872:17706ca] [com.apple.coreaudio:AMCP]                  HALS_Device.cpp:5561  [ahal_dsp] Per client DSP has been initialized (Device ID: 1891).
2026-09-28 20:56:48.603 Df coreaudiod[2872:17706ca] (CoreAudio)           HALS_Device.cpp:210    HALS_Device::Activate: activating device 1891: CADefaultDeviceAggregate-1908-36 Transport Type: <private> Clock Domain: 1835100526
2026-09-28 20:56:48.603 Df coreaudiod[2872:17706ca] [com.apple.Accessibility:AXHearingHalPlugin] IsHidden: 1
2026-09-28 20:56:48.604 Df coreaudiod[2872:17706ca] [com.apple.Accessibility:AXHearingHalPlugin] IsHidden: 1
2026-09-28 20:56:48.604 Df coreaudiod[2872:17706ca] [com.apple.Accessibility:AXHearingHalPlugin] IsHidden: 1
2026-09-28 20:56:48.604 Df coreaudiod[2872:17706ca] [com.apple.Accessibility:AXHearingHalPlugin] IsHidden: 1
2026-09-28 20:56:48.604 Df coreaudiod[2872:17706ca] [com.apple.Accessibility:AXHearingHalPlugin] IsHidden: 1
2026-09-28 20:56:48.604 Df coreaudiod[2872:17706ca] [com.apple.Accessibility:AXHearingHalPlugin] IsHidden: 1
2026-09-28 20:56:48.604 Df coreaudiod[2872:17706ca] [com.apple.Accessibility:AXHearingHalPlugin] IsHidden: 1
2026-09-28 20:56:48.609 Df coreaudiod[2872:17706ca] [com.apple.Accessibility:AXHearingHalPlugin] IsHidden: 1
2026-09-28 20:56:48.609 Df coreaudiod[2872:17706ca] [com.apple.Accessibility:AXHearingHalPlugin] IsHidden: 1
2026-09-28 20:56:48.613 Df coreaudiod[2872:17706ca] (CoreAudio) HALS_DefaultDeviceManager.cpp:410    Heap has 4 items
2026-09-28 20:56:48.613 Df coreaudiod[2872:17706ca] (CoreAudio) HALS_DefaultDeviceManager.cpp:488      126: 'BuiltInMicrophoneDevice'
2026-09-28 20:56:48.613 Df coreaudiod[2872:17706ca] (CoreAudio) HALS_DefaultDeviceManager.cpp:489           Arrival Time:       (0, 0)
2026-09-28 20:56:48.613 Df coreaudiod[2872:17706ca] (CoreAudio) HALS_DefaultDeviceManager.cpp:490           Transport:          'bltn'
2026-09-28 20:56:48.613 Df coreaudiod[2872:17706ca] (CoreAudio) HALS_DefaultDeviceManager.cpp:491           Input Data Source:  'imic'
2026-09-28 20:56:48.613 Df coreaudiod[2872:17706ca] (CoreAudio) HALS_DefaultDeviceManager.cpp:492           Output Data Source: ''
2026-09-28 20:56:48.613 Df coreaudiod[2872:17706ca] (CoreAudio) HALS_DefaultDeviceManager.cpp:493           Input Kind:          Mic
2026-09-28 20:56:48.613 Df coreaudiod[2872:17706ca] (CoreAudio) HALS_DefaultDeviceManager.cpp:494           Output Kind:         None
2026-09-28 20:56:48.613 Df coreaudiod[2872:17706ca] (CoreAudio) HALS_DefaultDeviceManager.cpp:495           Can Be Input:        yes
2026-09-28 20:56:48.613 Df coreaudiod[2872:17706ca] (CoreAudio) HALS_DefaultDeviceManager.cpp:496           Can Be Output:       no
2026-09-28 20:56:48.613 Df coreaudiod[2872:17706ca] (CoreAudio) HALS_DefaultDeviceManager.cpp:497           Can Be System:       no
2026-09-28 20:56:48.613 Df coreaudiod[2872:17706ca] (CoreAudio) HALS_DefaultDeviceManager.cpp:498           Allows Auto-Route:   yes
2026-09-28 20:56:48.613 Df coreaudiod[2872:17706ca] (CoreAudio) HALS_DefaultDeviceManager.cpp:488      551: 'com.rogueamoeba.Loopback:B84C2883-09E2-4BFA-979B-9935F80B4D6D'
2026-09-28 20:56:48.613 Df coreaudiod[2872:17706ca] (CoreAudio) HALS_DefaultDeviceManager.cpp:489           Arrival Time:       (497, 26001960000000)
2026-09-28 20:56:48.613 Df coreaudiod[2872:17706ca] (CoreAudio) HALS_DefaultDeviceManager.cpp:490           Transport:          'virt'
2026-09-28 20:56:48.613 Df coreaudiod[2872:17706ca] (CoreAudio) HALS_DefaultDeviceManager.cpp:491           Input Data Source:  ''
2026-09-28 20:56:48.613 Df coreaudiod[2872:17706ca] (CoreAudio) HALS_DefaultDeviceManager.cpp:492           Output Data Source: ''
2026-09-28 20:56:48.613 Df coreaudiod[2872:17706ca] (CoreAudio) HALS_DefaultDeviceManager.cpp:493           Input Kind:          Don't
2026-09-28 20:56:48.613 Df coreaudiod[2872:17706ca] (CoreAudio) HALS_DefaultDeviceManager.cpp:494           Output Kind:         Don't
2026-09-28 20:56:48.613 Df coreaudiod[2872:17706ca] (CoreAudio) HALS_DefaultDeviceManager.cpp:495           Can Be Input:        yes
2026-09-28 20:56:48.613 Df coreaudiod[2872:17706ca] (CoreAudio) HALS_DefaultDeviceManager.cpp:496           Can Be Output:       yes
2026-09-28 20:56:48.613 Df coreaudiod[2872:17706ca] (CoreAudio) HALS_DefaultDeviceManager.cpp:497           Can Be System:       yes
2026-09-28 20:56:48.613 Df coreaudiod[2872:17706ca] (CoreAudio) HALS_DefaultDeviceManager.cpp:498           Allows Auto-Route:   yes
2026-09-28 20:56:48.613 Df coreaudiod[2872:17706ca] (CoreAudio) HALS_DefaultDeviceManager.cpp:488      70: '597A1DFA-1BE3-47EF-8565-BAD100000003'
2026-09-28 20:56:48.613 Df coreaudiod[2872:17706ca] (CoreAudio) HALS_DefaultDeviceManager.cpp:489           Arrival Time:       (496, 26001120000000)
2026-09-28 20:56:48.613 Df coreaudiod[2872:17706ca] (CoreAudio) HALS_DefaultDeviceManager.cpp:490           Transport:          'ccwd'
2026-09-28 20:56:48.613 Df coreaudiod[2872:17706ca] (CoreAudio) HALS_DefaultDeviceManager.cpp:491           Input Data Source:  ''
2026-09-28 20:56:48.613 Df coreaudiod[2872:17706ca] (CoreAudio) HALS_DefaultDeviceManager.cpp:492           Output Data Source: ''
2026-09-28 20:56:48.613 Df coreaudiod[2872:17706ca] (CoreAudio) HALS_DefaultDeviceManager.cpp:493           Input Kind:          Don't
2026-09-28 20:56:48.613 Df coreaudiod[2872:17706ca] (CoreAudio) HALS_DefaultDeviceManager.cpp:494           Output Kind:         Don't
2026-09-28 20:56:48.613 Df coreaudiod[2872:17706ca] (CoreAudio) HALS_DefaultDeviceManager.cpp:495           Can Be Input:        yes
2026-09-28 20:56:48.613 Df coreaudiod[2872:17706ca] (CoreAudio) HALS_DefaultDeviceManager.cpp:496           Can Be Output:       no
2026-09-28 20:56:48.613 Df coreaudiod[2872:17706ca] (CoreAudio) HALS_DefaultDeviceManager.cpp:497           Can Be System:       no
2026-09-28 20:56:48.613 Df coreaudiod[2872:17706ca] (CoreAudio) HALS_DefaultDeviceManager.cpp:498           Allows Auto-Route:   no
2026-09-28 20:56:48.613 Df coreaudiod[2872:17706ca] (CoreAudio) HALS_DefaultDeviceManager.cpp:488      36: 'AOP Audio-1'
2026-09-28 20:56:48.613 Df coreaudiod[2872:17706ca] (CoreAudio) HALS_DefaultDeviceManager.cpp:489           Arrival Time:       (323, 0)
2026-09-28 20:56:48.613 Df coreaudiod[2872:17706ca] (CoreAudio) HALS_DefaultDeviceManager.cpp:490           Transport:          'virt'
2026-09-28 20:56:48.613 Df coreaudiod[2872:17706ca] (CoreAudio) HALS_DefaultDeviceManager.cpp:491           Input Data Source:  ''
2026-09-28 20:56:48.613 Df coreaudiod[2872:17706ca] (CoreAudio) HALS_DefaultDeviceManager.cpp:492           Output Data Source: ''
2026-09-28 20:56:48.613 Df coreaudiod[2872:17706ca] (CoreAudio) HALS_DefaultDeviceManager.cpp:493           Input Kind:          Don't
2026-09-28 20:56:48.613 Df coreaudiod[2872:17706ca] (CoreAudio) HALS_DefaultDeviceManager.cpp:494           Output Kind:         None
2026-09-28 20:56:48.613 Df coreaudiod[2872:17706ca] (CoreAudio) HALS_DefaultDeviceManager.cpp:495           Can Be Input:        yes
2026-09-28 20:56:48.613 Df coreaudiod[2872:17706ca] (CoreAudio) HALS_DefaultDeviceManager.cpp:496           Can Be Output:       no
2026-09-28 20:56:48.613 Df coreaudiod[2872:17706ca] (CoreAudio) HALS_DefaultDeviceManager.cpp:497           Can Be System:       no
2026-09-28 20:56:48.613 Df coreaudiod[2872:17706ca] (CoreAudio) HALS_DefaultDeviceManager.cpp:498           Allows Auto-Route:   yes
2026-09-28 20:56:48.613 Df coreaudiod[2872:17706ca] (CoreAudio) HALS_DefaultDeviceManager.cpp:1730   HALS_DefaultDeviceManager::PickDefaultDevice:          'dIn ' | picking 126: 'BuiltInMicrophoneDevice'/'imic'
2026-09-28 20:56:48.613 Df coreaudiod[2872:17706ca] (CoreAudio) HALS_DefaultDeviceManager.cpp:1692   HALS_DefaultDeviceManager::FindPreferredDefaultDevice: 'dOut' | found preferred[0] 1467: 'LSOutput_UID'/''
2026-09-28 20:56:48.613 Df coreaudiod[2872:17706ca] (CoreAudio) HALS_DefaultDeviceManager.cpp:1692   HALS_DefaultDeviceManager::FindPreferredDefaultDevice: 'sOut' | found preferred[0] 117: 'BuiltInSpeakerDevice'/'ispk'
2026-09-28 20:56:48.614 Df coreaudiod[2872:17706ca] (CoreAudio) HALS_DefaultDeviceManager.cpp:1692   HALS_DefaultDeviceManager::FindPreferredDefaultDevice: 'shrd' | found preferred[0] 1467: 'LSOutput_UID'/''
2026-09-28 20:56:48.618 E  Music[1908:17706d0] [com.apple.coreaudio:ddagg]        AggregateDevice.mm:364   Failed expectation of constructed aggregate (1021): mOutput.streamChannelCounts == outputStreamChannelCounts
2026-09-28 20:56:48.618 E  Music[1908:17706d0] [com.apple.coreaudio:ddagg]        AggregateDevice.mm:367   Failed expectation of constructed aggregate (1021): mOutput.totalChannelCount == std::accumulate(outputStreamChannelCounts.begin(), outputStreamChannelCounts.end(), 0U)
2026-09-28 20:56:48.618 Df Music[1908:17706d0] [com.apple.coreaudio:ddagg]        AggregateDevice.mm:661   Aggregate -1 did not validate; racing against config change? Will retry (7/10).
2026-09-28 20:56:48.620 Df coreaudiod[2872:17706c2] (CoreAudio)           HALS_Device.cpp:293    HALS_Device::_Deactivate: deactivating device 1891: CADefaultDeviceAggregate-1908-36
2026-09-28 20:56:48.624 Df coreaudiod[2872:17706f7] [com.apple.Accessibility:AXHearingHalPlugin] IsHidden: 1
2026-09-28 20:56:48.624 Df coreaudiod[2872:17706f7] [com.apple.Accessibility:AXHearingHalPlugin] IsHidden: 1
2026-09-28 20:56:48.627 Df coreaudiod[2872:17706f7] (CoreAudio) HALS_DefaultDeviceManager.cpp:410    Heap has 4 items
2026-09-28 20:56:48.627 Df coreaudiod[2872:17706f7] (CoreAudio) HALS_DefaultDeviceManager.cpp:488      126: 'BuiltInMicrophoneDevice'
2026-09-28 20:56:48.627 Df coreaudiod[2872:17706f7] (CoreAudio) HALS_DefaultDeviceManager.cpp:489           Arrival Time:       (0, 0)
2026-09-28 20:56:48.627 Df coreaudiod[2872:17706f7] (CoreAudio) HALS_DefaultDeviceManager.cpp:490           Transport:          'bltn'
2026-09-28 20:56:48.627 Df coreaudiod[2872:17706f7] (CoreAudio) HALS_DefaultDeviceManager.cpp:491           Input Data Source:  'imic'
2026-09-28 20:56:48.627 Df coreaudiod[2872:17706f7] (CoreAudio) HALS_DefaultDeviceManager.cpp:492           Output Data Source: ''
2026-09-28 20:56:48.627 Df coreaudiod[2872:17706f7] (CoreAudio) HALS_DefaultDeviceManager.cpp:493           Input Kind:          Mic
2026-09-28 20:56:48.627 Df coreaudiod[2872:17706f7] (CoreAudio) HALS_DefaultDeviceManager.cpp:494           Output Kind:         None
2026-09-28 20:56:48.627 Df coreaudiod[2872:17706f7] (CoreAudio) HALS_DefaultDeviceManager.cpp:495           Can Be Input:        yes
2026-09-28 20:56:48.627 Df coreaudiod[2872:17706f7] (CoreAudio) HALS_DefaultDeviceManager.cpp:496           Can Be Output:       no
2026-09-28 20:56:48.627 Df coreaudiod[2872:17706f7] (CoreAudio) HALS_DefaultDeviceManager.cpp:497           Can Be System:       no
2026-09-28 20:56:48.627 Df coreaudiod[2872:17706f7] (CoreAudio) HALS_DefaultDeviceManager.cpp:498           Allows Auto-Route:   yes
2026-09-28 20:56:48.627 Df coreaudiod[2872:17706f7] (CoreAudio) HALS_DefaultDeviceManager.cpp:488      551: 'com.rogueamoeba.Loopback:B84C2883-09E2-4BFA-979B-9935F80B4D6D'
2026-09-28 20:56:48.627 Df coreaudiod[2872:17706f7] (CoreAudio) HALS_DefaultDeviceManager.cpp:489           Arrival Time:       (497, 26001960000000)
2026-09-28 20:56:48.627 Df coreaudiod[2872:17706f7] (CoreAudio) HALS_DefaultDeviceManager.cpp:490           Transport:          'virt'
2026-09-28 20:56:48.627 Df coreaudiod[2872:17706f7] (CoreAudio) HALS_DefaultDeviceManager.cpp:491           Input Data Source:  ''
2026-09-28 20:56:48.627 Df coreaudiod[2872:17706f7] (CoreAudio) HALS_DefaultDeviceManager.cpp:492           Output Data Source: ''
2026-09-28 20:56:48.627 Df coreaudiod[2872:17706f7] (CoreAudio) HALS_DefaultDeviceManager.cpp:493           Input Kind:          Don't
2026-09-28 20:56:48.627 Df coreaudiod[2872:17706f7] (CoreAudio) HALS_DefaultDeviceManager.cpp:494           Output Kind:         Don't
2026-09-28 20:56:48.627 Df coreaudiod[2872:17706f7] (CoreAudio) HALS_DefaultDeviceManager.cpp:495           Can Be Input:        yes
2026-09-28 20:56:48.627 Df coreaudiod[2872:17706f7] (CoreAudio) HALS_DefaultDeviceManager.cpp:496           Can Be Output:       yes
2026-09-28 20:56:48.627 Df coreaudiod[2872:17706f7] (CoreAudio) HALS_DefaultDeviceManager.cpp:497           Can Be System:       yes
2026-09-28 20:56:48.627 Df coreaudiod[2872:17706f7] (CoreAudio) HALS_DefaultDeviceManager.cpp:498           Allows Auto-Route:   yes
2026-09-28 20:56:48.627 Df coreaudiod[2872:17706f7] (CoreAudio) HALS_DefaultDeviceManager.cpp:488      70: '597A1DFA-1BE3-47EF-8565-BAD100000003'
2026-09-28 20:56:48.627 Df coreaudiod[2872:17706f7] (CoreAudio) HALS_DefaultDeviceManager.cpp:489           Arrival Time:       (496, 26001120000000)
2026-09-28 20:56:48.627 Df coreaudiod[2872:17706f7] (CoreAudio) HALS_DefaultDeviceManager.cpp:490           Transport:          'ccwd'
2026-09-28 20:56:48.627 Df coreaudiod[2872:17706f7] (CoreAudio) HALS_DefaultDeviceManager.cpp:491           Input Data Source:  ''
2026-09-28 20:56:48.627 Df coreaudiod[2872:17706f7] (CoreAudio) HALS_DefaultDeviceManager.cpp:492           Output Data Source: ''
2026-09-28 20:56:48.627 Df coreaudiod[2872:17706f7] (CoreAudio) HALS_DefaultDeviceManager.cpp:493           Input Kind:          Don't
2026-09-28 20:56:48.627 Df coreaudiod[2872:17706f7] (CoreAudio) HALS_DefaultDeviceManager.cpp:494           Output Kind:         Don't
2026-09-28 20:56:48.627 Df coreaudiod[2872:17706f7] (CoreAudio) HALS_DefaultDeviceManager.cpp:495           Can Be Input:        yes
2026-09-28 20:56:48.627 Df coreaudiod[2872:17706f7] (CoreAudio) HALS_DefaultDeviceManager.cpp:496           Can Be Output:       no
2026-09-28 20:56:48.627 Df coreaudiod[2872:17706f7] (CoreAudio) HALS_DefaultDeviceManager.cpp:497           Can Be System:       no
2026-09-28 20:56:48.627 Df coreaudiod[2872:17706f7] (CoreAudio) HALS_DefaultDeviceManager.cpp:498           Allows Auto-Route:   no
2026-09-28 20:56:48.627 Df coreaudiod[2872:17706f7] (CoreAudio) HALS_DefaultDeviceManager.cpp:488      36: 'AOP Audio-1'
2026-09-28 20:56:48.627 Df coreaudiod[2872:17706f7] (CoreAudio) HALS_DefaultDeviceManager.cpp:489           Arrival Time:       (323, 0)
2026-09-28 20:56:48.627 Df coreaudiod[2872:17706f7] (CoreAudio) HALS_DefaultDeviceManager.cpp:490           Transport:          'virt'
2026-09-28 20:56:48.627 Df coreaudiod[2872:17706f7] (CoreAudio) HALS_DefaultDeviceManager.cpp:491           Input Data Source:  ''
2026-09-28 20:56:48.627 Df coreaudiod[2872:17706f7] (CoreAudio) HALS_DefaultDeviceManager.cpp:492           Output Data Source: ''
2026-09-28 20:56:48.627 Df coreaudiod[2872:17706f7] (CoreAudio) HALS_DefaultDeviceManager.cpp:493           Input Kind:          Don't
2026-09-28 20:56:48.627 Df coreaudiod[2872:17706f7] (CoreAudio) HALS_DefaultDeviceManager.cpp:494           Output Kind:         None
2026-09-28 20:56:48.627 Df coreaudiod[2872:17706f7] (CoreAudio) HALS_DefaultDeviceManager.cpp:495           Can Be Input:        yes
2026-09-28 20:56:48.627 Df coreaudiod[2872:17706f7] (CoreAudio) HALS_DefaultDeviceManager.cpp:496           Can Be Output:       no
2026-09-28 20:56:48.627 Df coreaudiod[2872:17706f7] (CoreAudio) HALS_DefaultDeviceManager.cpp:497           Can Be System:       no
2026-09-28 20:56:48.627 Df coreaudiod[2872:17706f7] (CoreAudio) HALS_DefaultDeviceManager.cpp:498           Allows Auto-Route:   yes
2026-09-28 20:56:48.627 Df coreaudiod[2872:17706f7] (CoreAudio) HALS_DefaultDeviceManager.cpp:1730   HALS_DefaultDeviceManager::PickDefaultDevice:          'dIn ' | picking 126: 'BuiltInMicrophoneDevice'/'imic'
2026-09-28 20:56:48.628 Df coreaudiod[2872:17706f7] (CoreAudio) HALS_DefaultDeviceManager.cpp:1692   HALS_DefaultDeviceManager::FindPreferredDefaultDevice: 'dOut' | found preferred[0] 1467: 'LSOutput_UID'/''
2026-09-28 20:56:48.628 Df coreaudiod[2872:17706f7] (CoreAudio) HALS_DefaultDeviceManager.cpp:1692   HALS_DefaultDeviceManager::FindPreferredDefaultDevice: 'sOut' | found preferred[0] 117: 'BuiltInSpeakerDevice'/'ispk'
2026-09-28 20:56:48.628 Df coreaudiod[2872:17706f7] (CoreAudio) HALS_DefaultDeviceManager.cpp:1692   HALS_DefaultDeviceManager::FindPreferredDefaultDevice: 'shrd' | found preferred[0] 1467: 'LSOutput_UID'/''
2026-09-28 20:56:48.639 Df coreaudiod[2872:17706f7] [com.apple.coreaudio:AMCP]                  HALS_Device.cpp:5561  [ahal_dsp] Per client DSP has been initialized (Device ID: 1896).
2026-09-28 20:56:48.640 Df coreaudiod[2872:17706f7] (CoreAudio)           HALS_Device.cpp:210    HALS_Device::Activate: activating device 1896: CADefaultDeviceAggregate-1908-36 Transport Type: <private> Clock Domain: 1835100526
2026-09-28 20:56:48.640 Df coreaudiod[2872:17706f7] [com.apple.Accessibility:AXHearingHalPlugin] IsHidden: 1
2026-09-28 20:56:48.640 Df coreaudiod[2872:17706f7] [com.apple.Accessibility:AXHearingHalPlugin] IsHidden: 1
2026-09-28 20:56:48.640 Df coreaudiod[2872:17706f7] [com.apple.Accessibility:AXHearingHalPlugin] IsHidden: 1
2026-09-28 20:56:48.640 Df coreaudiod[2872:17706f7] [com.apple.Accessibility:AXHearingHalPlugin] IsHidden: 1
2026-09-28 20:56:48.640 Df coreaudiod[2872:17706f7] [com.apple.Accessibility:AXHearingHalPlugin] IsHidden: 1
2026-09-28 20:56:48.640 Df coreaudiod[2872:17706f7] [com.apple.Accessibility:AXHearingHalPlugin] IsHidden: 1
2026-09-28 20:56:48.641 Df coreaudiod[2872:17706f7] [com.apple.Accessibility:AXHearingHalPlugin] IsHidden: 1
2026-09-28 20:56:48.646 Df coreaudiod[2872:17706f7] [com.apple.Accessibility:AXHearingHalPlugin] IsHidden: 1
2026-09-28 20:56:48.647 Df coreaudiod[2872:17706f7] [com.apple.Accessibility:AXHearingHalPlugin] IsHidden: 1
2026-09-28 20:56:48.651 Df coreaudiod[2872:17706f7] (CoreAudio) HALS_DefaultDeviceManager.cpp:410    Heap has 4 items
2026-09-28 20:56:48.651 Df coreaudiod[2872:17706f7] (CoreAudio) HALS_DefaultDeviceManager.cpp:488      126: 'BuiltInMicrophoneDevice'
2026-09-28 20:56:48.651 Df coreaudiod[2872:17706f7] (CoreAudio) HALS_DefaultDeviceManager.cpp:489           Arrival Time:       (0, 0)
2026-09-28 20:56:48.651 Df coreaudiod[2872:17706f7] (CoreAudio) HALS_DefaultDeviceManager.cpp:490           Transport:          'bltn'
2026-09-28 20:56:48.651 Df coreaudiod[2872:17706f7] (CoreAudio) HALS_DefaultDeviceManager.cpp:491           Input Data Source:  'imic'
2026-09-28 20:56:48.651 Df coreaudiod[2872:17706f7] (CoreAudio) HALS_DefaultDeviceManager.cpp:492           Output Data Source: ''
2026-09-28 20:56:48.651 Df coreaudiod[2872:17706f7] (CoreAudio) HALS_DefaultDeviceManager.cpp:493           Input Kind:          Mic
2026-09-28 20:56:48.651 Df coreaudiod[2872:17706f7] (CoreAudio) HALS_DefaultDeviceManager.cpp:494           Output Kind:         None
2026-09-28 20:56:48.651 Df coreaudiod[2872:17706f7] (CoreAudio) HALS_DefaultDeviceManager.cpp:495           Can Be Input:        yes
2026-09-28 20:56:48.651 Df coreaudiod[2872:17706f7] (CoreAudio) HALS_DefaultDeviceManager.cpp:496           Can Be Output:       no
2026-09-28 20:56:48.651 Df coreaudiod[2872:17706f7] (CoreAudio) HALS_DefaultDeviceManager.cpp:497           Can Be System:       no
2026-09-28 20:56:48.651 Df coreaudiod[2872:17706f7] (CoreAudio) HALS_DefaultDeviceManager.cpp:498           Allows Auto-Route:   yes
2026-09-28 20:56:48.651 Df coreaudiod[2872:17706f7] (CoreAudio) HALS_DefaultDeviceManager.cpp:488      551: 'com.rogueamoeba.Loopback:B84C2883-09E2-4BFA-979B-9935F80B4D6D'
2026-09-28 20:56:48.651 Df coreaudiod[2872:17706f7] (CoreAudio) HALS_DefaultDeviceManager.cpp:489           Arrival Time:       (497, 26001960000000)
2026-09-28 20:56:48.651 Df coreaudiod[2872:17706f7] (CoreAudio) HALS_DefaultDeviceManager.cpp:490           Transport:          'virt'
2026-09-28 20:56:48.651 Df coreaudiod[2872:17706f7] (CoreAudio) HALS_DefaultDeviceManager.cpp:491           Input Data Source:  ''
2026-09-28 20:56:48.651 Df coreaudiod[2872:17706f7] (CoreAudio) HALS_DefaultDeviceManager.cpp:492           Output Data Source: ''
2026-09-28 20:56:48.651 Df coreaudiod[2872:17706f7] (CoreAudio) HALS_DefaultDeviceManager.cpp:493           Input Kind:          Don't
2026-09-28 20:56:48.651 Df coreaudiod[2872:17706f7] (CoreAudio) HALS_DefaultDeviceManager.cpp:494           Output Kind:         Don't
2026-09-28 20:56:48.651 Df coreaudiod[2872:17706f7] (CoreAudio) HALS_DefaultDeviceManager.cpp:495           Can Be Input:        yes
2026-09-28 20:56:48.651 Df coreaudiod[2872:17706f7] (CoreAudio) HALS_DefaultDeviceManager.cpp:496           Can Be Output:       yes
2026-09-28 20:56:48.651 Df coreaudiod[2872:17706f7] (CoreAudio) HALS_DefaultDeviceManager.cpp:497           Can Be System:       yes
2026-09-28 20:56:48.651 Df coreaudiod[2872:17706f7] (CoreAudio) HALS_DefaultDeviceManager.cpp:498           Allows Auto-Route:   yes
2026-09-28 20:56:48.651 Df coreaudiod[2872:17706f7] (CoreAudio) HALS_DefaultDeviceManager.cpp:488      70: '597A1DFA-1BE3-47EF-8565-BAD100000003'
2026-09-28 20:56:48.651 Df coreaudiod[2872:17706f7] (CoreAudio) HALS_DefaultDeviceManager.cpp:489           Arrival Time:       (496, 26001120000000)
2026-09-28 20:56:48.651 Df coreaudiod[2872:17706f7] (CoreAudio) HALS_DefaultDeviceManager.cpp:490           Transport:          'ccwd'
2026-09-28 20:56:48.651 Df coreaudiod[2872:17706f7] (CoreAudio) HALS_DefaultDeviceManager.cpp:491           Input Data Source:  ''
2026-09-28 20:56:48.651 Df coreaudiod[2872:17706f7] (CoreAudio) HALS_DefaultDeviceManager.cpp:492           Output Data Source: ''
2026-09-28 20:56:48.651 Df coreaudiod[2872:17706f7] (CoreAudio) HALS_DefaultDeviceManager.cpp:493           Input Kind:          Don't
2026-09-28 20:56:48.651 Df coreaudiod[2872:17706f7] (CoreAudio) HALS_DefaultDeviceManager.cpp:494           Output Kind:         Don't
2026-09-28 20:56:48.651 Df coreaudiod[2872:17706f7] (CoreAudio) HALS_DefaultDeviceManager.cpp:495           Can Be Input:        yes
2026-09-28 20:56:48.651 Df coreaudiod[2872:17706f7] (CoreAudio) HALS_DefaultDeviceManager.cpp:496           Can Be Output:       no
2026-09-28 20:56:48.651 Df coreaudiod[2872:17706f7] (CoreAudio) HALS_DefaultDeviceManager.cpp:497           Can Be System:       no
2026-09-28 20:56:48.651 Df coreaudiod[2872:17706f7] (CoreAudio) HALS_DefaultDeviceManager.cpp:498           Allows Auto-Route:   no
2026-09-28 20:56:48.651 Df coreaudiod[2872:17706f7] (CoreAudio) HALS_DefaultDeviceManager.cpp:488      36: 'AOP Audio-1'
2026-09-28 20:56:48.651 Df coreaudiod[2872:17706f7] (CoreAudio) HALS_DefaultDeviceManager.cpp:489           Arrival Time:       (323, 0)
2026-09-28 20:56:48.651 Df coreaudiod[2872:17706f7] (CoreAudio) HALS_DefaultDeviceManager.cpp:490           Transport:          'virt'
2026-09-28 20:56:48.651 Df coreaudiod[2872:17706f7] (CoreAudio) HALS_DefaultDeviceManager.cpp:491           Input Data Source:  ''
2026-09-28 20:56:48.651 Df coreaudiod[2872:17706f7] (CoreAudio) HALS_DefaultDeviceManager.cpp:492           Output Data Source: ''
2026-09-28 20:56:48.651 Df coreaudiod[2872:17706f7] (CoreAudio) HALS_DefaultDeviceManager.cpp:493           Input Kind:          Don't
2026-09-28 20:56:48.651 Df coreaudiod[2872:17706f7] (CoreAudio) HALS_DefaultDeviceManager.cpp:494           Output Kind:         None
2026-09-28 20:56:48.651 Df coreaudiod[2872:17706f7] (CoreAudio) HALS_DefaultDeviceManager.cpp:495           Can Be Input:        yes
2026-09-28 20:56:48.651 Df coreaudiod[2872:17706f7] (CoreAudio) HALS_DefaultDeviceManager.cpp:496           Can Be Output:       no
2026-09-28 20:56:48.651 Df coreaudiod[2872:17706f7] (CoreAudio) HALS_DefaultDeviceManager.cpp:497           Can Be System:       no
2026-09-28 20:56:48.651 Df coreaudiod[2872:17706f7] (CoreAudio) HALS_DefaultDeviceManager.cpp:498           Allows Auto-Route:   yes
2026-09-28 20:56:48.651 Df coreaudiod[2872:17706f7] (CoreAudio) HALS_DefaultDeviceManager.cpp:1730   HALS_DefaultDeviceManager::PickDefaultDevice:          'dIn ' | picking 126: 'BuiltInMicrophoneDevice'/'imic'
2026-09-28 20:56:48.651 Df coreaudiod[2872:17706f7] (CoreAudio) HALS_DefaultDeviceManager.cpp:1692   HALS_DefaultDeviceManager::FindPreferredDefaultDevice: 'dOut' | found preferred[0] 1467: 'LSOutput_UID'/''
2026-09-28 20:56:48.651 Df coreaudiod[2872:17706f7] (CoreAudio) HALS_DefaultDeviceManager.cpp:1692   HALS_DefaultDeviceManager::FindPreferredDefaultDevice: 'sOut' | found preferred[0] 117: 'BuiltInSpeakerDevice'/'ispk'
2026-09-28 20:56:48.652 Df coreaudiod[2872:17706f7] (CoreAudio) HALS_DefaultDeviceManager.cpp:1692   HALS_DefaultDeviceManager::FindPreferredDefaultDevice: 'shrd' | found preferred[0] 1467: 'LSOutput_UID'/''
2026-09-28 20:56:48.656 E  Music[1908:17706d0] [com.apple.coreaudio:ddagg]        AggregateDevice.mm:364   Failed expectation of constructed aggregate (1024): mOutput.streamChannelCounts == outputStreamChannelCounts
2026-09-28 20:56:48.656 E  Music[1908:17706d0] [com.apple.coreaudio:ddagg]        AggregateDevice.mm:367   Failed expectation of constructed aggregate (1024): mOutput.totalChannelCount == std::accumulate(outputStreamChannelCounts.begin(), outputStreamChannelCounts.end(), 0U)
2026-09-28 20:56:48.656 Df Music[1908:17706d0] [com.apple.coreaudio:ddagg]        AggregateDevice.mm:661   Aggregate -1 did not validate; racing against config change? Will retry (8/10).
2026-09-28 20:56:48.658 Df coreaudiod[2872:17706c2] (CoreAudio)           HALS_Device.cpp:293    HALS_Device::_Deactivate: deactivating device 1896: CADefaultDeviceAggregate-1908-36
2026-09-28 20:56:48.664 Df coreaudiod[2872:17706d3] [com.apple.Accessibility:AXHearingHalPlugin] IsHidden: 1
2026-09-28 20:56:48.664 Df coreaudiod[2872:17706d3] [com.apple.Accessibility:AXHearingHalPlugin] IsHidden: 1
2026-09-28 20:56:48.667 Df coreaudiod[2872:17706d3] (CoreAudio) HALS_DefaultDeviceManager.cpp:410    Heap has 4 items
2026-09-28 20:56:48.667 Df coreaudiod[2872:17706d3] (CoreAudio) HALS_DefaultDeviceManager.cpp:488      126: 'BuiltInMicrophoneDevice'
2026-09-28 20:56:48.667 Df coreaudiod[2872:17706d3] (CoreAudio) HALS_DefaultDeviceManager.cpp:489           Arrival Time:       (0, 0)
2026-09-28 20:56:48.667 Df coreaudiod[2872:17706d3] (CoreAudio) HALS_DefaultDeviceManager.cpp:490           Transport:          'bltn'
2026-09-28 20:56:48.667 Df coreaudiod[2872:17706d3] (CoreAudio) HALS_DefaultDeviceManager.cpp:491           Input Data Source:  'imic'
2026-09-28 20:56:48.667 Df coreaudiod[2872:17706d3] (CoreAudio) HALS_DefaultDeviceManager.cpp:492           Output Data Source: ''
2026-09-28 20:56:48.667 Df coreaudiod[2872:17706d3] (CoreAudio) HALS_DefaultDeviceManager.cpp:493           Input Kind:          Mic
2026-09-28 20:56:48.667 Df coreaudiod[2872:17706d3] (CoreAudio) HALS_DefaultDeviceManager.cpp:494           Output Kind:         None
2026-09-28 20:56:48.667 Df coreaudiod[2872:17706d3] (CoreAudio) HALS_DefaultDeviceManager.cpp:495           Can Be Input:        yes
2026-09-28 20:56:48.667 Df coreaudiod[2872:17706d3] (CoreAudio) HALS_DefaultDeviceManager.cpp:496           Can Be Output:       no
2026-09-28 20:56:48.667 Df coreaudiod[2872:17706d3] (CoreAudio) HALS_DefaultDeviceManager.cpp:497           Can Be System:       no
2026-09-28 20:56:48.667 Df coreaudiod[2872:17706d3] (CoreAudio) HALS_DefaultDeviceManager.cpp:498           Allows Auto-Route:   yes
2026-09-28 20:56:48.667 Df coreaudiod[2872:17706d3] (CoreAudio) HALS_DefaultDeviceManager.cpp:488      551: 'com.rogueamoeba.Loopback:B84C2883-09E2-4BFA-979B-9935F80B4D6D'
2026-09-28 20:56:48.667 Df coreaudiod[2872:17706d3] (CoreAudio) HALS_DefaultDeviceManager.cpp:489           Arrival Time:       (497, 26001960000000)
2026-09-28 20:56:48.667 Df coreaudiod[2872:17706d3] (CoreAudio) HALS_DefaultDeviceManager.cpp:490           Transport:          'virt'
2026-09-28 20:56:48.667 Df coreaudiod[2872:17706d3] (CoreAudio) HALS_DefaultDeviceManager.cpp:491           Input Data Source:  ''
2026-09-28 20:56:48.667 Df coreaudiod[2872:17706d3] (CoreAudio) HALS_DefaultDeviceManager.cpp:492           Output Data Source: ''
2026-09-28 20:56:48.667 Df coreaudiod[2872:17706d3] (CoreAudio) HALS_DefaultDeviceManager.cpp:493           Input Kind:          Don't
2026-09-28 20:56:48.667 Df coreaudiod[2872:17706d3] (CoreAudio) HALS_DefaultDeviceManager.cpp:494           Output Kind:         Don't
2026-09-28 20:56:48.667 Df coreaudiod[2872:17706d3] (CoreAudio) HALS_DefaultDeviceManager.cpp:495           Can Be Input:        yes
2026-09-28 20:56:48.667 Df coreaudiod[2872:17706d3] (CoreAudio) HALS_DefaultDeviceManager.cpp:496           Can Be Output:       yes
2026-09-28 20:56:48.667 Df coreaudiod[2872:17706d3] (CoreAudio) HALS_DefaultDeviceManager.cpp:497           Can Be System:       yes
2026-09-28 20:56:48.667 Df coreaudiod[2872:17706d3] (CoreAudio) HALS_DefaultDeviceManager.cpp:498           Allows Auto-Route:   yes
2026-09-28 20:56:48.667 Df coreaudiod[2872:17706d3] (CoreAudio) HALS_DefaultDeviceManager.cpp:488      70: '597A1DFA-1BE3-47EF-8565-BAD100000003'
2026-09-28 20:56:48.667 Df coreaudiod[2872:17706d3] (CoreAudio) HALS_DefaultDeviceManager.cpp:489           Arrival Time:       (496, 26001120000000)
2026-09-28 20:56:48.667 Df coreaudiod[2872:17706d3] (CoreAudio) HALS_DefaultDeviceManager.cpp:490           Transport:          'ccwd'
2026-09-28 20:56:48.667 Df coreaudiod[2872:17706d3] (CoreAudio) HALS_DefaultDeviceManager.cpp:491           Input Data Source:  ''
2026-09-28 20:56:48.667 Df coreaudiod[2872:17706d3] (CoreAudio) HALS_DefaultDeviceManager.cpp:492           Output Data Source: ''
2026-09-28 20:56:48.667 Df coreaudiod[2872:17706d3] (CoreAudio) HALS_DefaultDeviceManager.cpp:493           Input Kind:          Don't
2026-09-28 20:56:48.667 Df coreaudiod[2872:17706d3] (CoreAudio) HALS_DefaultDeviceManager.cpp:494           Output Kind:         Don't
2026-09-28 20:56:48.667 Df coreaudiod[2872:17706d3] (CoreAudio) HALS_DefaultDeviceManager.cpp:495           Can Be Input:        yes
2026-09-28 20:56:48.667 Df coreaudiod[2872:17706d3] (CoreAudio) HALS_DefaultDeviceManager.cpp:496           Can Be Output:       no
2026-09-28 20:56:48.667 Df coreaudiod[2872:17706d3] (CoreAudio) HALS_DefaultDeviceManager.cpp:497           Can Be System:       no
2026-09-28 20:56:48.667 Df coreaudiod[2872:17706d3] (CoreAudio) HALS_DefaultDeviceManager.cpp:498           Allows Auto-Route:   no
2026-09-28 20:56:48.667 Df coreaudiod[2872:17706d3] (CoreAudio) HALS_DefaultDeviceManager.cpp:488      36: 'AOP Audio-1'
2026-09-28 20:56:48.667 Df coreaudiod[2872:17706d3] (CoreAudio) HALS_DefaultDeviceManager.cpp:489           Arrival Time:       (323, 0)
2026-09-28 20:56:48.667 Df coreaudiod[2872:17706d3] (CoreAudio) HALS_DefaultDeviceManager.cpp:490           Transport:          'virt'
2026-09-28 20:56:48.667 Df coreaudiod[2872:17706d3] (CoreAudio) HALS_DefaultDeviceManager.cpp:491           Input Data Source:  ''
2026-09-28 20:56:48.667 Df coreaudiod[2872:17706d3] (CoreAudio) HALS_DefaultDeviceManager.cpp:492           Output Data Source: ''
2026-09-28 20:56:48.667 Df coreaudiod[2872:17706d3] (CoreAudio) HALS_DefaultDeviceManager.cpp:493           Input Kind:          Don't
2026-09-28 20:56:48.667 Df coreaudiod[2872:17706d3] (CoreAudio) HALS_DefaultDeviceManager.cpp:494           Output Kind:         None
2026-09-28 20:56:48.667 Df coreaudiod[2872:17706d3] (CoreAudio) HALS_DefaultDeviceManager.cpp:495           Can Be Input:        yes
2026-09-28 20:56:48.667 Df coreaudiod[2872:17706d3] (CoreAudio) HALS_DefaultDeviceManager.cpp:496           Can Be Output:       no
2026-09-28 20:56:48.667 Df coreaudiod[2872:17706d3] (CoreAudio) HALS_DefaultDeviceManager.cpp:497           Can Be System:       no
2026-09-28 20:56:48.667 Df coreaudiod[2872:17706d3] (CoreAudio) HALS_DefaultDeviceManager.cpp:498           Allows Auto-Route:   yes
2026-09-28 20:56:48.667 Df coreaudiod[2872:17706d3] (CoreAudio) HALS_DefaultDeviceManager.cpp:1730   HALS_DefaultDeviceManager::PickDefaultDevice:          'dIn ' | picking 126: 'BuiltInMicrophoneDevice'/'imic'
2026-09-28 20:56:48.668 Df coreaudiod[2872:17706d3] (CoreAudio) HALS_DefaultDeviceManager.cpp:1692   HALS_DefaultDeviceManager::FindPreferredDefaultDevice: 'dOut' | found preferred[0] 1467: 'LSOutput_UID'/''
2026-09-28 20:56:48.668 Df coreaudiod[2872:17706d3] (CoreAudio) HALS_DefaultDeviceManager.cpp:1692   HALS_DefaultDeviceManager::FindPreferredDefaultDevice: 'sOut' | found preferred[0] 117: 'BuiltInSpeakerDevice'/'ispk'
2026-09-28 20:56:48.669 Df coreaudiod[2872:17706d3] (CoreAudio) HALS_DefaultDeviceManager.cpp:1692   HALS_DefaultDeviceManager::FindPreferredDefaultDevice: 'shrd' | found preferred[0] 1467: 'LSOutput_UID'/''
2026-09-28 20:56:48.677 Df coreaudiod[2872:17706d3] [com.apple.coreaudio:AMCP]                  HALS_Device.cpp:5561  [ahal_dsp] Per client DSP has been initialized (Device ID: 1901).
2026-09-28 20:56:48.678 Df coreaudiod[2872:17706d3] (CoreAudio)           HALS_Device.cpp:210    HALS_Device::Activate: activating device 1901: CADefaultDeviceAggregate-1908-36 Transport Type: <private> Clock Domain: 1835100526
2026-09-28 20:56:48.678 Df coreaudiod[2872:17706d3] [com.apple.Accessibility:AXHearingHalPlugin] IsHidden: 1
2026-09-28 20:56:48.679 Df coreaudiod[2872:17706d3] [com.apple.Accessibility:AXHearingHalPlugin] IsHidden: 1
2026-09-28 20:56:48.679 Df coreaudiod[2872:17706d3] [com.apple.Accessibility:AXHearingHalPlugin] IsHidden: 1
2026-09-28 20:56:48.679 Df coreaudiod[2872:17706d3] [com.apple.Accessibility:AXHearingHalPlugin] IsHidden: 1
2026-09-28 20:56:48.679 Df coreaudiod[2872:17706d3] [com.apple.Accessibility:AXHearingHalPlugin] IsHidden: 1
2026-09-28 20:56:48.679 Df coreaudiod[2872:17706d3] [com.apple.Accessibility:AXHearingHalPlugin] IsHidden: 1
2026-09-28 20:56:48.679 Df coreaudiod[2872:17706d3] [com.apple.Accessibility:AXHearingHalPlugin] IsHidden: 1
2026-09-28 20:56:48.685 Df coreaudiod[2872:17706d3] [com.apple.Accessibility:AXHearingHalPlugin] IsHidden: 1
2026-09-28 20:56:48.685 Df coreaudiod[2872:17706d3] [com.apple.Accessibility:AXHearingHalPlugin] IsHidden: 1
2026-09-28 20:56:48.688 Df coreaudiod[2872:17706d3] (CoreAudio) HALS_DefaultDeviceManager.cpp:410    Heap has 4 items
2026-09-28 20:56:48.688 Df coreaudiod[2872:17706d3] (CoreAudio) HALS_DefaultDeviceManager.cpp:488      126: 'BuiltInMicrophoneDevice'
2026-09-28 20:56:48.688 Df coreaudiod[2872:17706d3] (CoreAudio) HALS_DefaultDeviceManager.cpp:489           Arrival Time:       (0, 0)
2026-09-28 20:56:48.688 Df coreaudiod[2872:17706d3] (CoreAudio) HALS_DefaultDeviceManager.cpp:490           Transport:          'bltn'
2026-09-28 20:56:48.688 Df coreaudiod[2872:17706d3] (CoreAudio) HALS_DefaultDeviceManager.cpp:491           Input Data Source:  'imic'
2026-09-28 20:56:48.688 Df coreaudiod[2872:17706d3] (CoreAudio) HALS_DefaultDeviceManager.cpp:492           Output Data Source: ''
2026-09-28 20:56:48.688 Df coreaudiod[2872:17706d3] (CoreAudio) HALS_DefaultDeviceManager.cpp:493           Input Kind:          Mic
2026-09-28 20:56:48.688 Df coreaudiod[2872:17706d3] (CoreAudio) HALS_DefaultDeviceManager.cpp:494           Output Kind:         None
2026-09-28 20:56:48.688 Df coreaudiod[2872:17706d3] (CoreAudio) HALS_DefaultDeviceManager.cpp:495           Can Be Input:        yes
2026-09-28 20:56:48.688 Df coreaudiod[2872:17706d3] (CoreAudio) HALS_DefaultDeviceManager.cpp:496           Can Be Output:       no
2026-09-28 20:56:48.688 Df coreaudiod[2872:17706d3] (CoreAudio) HALS_DefaultDeviceManager.cpp:497           Can Be System:       no
2026-09-28 20:56:48.688 Df coreaudiod[2872:17706d3] (CoreAudio) HALS_DefaultDeviceManager.cpp:498           Allows Auto-Route:   yes
2026-09-28 20:56:48.688 Df coreaudiod[2872:17706d3] (CoreAudio) HALS_DefaultDeviceManager.cpp:488      551: 'com.rogueamoeba.Loopback:B84C2883-09E2-4BFA-979B-9935F80B4D6D'
2026-09-28 20:56:48.688 Df coreaudiod[2872:17706d3] (CoreAudio) HALS_DefaultDeviceManager.cpp:489           Arrival Time:       (497, 26001960000000)
2026-09-28 20:56:48.688 Df coreaudiod[2872:17706d3] (CoreAudio) HALS_DefaultDeviceManager.cpp:490           Transport:          'virt'
2026-09-28 20:56:48.688 Df coreaudiod[2872:17706d3] (CoreAudio) HALS_DefaultDeviceManager.cpp:491           Input Data Source:  ''
2026-09-28 20:56:48.688 Df coreaudiod[2872:17706d3] (CoreAudio) HALS_DefaultDeviceManager.cpp:492           Output Data Source: ''
2026-09-28 20:56:48.688 Df coreaudiod[2872:17706d3] (CoreAudio) HALS_DefaultDeviceManager.cpp:493           Input Kind:          Don't
2026-09-28 20:56:48.688 Df coreaudiod[2872:17706d3] (CoreAudio) HALS_DefaultDeviceManager.cpp:494           Output Kind:         Don't
2026-09-28 20:56:48.688 Df coreaudiod[2872:17706d3] (CoreAudio) HALS_DefaultDeviceManager.cpp:495           Can Be Input:        yes
2026-09-28 20:56:48.688 Df coreaudiod[2872:17706d3] (CoreAudio) HALS_DefaultDeviceManager.cpp:496           Can Be Output:       yes
2026-09-28 20:56:48.688 Df coreaudiod[2872:17706d3] (CoreAudio) HALS_DefaultDeviceManager.cpp:497           Can Be System:       yes
2026-09-28 20:56:48.688 Df coreaudiod[2872:17706d3] (CoreAudio) HALS_DefaultDeviceManager.cpp:498           Allows Auto-Route:   yes
2026-09-28 20:56:48.688 Df coreaudiod[2872:17706d3] (CoreAudio) HALS_DefaultDeviceManager.cpp:488      70: '597A1DFA-1BE3-47EF-8565-BAD100000003'
2026-09-28 20:56:48.688 Df coreaudiod[2872:17706d3] (CoreAudio) HALS_DefaultDeviceManager.cpp:489           Arrival Time:       (496, 26001120000000)
2026-09-28 20:56:48.688 Df coreaudiod[2872:17706d3] (CoreAudio) HALS_DefaultDeviceManager.cpp:490           Transport:          'ccwd'
2026-09-28 20:56:48.688 Df coreaudiod[2872:17706d3] (CoreAudio) HALS_DefaultDeviceManager.cpp:491           Input Data Source:  ''
2026-09-28 20:56:48.688 Df coreaudiod[2872:17706d3] (CoreAudio) HALS_DefaultDeviceManager.cpp:492           Output Data Source: ''
2026-09-28 20:56:48.688 Df coreaudiod[2872:17706d3] (CoreAudio) HALS_DefaultDeviceManager.cpp:493           Input Kind:          Don't
2026-09-28 20:56:48.688 Df coreaudiod[2872:17706d3] (CoreAudio) HALS_DefaultDeviceManager.cpp:494           Output Kind:         Don't
2026-09-28 20:56:48.688 Df coreaudiod[2872:17706d3] (CoreAudio) HALS_DefaultDeviceManager.cpp:495           Can Be Input:        yes
2026-09-28 20:56:48.688 Df coreaudiod[2872:17706d3] (CoreAudio) HALS_DefaultDeviceManager.cpp:496           Can Be Output:       no
2026-09-28 20:56:48.688 Df coreaudiod[2872:17706d3] (CoreAudio) HALS_DefaultDeviceManager.cpp:497           Can Be System:       no
2026-09-28 20:56:48.688 Df coreaudiod[2872:17706d3] (CoreAudio) HALS_DefaultDeviceManager.cpp:498           Allows Auto-Route:   no
2026-09-28 20:56:48.688 Df coreaudiod[2872:17706d3] (CoreAudio) HALS_DefaultDeviceManager.cpp:488      36: 'AOP Audio-1'
2026-09-28 20:56:48.688 Df coreaudiod[2872:17706d3] (CoreAudio) HALS_DefaultDeviceManager.cpp:489           Arrival Time:       (323, 0)
2026-09-28 20:56:48.688 Df coreaudiod[2872:17706d3] (CoreAudio) HALS_DefaultDeviceManager.cpp:490           Transport:          'virt'
2026-09-28 20:56:48.688 Df coreaudiod[2872:17706d3] (CoreAudio) HALS_DefaultDeviceManager.cpp:491           Input Data Source:  ''
2026-09-28 20:56:48.688 Df coreaudiod[2872:17706d3] (CoreAudio) HALS_DefaultDeviceManager.cpp:492           Output Data Source: ''
2026-09-28 20:56:48.688 Df coreaudiod[2872:17706d3] (CoreAudio) HALS_DefaultDeviceManager.cpp:493           Input Kind:          Don't
2026-09-28 20:56:48.688 Df coreaudiod[2872:17706d3] (CoreAudio) HALS_DefaultDeviceManager.cpp:494           Output Kind:         None
2026-09-28 20:56:48.688 Df coreaudiod[2872:17706d3] (CoreAudio) HALS_DefaultDeviceManager.cpp:495           Can Be Input:        yes
2026-09-28 20:56:48.688 Df coreaudiod[2872:17706d3] (CoreAudio) HALS_DefaultDeviceManager.cpp:496           Can Be Output:       no
2026-09-28 20:56:48.688 Df coreaudiod[2872:17706d3] (CoreAudio) HALS_DefaultDeviceManager.cpp:497           Can Be System:       no
2026-09-28 20:56:48.688 Df coreaudiod[2872:17706d3] (CoreAudio) HALS_DefaultDeviceManager.cpp:498           Allows Auto-Route:   yes
2026-09-28 20:56:48.688 Df coreaudiod[2872:17706d3] (CoreAudio) HALS_DefaultDeviceManager.cpp:1730   HALS_DefaultDeviceManager::PickDefaultDevice:          'dIn ' | picking 126: 'BuiltInMicrophoneDevice'/'imic'
2026-09-28 20:56:48.689 Df coreaudiod[2872:17706d3] (CoreAudio) HALS_DefaultDeviceManager.cpp:1692   HALS_DefaultDeviceManager::FindPreferredDefaultDevice: 'dOut' | found preferred[0] 1467: 'LSOutput_UID'/''
2026-09-28 20:56:48.689 Df coreaudiod[2872:17706d3] (CoreAudio) HALS_DefaultDeviceManager.cpp:1692   HALS_DefaultDeviceManager::FindPreferredDefaultDevice: 'sOut' | found preferred[0] 117: 'BuiltInSpeakerDevice'/'ispk'
2026-09-28 20:56:48.689 Df coreaudiod[2872:17706d3] (CoreAudio) HALS_DefaultDeviceManager.cpp:1692   HALS_DefaultDeviceManager::FindPreferredDefaultDevice: 'shrd' | found preferred[0] 1467: 'LSOutput_UID'/''
2026-09-28 20:56:48.693 E  Music[1908:17706d0] [com.apple.coreaudio:ddagg]        AggregateDevice.mm:364   Failed expectation of constructed aggregate (1027): mOutput.streamChannelCounts == outputStreamChannelCounts
2026-09-28 20:56:48.693 E  Music[1908:17706d0] [com.apple.coreaudio:ddagg]        AggregateDevice.mm:367   Failed expectation of constructed aggregate (1027): mOutput.totalChannelCount == std::accumulate(outputStreamChannelCounts.begin(), outputStreamChannelCounts.end(), 0U)
2026-09-28 20:56:48.693 Df Music[1908:17706d0] [com.apple.coreaudio:ddagg]        AggregateDevice.mm:661   Aggregate -1 did not validate; racing against config change? Will retry (9/10).
2026-09-28 20:56:48.695 Df coreaudiod[2872:17706e3] (CoreAudio)           HALS_Device.cpp:293    HALS_Device::_Deactivate: deactivating device 1901: CADefaultDeviceAggregate-1908-36
2026-09-28 20:56:48.700 Df coreaudiod[2872:17706f7] [com.apple.Accessibility:AXHearingHalPlugin] IsHidden: 1
2026-09-28 20:56:48.701 Df coreaudiod[2872:17706f7] [com.apple.Accessibility:AXHearingHalPlugin] IsHidden: 1
2026-09-28 20:56:48.704 Df coreaudiod[2872:17706f7] (CoreAudio) HALS_DefaultDeviceManager.cpp:410    Heap has 4 items
2026-09-28 20:56:48.704 Df coreaudiod[2872:17706f7] (CoreAudio) HALS_DefaultDeviceManager.cpp:488      126: 'BuiltInMicrophoneDevice'
2026-09-28 20:56:48.704 Df coreaudiod[2872:17706f7] (CoreAudio) HALS_DefaultDeviceManager.cpp:489           Arrival Time:       (0, 0)
2026-09-28 20:56:48.704 Df coreaudiod[2872:17706f7] (CoreAudio) HALS_DefaultDeviceManager.cpp:490           Transport:          'bltn'
2026-09-28 20:56:48.704 Df coreaudiod[2872:17706f7] (CoreAudio) HALS_DefaultDeviceManager.cpp:491           Input Data Source:  'imic'
2026-09-28 20:56:48.704 Df coreaudiod[2872:17706f7] (CoreAudio) HALS_DefaultDeviceManager.cpp:492           Output Data Source: ''
2026-09-28 20:56:48.704 Df coreaudiod[2872:17706f7] (CoreAudio) HALS_DefaultDeviceManager.cpp:493           Input Kind:          Mic
2026-09-28 20:56:48.704 Df coreaudiod[2872:17706f7] (CoreAudio) HALS_DefaultDeviceManager.cpp:494           Output Kind:         None
2026-09-28 20:56:48.704 Df coreaudiod[2872:17706f7] (CoreAudio) HALS_DefaultDeviceManager.cpp:495           Can Be Input:        yes
2026-09-28 20:56:48.704 Df coreaudiod[2872:17706f7] (CoreAudio) HALS_DefaultDeviceManager.cpp:496           Can Be Output:       no
2026-09-28 20:56:48.704 Df coreaudiod[2872:17706f7] (CoreAudio) HALS_DefaultDeviceManager.cpp:497           Can Be System:       no
2026-09-28 20:56:48.704 Df coreaudiod[2872:17706f7] (CoreAudio) HALS_DefaultDeviceManager.cpp:498           Allows Auto-Route:   yes
2026-09-28 20:56:48.704 Df coreaudiod[2872:17706f7] (CoreAudio) HALS_DefaultDeviceManager.cpp:488      551: 'com.rogueamoeba.Loopback:B84C2883-09E2-4BFA-979B-9935F80B4D6D'
2026-09-28 20:56:48.704 Df coreaudiod[2872:17706f7] (CoreAudio) HALS_DefaultDeviceManager.cpp:489           Arrival Time:       (497, 26001960000000)
2026-09-28 20:56:48.704 Df coreaudiod[2872:17706f7] (CoreAudio) HALS_DefaultDeviceManager.cpp:490           Transport:          'virt'
2026-09-28 20:56:48.704 Df coreaudiod[2872:17706f7] (CoreAudio) HALS_DefaultDeviceManager.cpp:491           Input Data Source:  ''
2026-09-28 20:56:48.704 Df coreaudiod[2872:17706f7] (CoreAudio) HALS_DefaultDeviceManager.cpp:492           Output Data Source: ''
2026-09-28 20:56:48.704 Df coreaudiod[2872:17706f7] (CoreAudio) HALS_DefaultDeviceManager.cpp:493           Input Kind:          Don't
2026-09-28 20:56:48.704 Df coreaudiod[2872:17706f7] (CoreAudio) HALS_DefaultDeviceManager.cpp:494           Output Kind:         Don't
2026-09-28 20:56:48.704 Df coreaudiod[2872:17706f7] (CoreAudio) HALS_DefaultDeviceManager.cpp:495           Can Be Input:        yes
2026-09-28 20:56:48.704 Df coreaudiod[2872:17706f7] (CoreAudio) HALS_DefaultDeviceManager.cpp:496           Can Be Output:       yes
2026-09-28 20:56:48.704 Df coreaudiod[2872:17706f7] (CoreAudio) HALS_DefaultDeviceManager.cpp:497           Can Be System:       yes
2026-09-28 20:56:48.704 Df coreaudiod[2872:17706f7] (CoreAudio) HALS_DefaultDeviceManager.cpp:498           Allows Auto-Route:   yes
2026-09-28 20:56:48.704 Df coreaudiod[2872:17706f7] (CoreAudio) HALS_DefaultDeviceManager.cpp:488      70: '597A1DFA-1BE3-47EF-8565-BAD100000003'
2026-09-28 20:56:48.704 Df coreaudiod[2872:17706f7] (CoreAudio) HALS_DefaultDeviceManager.cpp:489           Arrival Time:       (496, 26001120000000)
2026-09-28 20:56:48.704 Df coreaudiod[2872:17706f7] (CoreAudio) HALS_DefaultDeviceManager.cpp:490           Transport:          'ccwd'
2026-09-28 20:56:48.704 Df coreaudiod[2872:17706f7] (CoreAudio) HALS_DefaultDeviceManager.cpp:491           Input Data Source:  ''
2026-09-28 20:56:48.704 Df coreaudiod[2872:17706f7] (CoreAudio) HALS_DefaultDeviceManager.cpp:492           Output Data Source: ''
2026-09-28 20:56:48.704 Df coreaudiod[2872:17706f7] (CoreAudio) HALS_DefaultDeviceManager.cpp:493           Input Kind:          Don't
2026-09-28 20:56:48.704 Df coreaudiod[2872:17706f7] (CoreAudio) HALS_DefaultDeviceManager.cpp:494           Output Kind:         Don't
2026-09-28 20:56:48.704 Df coreaudiod[2872:17706f7] (CoreAudio) HALS_DefaultDeviceManager.cpp:495           Can Be Input:        yes
2026-09-28 20:56:48.704 Df coreaudiod[2872:17706f7] (CoreAudio) HALS_DefaultDeviceManager.cpp:496           Can Be Output:       no
2026-09-28 20:56:48.704 Df coreaudiod[2872:17706f7] (CoreAudio) HALS_DefaultDeviceManager.cpp:497           Can Be System:       no
2026-09-28 20:56:48.704 Df coreaudiod[2872:17706f7] (CoreAudio) HALS_DefaultDeviceManager.cpp:498           Allows Auto-Route:   no
2026-09-28 20:56:48.704 Df coreaudiod[2872:17706f7] (CoreAudio) HALS_DefaultDeviceManager.cpp:488      36: 'AOP Audio-1'
2026-09-28 20:56:48.704 Df coreaudiod[2872:17706f7] (CoreAudio) HALS_DefaultDeviceManager.cpp:489           Arrival Time:       (323, 0)
2026-09-28 20:56:48.704 Df coreaudiod[2872:17706f7] (CoreAudio) HALS_DefaultDeviceManager.cpp:490           Transport:          'virt'
2026-09-28 20:56:48.704 Df coreaudiod[2872:17706f7] (CoreAudio) HALS_DefaultDeviceManager.cpp:491           Input Data Source:  ''
2026-09-28 20:56:48.704 Df coreaudiod[2872:17706f7] (CoreAudio) HALS_DefaultDeviceManager.cpp:492           Output Data Source: ''
2026-09-28 20:56:48.704 Df coreaudiod[2872:17706f7] (CoreAudio) HALS_DefaultDeviceManager.cpp:493           Input Kind:          Don't
2026-09-28 20:56:48.704 Df coreaudiod[2872:17706f7] (CoreAudio) HALS_DefaultDeviceManager.cpp:494           Output Kind:         None
2026-09-28 20:56:48.704 Df coreaudiod[2872:17706f7] (CoreAudio) HALS_DefaultDeviceManager.cpp:495           Can Be Input:        yes
2026-09-28 20:56:48.704 Df coreaudiod[2872:17706f7] (CoreAudio) HALS_DefaultDeviceManager.cpp:496           Can Be Output:       no
2026-09-28 20:56:48.704 Df coreaudiod[2872:17706f7] (CoreAudio) HALS_DefaultDeviceManager.cpp:497           Can Be System:       no
2026-09-28 20:56:48.704 Df coreaudiod[2872:17706f7] (CoreAudio) HALS_DefaultDeviceManager.cpp:498           Allows Auto-Route:   yes
2026-09-28 20:56:48.704 Df coreaudiod[2872:17706f7] (CoreAudio) HALS_DefaultDeviceManager.cpp:1730   HALS_DefaultDeviceManager::PickDefaultDevice:          'dIn ' | picking 126: 'BuiltInMicrophoneDevice'/'imic'
2026-09-28 20:56:48.704 Df coreaudiod[2872:17706f7] (CoreAudio) HALS_DefaultDeviceManager.cpp:1692   HALS_DefaultDeviceManager::FindPreferredDefaultDevice: 'dOut' | found preferred[0] 1467: 'LSOutput_UID'/''
2026-09-28 20:56:48.704 Df coreaudiod[2872:17706f7] (CoreAudio) HALS_DefaultDeviceManager.cpp:1692   HALS_DefaultDeviceManager::FindPreferredDefaultDevice: 'sOut' | found preferred[0] 117: 'BuiltInSpeakerDevice'/'ispk'
2026-09-28 20:56:48.705 Df coreaudiod[2872:17706f7] (CoreAudio) HALS_DefaultDeviceManager.cpp:1692   HALS_DefaultDeviceManager::FindPreferredDefaultDevice: 'shrd' | found preferred[0] 1467: 'LSOutput_UID'/''
2026-09-28 20:56:48.715 Df coreaudiod[2872:17706f7] [com.apple.coreaudio:AMCP]                  HALS_Device.cpp:5561  [ahal_dsp] Per client DSP has been initialized (Device ID: 1906).
2026-09-28 20:56:48.715 Df coreaudiod[2872:17706f7] (CoreAudio)           HALS_Device.cpp:210    HALS_Device::Activate: activating device 1906: CADefaultDeviceAggregate-1908-36 Transport Type: <private> Clock Domain: 1835100526
2026-09-28 20:56:48.715 Df coreaudiod[2872:17706f7] [com.apple.Accessibility:AXHearingHalPlugin] IsHidden: 1
2026-09-28 20:56:48.716 Df coreaudiod[2872:17706f7] [com.apple.Accessibility:AXHearingHalPlugin] IsHidden: 1
2026-09-28 20:56:48.716 Df coreaudiod[2872:17706f7] [com.apple.Accessibility:AXHearingHalPlugin] IsHidden: 1
2026-09-28 20:56:48.716 Df coreaudiod[2872:17706f7] [com.apple.Accessibility:AXHearingHalPlugin] IsHidden: 1
2026-09-28 20:56:48.716 Df coreaudiod[2872:17706f7] [com.apple.Accessibility:AXHearingHalPlugin] IsHidden: 1
2026-09-28 20:56:48.716 Df coreaudiod[2872:17706f7] [com.apple.Accessibility:AXHearingHalPlugin] IsHidden: 1
2026-09-28 20:56:48.716 Df coreaudiod[2872:17706f7] [com.apple.Accessibility:AXHearingHalPlugin] IsHidden: 1
2026-09-28 20:56:48.722 Df coreaudiod[2872:17706f7] [com.apple.Accessibility:AXHearingHalPlugin] IsHidden: 1
2026-09-28 20:56:48.722 Df coreaudiod[2872:17706f7] [com.apple.Accessibility:AXHearingHalPlugin] IsHidden: 1
2026-09-28 20:56:48.725 Df coreaudiod[2872:17706f7] (CoreAudio) HALS_DefaultDeviceManager.cpp:410    Heap has 4 items
2026-09-28 20:56:48.725 Df coreaudiod[2872:17706f7] (CoreAudio) HALS_DefaultDeviceManager.cpp:488      126: 'BuiltInMicrophoneDevice'
2026-09-28 20:56:48.725 Df coreaudiod[2872:17706f7] (CoreAudio) HALS_DefaultDeviceManager.cpp:489           Arrival Time:       (0, 0)
2026-09-28 20:56:48.725 Df coreaudiod[2872:17706f7] (CoreAudio) HALS_DefaultDeviceManager.cpp:490           Transport:          'bltn'
2026-09-28 20:56:48.725 Df coreaudiod[2872:17706f7] (CoreAudio) HALS_DefaultDeviceManager.cpp:491           Input Data Source:  'imic'
2026-09-28 20:56:48.725 Df coreaudiod[2872:17706f7] (CoreAudio) HALS_DefaultDeviceManager.cpp:492           Output Data Source: ''
2026-09-28 20:56:48.725 Df coreaudiod[2872:17706f7] (CoreAudio) HALS_DefaultDeviceManager.cpp:493           Input Kind:          Mic
2026-09-28 20:56:48.725 Df coreaudiod[2872:17706f7] (CoreAudio) HALS_DefaultDeviceManager.cpp:494           Output Kind:         None
2026-09-28 20:56:48.725 Df coreaudiod[2872:17706f7] (CoreAudio) HALS_DefaultDeviceManager.cpp:495           Can Be Input:        yes
2026-09-28 20:56:48.725 Df coreaudiod[2872:17706f7] (CoreAudio) HALS_DefaultDeviceManager.cpp:496           Can Be Output:       no
2026-09-28 20:56:48.725 Df coreaudiod[2872:17706f7] (CoreAudio) HALS_DefaultDeviceManager.cpp:497           Can Be System:       no
2026-09-28 20:56:48.725 Df coreaudiod[2872:17706f7] (CoreAudio) HALS_DefaultDeviceManager.cpp:498           Allows Auto-Route:   yes
2026-09-28 20:56:48.725 Df coreaudiod[2872:17706f7] (CoreAudio) HALS_DefaultDeviceManager.cpp:488      551: 'com.rogueamoeba.Loopback:B84C2883-09E2-4BFA-979B-9935F80B4D6D'
2026-09-28 20:56:48.725 Df coreaudiod[2872:17706f7] (CoreAudio) HALS_DefaultDeviceManager.cpp:489           Arrival Time:       (497, 26001960000000)
2026-09-28 20:56:48.725 Df coreaudiod[2872:17706f7] (CoreAudio) HALS_DefaultDeviceManager.cpp:490           Transport:          'virt'
2026-09-28 20:56:48.725 Df coreaudiod[2872:17706f7] (CoreAudio) HALS_DefaultDeviceManager.cpp:491           Input Data Source:  ''
2026-09-28 20:56:48.725 Df coreaudiod[2872:17706f7] (CoreAudio) HALS_DefaultDeviceManager.cpp:492           Output Data Source: ''
2026-09-28 20:56:48.725 Df coreaudiod[2872:17706f7] (CoreAudio) HALS_DefaultDeviceManager.cpp:493           Input Kind:          Don't
2026-09-28 20:56:48.725 Df coreaudiod[2872:17706f7] (CoreAudio) HALS_DefaultDeviceManager.cpp:494           Output Kind:         Don't
2026-09-28 20:56:48.725 Df coreaudiod[2872:17706f7] (CoreAudio) HALS_DefaultDeviceManager.cpp:495           Can Be Input:        yes
2026-09-28 20:56:48.725 Df coreaudiod[2872:17706f7] (CoreAudio) HALS_DefaultDeviceManager.cpp:496           Can Be Output:       yes
2026-09-28 20:56:48.725 Df coreaudiod[2872:17706f7] (CoreAudio) HALS_DefaultDeviceManager.cpp:497           Can Be System:       yes
2026-09-28 20:56:48.725 Df coreaudiod[2872:17706f7] (CoreAudio) HALS_DefaultDeviceManager.cpp:498           Allows Auto-Route:   yes
2026-09-28 20:56:48.725 Df coreaudiod[2872:17706f7] (CoreAudio) HALS_DefaultDeviceManager.cpp:488      70: '597A1DFA-1BE3-47EF-8565-BAD100000003'
2026-09-28 20:56:48.725 Df coreaudiod[2872:17706f7] (CoreAudio) HALS_DefaultDeviceManager.cpp:489           Arrival Time:       (496, 26001120000000)
2026-09-28 20:56:48.725 Df coreaudiod[2872:17706f7] (CoreAudio) HALS_DefaultDeviceManager.cpp:490           Transport:          'ccwd'
2026-09-28 20:56:48.725 Df coreaudiod[2872:17706f7] (CoreAudio) HALS_DefaultDeviceManager.cpp:491           Input Data Source:  ''
2026-09-28 20:56:48.725 Df coreaudiod[2872:17706f7] (CoreAudio) HALS_DefaultDeviceManager.cpp:492           Output Data Source: ''
2026-09-28 20:56:48.725 Df coreaudiod[2872:17706f7] (CoreAudio) HALS_DefaultDeviceManager.cpp:493           Input Kind:          Don't
2026-09-28 20:56:48.725 Df coreaudiod[2872:17706f7] (CoreAudio) HALS_DefaultDeviceManager.cpp:494           Output Kind:         Don't
2026-09-28 20:56:48.725 Df coreaudiod[2872:17706f7] (CoreAudio) HALS_DefaultDeviceManager.cpp:495           Can Be Input:        yes
2026-09-28 20:56:48.725 Df coreaudiod[2872:17706f7] (CoreAudio) HALS_DefaultDeviceManager.cpp:496           Can Be Output:       no
2026-09-28 20:56:48.725 Df coreaudiod[2872:17706f7] (CoreAudio) HALS_DefaultDeviceManager.cpp:497           Can Be System:       no
2026-09-28 20:56:48.725 Df coreaudiod[2872:17706f7] (CoreAudio) HALS_DefaultDeviceManager.cpp:498           Allows Auto-Route:   no
2026-09-28 20:56:48.725 Df coreaudiod[2872:17706f7] (CoreAudio) HALS_DefaultDeviceManager.cpp:488      36: 'AOP Audio-1'
2026-09-28 20:56:48.725 Df coreaudiod[2872:17706f7] (CoreAudio) HALS_DefaultDeviceManager.cpp:489           Arrival Time:       (323, 0)
2026-09-28 20:56:48.725 Df coreaudiod[2872:17706f7] (CoreAudio) HALS_DefaultDeviceManager.cpp:490           Transport:          'virt'
2026-09-28 20:56:48.725 Df coreaudiod[2872:17706f7] (CoreAudio) HALS_DefaultDeviceManager.cpp:491           Input Data Source:  ''
2026-09-28 20:56:48.725 Df coreaudiod[2872:17706f7] (CoreAudio) HALS_DefaultDeviceManager.cpp:492           Output Data Source: ''
2026-09-28 20:56:48.725 Df coreaudiod[2872:17706f7] (CoreAudio) HALS_DefaultDeviceManager.cpp:493           Input Kind:          Don't
2026-09-28 20:56:48.725 Df coreaudiod[2872:17706f7] (CoreAudio) HALS_DefaultDeviceManager.cpp:494           Output Kind:         None
2026-09-28 20:56:48.725 Df coreaudiod[2872:17706f7] (CoreAudio) HALS_DefaultDeviceManager.cpp:495           Can Be Input:        yes
2026-09-28 20:56:48.725 Df coreaudiod[2872:17706f7] (CoreAudio) HALS_DefaultDeviceManager.cpp:496           Can Be Output:       no
2026-09-28 20:56:48.725 Df coreaudiod[2872:17706f7] (CoreAudio) HALS_DefaultDeviceManager.cpp:497           Can Be System:       no
2026-09-28 20:56:48.725 Df coreaudiod[2872:17706f7] (CoreAudio) HALS_DefaultDeviceManager.cpp:498           Allows Auto-Route:   yes
2026-09-28 20:56:48.725 Df coreaudiod[2872:17706f7] (CoreAudio) HALS_DefaultDeviceManager.cpp:1730   HALS_DefaultDeviceManager::PickDefaultDevice:          'dIn ' | picking 126: 'BuiltInMicrophoneDevice'/'imic'
2026-09-28 20:56:48.726 Df coreaudiod[2872:17706f7] (CoreAudio) HALS_DefaultDeviceManager.cpp:1692   HALS_DefaultDeviceManager::FindPreferredDefaultDevice: 'dOut' | found preferred[0] 1467: 'LSOutput_UID'/''
2026-09-28 20:56:48.726 Df coreaudiod[2872:17706f7] (CoreAudio) HALS_DefaultDeviceManager.cpp:1692   HALS_DefaultDeviceManager::FindPreferredDefaultDevice: 'sOut' | found preferred[0] 117: 'BuiltInSpeakerDevice'/'ispk'
2026-09-28 20:56:48.726 Df coreaudiod[2872:17706f7] (CoreAudio) HALS_DefaultDeviceManager.cpp:1692   HALS_DefaultDeviceManager::FindPreferredDefaultDevice: 'shrd' | found preferred[0] 1467: 'LSOutput_UID'/''
2026-09-28 20:56:48.730 E  Music[1908:17706d0] [com.apple.coreaudio:ddagg]        AggregateDevice.mm:364   Failed expectation of constructed aggregate (1030): mOutput.streamChannelCounts == outputStreamChannelCounts
2026-09-28 20:56:48.730 E  Music[1908:17706d0] [com.apple.coreaudio:ddagg]        AggregateDevice.mm:367   Failed expectation of constructed aggregate (1030): mOutput.totalChannelCount == std::accumulate(outputStreamChannelCounts.begin(), outputStreamChannelCounts.end(), 0U)
2026-09-28 20:56:48.730 F  Music[1908:17706d0] [com.apple.coreaudio:ddagg]        AggregateDevice.mm:654   Unable to build a valid aggregate after 10 tries
2026-09-28 20:56:48.732 Df coreaudiod[2872:17706ca] (CoreAudio)           HALS_Device.cpp:293    HALS_Device::_Deactivate: deactivating device 1906: CADefaultDeviceAggregate-1908-36
2026-09-28 20:56:48.737 Df coreaudiod[2872:17706d3] [com.apple.coreaudio:AMCP]                  HALS_Device.cpp:5561  [ahal_dsp] Per client DSP has been initialized (Device ID: 1911).
2026-09-28 20:56:48.737 Df coreaudiod[2872:17706d3] (CoreAudio)           HALS_Device.cpp:210    HALS_Device::Activate: activating device 1911: CADefaultDeviceAggregate-1908-37 Transport Type: <private> Clock Domain: 0
2026-09-28 20:56:48.737 Df coreaudiod[2872:17706d3] [com.apple.Accessibility:AXHearingHalPlugin] IsHidden: 1
2026-09-28 20:56:48.738 Df coreaudiod[2872:17706d3] [com.apple.Accessibility:AXHearingHalPlugin] IsHidden: 1
2026-09-28 20:56:48.738 Df coreaudiod[2872:17706d3] [com.apple.Accessibility:AXHearingHalPlugin] IsHidden: 1
2026-09-28 20:56:48.738 Df coreaudiod[2872:17706d3] [com.apple.Accessibility:AXHearingHalPlugin] IsHidden: 1
2026-09-28 20:56:48.738 Df coreaudiod[2872:17706d3] [com.apple.Accessibility:AXHearingHalPlugin] IsHidden: 1
2026-09-28 20:56:48.738 Df coreaudiod[2872:17706d3] [com.apple.Accessibility:AXHearingHalPlugin] IsHidden: 1
2026-09-28 20:56:48.738 Df coreaudiod[2872:17706d3] [com.apple.Accessibility:AXHearingHalPlugin] IsHidden: 1
2026-09-28 20:56:48.744 Df coreaudiod[2872:17706d3] [com.apple.Accessibility:AXHearingHalPlugin] IsHidden: 1
2026-09-28 20:56:48.744 Df coreaudiod[2872:17706d3] [com.apple.Accessibility:AXHearingHalPlugin] IsHidden: 1
2026-09-28 20:56:48.747 Df coreaudiod[2872:17706d3] (CoreAudio) HALS_DefaultDeviceManager.cpp:410    Heap has 4 items
2026-09-28 20:56:48.747 Df coreaudiod[2872:17706d3] (CoreAudio) HALS_DefaultDeviceManager.cpp:488      126: 'BuiltInMicrophoneDevice'
2026-09-28 20:56:48.747 Df coreaudiod[2872:17706d3] (CoreAudio) HALS_DefaultDeviceManager.cpp:489           Arrival Time:       (0, 0)
2026-09-28 20:56:48.747 Df coreaudiod[2872:17706d3] (CoreAudio) HALS_DefaultDeviceManager.cpp:490           Transport:          'bltn'
2026-09-28 20:56:48.747 Df coreaudiod[2872:17706d3] (CoreAudio) HALS_DefaultDeviceManager.cpp:491           Input Data Source:  'imic'
2026-09-28 20:56:48.747 Df coreaudiod[2872:17706d3] (CoreAudio) HALS_DefaultDeviceManager.cpp:492           Output Data Source: ''
2026-09-28 20:56:48.747 Df coreaudiod[2872:17706d3] (CoreAudio) HALS_DefaultDeviceManager.cpp:493           Input Kind:          Mic
2026-09-28 20:56:48.747 Df coreaudiod[2872:17706d3] (CoreAudio) HALS_DefaultDeviceManager.cpp:494           Output Kind:         None
2026-09-28 20:56:48.747 Df coreaudiod[2872:17706d3] (CoreAudio) HALS_DefaultDeviceManager.cpp:495           Can Be Input:        yes
2026-09-28 20:56:48.747 Df coreaudiod[2872:17706d3] (CoreAudio) HALS_DefaultDeviceManager.cpp:496           Can Be Output:       no
2026-09-28 20:56:48.747 Df coreaudiod[2872:17706d3] (CoreAudio) HALS_DefaultDeviceManager.cpp:497           Can Be System:       no
2026-09-28 20:56:48.747 Df coreaudiod[2872:17706d3] (CoreAudio) HALS_DefaultDeviceManager.cpp:498           Allows Auto-Route:   yes
2026-09-28 20:56:48.747 Df coreaudiod[2872:17706d3] (CoreAudio) HALS_DefaultDeviceManager.cpp:488      551: 'com.rogueamoeba.Loopback:B84C2883-09E2-4BFA-979B-9935F80B4D6D'
2026-09-28 20:56:48.747 Df coreaudiod[2872:17706d3] (CoreAudio) HALS_DefaultDeviceManager.cpp:489           Arrival Time:       (497, 26001960000000)
2026-09-28 20:56:48.747 Df coreaudiod[2872:17706d3] (CoreAudio) HALS_DefaultDeviceManager.cpp:490           Transport:          'virt'
2026-09-28 20:56:48.747 Df coreaudiod[2872:17706d3] (CoreAudio) HALS_DefaultDeviceManager.cpp:491           Input Data Source:  ''
2026-09-28 20:56:48.747 Df coreaudiod[2872:17706d3] (CoreAudio) HALS_DefaultDeviceManager.cpp:492           Output Data Source: ''
2026-09-28 20:56:48.747 Df coreaudiod[2872:17706d3] (CoreAudio) HALS_DefaultDeviceManager.cpp:493           Input Kind:          Don't
2026-09-28 20:56:48.747 Df coreaudiod[2872:17706d3] (CoreAudio) HALS_DefaultDeviceManager.cpp:494           Output Kind:         Don't
2026-09-28 20:56:48.747 Df coreaudiod[2872:17706d3] (CoreAudio) HALS_DefaultDeviceManager.cpp:495           Can Be Input:        yes
2026-09-28 20:56:48.747 Df coreaudiod[2872:17706d3] (CoreAudio) HALS_DefaultDeviceManager.cpp:496           Can Be Output:       yes
2026-09-28 20:56:48.747 Df coreaudiod[2872:17706d3] (CoreAudio) HALS_DefaultDeviceManager.cpp:497           Can Be System:       yes
2026-09-28 20:56:48.747 Df coreaudiod[2872:17706d3] (CoreAudio) HALS_DefaultDeviceManager.cpp:498           Allows Auto-Route:   yes
2026-09-28 20:56:48.747 Df coreaudiod[2872:17706d3] (CoreAudio) HALS_DefaultDeviceManager.cpp:488      70: '597A1DFA-1BE3-47EF-8565-BAD100000003'
2026-09-28 20:56:48.747 Df coreaudiod[2872:17706d3] (CoreAudio) HALS_DefaultDeviceManager.cpp:489           Arrival Time:       (496, 26001120000000)
2026-09-28 20:56:48.747 Df coreaudiod[2872:17706d3] (CoreAudio) HALS_DefaultDeviceManager.cpp:490           Transport:          'ccwd'
2026-09-28 20:56:48.747 Df coreaudiod[2872:17706d3] (CoreAudio) HALS_DefaultDeviceManager.cpp:491           Input Data Source:  ''
2026-09-28 20:56:48.747 Df coreaudiod[2872:17706d3] (CoreAudio) HALS_DefaultDeviceManager.cpp:492           Output Data Source: ''
2026-09-28 20:56:48.747 Df coreaudiod[2872:17706d3] (CoreAudio) HALS_DefaultDeviceManager.cpp:493           Input Kind:          Don't
2026-09-28 20:56:48.747 Df coreaudiod[2872:17706d3] (CoreAudio) HALS_DefaultDeviceManager.cpp:494           Output Kind:         Don't
2026-09-28 20:56:48.747 Df coreaudiod[2872:17706d3] (CoreAudio) HALS_DefaultDeviceManager.cpp:495           Can Be Input:        yes
2026-09-28 20:56:48.747 Df coreaudiod[2872:17706d3] (CoreAudio) HALS_DefaultDeviceManager.cpp:496           Can Be Output:       no
2026-09-28 20:56:48.747 Df coreaudiod[2872:17706d3] (CoreAudio) HALS_DefaultDeviceManager.cpp:497           Can Be System:       no
2026-09-28 20:56:48.747 Df coreaudiod[2872:17706d3] (CoreAudio) HALS_DefaultDeviceManager.cpp:498           Allows Auto-Route:   no
2026-09-28 20:56:48.747 Df coreaudiod[2872:17706d3] (CoreAudio) HALS_DefaultDeviceManager.cpp:488      36: 'AOP Audio-1'
2026-09-28 20:56:48.747 Df coreaudiod[2872:17706d3] (CoreAudio) HALS_DefaultDeviceManager.cpp:489           Arrival Time:       (323, 0)
2026-09-28 20:56:48.747 Df coreaudiod[2872:17706d3] (CoreAudio) HALS_DefaultDeviceManager.cpp:490           Transport:          'virt'
2026-09-28 20:56:48.747 Df coreaudiod[2872:17706d3] (CoreAudio) HALS_DefaultDeviceManager.cpp:491           Input Data Source:  ''
2026-09-28 20:56:48.747 Df coreaudiod[2872:17706d3] (CoreAudio) HALS_DefaultDeviceManager.cpp:492           Output Data Source: ''
2026-09-28 20:56:48.747 Df coreaudiod[2872:17706d3] (CoreAudio) HALS_DefaultDeviceManager.cpp:493           Input Kind:          Don't
2026-09-28 20:56:48.747 Df coreaudiod[2872:17706d3] (CoreAudio) HALS_DefaultDeviceManager.cpp:494           Output Kind:         None
2026-09-28 20:56:48.747 Df coreaudiod[2872:17706d3] (CoreAudio) HALS_DefaultDeviceManager.cpp:495           Can Be Input:        yes
2026-09-28 20:56:48.747 Df coreaudiod[2872:17706d3] (CoreAudio) HALS_DefaultDeviceManager.cpp:496           Can Be Output:       no
2026-09-28 20:56:48.747 Df coreaudiod[2872:17706d3] (CoreAudio) HALS_DefaultDeviceManager.cpp:497           Can Be System:       no
2026-09-28 20:56:48.747 Df coreaudiod[2872:17706d3] (CoreAudio) HALS_DefaultDeviceManager.cpp:498           Allows Auto-Route:   yes
2026-09-28 20:56:48.747 Df coreaudiod[2872:17706d3] (CoreAudio) HALS_DefaultDeviceManager.cpp:1730   HALS_DefaultDeviceManager::PickDefaultDevice:          'dIn ' | picking 126: 'BuiltInMicrophoneDevice'/'imic'
2026-09-28 20:56:48.748 Df coreaudiod[2872:17706d3] (CoreAudio) HALS_DefaultDeviceManager.cpp:1692   HALS_DefaultDeviceManager::FindPreferredDefaultDevice: 'dOut' | found preferred[0] 1467: 'LSOutput_UID'/''
2026-09-28 20:56:48.748 Df coreaudiod[2872:17706d3] (CoreAudio) HALS_DefaultDeviceManager.cpp:1692   HALS_DefaultDeviceManager::FindPreferredDefaultDevice: 'sOut' | found preferred[0] 117: 'BuiltInSpeakerDevice'/'ispk'
2026-09-28 20:56:48.749 Df coreaudiod[2872:17706d3] (CoreAudio) HALS_DefaultDeviceManager.cpp:1692   HALS_DefaultDeviceManager::FindPreferredDefaultDevice: 'shrd' | found preferred[0] 1467: 'LSOutput_UID'/''
2026-09-28 20:56:48.749 Df coreaudiod[2872:17706d3] [com.apple.Accessibility:AXHearingHalPlugin] IsHidden: 1
2026-09-28 20:56:48.749 Df coreaudiod[2872:17706d3] [com.apple.Accessibility:AXHearingHalPlugin] IsHidden: 1
2026-09-28 20:56:48.753 Df coreaudiod[2872:17706d3] (CoreAudio) HALS_DefaultDeviceManager.cpp:410    Heap has 4 items
2026-09-28 20:56:48.753 Df coreaudiod[2872:17706d3] (CoreAudio) HALS_DefaultDeviceManager.cpp:488      126: 'BuiltInMicrophoneDevice'
2026-09-28 20:56:48.753 Df coreaudiod[2872:17706d3] (CoreAudio) HALS_DefaultDeviceManager.cpp:489           Arrival Time:       (0, 0)
2026-09-28 20:56:48.753 Df coreaudiod[2872:17706d3] (CoreAudio) HALS_DefaultDeviceManager.cpp:490           Transport:          'bltn'
2026-09-28 20:56:48.753 Df coreaudiod[2872:17706d3] (CoreAudio) HALS_DefaultDeviceManager.cpp:491           Input Data Source:  'imic'
2026-09-28 20:56:48.753 Df coreaudiod[2872:17706d3] (CoreAudio) HALS_DefaultDeviceManager.cpp:492           Output Data Source: ''
2026-09-28 20:56:48.753 Df coreaudiod[2872:17706d3] (CoreAudio) HALS_DefaultDeviceManager.cpp:493           Input Kind:          Mic
2026-09-28 20:56:48.753 Df coreaudiod[2872:17706d3] (CoreAudio) HALS_DefaultDeviceManager.cpp:494           Output Kind:         None
2026-09-28 20:56:48.753 Df coreaudiod[2872:17706d3] (CoreAudio) HALS_DefaultDeviceManager.cpp:495           Can Be Input:        yes
2026-09-28 20:56:48.753 Df coreaudiod[2872:17706d3] (CoreAudio) HALS_DefaultDeviceManager.cpp:496           Can Be Output:       no
2026-09-28 20:56:48.753 Df coreaudiod[2872:17706d3] (CoreAudio) HALS_DefaultDeviceManager.cpp:497           Can Be System:       no
2026-09-28 20:56:48.753 Df coreaudiod[2872:17706d3] (CoreAudio) HALS_DefaultDeviceManager.cpp:498           Allows Auto-Route:   yes
2026-09-28 20:56:48.753 Df coreaudiod[2872:17706d3] (CoreAudio) HALS_DefaultDeviceManager.cpp:488      551: 'com.rogueamoeba.Loopback:B84C2883-09E2-4BFA-979B-9935F80B4D6D'
2026-09-28 20:56:48.753 Df coreaudiod[2872:17706d3] (CoreAudio) HALS_DefaultDeviceManager.cpp:489           Arrival Time:       (497, 26001960000000)
2026-09-28 20:56:48.753 Df coreaudiod[2872:17706d3] (CoreAudio) HALS_DefaultDeviceManager.cpp:490           Transport:          'virt'
2026-09-28 20:56:48.753 Df coreaudiod[2872:17706d3] (CoreAudio) HALS_DefaultDeviceManager.cpp:491           Input Data Source:  ''
2026-09-28 20:56:48.753 Df coreaudiod[2872:17706d3] (CoreAudio) HALS_DefaultDeviceManager.cpp:492           Output Data Source: ''
2026-09-28 20:56:48.753 Df coreaudiod[2872:17706d3] (CoreAudio) HALS_DefaultDeviceManager.cpp:493           Input Kind:          Don't
2026-09-28 20:56:48.753 Df coreaudiod[2872:17706d3] (CoreAudio) HALS_DefaultDeviceManager.cpp:494           Output Kind:         Don't
2026-09-28 20:56:48.753 Df coreaudiod[2872:17706d3] (CoreAudio) HALS_DefaultDeviceManager.cpp:495           Can Be Input:        yes
2026-09-28 20:56:48.753 Df coreaudiod[2872:17706d3] (CoreAudio) HALS_DefaultDeviceManager.cpp:496           Can Be Output:       yes
2026-09-28 20:56:48.753 Df coreaudiod[2872:17706d3] (CoreAudio) HALS_DefaultDeviceManager.cpp:497           Can Be System:       yes
2026-09-28 20:56:48.753 Df coreaudiod[2872:17706d3] (CoreAudio) HALS_DefaultDeviceManager.cpp:498           Allows Auto-Route:   yes
2026-09-28 20:56:48.753 Df coreaudiod[2872:17706d3] (CoreAudio) HALS_DefaultDeviceManager.cpp:488      70: '597A1DFA-1BE3-47EF-8565-BAD100000003'
2026-09-28 20:56:48.753 Df coreaudiod[2872:17706d3] (CoreAudio) HALS_DefaultDeviceManager.cpp:489           Arrival Time:       (496, 26001120000000)
2026-09-28 20:56:48.753 Df coreaudiod[2872:17706d3] (CoreAudio) HALS_DefaultDeviceManager.cpp:490           Transport:          'ccwd'
2026-09-28 20:56:48.753 Df coreaudiod[2872:17706d3] (CoreAudio) HALS_DefaultDeviceManager.cpp:491           Input Data Source:  ''
2026-09-28 20:56:48.753 Df coreaudiod[2872:17706d3] (CoreAudio) HALS_DefaultDeviceManager.cpp:492           Output Data Source: ''
2026-09-28 20:56:48.753 Df coreaudiod[2872:17706d3] (CoreAudio) HALS_DefaultDeviceManager.cpp:493           Input Kind:          Don't
2026-09-28 20:56:48.753 Df coreaudiod[2872:17706d3] (CoreAudio) HALS_DefaultDeviceManager.cpp:494           Output Kind:         Don't
2026-09-28 20:56:48.753 Df coreaudiod[2872:17706d3] (CoreAudio) HALS_DefaultDeviceManager.cpp:495           Can Be Input:        yes
2026-09-28 20:56:48.753 Df coreaudiod[2872:17706d3] (CoreAudio) HALS_DefaultDeviceManager.cpp:496           Can Be Output:       no
2026-09-28 20:56:48.753 Df coreaudiod[2872:17706d3] (CoreAudio) HALS_DefaultDeviceManager.cpp:497           Can Be System:       no
2026-09-28 20:56:48.753 Df coreaudiod[2872:17706d3] (CoreAudio) HALS_DefaultDeviceManager.cpp:498           Allows Auto-Route:   no
2026-09-28 20:56:48.753 Df coreaudiod[2872:17706d3] (CoreAudio) HALS_DefaultDeviceManager.cpp:488      36: 'AOP Audio-1'
2026-09-28 20:56:48.753 Df coreaudiod[2872:17706d3] (CoreAudio) HALS_DefaultDeviceManager.cpp:489           Arrival Time:       (323, 0)
2026-09-28 20:56:48.753 Df coreaudiod[2872:17706d3] (CoreAudio) HALS_DefaultDeviceManager.cpp:490           Transport:          'virt'
2026-09-28 20:56:48.753 Df coreaudiod[2872:17706d3] (CoreAudio) HALS_DefaultDeviceManager.cpp:491           Input Data Source:  ''
2026-09-28 20:56:48.753 Df coreaudiod[2872:17706d3] (CoreAudio) HALS_DefaultDeviceManager.cpp:492           Output Data Source: ''
2026-09-28 20:56:48.753 Df coreaudiod[2872:17706d3] (CoreAudio) HALS_DefaultDeviceManager.cpp:493           Input Kind:          Don't
2026-09-28 20:56:48.753 Df coreaudiod[2872:17706d3] (CoreAudio) HALS_DefaultDeviceManager.cpp:494           Output Kind:         None
2026-09-28 20:56:48.753 Df coreaudiod[2872:17706d3] (CoreAudio) HALS_DefaultDeviceManager.cpp:495           Can Be Input:        yes
2026-09-28 20:56:48.753 Df coreaudiod[2872:17706d3] (CoreAudio) HALS_DefaultDeviceManager.cpp:496           Can Be Output:       no
2026-09-28 20:56:48.753 Df coreaudiod[2872:17706d3] (CoreAudio) HALS_DefaultDeviceManager.cpp:497           Can Be System:       no
2026-09-28 20:56:48.753 Df coreaudiod[2872:17706d3] (CoreAudio) HALS_DefaultDeviceManager.cpp:498           Allows Auto-Route:   yes
2026-09-28 20:56:48.753 Df coreaudiod[2872:17706d3] (CoreAudio) HALS_DefaultDeviceManager.cpp:1730   HALS_DefaultDeviceManager::PickDefaultDevice:          'dIn ' | picking 126: 'BuiltInMicrophoneDevice'/'imic'
2026-09-28 20:56:48.754 Df coreaudiod[2872:17706d3] (CoreAudio) HALS_DefaultDeviceManager.cpp:1692   HALS_DefaultDeviceManager::FindPreferredDefaultDevice: 'dOut' | found preferred[0] 1467: 'LSOutput_UID'/''
2026-09-28 20:56:48.754 Df coreaudiod[2872:17706d3] (CoreAudio) HALS_DefaultDeviceManager.cpp:1692   HALS_DefaultDeviceManager::FindPreferredDefaultDevice: 'sOut' | found preferred[0] 117: 'BuiltInSpeakerDevice'/'ispk'
2026-09-28 20:56:48.755 Df coreaudiod[2872:17706d3] (CoreAudio) HALS_DefaultDeviceManager.cpp:1692   HALS_DefaultDeviceManager::FindPreferredDefaultDevice: 'shrd' | found preferred[0] 1467: 'LSOutput_UID'/''
2026-09-28 20:56:48.765 Df Music[1908:176fe3e] [com.apple.coreaudio:ddagg]        AggregateDevice.mm:688   Built valid aggregate 1033
2026-09-28 20:56:48.768 Df Music[1908:176fe3e] [com.apple.coreaudio:as_client] SessionCore_macOS_Legacy.mm:1215  Posting AVAudioSessionRouteChangeNotification (sessionID: 0x3d6001), reason: 0
2026-09-28 20:56:48.938 Df Music[1908:176fb05] [com.apple.coreaudio:aqme]            AQMEIO_HAL.cpp:1621  User-selected BT device category is 0
2026-09-28 20:56:48.938 Df Music[1908:176fb05] [com.apple.coreaudio:SpatialMgr] SpatializationManager.cpp:184   Spatial info for binding = Default-Output: {
2026-09-28 20:56:48.938 Df Music[1908:176fb05] [com.apple.coreaudio:ac]   ACCPEDecoderWrapper.cpp:320   (0x7932fb9c40) Input format:  2 ch,  44100 Hz, qlac (0x00000001) 0 bits/channel, 0 bytes/packet, 4096 frames/packet, 0 bytes/frame
2026-09-28 20:56:48.939 Df Music[1908:176fb05] [com.apple.coreaudio:ac]   ACCPEDecoderWrapper.cpp:323   (0x7932fb9c40) Output format:  2 ch,  44100 Hz, Int16, interleaved
2026-09-28 20:56:48.939 Df Music[1908:176fb05] [com.apple.coreaudio:ac] ACAppleLosslessDecoder.cpp:681   (0x79105c8f00) Input format:  2 ch,  44100 Hz, alac (0x00000001) from 16-bit source, 4096 frames/packet
2026-09-28 20:56:48.939 Df Music[1908:176fb05] [com.apple.coreaudio:ac] ACAppleLosslessDecoder.cpp:684   (0x79105c8f00) Output format:  2 ch,  44100 Hz, Int16, interleaved
2026-09-28 20:56:48.939 Df Music[1908:176fb05] [com.apple.coreaudio:AudioConverter]        AudioConverter.cpp:1068  Created a new in process converter -> 0x793024b2a0, from  2 ch,  44100 Hz, qlac (0x00000001) 0 bits/channel, 0 bytes/packet, 4096 frames/packet, 0 bytes/frame (actually:  2 ch,  44100 Hz, alac (0x00000001) from 16-bit source, 4096 frames/packet) to  2 ch,  44100 Hz, Float32, deinterleaved
2026-09-28 20:56:48.939 Df Music[1908:176fb05] [com.apple.coreaudio:AQ]      AudioQueueObject.cpp:474   AudioQueueObject: aq@0x7931fb3200: New output; format  2 ch,  44100 Hz, qlac (0x00000001) 0 bits/channel, 0 bytes/packet, 4096 frames/packet, 0 bytes/frame (passthrough? no)
2026-09-28 20:56:48.941 Df Music[1908:176fb05] [com.apple.coreaudio:AQ]      AudioQueueObject.cpp:3300  CheckSpatialization: aq@0x7931fb3200 CheckSpatialization mAutomaticSpatialization=1, mSpatializationEnabled=0 mContentRequiresAUSpatialMixer=0 mHasMetadata=0 mIsOffline=0 STSLabel valid:0 is stereo: 1
2026-09-28 20:56:48.941 Df Music[1908:176fb05] [com.apple.coreaudio:ac]   ACCPEDecoderWrapper.cpp:320   (0x7932fb9c40) Input format:  2 ch,  44100 Hz, qlac (0x00000001) 0 bits/channel, 0 bytes/packet, 4096 frames/packet, 0 bytes/frame
2026-09-28 20:56:48.941 Df Music[1908:176fb05] [com.apple.coreaudio:ac]   ACCPEDecoderWrapper.cpp:323   (0x7932fb9c40) Output format:  2 ch,  44100 Hz, Int16, interleaved
2026-09-28 20:56:48.941 Df Music[1908:176fb05] [com.apple.coreaudio:ac] ACAppleLosslessDecoder.cpp:681   (0x79105c8f00) Input format:  2 ch,  44100 Hz, alac (0x00000001) from 16-bit source, 4096 frames/packet
2026-09-28 20:56:48.941 Df Music[1908:176fb05] [com.apple.coreaudio:ac] ACAppleLosslessDecoder.cpp:684   (0x79105c8f00) Output format:  2 ch,  44100 Hz, Int16, interleaved
2026-09-28 20:56:48.941 Df Music[1908:176fb05] [com.apple.coreaudio:AudioConverter]        AudioConverter.cpp:1068  Created a new in process converter -> 0x7930248510, from  2 ch,  44100 Hz, qlac (0x00000001) 0 bits/channel, 0 bytes/packet, 4096 frames/packet, 0 bytes/frame (actually:  2 ch,  44100 Hz, alac (0x00000001) from 16-bit source, 4096 frames/packet) to  2 ch,  44100 Hz, Float32, deinterleaved
2026-09-28 20:56:48.941 Df Music[1908:176fb05] [com.apple.coreaudio:AQ]        AQAudioConverter.h:65    AQAudioConverter: Constructed an AudioConverter for the client <AudioQueueObject@0x7931fb3200; ; [1908]; play>.
2026-09-28 20:56:48.941 Df Music[1908:176fb05] [com.apple.coreaudio:AQ]      AudioQueueObject.cpp:10241 SetLoudnessFromLM: -> aq@0x7931fb3200:
2026-09-28 20:56:48.941 Df Music[1908:176fb05] [com.apple.coreaudio:AQ]      AudioQueueObject.cpp:10359 SetLoudnessFromLM: is CoreAudioServices/LoudnessManager enabled? yes
2026-09-28 20:56:48.941 Df Music[1908:176fb05] [com.apple.coreaudio:AQ]      AudioQueueObject.cpp:10362 SetLoudnessFromLM: is CoreAudioServices/LoudnessManagerV2 enabled? yes
2026-09-28 20:56:48.941 Df Music[1908:176fb05] [com.apple.coreaudio:AQ]      AudioQueueObject.cpp:10365 SetLoudnessFromLM: is CoreAudioServices/lm-disable-hardware-check on? no
2026-09-28 20:56:48.941 Df Music[1908:176fb05] [com.apple.coreaudio:AQ]      AudioQueueObject.cpp:10368 SetLoudnessFromLM: is hardware supported? no
2026-09-28 20:56:48.941 Df Music[1908:176fb05] [com.apple.coreaudio:AQ]      AudioQueueObject.cpp:10378 SetLoudnessFromLM: hardware not supported, Loudness Manager disabled
2026-09-28 20:56:48.943 Df Music[1908:176fb05] [com.apple.coreaudio:AQ]      AudioQueueObject.cpp:10241 SetLoudnessFromLM: -> aq@0x7931fb3200:
2026-09-28 20:56:48.943 Df Music[1908:176fb05] [com.apple.coreaudio:AQ]      AudioQueueObject.cpp:10359 SetLoudnessFromLM: is CoreAudioServices/LoudnessManager enabled? yes
2026-09-28 20:56:48.943 Df Music[1908:176fb05] [com.apple.coreaudio:AQ]      AudioQueueObject.cpp:10362 SetLoudnessFromLM: is CoreAudioServices/LoudnessManagerV2 enabled? yes
2026-09-28 20:56:48.943 Df Music[1908:176fb05] [com.apple.coreaudio:AQ]      AudioQueueObject.cpp:10365 SetLoudnessFromLM: is CoreAudioServices/lm-disable-hardware-check on? no
2026-09-28 20:56:48.943 Df Music[1908:176fb05] [com.apple.coreaudio:AQ]      AudioQueueObject.cpp:10368 SetLoudnessFromLM: is hardware supported? no
2026-09-28 20:56:48.943 Df Music[1908:176fb05] [com.apple.coreaudio:AQ]      AudioQueueObject.cpp:10378 SetLoudnessFromLM: hardware not supported, Loudness Manager disabled
2026-09-28 20:56:48.943 Df Music[1908:176fe3e] [com.apple.coreaudio:AudioConverter] AudioConverter -> 0x7930248510: The in-process SetProperty call returned 1886547824 for property 1769172837 with size 8.
2026-09-28 20:56:48.943 Df Music[1908:176fb05] [com.apple.coreaudio:aqme]        MEMixerChannel.cpp:1323  AQ Time-stretcher: ionc@0x7931fb3200 Enabled the time-stretcher as (nutp)
2026-09-28 20:56:48.943 Df Music[1908:176fb05] [com.apple.coreaudio:aqme]        MEMixerChannel.cpp:2577  MEMixerChannel:: Successfully set kAudioUnitProperty_ChannelLayout on the 2 channel time-stretching unit.
2026-09-28 20:56:48.943 Df Music[1908:176fb05] [com.apple.coreaudio:AQ]      AudioQueueObject.cpp:5310  SetProperty: AQ Time-stretcher: ionc@0x7930ffa700 TimePitchProperty set qtpa: 1953064047
2026-09-28 20:56:48.943 Df Music[1908:176fb05] [com.apple.coreaudio:aqme]        MEMixerChannel.cpp:1323  AQ Time-stretcher: ionc@0x7931fb3200 Enabled the time-stretcher as (ipto)
2026-09-28 20:56:48.943 Df Music[1908:176fb05] [com.apple.coreaudio:AQ]      AudioQueueObject.cpp:5310  SetProperty: AQ Time-stretcher: ionc@0x7930ffa700 TimePitchProperty set qtpb: 0
2026-09-28 20:56:48.943 Df Music[1908:176fb05] [com.apple.coreaudio:AQ]      AudioQueueObject.cpp:5206  SetProperty: aq@0x7931fb3200: spatialization disabled, client-controlled. Format  2 ch,  44100 Hz, qlac (0x00000001) 0 bits/channel, 0 bytes/packet, 4096 frames/packet, 0 bytes/frame
2026-09-28 20:56:48.943 Df Music[1908:177065d] [com.apple.coreaudio:AudioConverter] AudioConverter -> 0x7930248510: The in-process SetProperty call returned 1886547824 for property 610889331 with size 4.
2026-09-28 20:56:48.946 Df Music[1908:176fb05] [com.apple.coreaudio:AQ]      AudioQueueObject.cpp:5310  SetProperty: AQ Time-stretcher: ionc@0x7930ffa700 TimePitchProperty set qtpb: 1
2026-09-28 20:56:48.946 Df Music[1908:176fb05] [com.apple.coreaudio:AQ]      AudioQueueObject.cpp:5310  SetProperty: AQ Time-stretcher: ionc@0x7930ffa700 TimePitchProperty set qtpb: 0
2026-09-28 20:56:48.946 Df Music[1908:176fb05] [com.apple.coreaudio:AQ]      AudioQueueObject.cpp:5310  SetProperty: AQ Time-stretcher: ionc@0x7930ffa700 TimePitchProperty set qtpa: 1936745827
2026-09-28 20:56:48.946 Df Music[1908:176fb05] [com.apple.coreaudio:aqme]        MEMixerChannel.cpp:1323  AQ Time-stretcher: ionc@0x7931fb3200 Enabled the time-stretcher as (nutp)
2026-09-28 20:56:48.946 Df Music[1908:176fb05] [com.apple.coreaudio:aqme]        MEMixerChannel.cpp:2577  MEMixerChannel:: Successfully set kAudioUnitProperty_ChannelLayout on the 2 channel time-stretching unit.
2026-09-28 20:56:48.946 Df Music[1908:176fb05] [com.apple.coreaudio:audiocomp]     AudioComponentAPI.cpp:250   Opening v2 AU out-of-process, synchronously.
2026-09-28 20:56:49.106 E  Music[1908:176fb05] [com.apple.coreaudio:audiocomp]           AUv3Instance.mm:1223  Invalid property id 60 (scope 0, element 0)
2026-09-28 20:56:49.106 Df Music[1908:176fb05] [com.apple.coreaudio:aqme]        MEMixerChannel.cpp:3268  Proposed input format:  2 ch,  44100 Hz, Float32, deinterleaved 
2026-09-28 20:56:49.107 Df Music[1908:176fb05] [com.apple.coreaudio:aqme]        MEMixerChannel.cpp:2577  MEMixerChannel:: Successfully set kAudioUnitProperty_ChannelLayout on the 2 channel time-stretching unit.
2026-09-28 20:56:49.108 E  Music[1908:176fb05] [com.apple.coreaudio:audiocomp]           AUv3Instance.mm:1223  Invalid property id 60 (scope 0, element 0)
2026-09-28 20:56:49.108 Df Music[1908:176fb05] [com.apple.coreaudio:aqme]            AQMEIO_HAL.cpp:2669  aqmeio@0x7932f75818: set clock device (null) on audio device 941
2026-09-28 20:56:49.109 Df Music[1908:176fb05] [com.apple.coreaudio:AQ]      AudioQueueObject.cpp:4715  SetProperty: SetProperty(kAudioQueueProperty_LoudnessData)
2026-09-28 20:56:49.109 Df Music[1908:176fb05] [com.apple.coreaudio:AQ]      AudioQueueObject.cpp:4788  SetProperty: LM disabled, not looking for SC overrides
2026-09-28 20:56:49.109 Df Music[1908:176fb05] [com.apple.coreaudio:aqme]        MEMixerChannel.cpp:4458  mForceSoundCheck 0, gSoundCheckEnabled 0, mLoudnessDict {
2026-09-28 20:56:49.109 Df Music[1908:176fb05] [com.apple.coreaudio:AudioFormat]     AudioFormatCommon.cpp:307   ->AudioFormat_ComputeLoudnessScalar 0 0
2026-09-28 20:56:49.109 Df Music[1908:176fb05] [com.apple.coreaudio:AudioFormat]     AudioFormatCommon.cpp:308   Loudness Info Dictionary {
2026-09-28 20:56:49.109 Df Music[1908:176fb05] [com.apple.coreaudio:AudioFormat]     AudioFormatCommon.cpp:328   inSoundCheckEnabled 0
2026-09-28 20:56:49.109 Df Music[1908:176fb05] [com.apple.coreaudio:AudioFormat]     AudioFormatCommon.cpp:329   isMusic 1
2026-09-28 20:56:49.109 Df Music[1908:176fb05] [com.apple.coreaudio:AudioFormat]     AudioFormatCommon.cpp:330   isToSpeaker 0
2026-09-28 20:56:49.109 Df Music[1908:176fb05] [com.apple.coreaudio:AudioFormat]     AudioFormatCommon.cpp:334   Not Music media kind or sound check not enabled, no gain adjustment.
2026-09-28 20:56:49.109 Df Music[1908:176fb05] [com.apple.coreaudio:aqme]        MEMixerChannel.cpp:4942  ionc@0x7931fb3200 offline false, Sound Check off, flags 0x0, err 0, scalar 1.000
2026-09-28 20:56:49.109 Df Music[1908:176fb05] [com.apple.coreaudio:AQ]      AudioQueueObject.cpp:4798  SetProperty: setting loudness immediately, since the queue is not running.
2026-09-28 20:56:49.109 Df Music[1908:177065d] [com.apple.coreaudio:AudioConverter] AudioConverter -> 0x7930248510: The in-process SetProperty call returned 1886547824 for property 1935893603 with size 8.
2026-09-28 20:56:49.110 Df Music[1908:17703dc] [com.apple.coreaudio:AQ]      AudioQueueObject.cpp:5310  SetProperty: AQ Time-stretcher: ionc@0x7930ffa700 TimePitchProperty set qtpb: 0
2026-09-28 20:56:49.110 Df Music[1908:17703dc] [com.apple.coreaudio:aqme]        MEMixerChannel.cpp:5079  AQ Time-stretcher: ionc@0x7931fb3200 Set parameter 2 as 1.000000
2026-09-28 20:56:49.126 E  Music[1908:17706a2] [com.apple.coreaudio:AQ]        AudioQueueObject.h:1554  AppendRateChange: scheduling rate change at unscaled t=0, but we previously did a conversion for t=90112
2026-09-28 20:56:49.126 Df Music[1908:17706a2] [com.apple.coreaudio:aqme]        MEMixerChannel.cpp:5095  AQ Time-stretcher: ionc@0x7931fb3200 SchedTimePitchAddRateChange 1.000 @ -1
2026-09-28 20:56:49.126 Df Music[1908:17706a2] [com.apple.coreaudio:aqme]        MEMixerChannel.cpp:5095  AQ Time-stretcher: ionc@0x7931fb3200 SchedTimePitchAddRateChange 1.000 @ 0
2026-09-28 20:56:49.126 Df Music[1908:17706a2] [com.apple.coreaudio:aqme]        MEMixerChannel.cpp:3268  Proposed input format:  2 ch,  44100 Hz, Float32, deinterleaved 
2026-09-28 20:56:49.127 Df Music[1908:17706a2] [com.apple.coreaudio:aqme]        MEMixerChannel.cpp:2577  MEMixerChannel:: Successfully set kAudioUnitProperty_ChannelLayout on the 2 channel time-stretching unit.
2026-09-28 20:56:49.128 Df Music[1908:17706a2] [com.apple.coreaudio:aqme]            AQMEIO_HAL.cpp:1621  User-selected BT device category is 0
2026-09-28 20:56:49.128 Df Music[1908:17706a2] [com.apple.coreaudio:SpatialMgr] SpatializationManager.cpp:184   Spatial info for binding = Default-Output: {
2026-09-28 20:56:49.128 Df Music[1908:17706a2] [com.apple.coreaudio:aqme]        MEMixerChannel.cpp:3579  2-channel audio content is NOT eligible for spatialization
2026-09-28 20:56:49.128 Df Music[1908:17706a2] [com.apple.coreaudio:aqme]        MEMixerChannel.cpp:3606  mFormatID='qlac', mNumChannels=2, mBestAvailableContentType=1, mContentspatializable=0, mSpatializationStatus=3, err=0
2026-09-28 20:56:49.136 Df Music[1908:17706a2] [com.apple.coreaudio:auext]    AUOOPRenderPipePool.mm:170   Host obtained render pipe 1663349257
2026-09-28 20:56:49.139 Df Music[1908:17706a2] [com.apple.coreaudio:aqme]            AQMEIO_HAL.cpp:1621  User-selected BT device category is 0
2026-09-28 20:56:49.139 Df Music[1908:17706a2] [com.apple.coreaudio:SpatialMgr] SpatializationManager.cpp:184   Spatial info for binding = Default-Output: {
2026-09-28 20:56:49.139 Df Music[1908:17706a2] [com.apple.coreaudio:AQ]      AudioQueueObject.cpp:5902  ApplyParameters: aq@0x7931fb3200 volume 0.000 1.000 1.000 1.000 1.000 1.000, 1.000
2026-09-28 20:56:49.139 Df Music[1908:17706a2] [com.apple.coreaudio:aqme]  MEDeviceStreamClient.cpp:243   AQME Default-Output: client starting: <AudioQueueObject@0x7931fb3200; Unknown figplayer; [1908]; play>; running count now 1
2026-09-28 20:56:49.139 Df Music[1908:17706a2] [com.apple.coreaudio:aqme]            AQMEIO_HAL.cpp:2999  FetchAndLogFrameSize starting IO deviceID=941, frame size is 512
2026-09-28 20:56:49.139 Df Music[1908:17706a2] [com.apple.coreaudio:aqme]            AQMEIO_HAL.cpp:2805  aqmeio@0x7932f75818: set input stream usage to 0 on device 941, err = 0
2026-09-28 20:56:49.140 Df coreaudiod[2872:1770781] (CoreAudio) HALS_IOContext_Legacy_Impl.cpp:1902   HALS_IOContext_Legacy_Impl::IOWorkLoopInit: 1497 LSOutput_UID (LSOutput_UID): starting
2026-09-28 20:56:49.141 Df coreaudiod[2872:1770781] (CoreAudio)        HALS_IOEngine2.cpp:2445   HALS_IOEngine2::StartIO: starting IO on device <private>
2026-09-28 20:56:49.143 Df coreaudiod[2872:17706c0] (CoreAudio)   HALB_PowerAssertion.cpp:123    HALB_PowerAssertion::Take: taking power assertion ID 42073 of type 'PreventUserIdleSystemSleep' with name: 'com.apple.audio.LSOutput_UID.context.preventuseridlesleep' on behalf of 1908
2026-09-28 20:56:49.143 Df coreaudiod[2872:17706c0] [com.apple.coreaudio:AMCP]               HALS_IOEngine2.cpp:2854  HALS_IOEngine2::_StartIO(1473): play state has not changed on Context 1497
2026-09-28 20:56:49.144 Df Music[1908:17706a2] [com.apple.coreaudio:as_client] SessionCore_macOS_Legacy.mm:163   --> setPlayState Started  Output {LSOutput_UID, 0x18}
2026-09-28 20:56:49.146 Df Music[1908:17706a2] [com.apple.coreaudio:as_client] SessionCore_macOS_Legacy.mm:156   Sent updated IOState to server: [0, 1]. BT device UIDS: {(
2026-09-28 20:56:49.146 Df Music[1908:17706a2] [com.apple.coreaudio:as_client] SessionCore_macOS_Legacy.mm:199   <-- setPlayState Server update was required.
2026-09-28 20:56:49.146 Df Music[1908:17706a2] [com.apple.coreaudio:aqme]            AQMEIO_HAL.cpp:2968  aqmeio@0x7932f75818, device 941 (LSOutput_UID), AudioDeviceStart (err 0)
2026-09-28 20:56:49.166 Df Music[1908:17703dc] [com.apple.coreaudio:aqme]            AQMEIO_HAL.cpp:1621  User-selected BT device category is 0
2026-09-28 20:56:49.166 Df Music[1908:17703dc] [com.apple.coreaudio:SpatialMgr] SpatializationManager.cpp:184   Spatial info for binding = Default-Output: {
2026-09-28 20:56:49.176 Df Music[1908:176fb05] [com.apple.coreaudio:default] AQSTL aq(0x7931fb3200) start time resolved to: 16131857333 ioTS st: 16131857333 ht: 1083965.467903
2026-09-28 20:56:49.176 Df Music[1908:176fb05] [com.apple.coreaudio:default] AQSTL ionc@0x7931fb3200 downstream st 16131857333 anchorSampleTime: 16131857333 preflightedUp: 16131857333 expectedUp -2147483648 queueSampleTime: 0
2026-09-28 20:56:49.198 Df Music[1908:17703dc] [com.apple.coreaudio:aqme]            AQMEIO_HAL.cpp:2999  FetchAndLogFrameSize GetCurrentIOBufferFrameSize deviceID=941, frame size is 512
2026-09-28 20:56:49.200 Df Music[1908:17703dc] [com.apple.coreaudio:AQ]      AudioQueueObject.cpp:5310  SetProperty: AQ Time-stretcher: ionc@0x7930ffa700 TimePitchProperty set qtpb: 0
2026-09-28 20:56:49.202 Df Music[1908:17703dc] [com.apple.coreaudio:aqme]            AQMEIO_HAL.cpp:2999  FetchAndLogFrameSize GetCurrentIOBufferFrameSize deviceID=941, frame size is 512
2026-09-28 20:56:49.210 Df Music[1908:17706d0] [com.apple.amp.mediaplaybackcore:PlaybackEvents_Oversize] |2026-09-28 20:56:48.777-0500 mus:xhEjmMv5g 46 🟧┃┃┃┃    │     "<AVAudioSessionPortDescription: 0x791000fec0, type = Virtual; name = LosslessSwitcher; UID = LSOutput_UID; selectedDataSource = (null)>"
2026-09-28 20:56:49.210 Df Music[1908:17706d0] [com.apple.amp.mediaplaybackcore:PlaybackEvents_Oversize] |2026-09-28 20:56:48.777-0500 mus:xhEjmMv5g 46 🟧┃┃┃┃    │     "<AVAudioSessionPortDescription: 0x791000e490, type = Virtual; name = LosslessSwitcher; UID = LSOutput_UID; selectedDataSource = (null)>"
2026-09-28 20:56:49.212 Df Music[1908:17703dc] [com.apple.coreaudio:aqme]            AQMEIO_HAL.cpp:1621  User-selected BT device category is 0
2026-09-28 20:56:49.212 Df Music[1908:17703dc] [com.apple.coreaudio:SpatialMgr] SpatializationManager.cpp:184   Spatial info for binding = Default-Output: {
2026-09-28 20:56:49.212 Df Music[1908:17703dc] [com.apple.coreaudio:aqme]        MEMixerChannel.cpp:3579  2-channel audio content is NOT eligible for spatialization
2026-09-28 20:56:49.212 Df Music[1908:17703dc] [com.apple.coreaudio:aqme]        MEMixerChannel.cpp:3606  mFormatID='qlac', mNumChannels=2, mBestAvailableContentType=1, mContentspatializable=0, mSpatializationStatus=0, err=0
2026-09-28 20:56:49.233 Df Music[1908:17703dc] [com.apple.coreaudio:auext]    AUOOPRenderPipePool.mm:184   Host destroying render pipe 1663349257
2026-09-28 20:56:49.233 Df Music[1908:17703dc] [com.apple.coreaudio:aqme]  MEDeviceStreamClient.cpp:457   AQME Default-Output: client stopping: <AudioQueueObject@0x7931fb3200; Unknown figplayer; [1908]; play>; running count now 0
2026-09-28 20:56:49.234 Df Music[1908:1770720] [com.apple.coreaudio:AudioConverter] AudioConverter -> 0x7930248510: The in-process SetProperty call returned 1886547824 for property 1633842276 with size 4.
2026-09-28 20:56:49.234 E  Music[1908:1770720] [com.apple.coreaudio:crashhandler]         AUCrashHandler.mm:126   invalidated
2026-09-28 20:56:49.234 E  Music[1908:1770720] [com.apple.coreaudio:AUHostingService] AUHostingServiceClient.mm:247   [AUHostingService Client] connection invalidated.
2026-09-28 20:56:49.234 Df Music[1908:17703dc] [com.apple.coreaudio:aqme]        MEMixerChannel.cpp:2577  MEMixerChannel:: Successfully set kAudioUnitProperty_ChannelLayout on the 2 channel time-stretching unit.
2026-09-28 20:56:49.234 E  Music[1908:1770720] [com.apple.coreaudio:crashhandler]         AUCrashHandler.mm:126   invalidated
2026-09-28 20:56:49.234 E  Music[1908:17706d0] [com.apple.coreaudio:AUHostingService] AUHostingServiceClient.mm:247   [AUHostingService Client] connection invalidated.
2026-09-28 20:56:49.234 Df Music[1908:17706d0] [com.apple.coreaudio:AudioConverter] AudioConverter -> 0x7930248510: The in-process SetProperty call returned 1886547824 for property 1633842276 with size 4.
2026-09-28 20:56:49.234 Df Music[1908:17706d0] [com.apple.coreaudio:AudioConverter] AudioConverter -> 0x7930248510: The in-process SetProperty call returned 1886547824 for property 1633842276 with size 4.
2026-09-28 20:56:49.234 Df Music[1908:17706d0] [com.apple.coreaudio:AudioConverter] AudioConverter -> 0x7930248510: The in-process SetProperty call returned 1886547824 for property 1633842276 with size 4.
2026-09-28 20:56:49.235 Df Music[1908:17703dc] [com.apple.coreaudio:AQ]      AudioQueueObject.cpp:598   ~AudioQueueObject: aq@0x7931fb3200: Deleting
2026-09-28 20:56:49.236 Df Music[1908:17703dc] [com.apple.coreaudio:aqme]            AQMEIO_HAL.cpp:1621  User-selected BT device category is 0
2026-09-28 20:56:49.236 Df Music[1908:17703dc] [com.apple.coreaudio:SpatialMgr] SpatializationManager.cpp:184   Spatial info for binding = Default-Output: {
2026-09-28 20:56:49.236 Df Music[1908:17703dc] [com.apple.coreaudio:ac]   ACCPEDecoderWrapper.cpp:320   (0x7932fbbae0) Input format:  2 ch,  44100 Hz, qlac (0x00000001) 0 bits/channel, 0 bytes/packet, 4096 frames/packet, 0 bytes/frame
2026-09-28 20:56:49.236 Df Music[1908:17703dc] [com.apple.coreaudio:ac]   ACCPEDecoderWrapper.cpp:323   (0x7932fbbae0) Output format:  2 ch,  44100 Hz, Int16, interleaved
2026-09-28 20:56:49.236 Df Music[1908:17703dc] [com.apple.coreaudio:ac] ACAppleLosslessDecoder.cpp:681   (0x79105c8f00) Input format:  2 ch,  44100 Hz, alac (0x00000001) from 16-bit source, 4096 frames/packet
2026-09-28 20:56:49.236 Df Music[1908:17703dc] [com.apple.coreaudio:ac] ACAppleLosslessDecoder.cpp:684   (0x79105c8f00) Output format:  2 ch,  44100 Hz, Int16, interleaved
2026-09-28 20:56:49.236 Df Music[1908:17703dc] [com.apple.coreaudio:AudioConverter]        AudioConverter.cpp:1068  Created a new in process converter -> 0x79304f9680, from  2 ch,  44100 Hz, qlac (0x00000001) 0 bits/channel, 0 bytes/packet, 4096 frames/packet, 0 bytes/frame (actually:  2 ch,  44100 Hz, alac (0x00000001) from 16-bit source, 4096 frames/packet) to  2 ch,  44100 Hz, Float32, deinterleaved
2026-09-28 20:56:49.236 Df Music[1908:17703dc] [com.apple.coreaudio:AQ]      AudioQueueObject.cpp:474   AudioQueueObject: aq@0x7931fb3200: New output; format  2 ch,  44100 Hz, qlac (0x00000001) 0 bits/channel, 0 bytes/packet, 4096 frames/packet, 0 bytes/frame (passthrough? no)
2026-09-28 20:56:49.237 Df Music[1908:17703dc] [com.apple.coreaudio:AQ]      AudioQueueObject.cpp:3300  CheckSpatialization: aq@0x7931fb3200 CheckSpatialization mAutomaticSpatialization=1, mSpatializationEnabled=0 mContentRequiresAUSpatialMixer=0 mHasMetadata=0 mIsOffline=0 STSLabel valid:0 is stereo: 1
2026-09-28 20:56:49.237 Df Music[1908:17703dc] [com.apple.coreaudio:ac]   ACCPEDecoderWrapper.cpp:320   (0x7932fbbae0) Input format:  2 ch,  44100 Hz, qlac (0x00000001) 0 bits/channel, 0 bytes/packet, 4096 frames/packet, 0 bytes/frame
2026-09-28 20:56:49.237 Df Music[1908:17703dc] [com.apple.coreaudio:ac]   ACCPEDecoderWrapper.cpp:323   (0x7932fbbae0) Output format:  2 ch,  44100 Hz, Int16, interleaved
2026-09-28 20:56:49.237 Df Music[1908:17703dc] [com.apple.coreaudio:ac] ACAppleLosslessDecoder.cpp:681   (0x79105c8f00) Input format:  2 ch,  44100 Hz, alac (0x00000001) from 16-bit source, 4096 frames/packet
2026-09-28 20:56:49.237 Df Music[1908:17703dc] [com.apple.coreaudio:ac] ACAppleLosslessDecoder.cpp:684   (0x79105c8f00) Output format:  2 ch,  44100 Hz, Int16, interleaved
2026-09-28 20:56:49.237 Df Music[1908:17703dc] [com.apple.coreaudio:AudioConverter]        AudioConverter.cpp:1068  Created a new in process converter -> 0x79304f96e0, from  2 ch,  44100 Hz, qlac (0x00000001) 0 bits/channel, 0 bytes/packet, 4096 frames/packet, 0 bytes/frame (actually:  2 ch,  44100 Hz, alac (0x00000001) from 16-bit source, 4096 frames/packet) to  2 ch,  44100 Hz, Float32, deinterleaved
2026-09-28 20:56:49.237 Df Music[1908:17703dc] [com.apple.coreaudio:AQ]        AQAudioConverter.h:65    AQAudioConverter: Constructed an AudioConverter for the client <AudioQueueObject@0x7931fb3200; ; [1908]; play>.
2026-09-28 20:56:49.237 Df Music[1908:17703dc] [com.apple.coreaudio:AQ]      AudioQueueObject.cpp:10241 SetLoudnessFromLM: -> aq@0x7931fb3200:
2026-09-28 20:56:49.237 Df Music[1908:17703dc] [com.apple.coreaudio:AQ]      AudioQueueObject.cpp:10359 SetLoudnessFromLM: is CoreAudioServices/LoudnessManager enabled? yes
2026-09-28 20:56:49.237 Df Music[1908:17703dc] [com.apple.coreaudio:AQ]      AudioQueueObject.cpp:10362 SetLoudnessFromLM: is CoreAudioServices/LoudnessManagerV2 enabled? yes
2026-09-28 20:56:49.237 Df Music[1908:17703dc] [com.apple.coreaudio:AQ]      AudioQueueObject.cpp:10365 SetLoudnessFromLM: is CoreAudioServices/lm-disable-hardware-check on? no
2026-09-28 20:56:49.237 Df Music[1908:17703dc] [com.apple.coreaudio:AQ]      AudioQueueObject.cpp:10368 SetLoudnessFromLM: is hardware supported? no
2026-09-28 20:56:49.237 Df Music[1908:17703dc] [com.apple.coreaudio:AQ]      AudioQueueObject.cpp:10378 SetLoudnessFromLM: hardware not supported, Loudness Manager disabled
2026-09-28 20:56:49.237 Df Music[1908:17703dc] [com.apple.coreaudio:AQ]      AudioQueueObject.cpp:10241 SetLoudnessFromLM: -> aq@0x7931fb3200:
2026-09-28 20:56:49.237 Df Music[1908:17703dc] [com.apple.coreaudio:AQ]      AudioQueueObject.cpp:10359 SetLoudnessFromLM: is CoreAudioServices/LoudnessManager enabled? yes
2026-09-28 20:56:49.237 Df Music[1908:17703dc] [com.apple.coreaudio:AQ]      AudioQueueObject.cpp:10362 SetLoudnessFromLM: is CoreAudioServices/LoudnessManagerV2 enabled? yes
2026-09-28 20:56:49.237 Df Music[1908:17703dc] [com.apple.coreaudio:AQ]      AudioQueueObject.cpp:10365 SetLoudnessFromLM: is CoreAudioServices/lm-disable-hardware-check on? no
2026-09-28 20:56:49.237 Df Music[1908:17703dc] [com.apple.coreaudio:AQ]      AudioQueueObject.cpp:10368 SetLoudnessFromLM: is hardware supported? no
2026-09-28 20:56:49.237 Df Music[1908:17703dc] [com.apple.coreaudio:AQ]      AudioQueueObject.cpp:10378 SetLoudnessFromLM: hardware not supported, Loudness Manager disabled
2026-09-28 20:56:49.237 Df Music[1908:17706d0] [com.apple.coreaudio:AudioConverter] AudioConverter -> 0x79304f96e0: The in-process SetProperty call returned 1886547824 for property 1769172837 with size 8.
2026-09-28 20:56:49.237 Df Music[1908:17703dc] [com.apple.coreaudio:aqme]        MEMixerChannel.cpp:1323  AQ Time-stretcher: ionc@0x7931fb3200 Enabled the time-stretcher as (nutp)
2026-09-28 20:56:49.237 Df Music[1908:17703dc] [com.apple.coreaudio:aqme]        MEMixerChannel.cpp:2577  MEMixerChannel:: Successfully set kAudioUnitProperty_ChannelLayout on the 2 channel time-stretching unit.
2026-09-28 20:56:49.237 Df Music[1908:17703dc] [com.apple.coreaudio:AQ]      AudioQueueObject.cpp:5310  SetProperty: AQ Time-stretcher: ionc@0x7930ffa700 TimePitchProperty set qtpa: 1953064047
2026-09-28 20:56:49.237 Df Music[1908:17703dc] [com.apple.coreaudio:aqme]        MEMixerChannel.cpp:1323  AQ Time-stretcher: ionc@0x7931fb3200 Enabled the time-stretcher as (ipto)
2026-09-28 20:56:49.237 Df Music[1908:17703dc] [com.apple.coreaudio:AQ]      AudioQueueObject.cpp:5310  SetProperty: AQ Time-stretcher: ionc@0x7930ffa700 TimePitchProperty set qtpb: 0
2026-09-28 20:56:49.237 Df Music[1908:17703dc] [com.apple.coreaudio:AQ]      AudioQueueObject.cpp:5206  SetProperty: aq@0x7931fb3200: spatialization disabled, client-controlled. Format  2 ch,  44100 Hz, qlac (0x00000001) 0 bits/channel, 0 bytes/packet, 4096 frames/packet, 0 bytes/frame
2026-09-28 20:56:49.238 Df Music[1908:17706d0] [com.apple.coreaudio:AudioConverter] AudioConverter -> 0x79304f96e0: The in-process SetProperty call returned 1886547824 for property 610889331 with size 4.
2026-09-28 20:56:49.238 Df Music[1908:17703dc] [com.apple.coreaudio:AQ]      AudioQueueObject.cpp:5310  SetProperty: AQ Time-stretcher: ionc@0x7930ffa700 TimePitchProperty set qtpb: 1
2026-09-28 20:56:49.238 Df Music[1908:17703dc] [com.apple.coreaudio:AQ]      AudioQueueObject.cpp:5310  SetProperty: AQ Time-stretcher: ionc@0x7930ffa700 TimePitchProperty set qtpb: 0
2026-09-28 20:56:49.238 Df Music[1908:17703dc] [com.apple.coreaudio:AQ]      AudioQueueObject.cpp:5310  SetProperty: AQ Time-stretcher: ionc@0x7930ffa700 TimePitchProperty set qtpa: 1936745827
2026-09-28 20:56:49.238 Df Music[1908:17703dc] [com.apple.coreaudio:aqme]        MEMixerChannel.cpp:1323  AQ Time-stretcher: ionc@0x7931fb3200 Enabled the time-stretcher as (nutp)
2026-09-28 20:56:49.238 Df Music[1908:17703dc] [com.apple.coreaudio:aqme]        MEMixerChannel.cpp:2577  MEMixerChannel:: Successfully set kAudioUnitProperty_ChannelLayout on the 2 channel time-stretching unit.
2026-09-28 20:56:49.238 Df Music[1908:17703dc] [com.apple.coreaudio:audiocomp]     AudioComponentAPI.cpp:250   Opening v2 AU out-of-process, synchronously.
2026-09-28 20:56:49.375 E  Music[1908:17703dc] [com.apple.coreaudio:audiocomp]           AUv3Instance.mm:1223  Invalid property id 60 (scope 0, element 0)
2026-09-28 20:56:49.376 Df Music[1908:17703dc] [com.apple.coreaudio:aqme]        MEMixerChannel.cpp:3268  Proposed input format:  2 ch,  44100 Hz, Float32, deinterleaved 
2026-09-28 20:56:49.377 Df Music[1908:17703dc] [com.apple.coreaudio:aqme]        MEMixerChannel.cpp:2577  MEMixerChannel:: Successfully set kAudioUnitProperty_ChannelLayout on the 2 channel time-stretching unit.
2026-09-28 20:56:49.378 E  Music[1908:17703dc] [com.apple.coreaudio:audiocomp]           AUv3Instance.mm:1223  Invalid property id 60 (scope 0, element 0)
2026-09-28 20:56:49.378 Df Music[1908:17703dc] [com.apple.coreaudio:aqme]            AQMEIO_HAL.cpp:2669  aqmeio@0x7932f75818: set clock device (null) on audio device 941
2026-09-28 20:56:49.379 Df Music[1908:17703dc] [com.apple.coreaudio:AQ]      AudioQueueObject.cpp:4715  SetProperty: SetProperty(kAudioQueueProperty_LoudnessData)
2026-09-28 20:56:49.379 Df Music[1908:17703dc] [com.apple.coreaudio:AQ]      AudioQueueObject.cpp:4788  SetProperty: LM disabled, not looking for SC overrides
2026-09-28 20:56:49.379 Df Music[1908:17703dc] [com.apple.coreaudio:aqme]        MEMixerChannel.cpp:4458  mForceSoundCheck 0, gSoundCheckEnabled 0, mLoudnessDict {
2026-09-28 20:56:49.379 Df Music[1908:17703dc] [com.apple.coreaudio:AudioFormat]     AudioFormatCommon.cpp:307   ->AudioFormat_ComputeLoudnessScalar 0 0
2026-09-28 20:56:49.379 Df Music[1908:17703dc] [com.apple.coreaudio:AudioFormat]     AudioFormatCommon.cpp:308   Loudness Info Dictionary {
2026-09-28 20:56:49.379 Df Music[1908:17703dc] [com.apple.coreaudio:AudioFormat]     AudioFormatCommon.cpp:328   inSoundCheckEnabled 0
2026-09-28 20:56:49.379 Df Music[1908:17703dc] [com.apple.coreaudio:AudioFormat]     AudioFormatCommon.cpp:329   isMusic 1
2026-09-28 20:56:49.379 Df Music[1908:17703dc] [com.apple.coreaudio:AudioFormat]     AudioFormatCommon.cpp:330   isToSpeaker 0
2026-09-28 20:56:49.379 Df Music[1908:17703dc] [com.apple.coreaudio:AudioFormat]     AudioFormatCommon.cpp:334   Not Music media kind or sound check not enabled, no gain adjustment.
2026-09-28 20:56:49.379 Df Music[1908:17703dc] [com.apple.coreaudio:aqme]        MEMixerChannel.cpp:4942  ionc@0x7931fb3200 offline false, Sound Check off, flags 0x0, err 0, scalar 1.000
2026-09-28 20:56:49.379 Df Music[1908:17703dc] [com.apple.coreaudio:AQ]      AudioQueueObject.cpp:4798  SetProperty: setting loudness immediately, since the queue is not running.
2026-09-28 20:56:49.379 Df Music[1908:177065d] [com.apple.coreaudio:AudioConverter] AudioConverter -> 0x79304f96e0: The in-process SetProperty call returned 1886547824 for property 1935893603 with size 8.
2026-09-28 20:56:50.347 Df LosslessSwitcher[4654:176e40b] (CoreAudio)         HALB_IOThread.cpp:305    HALB_IOThread::_Start: IO is still disabled after waiting
2026-09-28 20:56:51.312 Df Music[1908:1770780] [com.apple.coreaudio:as_client] SessionCore_macOS_Legacy.mm:163   --> setPlayState Stopped  Output {LSOutput_UID, 0x18}
2026-09-28 20:56:51.312 Df Music[1908:176fb05] [com.apple.coreaudio:aqme] aqmeio@0x7932f75818 Stop id=941
2026-09-28 20:56:51.313 Df Music[1908:1770780] [com.apple.coreaudio:as_client] SessionCore_macOS_Legacy.mm:156   Sent updated IOState to server: [0, 0]. BT device UIDS: {(
2026-09-28 20:56:51.313 Df Music[1908:1770780] [com.apple.coreaudio:as_client] SessionCore_macOS_Legacy.mm:199   <-- setPlayState Server update was required.
2026-09-28 20:56:51.313 Df coreaudiod[2872:17706c3] [com.apple.coreaudio:AMCP]   HALS_IOContext_Legacy_Impl.cpp:2588  HALS_IOContext_Legacy_Impl::IOWorkLoopPerformIO: 1497 Exitted PerformIO early - thread hasBeenStopped: 1 and shouldExit: 0
2026-09-28 20:56:51.313 Df coreaudiod[2872:1770781] (CoreAudio)        HALS_IOEngine2.cpp:2482   HALS_IOEngine2::StopIO: stopping IO on device <private>
2026-09-28 20:56:51.313 Df coreaudiod[2872:17706c3] [com.apple.coreaudio:AMCP]               HALS_IOEngine2.cpp:2940  HALS_IOEngine2::_StopIO(1473) called on Context 1497  current state: Prewarm: 0 Play: 2 State: Running
2026-09-28 20:56:51.314 Df coreaudiod[2872:1770781] (CoreAudio) HALS_IOContext_Legacy_Impl.cpp:2255   IO Stopped Context 1497 after 95744 frames.
2026-09-28 20:56:51.314 Df coreaudiod[2872:1770781] (CoreAudio) HALS_IOContext_Legacy_Impl.cpp:2280   HALS_IOContext_Legacy_Impl::IOWorkLoopDeinit: 1497 LSOutput_UID (LSOutput_UID): stopping with error 0
2026-09-28 20:56:51.316 Df coreaudiod[2872:17706cb] (CoreAudio)   HALB_PowerAssertion.cpp:161    HALB_PowerAssertion::Release: releasing power assertion ID 42073 of type 'PreventUserIdleSystemSleep' with name: 'com.apple.audio.LSOutput_UID.context.preventuseridlesleep' on behalf of 1908 taken at <private> for 2.172915 seconds
2026-09-28 20:56:55.621 E  LosslessSwitcher[4654:176e40b] [com.apple.coreaudio:AMCP]          HALC_ProxyIOContext.cpp:1075  HALC_ProxyIOContext::_StartIO(): Start failed - StartAndWaitForState returned error 35
2026-09-28 20:56:55.621 E  LosslessSwitcher[4654:176e40b] (CoreAudio)             HALPlugIn.cpp:524    HALPlugIn::StartIOProc: got an error from the plug-in routine, Error: 35 (<private>)
2026-09-28 20:56:55.626 Df coreaudiod[2872:177065c] (CoreAudio)    HALS_UCRemotePlugIn.mm:1452   HALS_UCRemotePlugIn::ObjectGetPropertyData: failed:  [<private>/<private>/0], Error: 2003329396 (<private>)
2026-09-28 20:56:55.626 Df LosslessSwitcher[4654:176e40b] (CoreAudio)      HALC_ProxyObject.cpp:755    HALC_ProxyObject::GetPropertyData ('<private>', '<private>', 0, DF32): got an error from the server, 0x77686174
2026-09-28 20:56:55.626 E  LosslessSwitcher[4654:176e40b] (CoreAudio)       HALC_ShellObject.mm:479    HALC_ShellObject::GetPropertyData: call to the proxy failed, Error: 2003329396 (<private>)
2026-09-28 20:56:55.626 Df LosslessSwitcher[4654:176e40b] (CoreAudio)             HALPlugIn.cpp:300    HALPlugIn::ObjectGetPropertyData: got an error from the plug-in routine [<private>/<private>/0], Error: 2003329396 (<private>)
2026-09-28 20:56:55.627 Df LosslessSwitcher[4654:17703cc] [com.apple.coreaudio:AMCP]                 HALB_Logging.cpp:72    LogVolumeChangeForClientSide from AudioObjectSetPropertyData: device id 147, property address ['volm', 'outp', 0], device UID LSOutput_UID, volume: 0.250000
2026-09-28 20:56:55.628 Df coreaudiod[2872:17706f7] [com.apple.coreaudio:AMCP]                 HALB_Logging.cpp:101   LogVolumeChangeForServerSideControl from HALS_PlugInControl::SetPropertyData: control id 1470, property address ['lcsv', 'glob', 0], owning device UID LSOutput_UID, control type external driver, control scope 'outp', control element 0, volume: 0.250000
2026-09-28 20:56:55.629 Df LosslessSwitcher[4654:177065a] [com.apple.coreaudio:AMCP]                 HALB_Logging.cpp:72    LogVolumeChangeForClientSide from AudioObjectSetPropertyData: device id 147, property address ['mute', 'outp', 0], device UID LSOutput_UID, mute: 0.000000
2026-09-28 20:56:55.674 Df coreaudiod[2872:17706c0] [com.apple.coreaudio:AMCP]                 HALB_Logging.cpp:101   LogVolumeChangeForServerSideControl from HALS_PlugInControl::SetPropertyData: control id 1471, property address ['bcvl', 'glob', 0], owning device UID LSOutput_UID, control type external driver, control scope 'outp', control element 0, mute: 0.000000
2026-09-28 20:56:55.683 I  LosslessSwitcher[4654:176e40b] [com.apple.appleevents:send] AESendMessage(core,getd {core,getd target='psn '[Music]  returnID=-6116}...
2026-09-28 20:56:55.683 I  Music[1908:4bbf] [com.apple.appleevents:receive] RECEIVED:(core,getd) {core,getd target=LosslessSwitcher  returnID=-6116}...
2026-09-28 20:56:55.684 I  LosslessSwitcher[4654:176e40b] [com.apple.appleevents:receive] REPLY:(aevt,ansr) <private>
2026-09-28 20:56:55.684 Df LosslessSwitcher[4654:177065a] [com.apple.coreaudio:AMCP]          HALC_ProxyIOContext.cpp:1631  HALC_ProxyIOContext::IOWorkLoop: ending the transport, stopping the io thread
2026-09-28 20:56:55.685 Df coreaudiod[2872:17706e6] (CoreAudio)        HALS_IOEngine2.cpp:2482   HALS_IOEngine2::StopIO: stopping IO on device <private>
2026-09-28 20:56:55.686 Df coreaudiod[2872:17706d2] [com.apple.coreaudio:AMCP]   HALS_IOContext_Legacy_Impl.cpp:2588  HALS_IOContext_Legacy_Impl::IOWorkLoopPerformIO: 1587 Exitted PerformIO early - thread hasBeenStopped: 1 and shouldExit: 0
2026-09-28 20:56:55.686 Df coreaudiod[2872:17706d2] [com.apple.coreaudio:AMCP]               HALS_IOEngine2.cpp:2940  HALS_IOEngine2::_StopIO(1473) called on Context 1587  current state: Prewarm: 0 Play: 1 State: Running
2026-09-28 20:56:55.686 Df coreaudiod[2872:17706e6] (CoreAudio) HALS_IOContext_Legacy_Impl.cpp:2255   IO Stopped Context 1587 after 327680 frames.
2026-09-28 20:56:55.686 Df coreaudiod[2872:17706e6] (CoreAudio) HALS_IOContext_Legacy_Impl.cpp:2280   HALS_IOContext_Legacy_Impl::IOWorkLoopDeinit: 1587 LSOutput_UID (LSOutput_UID): stopping with error 0
2026-09-28 20:56:55.687 Df coreaudiod[2872:17706c3] (CoreAudio)   HALB_PowerAssertion.cpp:161    HALB_PowerAssertion::Release: releasing power assertion ID 42087 of type 'PreventUserIdleSystemSleep' with name: 'com.apple.audio.LSOutput_UID.context.preventuseridlesleep' on behalf of 4654 taken at <private> for 7.432807 seconds
2026-09-28 20:56:55.688 Df coreaudiod[2872:17706f3] (CoreAudio)    SystemStatusWrapper.mm:89     SystemStatusWrapper::PublishRecordingClientInfo: Report client 4654 running: no device: <private>
2026-09-28 20:56:55.689 Df LosslessSwitcher[4654:176e40b] [com.apple.coreaudio:as_client] SessionCore_macOS_Legacy.mm:163   --> setPlayState Stopped  Input {LSOutput_UID, 0xe}
2026-09-28 20:56:55.689 Df LosslessSwitcher[4654:176e40b] [com.apple.coreaudio:as_client] SessionCore_macOS_Legacy.mm:156   Sent updated IOState to server: [0, 0]. BT device UIDS: {(
2026-09-28 20:56:55.689 Df LosslessSwitcher[4654:176e40b] [com.apple.coreaudio:as_client] SessionCore_macOS_Legacy.mm:199   <-- setPlayState Server update was required.
2026-09-28 20:56:55.689 Df LosslessSwitcher[4654:176e40b] [com.apple.coreaudio:as_client] SessionCore_macOS_Legacy.mm:163   --> setPlayState Stopped  Input {LSOutput_UID, 0xe}
2026-09-28 20:56:55.689 Df LosslessSwitcher[4654:176e40b] [com.apple.coreaudio:as_client] SessionCore_macOS_Legacy.mm:194   <-- setPlayState IOState: [0, 0]. BT device UIDS: {(
2026-09-28 20:56:55.690 Df coreaudiod[2872:17706f7] (CoreAudio)    SystemStatusWrapper.mm:129    SystemStatusWrapper::PublishRecordingClientInfo: Updated recording status successfully.
2026-09-28 20:56:55.690 Df LosslessSwitcher[4654:1770854] [com.apple.coreaudio:AMCP]                 HALB_Logging.cpp:72    LogVolumeChangeForClientSide from AudioObjectSetPropertyData: device id 147, property address ['volm', 'outp', 0], device UID LSOutput_UID, volume: 1.000000
2026-09-28 20:56:55.691 Df coreaudiod[2872:17706f3] [com.apple.coreaudio:AMCP]                 HALB_Logging.cpp:101   LogVolumeChangeForServerSideControl from HALS_PlugInControl::SetPropertyData: control id 1470, property address ['lcsv', 'glob', 0], owning device UID LSOutput_UID, control type external driver, control scope 'outp', control element 0, volume: 1.000000
2026-09-28 20:56:55.692 Df LosslessSwitcher[4654:17703cc] [com.apple.coreaudio:AMCP]                 HALB_Logging.cpp:72    LogVolumeChangeForClientSide from AudioObjectSetPropertyData: device id 147, property address ['mute', 'outp', 0], device UID LSOutput_UID, mute: 0.000000
2026-09-28 20:56:55.727 Df LosslessSwitcher[4654:176e40b] [com.apple.coreaudio:as_client] SessionCore_macOS_Legacy.mm:163   --> setPlayState Stopped  Output {AppleUSBAudioEngine:AudioQuest:AudioQuest DragonFly Black v1.5:AQDFBL0120002531:1, 0xe}
2026-09-28 20:56:55.727 Df LosslessSwitcher[4654:176e40b] [com.apple.coreaudio:as_client] SessionCore_macOS_Legacy.mm:194   <-- setPlayState IOState: [0, 0]. BT device UIDS: {(
2026-09-28 20:56:55.727 Df LosslessSwitcher[4654:176e40b] [com.apple.coreaudio:as_client] SessionCore_macOS_Legacy.mm:163   --> setPlayState Stopped  Output {AppleUSBAudioEngine:AudioQuest:AudioQuest DragonFly Black v1.5:AQDFBL0120002531:1, 0xe}
2026-09-28 20:56:55.727 Df LosslessSwitcher[4654:176e40b] [com.apple.coreaudio:as_client] SessionCore_macOS_Legacy.mm:194   <-- setPlayState IOState: [0, 0]. BT device UIDS: {(
2026-09-28 20:56:55.727 Df coreaudiod[2872:17706c3] [com.apple.coreaudio:AMCP]                 HALB_Logging.cpp:101   LogVolumeChangeForServerSideControl from HALS_PlugInControl::SetPropertyData: control id 1471, property address ['bcvl', 'glob', 0], owning device UID LSOutput_UID, control type external driver, control scope 'outp', control element 0, mute: 0.000000
2026-09-28 20:56:55.728 Df coreaudiod[2872:17706f7] (CoreAudio)     HALS_PlugInDevice.cpp:2856   HALS_PlugInDevice::HandlePlugIn_RequestConfigChange: AppleUSBAudioEngine:AudioQuest:AudioQuest DragonFly Black v1.5:AQDFBL0120002531:1  --->
2026-09-28 20:56:55.729 Df coreaudiod[2872:17706d4] (CoreAudio)   HALC_ProxyIOContext.cpp:3576   HALC_IOContext_ResumeIO(359)
2026-09-28 20:56:55.729 Df coreaudiod[2872:17706c3] (CoreAudio)   HALC_ProxyIOContext.cpp:1193   HALC_ProxyIOContext::ResumeIO: -> 0 1 1 id:359 called from <private>
2026-09-28 20:56:55.729 Df coreaudiod[2872:17706c3] (CoreAudio)   HALC_ProxyIOContext.cpp:1210   HALC_ProxyIOContext::ResumeIO: <- 0 0 0 id:359 called from <private>
2026-09-28 20:56:55.730 Df LosslessSwitcher[4654:17703cc] (CoreAudio)   HALC_ProxyIOContext.cpp:3542   HALC_IOContext_PauseIO(1584)
2026-09-28 20:56:55.730 Df LosslessSwitcher[4654:17703cc] (CoreAudio)   HALC_ProxyIOContext.cpp:1146   HALC_ProxyIOContext::PauseIO: -> 0 1 1, id:1584 called from <private>
2026-09-28 20:56:55.730 Df LosslessSwitcher[4654:17703cc] (CoreAudio)   HALC_ProxyIOContext.cpp:1159   HALC_ProxyIOContext::PauseIO: <- 0 2 2, id:1584 called from <private>
2026-09-28 20:56:55.731 Df coreaudiod[2872:17706e3] [com.apple.Accessibility:AXHearingHalPlugin] IsHidden: 1
2026-09-28 20:56:55.731 Df coreaudiod[2872:17706d2] (CoreAudio)   HALC_ProxyIOContext.cpp:3542   HALC_IOContext_PauseIO(359)
2026-09-28 20:56:55.731 Df coreaudiod[2872:17706d2] (CoreAudio)   HALC_ProxyIOContext.cpp:1146   HALC_ProxyIOContext::PauseIO: -> 0 0 0, id:359 called from <private>
2026-09-28 20:56:55.731 Df coreaudiod[2872:17706d2] (CoreAudio)   HALC_ProxyIOContext.cpp:1159   HALC_ProxyIOContext::PauseIO: <- 0 1 1, id:359 called from <private>
2026-09-28 20:56:55.732 Df coreaudiod[2872:17706e3] [com.apple.Accessibility:AXHearingHalPlugin] IsHidden: 1
2026-09-28 20:56:55.736 Df coreaudiod[2872:17706f7] (CoreAudio)     HALS_PlugInDevice.cpp:2617   HALS_PlugInDevice::HandlePlugIn_RequestConfigChange: AppleUSBAudioEngine:AudioQuest:AudioQuest DragonFly Black v1.5:AQDFBL0120002531:1  --- calling driver
2026-09-28 20:56:55.741 Df coreaudiod[2872:17706e3] (CoreAudio) HALS_DefaultDeviceManager.cpp:410    Heap has 4 items
2026-09-28 20:56:55.741 Df coreaudiod[2872:17706e3] (CoreAudio) HALS_DefaultDeviceManager.cpp:488      126: 'BuiltInMicrophoneDevice'
2026-09-28 20:56:55.741 Df coreaudiod[2872:17706e3] (CoreAudio) HALS_DefaultDeviceManager.cpp:489           Arrival Time:       (0, 0)
2026-09-28 20:56:55.741 Df coreaudiod[2872:17706e3] (CoreAudio) HALS_DefaultDeviceManager.cpp:490           Transport:          'bltn'
2026-09-28 20:56:55.741 Df coreaudiod[2872:17706e3] (CoreAudio) HALS_DefaultDeviceManager.cpp:491           Input Data Source:  'imic'
2026-09-28 20:56:55.741 Df coreaudiod[2872:17706e3] (CoreAudio) HALS_DefaultDeviceManager.cpp:492           Output Data Source: ''
2026-09-28 20:56:55.741 Df coreaudiod[2872:17706e3] (CoreAudio) HALS_DefaultDeviceManager.cpp:493           Input Kind:          Mic
2026-09-28 20:56:55.741 Df coreaudiod[2872:17706e3] (CoreAudio) HALS_DefaultDeviceManager.cpp:494           Output Kind:         None
2026-09-28 20:56:55.741 Df coreaudiod[2872:17706e3] (CoreAudio) HALS_DefaultDeviceManager.cpp:495           Can Be Input:        yes
2026-09-28 20:56:55.741 Df coreaudiod[2872:17706e3] (CoreAudio) HALS_DefaultDeviceManager.cpp:496           Can Be Output:       no
2026-09-28 20:56:55.741 Df coreaudiod[2872:17706e3] (CoreAudio) HALS_DefaultDeviceManager.cpp:497           Can Be System:       no
2026-09-28 20:56:55.741 Df coreaudiod[2872:17706e3] (CoreAudio) HALS_DefaultDeviceManager.cpp:498           Allows Auto-Route:   yes
2026-09-28 20:56:55.741 Df coreaudiod[2872:17706e3] (CoreAudio) HALS_DefaultDeviceManager.cpp:488      551: 'com.rogueamoeba.Loopback:B84C2883-09E2-4BFA-979B-9935F80B4D6D'
2026-09-28 20:56:55.741 Df coreaudiod[2872:17706e3] (CoreAudio) HALS_DefaultDeviceManager.cpp:489           Arrival Time:       (497, 26001960000000)
2026-09-28 20:56:55.741 Df coreaudiod[2872:17706e3] (CoreAudio) HALS_DefaultDeviceManager.cpp:490           Transport:          'virt'
2026-09-28 20:56:55.741 Df coreaudiod[2872:17706e3] (CoreAudio) HALS_DefaultDeviceManager.cpp:491           Input Data Source:  ''
2026-09-28 20:56:55.741 Df coreaudiod[2872:17706e3] (CoreAudio) HALS_DefaultDeviceManager.cpp:492           Output Data Source: ''
2026-09-28 20:56:55.741 Df coreaudiod[2872:17706e3] (CoreAudio) HALS_DefaultDeviceManager.cpp:493           Input Kind:          Don't
2026-09-28 20:56:55.741 Df coreaudiod[2872:17706e3] (CoreAudio) HALS_DefaultDeviceManager.cpp:494           Output Kind:         Don't
2026-09-28 20:56:55.741 Df coreaudiod[2872:17706e3] (CoreAudio) HALS_DefaultDeviceManager.cpp:495           Can Be Input:        yes
2026-09-28 20:56:55.741 Df coreaudiod[2872:17706e3] (CoreAudio) HALS_DefaultDeviceManager.cpp:496           Can Be Output:       yes
2026-09-28 20:56:55.741 Df coreaudiod[2872:17706e3] (CoreAudio) HALS_DefaultDeviceManager.cpp:497           Can Be System:       yes
2026-09-28 20:56:55.741 Df coreaudiod[2872:17706e3] (CoreAudio) HALS_DefaultDeviceManager.cpp:498           Allows Auto-Route:   yes
2026-09-28 20:56:55.741 Df coreaudiod[2872:17706e3] (CoreAudio) HALS_DefaultDeviceManager.cpp:488      70: '597A1DFA-1BE3-47EF-8565-BAD100000003'
2026-09-28 20:56:55.741 Df coreaudiod[2872:17706e3] (CoreAudio) HALS_DefaultDeviceManager.cpp:489           Arrival Time:       (496, 26001120000000)
2026-09-28 20:56:55.741 Df coreaudiod[2872:17706e3] (CoreAudio) HALS_DefaultDeviceManager.cpp:490           Transport:          'ccwd'
2026-09-28 20:56:55.741 Df coreaudiod[2872:17706e3] (CoreAudio) HALS_DefaultDeviceManager.cpp:491           Input Data Source:  ''
2026-09-28 20:56:55.741 Df coreaudiod[2872:17706e3] (CoreAudio) HALS_DefaultDeviceManager.cpp:492           Output Data Source: ''
2026-09-28 20:56:55.741 Df coreaudiod[2872:17706e3] (CoreAudio) HALS_DefaultDeviceManager.cpp:493           Input Kind:          Don't
2026-09-28 20:56:55.741 Df coreaudiod[2872:17706e3] (CoreAudio) HALS_DefaultDeviceManager.cpp:494           Output Kind:         Don't
2026-09-28 20:56:55.741 Df coreaudiod[2872:17706e3] (CoreAudio) HALS_DefaultDeviceManager.cpp:495           Can Be Input:        yes
2026-09-28 20:56:55.741 Df coreaudiod[2872:17706e3] (CoreAudio) HALS_DefaultDeviceManager.cpp:496           Can Be Output:       no
2026-09-28 20:56:55.741 Df coreaudiod[2872:17706e3] (CoreAudio) HALS_DefaultDeviceManager.cpp:497           Can Be System:       no
2026-09-28 20:56:55.741 Df coreaudiod[2872:17706e3] (CoreAudio) HALS_DefaultDeviceManager.cpp:498           Allows Auto-Route:   no
2026-09-28 20:56:55.741 Df coreaudiod[2872:17706e3] (CoreAudio) HALS_DefaultDeviceManager.cpp:488      36: 'AOP Audio-1'
2026-09-28 20:56:55.741 Df coreaudiod[2872:17706e3] (CoreAudio) HALS_DefaultDeviceManager.cpp:489           Arrival Time:       (323, 0)
2026-09-28 20:56:55.741 Df coreaudiod[2872:17706e3] (CoreAudio) HALS_DefaultDeviceManager.cpp:490           Transport:          'virt'
2026-09-28 20:56:55.741 Df coreaudiod[2872:17706e3] (CoreAudio) HALS_DefaultDeviceManager.cpp:491           Input Data Source:  ''
2026-09-28 20:56:55.741 Df coreaudiod[2872:17706e3] (CoreAudio) HALS_DefaultDeviceManager.cpp:492           Output Data Source: ''
2026-09-28 20:56:55.741 Df coreaudiod[2872:17706e3] (CoreAudio) HALS_DefaultDeviceManager.cpp:493           Input Kind:          Don't
2026-09-28 20:56:55.741 Df coreaudiod[2872:17706e3] (CoreAudio) HALS_DefaultDeviceManager.cpp:494           Output Kind:         None
2026-09-28 20:56:55.741 Df coreaudiod[2872:17706e3] (CoreAudio) HALS_DefaultDeviceManager.cpp:495           Can Be Input:        yes
2026-09-28 20:56:55.741 Df coreaudiod[2872:17706e3] (CoreAudio) HALS_DefaultDeviceManager.cpp:496           Can Be Output:       no
2026-09-28 20:56:55.741 Df coreaudiod[2872:17706e3] (CoreAudio) HALS_DefaultDeviceManager.cpp:497           Can Be System:       no
2026-09-28 20:56:55.741 Df coreaudiod[2872:17706e3] (CoreAudio) HALS_DefaultDeviceManager.cpp:498           Allows Auto-Route:   yes
2026-09-28 20:56:55.741 Df coreaudiod[2872:17706e3] (CoreAudio) HALS_DefaultDeviceManager.cpp:1730   HALS_DefaultDeviceManager::PickDefaultDevice:          'dIn ' | picking 126: 'BuiltInMicrophoneDevice'/'imic'
2026-09-28 20:56:55.743 Df coreaudiod[2872:17706e3] (CoreAudio) HALS_DefaultDeviceManager.cpp:1692   HALS_DefaultDeviceManager::FindPreferredDefaultDevice: 'dOut' | found preferred[0] 1467: 'LSOutput_UID'/''
2026-09-28 20:56:55.743 Df coreaudiod[2872:17706e3] (CoreAudio) HALS_DefaultDeviceManager.cpp:1692   HALS_DefaultDeviceManager::FindPreferredDefaultDevice: 'sOut' | found preferred[0] 117: 'BuiltInSpeakerDevice'/'ispk'
2026-09-28 20:56:55.744 Df coreaudiod[2872:17706e3] (CoreAudio) HALS_DefaultDeviceManager.cpp:1692   HALS_DefaultDeviceManager::FindPreferredDefaultDevice: 'shrd' | found preferred[0] 1467: 'LSOutput_UID'/''
2026-09-28 20:56:55.762 Df LosslessSwitcher[4654:1770854] (CoreAudio)   HALC_ProxyIOContext.cpp:1146   HALC_ProxyIOContext::PauseIO: -> 0 2 2, id:1584 called from <private>
2026-09-28 20:56:55.762 Df LosslessSwitcher[4654:1770854] (CoreAudio)   HALC_ProxyIOContext.cpp:1159   HALC_ProxyIOContext::PauseIO: <- 0 3 3, id:1584 called from <private>
2026-09-28 20:56:55.762 Df LosslessSwitcher[4654:17703cc] (CoreAudio)   HALC_ProxyIOContext.cpp:3542   HALC_IOContext_PauseIO(1584)
2026-09-28 20:56:55.762 Df LosslessSwitcher[4654:17703cc] (CoreAudio)   HALC_ProxyIOContext.cpp:1146   HALC_ProxyIOContext::PauseIO: -> 0 3 3, id:1584 called from <private>
2026-09-28 20:56:55.762 Df LosslessSwitcher[4654:17703cc] (CoreAudio)   HALC_ProxyIOContext.cpp:1159   HALC_ProxyIOContext::PauseIO: <- 0 4 4, id:1584 called from <private>
2026-09-28 20:56:55.763 Df coreaudiod[2872:17706f7] (CoreAudio)     HALS_PlugInDevice.cpp:2634   HALS_PlugInDevice::HandlePlugIn_RequestConfigChange: AppleUSBAudioEngine:AudioQuest:AudioQuest DragonFly Black v1.5:AQDFBL0120002531:1  --- driver returned
2026-09-28 20:56:55.764 Df LosslessSwitcher[4654:17703cc] (CoreAudio)   HALC_ProxyIOContext.cpp:3576   HALC_IOContext_ResumeIO(1584)
2026-09-28 20:56:55.764 Df LosslessSwitcher[4654:177065a] (CoreAudio)   HALC_ProxyIOContext.cpp:3576   HALC_IOContext_ResumeIO(1584)
2026-09-28 20:56:55.764 Df LosslessSwitcher[4654:177065a] (CoreAudio)   HALC_ProxyIOContext.cpp:3542   HALC_IOContext_PauseIO(1584)
2026-09-28 20:56:55.765 Df LosslessSwitcher[4654:17703cc] (CoreAudio)   HALC_ProxyIOContext.cpp:1193   HALC_ProxyIOContext::ResumeIO: -> 0 4 4 id:1584 called from <private>
2026-09-28 20:56:55.765 Df LosslessSwitcher[4654:17703cc] (CoreAudio)   HALC_ProxyIOContext.cpp:1210   HALC_ProxyIOContext::ResumeIO: <- 0 3 3 id:1584 called from <private>
2026-09-28 20:56:55.765 Df LosslessSwitcher[4654:17703cc] (CoreAudio)   HALC_ProxyIOContext.cpp:1193   HALC_ProxyIOContext::ResumeIO: -> 0 3 3 id:1584 called from <private>
2026-09-28 20:56:55.765 Df LosslessSwitcher[4654:17703cc] (CoreAudio)   HALC_ProxyIOContext.cpp:1210   HALC_ProxyIOContext::ResumeIO: <- 0 2 2 id:1584 called from <private>
2026-09-28 20:56:55.765 Df LosslessSwitcher[4654:17703cc] (CoreAudio)   HALC_ProxyIOContext.cpp:1146   HALC_ProxyIOContext::PauseIO: -> 0 2 2, id:1584 called from <private>
2026-09-28 20:56:55.765 Df LosslessSwitcher[4654:17703cc] (CoreAudio)   HALC_ProxyIOContext.cpp:1159   HALC_ProxyIOContext::PauseIO: <- 0 3 3, id:1584 called from <private>
2026-09-28 20:56:55.765 Df LosslessSwitcher[4654:1770854] (CoreAudio)   HALC_ProxyIOContext.cpp:1193   HALC_ProxyIOContext::ResumeIO: -> 0 3 3 id:1584 called from <private>
2026-09-28 20:56:55.765 Df LosslessSwitcher[4654:1770854] (CoreAudio)   HALC_ProxyIOContext.cpp:1210   HALC_ProxyIOContext::ResumeIO: <- 0 2 2 id:1584 called from <private>
2026-09-28 20:56:55.766 Df coreaudiod[2872:17706f7] [com.apple.coreaudio:AMCP]            HALS_PlugInDevice.cpp:902   HALS_PlugInDevice::_UpdateControls: AppleUSBAudioEngine:AudioQuest:AudioQuest DragonFly Black v1.5:AQDFBL0120002531:1  --- keeping existing software reference stream control
2026-09-28 20:56:55.770 Df coreaudiod[2872:17706c3] (CoreAudio)   HALC_ProxyIOContext.cpp:1146   HALC_ProxyIOContext::PauseIO: -> 0 1 1, id:359 called from <private>
2026-09-28 20:56:55.770 Df coreaudiod[2872:17706c3] (CoreAudio)   HALC_ProxyIOContext.cpp:1159   HALC_ProxyIOContext::PauseIO: <- 0 2 2, id:359 called from <private>
2026-09-28 20:56:55.770 Df coreaudiod[2872:17706c0] (CoreAudio)   HALC_ProxyIOContext.cpp:3542   HALC_IOContext_PauseIO(359)
2026-09-28 20:56:55.770 Df coreaudiod[2872:17706e4] (CoreAudio)   HALC_ProxyIOContext.cpp:1146   HALC_ProxyIOContext::PauseIO: -> 0 2 2, id:359 called from <private>
2026-09-28 20:56:55.770 Df coreaudiod[2872:17706e4] (CoreAudio)   HALC_ProxyIOContext.cpp:1159   HALC_ProxyIOContext::PauseIO: <- 0 3 3, id:359 called from <private>
2026-09-28 20:56:55.771 Df coreaudiod[2872:17706d4] (CoreAudio)   HALC_ProxyIOContext.cpp:3576   HALC_IOContext_ResumeIO(359)
2026-09-28 20:56:55.771 Df coreaudiod[2872:17706d4] (CoreAudio)   HALC_ProxyIOContext.cpp:3542   HALC_IOContext_PauseIO(359)
2026-09-28 20:56:55.771 Df coreaudiod[2872:17706d4] (CoreAudio)   HALC_ProxyIOContext.cpp:3576   HALC_IOContext_ResumeIO(359)
2026-09-28 20:56:55.771 Df coreaudiod[2872:17706d4] (CoreAudio)   HALC_ProxyIOContext.cpp:1193   HALC_ProxyIOContext::ResumeIO: -> 0 3 3 id:359 called from <private>
2026-09-28 20:56:55.771 Df coreaudiod[2872:17706d4] (CoreAudio)   HALC_ProxyIOContext.cpp:1210   HALC_ProxyIOContext::ResumeIO: <- 0 2 2 id:359 called from <private>
2026-09-28 20:56:55.771 Df coreaudiod[2872:17706d4] (CoreAudio)   HALC_ProxyIOContext.cpp:1146   HALC_ProxyIOContext::PauseIO: -> 0 2 2, id:359 called from <private>
2026-09-28 20:56:55.771 Df coreaudiod[2872:17706d4] (CoreAudio)   HALC_ProxyIOContext.cpp:1159   HALC_ProxyIOContext::PauseIO: <- 0 3 3, id:359 called from <private>
2026-09-28 20:56:55.771 Df coreaudiod[2872:17706d4] (CoreAudio)   HALC_ProxyIOContext.cpp:1193   HALC_ProxyIOContext::ResumeIO: -> 0 3 3 id:359 called from <private>
2026-09-28 20:56:55.771 Df coreaudiod[2872:17706d4] (CoreAudio)   HALC_ProxyIOContext.cpp:1210   HALC_ProxyIOContext::ResumeIO: <- 0 2 2 id:359 called from <private>
2026-09-28 20:56:55.771 Df coreaudiod[2872:17706c3] (CoreAudio)   HALC_ProxyIOContext.cpp:1193   HALC_ProxyIOContext::ResumeIO: -> 0 2 2 id:359 called from <private>
2026-09-28 20:56:55.771 Df coreaudiod[2872:17706c3] (CoreAudio)   HALC_ProxyIOContext.cpp:1210   HALC_ProxyIOContext::ResumeIO: <- 0 1 1 id:359 called from <private>
2026-09-28 20:56:55.775 Df coreaudiod[2872:17706f7] [com.apple.coreaudio:AudioConverter]        AudioConverter.cpp:1068  Created a new in process converter -> 0x7aaf2a4150, from  2 ch,  44100 Hz, lpcm (0x0000004C) 24-bit little-endian signed integer to  2 ch,  44100 Hz, Float32, interleaved
2026-09-28 20:56:55.775 Df coreaudiod[2872:17706f7] [com.apple.coreaudio:aid] [NodeFormatConverter.cpp:62    rtaid::NodeFormatConverter:0x7aaedc8fe8] AudioConverterNew succeeded with incoming format  2 ch,  44100 Hz, lpcm (0x0000004C) 24-bit little-endian signed integer and outgoing format  2 ch,  44100 Hz, Float32, interleaved
2026-09-28 20:56:55.775 Df coreaudiod[2872:17706f7] [com.apple.coreaudio:aid] [Detector.cpp:58    rtaid::Detector:0x7aaf39c8c0] initialized with error = 0
2026-09-28 20:56:55.775 Df coreaudiod[2872:17706f7] [com.apple.coreaudio:aid] [Detector.cpp:122   rtaid::Detector:0x7aaf39c8c0] Node -Output with nodeID 156 already present, replacing it
2026-09-28 20:56:55.775 Df coreaudiod[2872:17706f7] [com.apple.coreaudio:aid] [Detector.cpp:156   rtaid::Detector:0x7aaf39c8c0] Created node -Output with nodeID 156 - reporting period = 10.000000, sample rate = 44100.000000
2026-09-28 20:56:55.775 Df coreaudiod[2872:17706f7] [com.apple.coreaudio:aid] [NodeFormatConverter.cpp:81    rtaid::NodeFormatConverter:0x7aaedc8fe8] AudioConverterNew wasn't needed since incoming and outgoing format are equivalent:  2 ch,  44100 Hz, Float32, interleaved
2026-09-28 20:56:55.775 Df coreaudiod[2872:17706f7] [com.apple.coreaudio:aid] [Detector.cpp:58    rtaid::Detector:0x7aaf39c8c0] initialized with error = 0
2026-09-28 20:56:55.775 Df coreaudiod[2872:17706f7] (CoreAudio)     HALS_PlugInDevice.cpp:2822   HALS_PlugInDevice::HandlePlugIn_RequestConfigChange: AppleUSBAudioEngine:AudioQuest:AudioQuest DragonFly Black v1.5:AQDFBL0120002531:1  --- sending notifications
2026-09-28 20:56:55.793 Df coreaudiod[2872:17706f7] (CoreAudio)     HALS_PlugInDevice.cpp:2873   HALS_PlugInDevice::HandlePlugIn_RequestConfigChange: AppleUSBAudioEngine:AudioQuest:AudioQuest DragonFly Black v1.5:AQDFBL0120002531:1  --- restarting IO
2026-09-28 20:56:55.797 Df LosslessSwitcher[4654:17703cc] (CoreAudio)   HALC_ProxyIOContext.cpp:3576   HALC_IOContext_ResumeIO(1584)
2026-09-28 20:56:55.797 Df coreaudiod[2872:177065b] (CoreAudio)   HALC_ProxyIOContext.cpp:3576   HALC_IOContext_ResumeIO(359)
2026-09-28 20:56:55.798 Df coreaudiod[2872:17706f7] (CoreAudio)     HALS_PlugInDevice.cpp:2888   HALS_PlugInDevice::HandlePlugIn_RequestConfigChange: AppleUSBAudioEngine:AudioQuest:AudioQuest DragonFly Black v1.5:AQDFBL0120002531:1  <---
2026-09-28 20:56:55.799 Df coreaudiod[2872:177065b] [com.apple.Accessibility:AXHearingHalPlugin] IsHidden: 1
2026-09-28 20:56:55.799 Df coreaudiod[2872:177065b] [com.apple.Accessibility:AXHearingHalPlugin] IsHidden: 1
2026-09-28 20:56:55.801 Df coreaudiod[2872:17706c3] (CoreAudio)   HALC_ProxyIOContext.cpp:1146   HALC_ProxyIOContext::PauseIO: -> 0 1 1, id:359 called from <private>
2026-09-28 20:56:55.801 Df coreaudiod[2872:17706c3] (CoreAudio)   HALC_ProxyIOContext.cpp:1159   HALC_ProxyIOContext::PauseIO: <- 0 2 2, id:359 called from <private>
2026-09-28 20:56:55.801 Df coreaudiod[2872:17706f2] (CoreAudio)   HALC_ProxyIOContext.cpp:3542   HALC_IOContext_PauseIO(359)
2026-09-28 20:56:55.803 Df coreaudiod[2872:17706ca] (CoreAudio)   HALC_ProxyIOContext.cpp:3576   HALC_IOContext_ResumeIO(359)
2026-09-28 20:56:55.803 Df coreaudiod[2872:17706c3] (CoreAudio)   HALC_ProxyIOContext.cpp:1193   HALC_ProxyIOContext::ResumeIO: -> 0 2 2 id:359 called from <private>
2026-09-28 20:56:55.803 Df coreaudiod[2872:17706c3] (CoreAudio)   HALC_ProxyIOContext.cpp:1210   HALC_ProxyIOContext::ResumeIO: <- 0 1 1 id:359 called from <private>
2026-09-28 20:56:55.807 Df coreaudiod[2872:177065b] (CoreAudio) HALS_DefaultDeviceManager.cpp:410    Heap has 4 items
2026-09-28 20:56:55.807 Df coreaudiod[2872:177065b] (CoreAudio) HALS_DefaultDeviceManager.cpp:488      126: 'BuiltInMicrophoneDevice'
2026-09-28 20:56:55.807 Df coreaudiod[2872:177065b] (CoreAudio) HALS_DefaultDeviceManager.cpp:489           Arrival Time:       (0, 0)
2026-09-28 20:56:55.807 Df coreaudiod[2872:177065b] (CoreAudio) HALS_DefaultDeviceManager.cpp:490           Transport:          'bltn'
2026-09-28 20:56:55.807 Df coreaudiod[2872:177065b] (CoreAudio) HALS_DefaultDeviceManager.cpp:491           Input Data Source:  'imic'
2026-09-28 20:56:55.807 Df coreaudiod[2872:177065b] (CoreAudio) HALS_DefaultDeviceManager.cpp:492           Output Data Source: ''
2026-09-28 20:56:55.807 Df coreaudiod[2872:177065b] (CoreAudio) HALS_DefaultDeviceManager.cpp:493           Input Kind:          Mic
2026-09-28 20:56:55.807 Df coreaudiod[2872:177065b] (CoreAudio) HALS_DefaultDeviceManager.cpp:494           Output Kind:         None
2026-09-28 20:56:55.807 Df coreaudiod[2872:177065b] (CoreAudio) HALS_DefaultDeviceManager.cpp:495           Can Be Input:        yes
2026-09-28 20:56:55.807 Df coreaudiod[2872:177065b] (CoreAudio) HALS_DefaultDeviceManager.cpp:496           Can Be Output:       no
2026-09-28 20:56:55.807 Df coreaudiod[2872:177065b] (CoreAudio) HALS_DefaultDeviceManager.cpp:497           Can Be System:       no
2026-09-28 20:56:55.807 Df coreaudiod[2872:177065b] (CoreAudio) HALS_DefaultDeviceManager.cpp:498           Allows Auto-Route:   yes
2026-09-28 20:56:55.807 Df coreaudiod[2872:177065b] (CoreAudio) HALS_DefaultDeviceManager.cpp:488      551: 'com.rogueamoeba.Loopback:B84C2883-09E2-4BFA-979B-9935F80B4D6D'
2026-09-28 20:56:55.807 Df coreaudiod[2872:177065b] (CoreAudio) HALS_DefaultDeviceManager.cpp:489           Arrival Time:       (497, 26001960000000)
2026-09-28 20:56:55.807 Df coreaudiod[2872:177065b] (CoreAudio) HALS_DefaultDeviceManager.cpp:490           Transport:          'virt'
2026-09-28 20:56:55.807 Df coreaudiod[2872:177065b] (CoreAudio) HALS_DefaultDeviceManager.cpp:491           Input Data Source:  ''
2026-09-28 20:56:55.807 Df coreaudiod[2872:177065b] (CoreAudio) HALS_DefaultDeviceManager.cpp:492           Output Data Source: ''
2026-09-28 20:56:55.807 Df coreaudiod[2872:177065b] (CoreAudio) HALS_DefaultDeviceManager.cpp:493           Input Kind:          Don't
2026-09-28 20:56:55.807 Df coreaudiod[2872:177065b] (CoreAudio) HALS_DefaultDeviceManager.cpp:494           Output Kind:         Don't
2026-09-28 20:56:55.807 Df coreaudiod[2872:177065b] (CoreAudio) HALS_DefaultDeviceManager.cpp:495           Can Be Input:        yes
2026-09-28 20:56:55.807 Df coreaudiod[2872:177065b] (CoreAudio) HALS_DefaultDeviceManager.cpp:496           Can Be Output:       yes
2026-09-28 20:56:55.807 Df coreaudiod[2872:177065b] (CoreAudio) HALS_DefaultDeviceManager.cpp:497           Can Be System:       yes
2026-09-28 20:56:55.807 Df coreaudiod[2872:177065b] (CoreAudio) HALS_DefaultDeviceManager.cpp:498           Allows Auto-Route:   yes
2026-09-28 20:56:55.807 Df coreaudiod[2872:177065b] (CoreAudio) HALS_DefaultDeviceManager.cpp:488      70: '597A1DFA-1BE3-47EF-8565-BAD100000003'
2026-09-28 20:56:55.807 Df coreaudiod[2872:177065b] (CoreAudio) HALS_DefaultDeviceManager.cpp:489           Arrival Time:       (496, 26001120000000)
2026-09-28 20:56:55.807 Df coreaudiod[2872:177065b] (CoreAudio) HALS_DefaultDeviceManager.cpp:490           Transport:          'ccwd'
2026-09-28 20:56:55.807 Df coreaudiod[2872:177065b] (CoreAudio) HALS_DefaultDeviceManager.cpp:491           Input Data Source:  ''
2026-09-28 20:56:55.807 Df coreaudiod[2872:177065b] (CoreAudio) HALS_DefaultDeviceManager.cpp:492           Output Data Source: ''
2026-09-28 20:56:55.807 Df coreaudiod[2872:177065b] (CoreAudio) HALS_DefaultDeviceManager.cpp:493           Input Kind:          Don't
2026-09-28 20:56:55.807 Df coreaudiod[2872:177065b] (CoreAudio) HALS_DefaultDeviceManager.cpp:494           Output Kind:         Don't
2026-09-28 20:56:55.807 Df coreaudiod[2872:177065b] (CoreAudio) HALS_DefaultDeviceManager.cpp:495           Can Be Input:        yes
2026-09-28 20:56:55.807 Df coreaudiod[2872:177065b] (CoreAudio) HALS_DefaultDeviceManager.cpp:496           Can Be Output:       no
2026-09-28 20:56:55.807 Df coreaudiod[2872:177065b] (CoreAudio) HALS_DefaultDeviceManager.cpp:497           Can Be System:       no
2026-09-28 20:56:55.807 Df coreaudiod[2872:177065b] (CoreAudio) HALS_DefaultDeviceManager.cpp:498           Allows Auto-Route:   no
2026-09-28 20:56:55.807 Df coreaudiod[2872:177065b] (CoreAudio) HALS_DefaultDeviceManager.cpp:488      36: 'AOP Audio-1'
2026-09-28 20:56:55.807 Df coreaudiod[2872:177065b] (CoreAudio) HALS_DefaultDeviceManager.cpp:489           Arrival Time:       (323, 0)
2026-09-28 20:56:55.807 Df coreaudiod[2872:177065b] (CoreAudio) HALS_DefaultDeviceManager.cpp:490           Transport:          'virt'
2026-09-28 20:56:55.807 Df coreaudiod[2872:177065b] (CoreAudio) HALS_DefaultDeviceManager.cpp:491           Input Data Source:  ''
2026-09-28 20:56:55.807 Df coreaudiod[2872:177065b] (CoreAudio) HALS_DefaultDeviceManager.cpp:492           Output Data Source: ''
2026-09-28 20:56:55.807 Df coreaudiod[2872:177065b] (CoreAudio) HALS_DefaultDeviceManager.cpp:493           Input Kind:          Don't
2026-09-28 20:56:55.807 Df coreaudiod[2872:177065b] (CoreAudio) HALS_DefaultDeviceManager.cpp:494           Output Kind:         None
2026-09-28 20:56:55.807 Df coreaudiod[2872:177065b] (CoreAudio) HALS_DefaultDeviceManager.cpp:495           Can Be Input:        yes
2026-09-28 20:56:55.807 Df coreaudiod[2872:177065b] (CoreAudio) HALS_DefaultDeviceManager.cpp:496           Can Be Output:       no
2026-09-28 20:56:55.807 Df coreaudiod[2872:177065b] (CoreAudio) HALS_DefaultDeviceManager.cpp:497           Can Be System:       no
2026-09-28 20:56:55.807 Df coreaudiod[2872:177065b] (CoreAudio) HALS_DefaultDeviceManager.cpp:498           Allows Auto-Route:   yes
2026-09-28 20:56:55.807 Df coreaudiod[2872:177065b] (CoreAudio) HALS_DefaultDeviceManager.cpp:1730   HALS_DefaultDeviceManager::PickDefaultDevice:          'dIn ' | picking 126: 'BuiltInMicrophoneDevice'/'imic'
2026-09-28 20:56:55.807 Df coreaudiod[2872:17706c3] (CoreAudio)   HALC_ProxyIOContext.cpp:1146   HALC_ProxyIOContext::PauseIO: -> 0 1 1, id:359 called from <private>
2026-09-28 20:56:55.807 Df coreaudiod[2872:17706c3] (CoreAudio)   HALC_ProxyIOContext.cpp:1159   HALC_ProxyIOContext::PauseIO: <- 0 2 2, id:359 called from <private>
2026-09-28 20:56:55.807 Df coreaudiod[2872:1770862] (CoreAudio)   HALC_ProxyIOContext.cpp:3542   HALC_IOContext_PauseIO(359)
2026-09-28 20:56:55.808 Df coreaudiod[2872:177065b] (CoreAudio) HALS_DefaultDeviceManager.cpp:1692   HALS_DefaultDeviceManager::FindPreferredDefaultDevice: 'dOut' | found preferred[0] 1467: 'LSOutput_UID'/''
2026-09-28 20:56:55.808 Df coreaudiod[2872:17706e3] (CoreAudio)   HALC_ProxyIOContext.cpp:3576   HALC_IOContext_ResumeIO(359)
2026-09-28 20:56:55.808 Df coreaudiod[2872:177065b] (CoreAudio) HALS_DefaultDeviceManager.cpp:1692   HALS_DefaultDeviceManager::FindPreferredDefaultDevice: 'sOut' | found preferred[0] 117: 'BuiltInSpeakerDevice'/'ispk'
2026-09-28 20:56:55.808 Df coreaudiod[2872:17706c3] (CoreAudio)   HALC_ProxyIOContext.cpp:1193   HALC_ProxyIOContext::ResumeIO: -> 0 2 2 id:359 called from <private>
2026-09-28 20:56:55.808 Df coreaudiod[2872:17706c3] (CoreAudio)   HALC_ProxyIOContext.cpp:1210   HALC_ProxyIOContext::ResumeIO: <- 0 1 1 id:359 called from <private>
2026-09-28 20:56:55.809 Df coreaudiod[2872:177065b] (CoreAudio) HALS_DefaultDeviceManager.cpp:1692   HALS_DefaultDeviceManager::FindPreferredDefaultDevice: 'shrd' | found preferred[0] 1467: 'LSOutput_UID'/''
2026-09-28 20:56:55.818 Df LosslessSwitcher[4654:1770854] (CoreAudio)   HALC_ProxyIOContext.cpp:1146   HALC_ProxyIOContext::PauseIO: -> 0 2 2, id:1584 called from <private>
2026-09-28 20:56:55.818 Df LosslessSwitcher[4654:1770854] (CoreAudio)   HALC_ProxyIOContext.cpp:1159   HALC_ProxyIOContext::PauseIO: <- 0 3 3, id:1584 called from <private>
2026-09-28 20:56:55.818 Df LosslessSwitcher[4654:17703cc] (CoreAudio)   HALC_ProxyIOContext.cpp:3542   HALC_IOContext_PauseIO(1584)
2026-09-28 20:56:55.819 Df LosslessSwitcher[4654:17703cc] (CoreAudio)   HALC_ProxyIOContext.cpp:3576   HALC_IOContext_ResumeIO(1584)
2026-09-28 20:56:55.819 Df LosslessSwitcher[4654:1770854] (CoreAudio)   HALC_ProxyIOContext.cpp:1193   HALC_ProxyIOContext::ResumeIO: -> 0 3 3 id:1584 called from <private>
2026-09-28 20:56:55.819 Df LosslessSwitcher[4654:1770854] (CoreAudio)   HALC_ProxyIOContext.cpp:1210   HALC_ProxyIOContext::ResumeIO: <- 0 2 2 id:1584 called from <private>
2026-09-28 20:56:55.830 Df coreaudiod[2872:17706c0] (CoreAudio)   HALC_ProxyIOContext.cpp:1146   HALC_ProxyIOContext::PauseIO: -> 0 1 1, id:359 called from <private>
2026-09-28 20:56:55.830 Df coreaudiod[2872:17706c0] (CoreAudio)   HALC_ProxyIOContext.cpp:1159   HALC_ProxyIOContext::PauseIO: <- 0 2 2, id:359 called from <private>
2026-09-28 20:56:55.830 Df coreaudiod[2872:17706e4] (CoreAudio)   HALC_ProxyIOContext.cpp:3542   HALC_IOContext_PauseIO(359)
2026-09-28 20:56:55.831 Df coreaudiod[2872:1770862] (CoreAudio)   HALC_ProxyIOContext.cpp:3576   HALC_IOContext_ResumeIO(359)
2026-09-28 20:56:55.832 Df coreaudiod[2872:17706c0] (CoreAudio)   HALC_ProxyIOContext.cpp:1193   HALC_ProxyIOContext::ResumeIO: -> 0 2 2 id:359 called from <private>
2026-09-28 20:56:55.832 Df coreaudiod[2872:17706c0] (CoreAudio)   HALC_ProxyIOContext.cpp:1210   HALC_ProxyIOContext::ResumeIO: <- 0 1 1 id:359 called from <private>
2026-09-28 20:56:55.832 Df coreaudiod[2872:17706c0] (CoreAudio)   HALC_ProxyIOContext.cpp:1193   HALC_ProxyIOContext::ResumeIO: -> 0 1 1 id:359 called from <private>
2026-09-28 20:56:55.832 Df coreaudiod[2872:17706c0] (CoreAudio)   HALC_ProxyIOContext.cpp:1210   HALC_ProxyIOContext::ResumeIO: <- 0 0 0 id:359 called from <private>
2026-09-28 20:56:55.832 Df coreaudiod[2872:17706c0] (CoreAudio)   HALC_ProxyIOContext.cpp:1146   HALC_ProxyIOContext::PauseIO: -> 0 0 0, id:359 called from <private>
2026-09-28 20:56:55.832 Df coreaudiod[2872:17706c0] (CoreAudio)   HALC_ProxyIOContext.cpp:1159   HALC_ProxyIOContext::PauseIO: <- 0 1 1, id:359 called from <private>
2026-09-28 20:56:55.832 Df coreaudiod[2872:17706c0] (CoreAudio)   HALC_ProxyIOContext.cpp:1193   HALC_ProxyIOContext::ResumeIO: -> 0 1 1 id:359 called from <private>
2026-09-28 20:56:55.832 Df coreaudiod[2872:17706c0] (CoreAudio)   HALC_ProxyIOContext.cpp:1210   HALC_ProxyIOContext::ResumeIO: <- 0 0 0 id:359 called from <private>
2026-09-28 20:56:55.832 Df coreaudiod[2872:17706c0] (CoreAudio)   HALC_ProxyIOContext.cpp:1146   HALC_ProxyIOContext::PauseIO: -> 0 0 0, id:359 called from <private>
2026-09-28 20:56:55.832 Df coreaudiod[2872:17706c0] (CoreAudio)   HALC_ProxyIOContext.cpp:1159   HALC_ProxyIOContext::PauseIO: <- 0 1 1, id:359 called from <private>
2026-09-28 20:56:55.832 Df coreaudiod[2872:17706c0] (CoreAudio)   HALC_ProxyIOContext.cpp:1193   HALC_ProxyIOContext::ResumeIO: -> 0 1 1 id:359 called from <private>
2026-09-28 20:56:55.832 Df coreaudiod[2872:17706c0] (CoreAudio)   HALC_ProxyIOContext.cpp:1210   HALC_ProxyIOContext::ResumeIO: <- 0 0 0 id:359 called from <private>
2026-09-28 20:56:55.832 Df coreaudiod[2872:17706c0] (CoreAudio)   HALC_ProxyIOContext.cpp:1146   HALC_ProxyIOContext::PauseIO: -> 0 0 0, id:359 called from <private>
2026-09-28 20:56:55.832 Df coreaudiod[2872:17706c0] (CoreAudio)   HALC_ProxyIOContext.cpp:1159   HALC_ProxyIOContext::PauseIO: <- 0 1 1, id:359 called from <private>
2026-09-28 20:56:55.832 Df coreaudiod[2872:17706c0] (CoreAudio)   HALC_ProxyIOContext.cpp:1193   HALC_ProxyIOContext::ResumeIO: -> 0 1 1 id:359 called from <private>
2026-09-28 20:56:55.832 Df coreaudiod[2872:17706c0] (CoreAudio)   HALC_ProxyIOContext.cpp:1210   HALC_ProxyIOContext::ResumeIO: <- 0 0 0 id:359 called from <private>
2026-09-28 20:56:55.839 Df LosslessSwitcher[4654:1770854] (CoreAudio)   HALC_ProxyIOContext.cpp:1146   HALC_ProxyIOContext::PauseIO: -> 0 2 2, id:1584 called from <private>
2026-09-28 20:56:55.839 Df LosslessSwitcher[4654:1770854] (CoreAudio)   HALC_ProxyIOContext.cpp:1159   HALC_ProxyIOContext::PauseIO: <- 0 3 3, id:1584 called from <private>
2026-09-28 20:56:55.839 Df LosslessSwitcher[4654:17703cc] (CoreAudio)   HALC_ProxyIOContext.cpp:3542   HALC_IOContext_PauseIO(1584)
2026-09-28 20:56:55.840 Df LosslessSwitcher[4654:17703cc] (CoreAudio)   HALC_ProxyIOContext.cpp:3576   HALC_IOContext_ResumeIO(1584)
2026-09-28 20:56:55.841 Df LosslessSwitcher[4654:1770854] (CoreAudio)   HALC_ProxyIOContext.cpp:1193   HALC_ProxyIOContext::ResumeIO: -> 0 3 3 id:1584 called from <private>
2026-09-28 20:56:55.841 Df LosslessSwitcher[4654:1770854] (CoreAudio)   HALC_ProxyIOContext.cpp:1210   HALC_ProxyIOContext::ResumeIO: <- 0 2 2 id:1584 called from <private>
2026-09-28 20:56:55.854 Df coreaudiod[2872:17706c3] (CoreAudio)   HALC_ProxyIOContext.cpp:1146   HALC_ProxyIOContext::PauseIO: -> 0 0 0, id:359 called from <private>
2026-09-28 20:56:55.854 Df coreaudiod[2872:17706c3] (CoreAudio)   HALC_ProxyIOContext.cpp:1159   HALC_ProxyIOContext::PauseIO: <- 0 1 1, id:359 called from <private>
2026-09-28 20:56:55.854 Df coreaudiod[2872:1770862] (CoreAudio)   HALC_ProxyIOContext.cpp:3542   HALC_IOContext_PauseIO(359)
2026-09-28 20:56:55.854 Df coreaudiod[2872:1770862] (CoreAudio)   HALC_ProxyIOContext.cpp:1146   HALC_ProxyIOContext::PauseIO: -> 0 1 1, id:359 called from <private>
2026-09-28 20:56:55.854 Df coreaudiod[2872:1770862] (CoreAudio)   HALC_ProxyIOContext.cpp:1159   HALC_ProxyIOContext::PauseIO: <- 0 2 2, id:359 called from <private>
2026-09-28 20:56:55.855 Df coreaudiod[2872:17706ca] (CoreAudio)   HALC_ProxyIOContext.cpp:3576   HALC_IOContext_ResumeIO(359)
2026-09-28 20:56:55.855 Df coreaudiod[2872:17706c3] (CoreAudio)   HALC_ProxyIOContext.cpp:1193   HALC_ProxyIOContext::ResumeIO: -> 0 2 2 id:359 called from <private>
2026-09-28 20:56:55.855 Df coreaudiod[2872:17706c3] (CoreAudio)   HALC_ProxyIOContext.cpp:1210   HALC_ProxyIOContext::ResumeIO: <- 0 1 1 id:359 called from <private>
2026-09-28 20:56:55.855 Df coreaudiod[2872:17706ca] (CoreAudio)   HALC_ProxyIOContext.cpp:1193   HALC_ProxyIOContext::ResumeIO: -> 0 1 1 id:359 called from <private>
2026-09-28 20:56:55.855 Df coreaudiod[2872:17706ca] (CoreAudio)   HALC_ProxyIOContext.cpp:1210   HALC_ProxyIOContext::ResumeIO: <- 0 0 0 id:359 called from <private>
2026-09-28 20:56:55.860 Df LosslessSwitcher[4654:1770854] (CoreAudio)   HALC_ProxyIOContext.cpp:1146   HALC_ProxyIOContext::PauseIO: -> 0 2 2, id:1584 called from <private>
2026-09-28 20:56:55.860 Df LosslessSwitcher[4654:1770854] (CoreAudio)   HALC_ProxyIOContext.cpp:1159   HALC_ProxyIOContext::PauseIO: <- 0 3 3, id:1584 called from <private>
2026-09-28 20:56:55.860 Df LosslessSwitcher[4654:17703cc] (CoreAudio)   HALC_ProxyIOContext.cpp:3542   HALC_IOContext_PauseIO(1584)
2026-09-28 20:56:55.862 Df LosslessSwitcher[4654:17703cc] (CoreAudio)   HALC_ProxyIOContext.cpp:3576   HALC_IOContext_ResumeIO(1584)
2026-09-28 20:56:55.862 Df LosslessSwitcher[4654:1770854] (CoreAudio)   HALC_ProxyIOContext.cpp:1193   HALC_ProxyIOContext::ResumeIO: -> 0 3 3 id:1584 called from <private>
2026-09-28 20:56:55.862 Df LosslessSwitcher[4654:1770854] (CoreAudio)   HALC_ProxyIOContext.cpp:1210   HALC_ProxyIOContext::ResumeIO: <- 0 2 2 id:1584 called from <private>
2026-09-28 20:56:55.866 Df coreaudiod[2872:17706f7] [com.apple.coreaudio:AMCP]                 HALB_Logging.cpp:72    LogVolumeChangeForClientSide from AudioObjectSetPropertyData: device id 128, property address ['volm', 'outp', 0], device UID AppleUSBAudioEngine:AudioQuest:AudioQuest DragonFly Black v1.5:AQDFBL0120002531:1, volume: 0.062500
2026-09-28 20:56:55.875 Df coreaudiod[2872:177065b] [com.apple.coreaudio:AMCP]                 HALB_Logging.cpp:101   LogVolumeChangeForServerSideControl from HALS_PlugInControl::SetPropertyData: control id 1919, property address ['lcsv', 'glob', 0], owning device UID AppleUSBAudioEngine:AudioQuest:AudioQuest DragonFly Black v1.5:AQDFBL0120002531:1, control type external driver, control scope 'outp', control element 0, volume: 0.062500
2026-09-28 20:56:55.876 Df LosslessSwitcher[4654:177065a] (CoreAudio)   HALC_ProxyIOContext.cpp:1146   HALC_ProxyIOContext::PauseIO: -> 0 2 2, id:1584 called from <private>
2026-09-28 20:56:55.876 Df LosslessSwitcher[4654:177065a] (CoreAudio)   HALC_ProxyIOContext.cpp:1159   HALC_ProxyIOContext::PauseIO: <- 0 3 3, id:1584 called from <private>
2026-09-28 20:56:55.876 Df LosslessSwitcher[4654:17703cc] (CoreAudio)   HALC_ProxyIOContext.cpp:3542   HALC_IOContext_PauseIO(1584)
2026-09-28 20:56:55.877 Df LosslessSwitcher[4654:17703cc] (CoreAudio)   HALC_ProxyIOContext.cpp:3576   HALC_IOContext_ResumeIO(1584)
2026-09-28 20:56:55.877 Df LosslessSwitcher[4654:177065a] (CoreAudio)   HALC_ProxyIOContext.cpp:1193   HALC_ProxyIOContext::ResumeIO: -> 0 3 3 id:1584 called from <private>
2026-09-28 20:56:55.877 Df LosslessSwitcher[4654:177065a] (CoreAudio)   HALC_ProxyIOContext.cpp:1210   HALC_ProxyIOContext::ResumeIO: <- 0 2 2 id:1584 called from <private>
2026-09-28 20:56:55.877 Df LosslessSwitcher[4654:177065a] (CoreAudio)   HALC_ProxyIOContext.cpp:1193   HALC_ProxyIOContext::ResumeIO: -> 0 2 2 id:1584 called from <private>
2026-09-28 20:56:55.877 Df LosslessSwitcher[4654:177065a] (CoreAudio)   HALC_ProxyIOContext.cpp:1210   HALC_ProxyIOContext::ResumeIO: <- 0 1 1 id:1584 called from <private>
2026-09-28 20:56:55.877 Df LosslessSwitcher[4654:177065a] (CoreAudio)   HALC_ProxyIOContext.cpp:1146   HALC_ProxyIOContext::PauseIO: -> 0 1 1, id:1584 called from <private>
2026-09-28 20:56:55.877 Df LosslessSwitcher[4654:177065a] (CoreAudio)   HALC_ProxyIOContext.cpp:1159   HALC_ProxyIOContext::PauseIO: <- 0 2 2, id:1584 called from <private>
2026-09-28 20:56:55.877 Df LosslessSwitcher[4654:177065a] (CoreAudio)   HALC_ProxyIOContext.cpp:1193   HALC_ProxyIOContext::ResumeIO: -> 0 2 2 id:1584 called from <private>
2026-09-28 20:56:55.877 Df LosslessSwitcher[4654:177065a] (CoreAudio)   HALC_ProxyIOContext.cpp:1210   HALC_ProxyIOContext::ResumeIO: <- 0 1 1 id:1584 called from <private>
2026-09-28 20:56:55.877 Df LosslessSwitcher[4654:177065a] (CoreAudio)   HALC_ProxyIOContext.cpp:1146   HALC_ProxyIOContext::PauseIO: -> 0 1 1, id:1584 called from <private>
2026-09-28 20:56:55.877 Df LosslessSwitcher[4654:177065a] (CoreAudio)   HALC_ProxyIOContext.cpp:1159   HALC_ProxyIOContext::PauseIO: <- 0 2 2, id:1584 called from <private>
2026-09-28 20:56:55.877 Df LosslessSwitcher[4654:177065a] (CoreAudio)   HALC_ProxyIOContext.cpp:1193   HALC_ProxyIOContext::ResumeIO: -> 0 2 2 id:1584 called from <private>
2026-09-28 20:56:55.877 Df LosslessSwitcher[4654:177065a] (CoreAudio)   HALC_ProxyIOContext.cpp:1210   HALC_ProxyIOContext::ResumeIO: <- 0 1 1 id:1584 called from <private>
2026-09-28 20:56:55.877 Df LosslessSwitcher[4654:177065a] (CoreAudio)   HALC_ProxyIOContext.cpp:1146   HALC_ProxyIOContext::PauseIO: -> 0 1 1, id:1584 called from <private>
2026-09-28 20:56:55.877 Df LosslessSwitcher[4654:177065a] (CoreAudio)   HALC_ProxyIOContext.cpp:1159   HALC_ProxyIOContext::PauseIO: <- 0 2 2, id:1584 called from <private>
2026-09-28 20:56:55.877 Df LosslessSwitcher[4654:177065a] (CoreAudio)   HALC_ProxyIOContext.cpp:1193   HALC_ProxyIOContext::ResumeIO: -> 0 2 2 id:1584 called from <private>
2026-09-28 20:56:55.877 Df LosslessSwitcher[4654:177065a] (CoreAudio)   HALC_ProxyIOContext.cpp:1210   HALC_ProxyIOContext::ResumeIO: <- 0 1 1 id:1584 called from <private>
2026-09-28 20:56:55.877 Df LosslessSwitcher[4654:177065a] (CoreAudio)   HALC_ProxyIOContext.cpp:1146   HALC_ProxyIOContext::PauseIO: -> 0 1 1, id:1584 called from <private>
2026-09-28 20:56:55.877 Df LosslessSwitcher[4654:177065a] (CoreAudio)   HALC_ProxyIOContext.cpp:1159   HALC_ProxyIOContext::PauseIO: <- 0 2 2, id:1584 called from <private>
2026-09-28 20:56:55.877 Df LosslessSwitcher[4654:177065a] (CoreAudio)   HALC_ProxyIOContext.cpp:1193   HALC_ProxyIOContext::ResumeIO: -> 0 2 2 id:1584 called from <private>
2026-09-28 20:56:55.877 Df LosslessSwitcher[4654:177065a] (CoreAudio)   HALC_ProxyIOContext.cpp:1210   HALC_ProxyIOContext::ResumeIO: <- 0 1 1 id:1584 called from <private>
2026-09-28 20:56:55.879 Df coreaudiod[2872:17706e3] (CoreAudio) HALS_DefaultDeviceManager.cpp:1069   HALS_DefaultDeviceManager::SetDefaultDevice:           'dOut' |  155: 'AppleUSBAudioEngine:AudioQuest:AudioQuest DragonFly Black v1.5:AQDFBL0120002531:1'/''
2026-09-28 20:56:55.880 Df coreaudiod[2872:17706e3] (CoreAudio) HALS_DefaultDeviceManager.cpp:1692   HALS_DefaultDeviceManager::FindPreferredDefaultDevice: 'dOut' | found preferred[0] 155: 'AppleUSBAudioEngine:AudioQuest:AudioQuest DragonFly Black v1.5:AQDFBL0120002531:1'/''
2026-09-28 20:56:55.881 Df coreaudiod[2872:17706e4] [com.apple.coreaudio:AMCP]                 HALB_Logging.cpp:72    LogVolumeChangeForClientSide from AudioObjectSetPropertyData: device id 128, property address ['mute', 'outp', 0], device UID AppleUSBAudioEngine:AudioQuest:AudioQuest DragonFly Black v1.5:AQDFBL0120002531:1, mute: 0.000000
2026-09-28 20:56:55.881 Df coreaudiod[2872:17706e3] (CoreAudio) HALS_DefaultDeviceManager.cpp:1692   HALS_DefaultDeviceManager::FindPreferredDefaultDevice: 'shrd' | found preferred[0] 155: 'AppleUSBAudioEngine:AudioQuest:AudioQuest DragonFly Black v1.5:AQDFBL0120002531:1'/''
2026-09-28 20:56:55.881 Df LosslessSwitcher[4654:176e40b] (CoreAudio)      HALDefaultDevice.cpp:525    HALDefaultDeviceProperty::SetData:kAudioHardwarePropertyDefaultOutputDevice  to AppleUSBAudioEngine:AudioQuest:AudioQuest DragonFly Black v1.5:AQDFBL0120002531:1 (Object: 126)
2026-09-28 20:56:55.882 Df coreaudiod[2872:17706e3] [com.apple.coreaudio:AMCP]                 HALB_Logging.cpp:101   LogVolumeChangeForServerSideControl from HALS_PlugInControl::SetPropertyData: control id 1918, property address ['bcvl', 'glob', 0], owning device UID AppleUSBAudioEngine:AudioQuest:AudioQuest DragonFly Black v1.5:AQDFBL0120002531:1, control type external driver, control scope 'outp', control element 0, mute: 0.000000
2026-09-28 20:56:55.890 Df Music[1908:1770721] [com.apple.coreaudio:AUHAL]                 AUHAL.cpp:962   HALListener: ->(0x791f7c4040) 1 addresses @ 0x74802071d0; thread 0x16c0a3000
2026-09-28 20:56:55.890 Df Music[1908:1770721] [com.apple.coreaudio:AUHAL]                 AUHAL.cpp:975   HALListener:   (0x791f7c4040) Property dOut/glob/0 changed; value 0x255 (0x0)
2026-09-28 20:56:55.890 Df Music[1908:1770721] [com.apple.coreaudio:AUHAL]                 AUHAL.cpp:625   SelectDevice: -> (0x791f7c4040)
2026-09-28 20:56:55.890 Df Music[1908:1770721] [com.apple.coreaudio:AUHAL]                 AUHAL.cpp:677   SelectDevice: (0x791f7c4040) not already running
2026-09-28 20:56:55.890 Df Music[1908:1770721] [com.apple.coreaudio:AUHAL]                 AUHAL.cpp:683   SelectDevice: (0x791f7c4040) disconnecting device 941
2026-09-28 20:56:55.890 Df Music[1908:1770721] [com.apple.coreaudio:AUHAL]                 AUHAL.cpp:747   SelectDevice: (0x791f7c4040) destroying ioproc 0x16 for device 941
2026-09-28 20:56:55.890 Df Music[1908:1770721] [com.apple.coreaudio:as_client] SessionCore_macOS_Legacy.mm:163   --> setPlayState Stopped  Output {LSOutput_UID, 0x16}
2026-09-28 20:56:55.890 Df Music[1908:1770721] [com.apple.coreaudio:as_client] SessionCore_macOS_Legacy.mm:194   <-- setPlayState IOState: [0, 0]. BT device UIDS: {(
2026-09-28 20:56:55.891 Df Music[1908:1770721] [com.apple.coreaudio:AUHAL]                 AUHAL.cpp:758   SelectDevice: (0x791f7c4040) connecting device 597
2026-09-28 20:56:55.895 Df LosslessSwitcher[4654:177065a] [com.apple.xpc:connection] [0x775eb52080] activating connection: mach=true listener=false peer=false name=com.apple.security.syspolicy.exec
2026-09-28 20:56:55.896 Df LosslessSwitcher[4654:177065a] [com.apple.xpc:connection] [0x775eb52080] invalidated because the current process cancelled the connection by calling xpc_connection_cancel()
2026-09-28 20:56:55.896 Df coreaudiod[2872:17706e3] (CoreAudio)         HALS_UCPlugIn.cpp:1177   HALS_UCPlugIn::ObjectGetPropertyData: failed:  [<private>/<private>/0], Error: 2003329396 (<private>)
2026-09-28 20:56:55.896 Df coreaudiod[2872:17706f7] (CoreAudio)         HALS_UCPlugIn.cpp:1177   HALS_UCPlugIn::ObjectGetPropertyData: failed:  [<private>/<private>/0], Error: 2003329396 (<private>)
2026-09-28 20:56:55.896 Df coreaudiod[2872:17706e3] (CoreAudio)         HALS_UCPlugIn.cpp:1177   HALS_UCPlugIn::ObjectGetPropertyData: failed:  [<private>/<private>/0], Error: 2003329396 (<private>)
2026-09-28 20:56:55.897 Df coreaudiod[2872:17706e3] (CoreAudio)         HALS_UCPlugIn.cpp:1177   HALS_UCPlugIn::ObjectGetPropertyData: failed:  [<private>/<private>/0], Error: 2003329396 (<private>)
2026-09-28 20:56:55.897 Df coreaudiod[2872:17706e3] (CoreAudio)         HALS_UCPlugIn.cpp:1177   HALS_UCPlugIn::ObjectGetPropertyData: failed:  [<private>/<private>/0], Error: 2003329396 (<private>)
2026-09-28 20:56:55.897 Df coreaudiod[2872:17706e3] (CoreAudio)         HALS_UCPlugIn.cpp:1177   HALS_UCPlugIn::ObjectGetPropertyData: failed:  [<private>/<private>/0], Error: 2003329396 (<private>)
2026-09-28 20:56:55.899 I  LosslessSwitcher[4654:177065a] [com.apple.appleevents:send] AESendMessage(core,getd {core,getd target='psn '[Music]  returnID=808}...
2026-09-28 20:56:55.900 Df coreaudiod[2872:17706e3] [com.apple.coreaudio:AMCP]                  HALS_Device.cpp:5561  [ahal_dsp] Per client DSP has been initialized (Device ID: 1920).
2026-09-28 20:56:55.901 I  Music[1908:4bbf] [com.apple.appleevents:receive] RECEIVED:(core,getd) {core,getd target=LosslessSwitcher  returnID=808}...
2026-09-28 20:56:55.901 Df Music[1908:1770721] [com.apple.coreaudio:AUHAL]                 AUHAL.cpp:3406  IsDeviceUsable: (0x791f7c4040) Device ID: 597 (Input:No | Output:Yes): true
2026-09-28 20:56:55.901 Df coreaudiod[2872:17706e3] (CoreAudio)           HALS_Device.cpp:210    HALS_Device::Activate: activating device 1920: CADefaultDeviceAggregate-1905-38 Transport Type: <private> Clock Domain: 0
2026-09-28 20:56:55.901 Df Music[1908:1770721] [com.apple.coreaudio:AUHAL]                 AUHAL.cpp:770   SelectDevice: (0x791f7c4040) created ioproc 0x40 for device 597
2026-09-28 20:56:55.901 Df Music[1908:1770721] [com.apple.coreaudio:AUHAL]                 AUHAL.cpp:859   SelectDevice: (0x791f7c4040) adding 6 device listeners to device 597
2026-09-28 20:56:55.904 Df coreaudiod[2872:17706f7] (CoreAudio)         HALS_UCPlugIn.cpp:1177   HALS_UCPlugIn::ObjectGetPropertyData: failed:  [<private>/<private>/0], Error: 2003329396 (<private>)
2026-09-28 20:56:55.904 Df coreaudiod[2872:17706f7] (CoreAudio)         HALS_UCPlugIn.cpp:1177   HALS_UCPlugIn::ObjectGetPropertyData: failed:  [<private>/<private>/0], Error: 2003329396 (<private>)
2026-09-28 20:56:55.904 Df coreaudiod[2872:17706c0] (CoreAudio)         HALS_UCPlugIn.cpp:1177   HALS_UCPlugIn::ObjectGetPropertyData: failed:  [<private>/<private>/0], Error: 2003329396 (<private>)
2026-09-28 20:56:55.905 Df coreaudiod[2872:17706c0] (CoreAudio)         HALS_UCPlugIn.cpp:1177   HALS_UCPlugIn::ObjectGetPropertyData: failed:  [<private>/<private>/0], Error: 2003329396 (<private>)
2026-09-28 20:56:55.905 Df coreaudiod[2872:1770862] (CoreAudio)         HALS_UCPlugIn.cpp:1177   HALS_UCPlugIn::ObjectGetPropertyData: failed:  [<private>/<private>/0], Error: 2003329396 (<private>)
2026-09-28 20:56:55.905 Df coreaudiod[2872:17706c0] (CoreAudio)         HALS_UCPlugIn.cpp:1177   HALS_UCPlugIn::ObjectGetPropertyData: failed:  [<private>/<private>/0], Error: 2003329396 (<private>)
2026-09-28 20:56:55.906 Df Music[1908:1770721] [com.apple.coreaudio:AUHAL]                 AUHAL.cpp:859   SelectDevice: (0x791f7c4040) adding 0 device delegate listeners to device 597
2026-09-28 20:56:55.906 Df Music[1908:1770721] [com.apple.coreaudio:AUHAL]                 AUHAL.cpp:1582  UpdateStreamFormats: -> (0x791f7c4040)
2026-09-28 20:56:55.907 Df coreaudiod[2872:17706e3] [com.apple.Accessibility:AXHearingHalPlugin] IsHidden: 1
2026-09-28 20:56:55.908 Df coreaudiod[2872:17706e3] [com.apple.Accessibility:AXHearingHalPlugin] IsHidden: 1
2026-09-28 20:56:55.909 I  LosslessSwitcher[4654:177065a] [com.apple.appleevents:receive] REPLY:(aevt,ansr) <private>
2026-09-28 20:56:55.912 Df coreaudiod[2872:177065b] (CoreAudio)         HALS_UCPlugIn.cpp:1177   HALS_UCPlugIn::ObjectGetPropertyData: failed:  [<private>/<private>/0], Error: 2003329396 (<private>)
2026-09-28 20:56:55.912 Df coreaudiod[2872:177065b] (CoreAudio)         HALS_UCPlugIn.cpp:1177   HALS_UCPlugIn::ObjectGetPropertyData: failed:  [<private>/<private>/0], Error: 2003329396 (<private>)
2026-09-28 20:56:55.912 Df coreaudiod[2872:1770862] (CoreAudio)         HALS_UCPlugIn.cpp:1177   HALS_UCPlugIn::ObjectGetPropertyData: failed:  [<private>/<private>/0], Error: 2003329396 (<private>)
2026-09-28 20:56:55.912 Df coreaudiod[2872:17706f7] (CoreAudio)         HALS_UCPlugIn.cpp:1177   HALS_UCPlugIn::ObjectGetPropertyData: failed:  [<private>/<private>/0], Error: 2003329396 (<private>)
2026-09-28 20:56:55.912 Df coreaudiod[2872:17706f7] (CoreAudio)         HALS_UCPlugIn.cpp:1177   HALS_UCPlugIn::ObjectGetPropertyData: failed:  [<private>/<private>/0], Error: 2003329396 (<private>)
2026-09-28 20:56:55.912 Df coreaudiod[2872:17706f7] [com.apple.coreaudio:AMCP]                 HALB_Logging.cpp:72    LogVolumeChangeForClientSide from AudioObjectSetPropertyData: device id 128, property address ['volm', 'outp', 0], device UID AppleUSBAudioEngine:AudioQuest:AudioQuest DragonFly Black v1.5:AQDFBL0120002531:1, volume: 0.062500
2026-09-28 20:56:55.913 Df coreaudiod[2872:177065b] (CoreAudio)         HALS_UCPlugIn.cpp:1177   HALS_UCPlugIn::ObjectGetPropertyData: failed:  [<private>/<private>/0], Error: 2003329396 (<private>)
2026-09-28 20:56:55.913 Df Music[1908:1770721] [com.apple.coreaudio:AUHAL]                 AUHAL.cpp:1678  UpdateStreamFormats: 
2026-09-28 20:56:55.913 Df Music[1908:1770721] [com.apple.coreaudio:AUHAL]                 AUHAL.cpp:1690  UpdateStreamFormats: 1 output streams; not all mono
2026-09-28 20:56:55.913 Df Music[1908:1770721] [com.apple.coreaudio:AUHAL]                 AUHAL.cpp:1702  UpdateStreamFormats: 
2026-09-28 20:56:55.913 Df Music[1908:1770721] [com.apple.coreaudio:AUHAL]                 AUHAL.cpp:1690  UpdateStreamFormats: 0 input streams; not all mono
2026-09-28 20:56:55.913 Df Music[1908:1770721] [com.apple.coreaudio:AUHAL]                 AUHAL.cpp:1772  UpdateStreamFormats: AUHAL(0x791f7c4040) Calling PropertyChanged() for kAudioUnitProperty_StreamFormat, Scope:Output, Bus:Output
2026-09-28 20:56:55.913 Df Music[1908:1770721] [com.apple.coreaudio:AUHAL]                 AUHAL.cpp:1788  UpdateStreamFormats: <-
2026-09-28 20:56:55.913 Df Music[1908:1770721] [com.apple.coreaudio:AUHAL]                 AUHAL.cpp:896   SelectDevice: (0x791f7c4040) removing 6 device listeners from device 941
2026-09-28 20:56:55.914 Df Music[1908:1770721] [com.apple.coreaudio:AUHAL]                 AUHAL.cpp:896   SelectDevice: (0x791f7c4040) removing 0 device delegate listeners from device 941
2026-09-28 20:56:55.914 Df Music[1908:1770721] [com.apple.coreaudio:AUHAL]                 AUHAL.cpp:912   SelectDevice: <- (0x791f7c4040)
2026-09-28 20:56:55.914 Df Music[1908:1770721] [com.apple.coreaudio:AUHAL]                 AUHAL.cpp:982   HALListener: <-(0x791f7c4040)
2026-09-28 20:56:55.914 Df Music[1908:1770721] [com.apple.coreaudio:AUHAL]                 AUHAL.cpp:962   HALListener: ->(0x791f7c5c40) 1 addresses @ 0x7480207050; thread 0x16c0a3000
2026-09-28 20:56:55.915 Df coreaudiod[2872:17706e3] (CoreAudio) HALS_DefaultDeviceManager.cpp:410    Heap has 4 items
2026-09-28 20:56:55.915 Df coreaudiod[2872:17706e3] (CoreAudio) HALS_DefaultDeviceManager.cpp:488      126: 'BuiltInMicrophoneDevice'
2026-09-28 20:56:55.915 Df coreaudiod[2872:17706e3] (CoreAudio) HALS_DefaultDeviceManager.cpp:489           Arrival Time:       (0, 0)
2026-09-28 20:56:55.915 Df coreaudiod[2872:17706e3] (CoreAudio) HALS_DefaultDeviceManager.cpp:490           Transport:          'bltn'
2026-09-28 20:56:55.915 Df coreaudiod[2872:17706e3] (CoreAudio) HALS_DefaultDeviceManager.cpp:491           Input Data Source:  'imic'
2026-09-28 20:56:55.915 Df coreaudiod[2872:17706e3] (CoreAudio) HALS_DefaultDeviceManager.cpp:492           Output Data Source: ''
2026-09-28 20:56:55.915 Df coreaudiod[2872:17706e3] (CoreAudio) HALS_DefaultDeviceManager.cpp:493           Input Kind:          Mic
2026-09-28 20:56:55.915 Df coreaudiod[2872:17706e3] (CoreAudio) HALS_DefaultDeviceManager.cpp:494           Output Kind:         None
2026-09-28 20:56:55.915 Df coreaudiod[2872:17706e3] (CoreAudio) HALS_DefaultDeviceManager.cpp:495           Can Be Input:        yes
2026-09-28 20:56:55.915 Df coreaudiod[2872:17706e3] (CoreAudio) HALS_DefaultDeviceManager.cpp:496           Can Be Output:       no
2026-09-28 20:56:55.915 Df coreaudiod[2872:17706e3] (CoreAudio) HALS_DefaultDeviceManager.cpp:497           Can Be System:       no
2026-09-28 20:56:55.915 Df coreaudiod[2872:17706e3] (CoreAudio) HALS_DefaultDeviceManager.cpp:498           Allows Auto-Route:   yes
2026-09-28 20:56:55.915 Df coreaudiod[2872:17706e3] (CoreAudio) HALS_DefaultDeviceManager.cpp:488      551: 'com.rogueamoeba.Loopback:B84C2883-09E2-4BFA-979B-9935F80B4D6D'
2026-09-28 20:56:55.915 Df coreaudiod[2872:17706e3] (CoreAudio) HALS_DefaultDeviceManager.cpp:489           Arrival Time:       (497, 26001960000000)
2026-09-28 20:56:55.915 Df coreaudiod[2872:17706e3] (CoreAudio) HALS_DefaultDeviceManager.cpp:490           Transport:          'virt'
2026-09-28 20:56:55.915 Df coreaudiod[2872:17706e3] (CoreAudio) HALS_DefaultDeviceManager.cpp:491           Input Data Source:  ''
2026-09-28 20:56:55.915 Df coreaudiod[2872:17706e3] (CoreAudio) HALS_DefaultDeviceManager.cpp:492           Output Data Source: ''
2026-09-28 20:56:55.915 Df coreaudiod[2872:17706e3] (CoreAudio) HALS_DefaultDeviceManager.cpp:493           Input Kind:          Don't
2026-09-28 20:56:55.915 Df coreaudiod[2872:17706e3] (CoreAudio) HALS_DefaultDeviceManager.cpp:494           Output Kind:         Don't
2026-09-28 20:56:55.915 Df coreaudiod[2872:17706e3] (CoreAudio) HALS_DefaultDeviceManager.cpp:495           Can Be Input:        yes
2026-09-28 20:56:55.915 Df coreaudiod[2872:17706e3] (CoreAudio) HALS_DefaultDeviceManager.cpp:496           Can Be Output:       yes
2026-09-28 20:56:55.915 Df coreaudiod[2872:17706e3] (CoreAudio) HALS_DefaultDeviceManager.cpp:497           Can Be System:       yes
2026-09-28 20:56:55.915 Df coreaudiod[2872:17706e3] (CoreAudio) HALS_DefaultDeviceManager.cpp:498           Allows Auto-Route:   yes
2026-09-28 20:56:55.915 Df coreaudiod[2872:17706e3] (CoreAudio) HALS_DefaultDeviceManager.cpp:488      70: '597A1DFA-1BE3-47EF-8565-BAD100000003'
2026-09-28 20:56:55.915 Df coreaudiod[2872:17706e3] (CoreAudio) HALS_DefaultDeviceManager.cpp:489           Arrival Time:       (496, 26001120000000)
2026-09-28 20:56:55.915 Df coreaudiod[2872:17706e3] (CoreAudio) HALS_DefaultDeviceManager.cpp:490           Transport:          'ccwd'
2026-09-28 20:56:55.915 Df coreaudiod[2872:17706e3] (CoreAudio) HALS_DefaultDeviceManager.cpp:491           Input Data Source:  ''
2026-09-28 20:56:55.915 Df coreaudiod[2872:17706e3] (CoreAudio) HALS_DefaultDeviceManager.cpp:492           Output Data Source: ''
2026-09-28 20:56:55.915 Df coreaudiod[2872:17706e3] (CoreAudio) HALS_DefaultDeviceManager.cpp:493           Input Kind:          Don't
2026-09-28 20:56:55.915 Df coreaudiod[2872:17706e3] (CoreAudio) HALS_DefaultDeviceManager.cpp:494           Output Kind:         Don't
2026-09-28 20:56:55.915 Df coreaudiod[2872:17706e3] (CoreAudio) HALS_DefaultDeviceManager.cpp:495           Can Be Input:        yes
2026-09-28 20:56:55.915 Df coreaudiod[2872:17706e3] (CoreAudio) HALS_DefaultDeviceManager.cpp:496           Can Be Output:       no
2026-09-28 20:56:55.915 Df coreaudiod[2872:17706e3] (CoreAudio) HALS_DefaultDeviceManager.cpp:497           Can Be System:       no
2026-09-28 20:56:55.915 Df coreaudiod[2872:17706e3] (CoreAudio) HALS_DefaultDeviceManager.cpp:498           Allows Auto-Route:   no
2026-09-28 20:56:55.915 Df coreaudiod[2872:17706e3] (CoreAudio) HALS_DefaultDeviceManager.cpp:488      36: 'AOP Audio-1'
2026-09-28 20:56:55.915 Df coreaudiod[2872:17706e3] (CoreAudio) HALS_DefaultDeviceManager.cpp:489           Arrival Time:       (323, 0)
2026-09-28 20:56:55.915 Df coreaudiod[2872:17706e3] (CoreAudio) HALS_DefaultDeviceManager.cpp:490           Transport:          'virt'
2026-09-28 20:56:55.915 Df coreaudiod[2872:17706e3] (CoreAudio) HALS_DefaultDeviceManager.cpp:491           Input Data Source:  ''
2026-09-28 20:56:55.915 Df coreaudiod[2872:17706e3] (CoreAudio) HALS_DefaultDeviceManager.cpp:492           Output Data Source: ''
2026-09-28 20:56:55.915 Df coreaudiod[2872:17706e3] (CoreAudio) HALS_DefaultDeviceManager.cpp:493           Input Kind:          Don't
2026-09-28 20:56:55.915 Df coreaudiod[2872:17706e3] (CoreAudio) HALS_DefaultDeviceManager.cpp:494           Output Kind:         None
2026-09-28 20:56:55.915 Df coreaudiod[2872:17706e3] (CoreAudio) HALS_DefaultDeviceManager.cpp:495           Can Be Input:        yes
2026-09-28 20:56:55.915 Df coreaudiod[2872:17706e3] (CoreAudio) HALS_DefaultDeviceManager.cpp:496           Can Be Output:       no
2026-09-28 20:56:55.915 Df coreaudiod[2872:17706e3] (CoreAudio) HALS_DefaultDeviceManager.cpp:497           Can Be System:       no
2026-09-28 20:56:55.915 Df coreaudiod[2872:17706e3] (CoreAudio) HALS_DefaultDeviceManager.cpp:498           Allows Auto-Route:   yes
2026-09-28 20:56:55.915 Df coreaudiod[2872:17706e3] (CoreAudio) HALS_DefaultDeviceManager.cpp:1730   HALS_DefaultDeviceManager::PickDefaultDevice:          'dIn ' | picking 126: 'BuiltInMicrophoneDevice'/'imic'
2026-09-28 20:56:55.918 Df coreaudiod[2872:17706e3] (CoreAudio) HALS_DefaultDeviceManager.cpp:1692   HALS_DefaultDeviceManager::FindPreferredDefaultDevice: 'dOut' | found preferred[0] 155: 'AppleUSBAudioEngine:AudioQuest:AudioQuest DragonFly Black v1.5:AQDFBL0120002531:1'/''
2026-09-28 20:56:55.918 Df coreaudiod[2872:17706e3] (CoreAudio) HALS_DefaultDeviceManager.cpp:1692   HALS_DefaultDeviceManager::FindPreferredDefaultDevice: 'sOut' | found preferred[0] 117: 'BuiltInSpeakerDevice'/'ispk'
2026-09-28 20:56:55.921 Df coreaudiod[2872:17706e3] (CoreAudio) HALS_DefaultDeviceManager.cpp:1692   HALS_DefaultDeviceManager::FindPreferredDefaultDevice: 'shrd' | found preferred[0] 155: 'AppleUSBAudioEngine:AudioQuest:AudioQuest DragonFly Black v1.5:AQDFBL0120002531:1'/''
2026-09-28 20:56:55.921 Df Music[1908:1770721] [com.apple.coreaudio:AUHAL]                 AUHAL.cpp:975   HALListener:   (0x791f7c5c40) Property dOut/glob/0 changed; value 0x255 (0x0)
2026-09-28 20:56:55.921 Df Music[1908:1770721] [com.apple.coreaudio:AUHAL]                 AUHAL.cpp:625   SelectDevice: -> (0x791f7c5c40)
2026-09-28 20:56:55.921 Df Music[1908:1770721] [com.apple.coreaudio:AUHAL]                 AUHAL.cpp:677   SelectDevice: (0x791f7c5c40) not already running
2026-09-28 20:56:55.921 Df Music[1908:1770721] [com.apple.coreaudio:AUHAL]                 AUHAL.cpp:683   SelectDevice: (0x791f7c5c40) disconnecting device 941
2026-09-28 20:56:55.921 Df Music[1908:1770721] [com.apple.coreaudio:AUHAL]                 AUHAL.cpp:747   SelectDevice: (0x791f7c5c40) destroying ioproc 0x17 for device 941
2026-09-28 20:56:55.921 Df Music[1908:1770721] [com.apple.coreaudio:as_client] SessionCore_macOS_Legacy.mm:163   --> setPlayState Stopped  Output {LSOutput_UID, 0x17}
2026-09-28 20:56:55.921 Df Music[1908:1770721] [com.apple.coreaudio:as_client] SessionCore_macOS_Legacy.mm:194   <-- setPlayState IOState: [0, 0]. BT device UIDS: {(
2026-09-28 20:56:55.921 Df Music[1908:1770721] [com.apple.coreaudio:AUHAL]                 AUHAL.cpp:758   SelectDevice: (0x791f7c5c40) connecting device 597
2026-09-28 20:56:55.922 Df coreaudiod[2872:177065b] (CoreAudio)         HALS_UCPlugIn.cpp:1177   HALS_UCPlugIn::ObjectGetPropertyData: failed:  [<private>/<private>/0], Error: 2003329396 (<private>)
2026-09-28 20:56:55.922 Df coreaudiod[2872:17706c0] (CoreAudio)         HALS_UCPlugIn.cpp:1177   HALS_UCPlugIn::ObjectGetPropertyData: failed:  [<private>/<private>/0], Error: 2003329396 (<private>)
2026-09-28 20:56:55.922 Df coreaudiod[2872:1770862] (CoreAudio)         HALS_UCPlugIn.cpp:1177   HALS_UCPlugIn::ObjectGetPropertyData: failed:  [<private>/<private>/0], Error: 2003329396 (<private>)
2026-09-28 20:56:55.923 Df coreaudiod[2872:17706c0] (CoreAudio)         HALS_UCPlugIn.cpp:1177   HALS_UCPlugIn::ObjectGetPropertyData: failed:  [<private>/<private>/0], Error: 2003329396 (<private>)
2026-09-28 20:56:55.923 Df coreaudiod[2872:17706e4] (CoreAudio)         HALS_UCPlugIn.cpp:1177   HALS_UCPlugIn::ObjectGetPropertyData: failed:  [<private>/<private>/0], Error: 2003329396 (<private>)
2026-09-28 20:56:55.923 Df coreaudiod[2872:177065b] (CoreAudio)         HALS_UCPlugIn.cpp:1177   HALS_UCPlugIn::ObjectGetPropertyData: failed:  [<private>/<private>/0], Error: 2003329396 (<private>)
2026-09-28 20:56:55.924 Df Music[1908:1770721] [com.apple.coreaudio:AUHAL]                 AUHAL.cpp:3406  IsDeviceUsable: (0x791f7c5c40) Device ID: 597 (Input:No | Output:Yes): true
2026-09-28 20:56:55.925 Df Music[1908:1770721] [com.apple.coreaudio:AUHAL]                 AUHAL.cpp:770   SelectDevice: (0x791f7c5c40) created ioproc 0x41 for device 597
2026-09-28 20:56:55.925 Df Music[1908:1770721] [com.apple.coreaudio:AUHAL]                 AUHAL.cpp:859   SelectDevice: (0x791f7c5c40) adding 6 device listeners to device 597
2026-09-28 20:56:55.925 Df coreaudiod[2872:17706e3] [com.apple.coreaudio:AMCP]                 HALB_Logging.cpp:101   LogVolumeChangeForServerSideControl from HALS_PlugInControl::SetPropertyData: control id 1919, property address ['lcsv', 'glob', 0], owning device UID AppleUSBAudioEngine:AudioQuest:AudioQuest DragonFly Black v1.5:AQDFBL0120002531:1, control type external driver, control scope 'outp', control element 0, volume: 0.062500
2026-09-28 20:56:55.925 Df coreaudiod[2872:17706e3] [com.apple.coreaudio:AMCP]                 HALB_Logging.cpp:72    LogVolumeChangeForClientSide from AudioObjectSetPropertyData: device id 128, property address ['mute', 'outp', 0], device UID AppleUSBAudioEngine:AudioQuest:AudioQuest DragonFly Black v1.5:AQDFBL0120002531:1, mute: 0.000000
2026-09-28 20:56:55.929 Df Music[1908:1770721] [com.apple.coreaudio:AUHAL]                 AUHAL.cpp:859   SelectDevice: (0x791f7c5c40) adding 0 device delegate listeners to device 597
2026-09-28 20:56:55.929 Df Music[1908:1770721] [com.apple.coreaudio:AUHAL]                 AUHAL.cpp:1582  UpdateStreamFormats: -> (0x791f7c5c40)
2026-09-28 20:56:55.936 Df coreaudiod[2872:17706e4] (CoreAudio)           HALS_Device.cpp:293    HALS_Device::_Deactivate: deactivating device 1864: CADefaultDeviceAggregate-1905-37
2026-09-28 20:56:55.937 Df Music[1908:1770721] [com.apple.coreaudio:AUHAL]                 AUHAL.cpp:1678  UpdateStreamFormats: 
2026-09-28 20:56:55.937 Df Music[1908:1770721] [com.apple.coreaudio:AUHAL]                 AUHAL.cpp:1690  UpdateStreamFormats: 1 output streams; not all mono
2026-09-28 20:56:55.937 Df Music[1908:1770721] [com.apple.coreaudio:AUHAL]                 AUHAL.cpp:1702  UpdateStreamFormats: 
2026-09-28 20:56:55.937 Df Music[1908:1770721] [com.apple.coreaudio:AUHAL]                 AUHAL.cpp:1690  UpdateStreamFormats: 0 input streams; not all mono
2026-09-28 20:56:55.937 Df Music[1908:1770721] [com.apple.coreaudio:AUHAL]                 AUHAL.cpp:1772  UpdateStreamFormats: AUHAL(0x791f7c5c40) Calling PropertyChanged() for kAudioUnitProperty_StreamFormat, Scope:Output, Bus:Output
2026-09-28 20:56:55.937 Df Music[1908:1770721] [com.apple.coreaudio:AUHAL]                 AUHAL.cpp:1788  UpdateStreamFormats: <-
2026-09-28 20:56:55.937 Df Music[1908:1770721] [com.apple.coreaudio:AUHAL]                 AUHAL.cpp:896   SelectDevice: (0x791f7c5c40) removing 6 device listeners from device 941
2026-09-28 20:56:55.938 Df coreaudiod[2872:17706d4] [com.apple.coreaudio:AMCP]                 HALB_Logging.cpp:101   LogVolumeChangeForServerSideControl from HALS_PlugInControl::SetPropertyData: control id 1918, property address ['bcvl', 'glob', 0], owning device UID AppleUSBAudioEngine:AudioQuest:AudioQuest DragonFly Black v1.5:AQDFBL0120002531:1, control type external driver, control scope 'outp', control element 0, mute: 0.000000
2026-09-28 20:56:55.938 Df Music[1908:1770721] [com.apple.coreaudio:AUHAL]                 AUHAL.cpp:896   SelectDevice: (0x791f7c5c40) removing 0 device delegate listeners from device 941
2026-09-28 20:56:55.939 Df Music[1908:1770721] [com.apple.coreaudio:AUHAL]                 AUHAL.cpp:912   SelectDevice: <- (0x791f7c5c40)
2026-09-28 20:56:55.939 Df Music[1908:1770721] [com.apple.coreaudio:AUHAL]                 AUHAL.cpp:982   HALListener: <-(0x791f7c5c40)
2026-09-28 20:56:55.940 Df coreaudiod[2872:1770862] [com.apple.coreaudio:AMCP]                 HALB_Logging.cpp:72    LogVolumeChangeForClientSide from AudioObjectSetPropertyData: device id 128, property address ['volm', 'outp', 0], device UID AppleUSBAudioEngine:AudioQuest:AudioQuest DragonFly Black v1.5:AQDFBL0120002531:1, volume: 0.062500
2026-09-28 20:56:55.940 Df Music[1908:1770658] [com.apple.coreaudio:ddagg]        AggregateDevice.mm:882   HAL notification: default output device changed
2026-09-28 20:56:55.941 Df coreaudiod[2872:17706d4] [com.apple.coreaudio:AMCP]                 HALB_Logging.cpp:101   LogVolumeChangeForServerSideControl from HALS_PlugInControl::SetPropertyData: control id 1919, property address ['lcsv', 'glob', 0], owning device UID AppleUSBAudioEngine:AudioQuest:AudioQuest DragonFly Black v1.5:AQDFBL0120002531:1, control type external driver, control scope 'outp', control element 0, volume: 0.062500
2026-09-28 20:56:55.944 Df Music[1908:1770658] [com.apple.coreaudio:ddagg]        AggregateDevice.mm:914   fetched default output device, ID = 597
2026-09-28 20:56:55.944 Df coreaudiod[2872:17706e4] [com.apple.Accessibility:AXHearingHalPlugin] IsHidden: 1
2026-09-28 20:56:55.944 Df coreaudiod[2872:17706e4] [com.apple.Accessibility:AXHearingHalPlugin] IsHidden: 1
2026-09-28 20:56:55.947 Df Music[1908:1770721] [com.apple.coreaudio:aqme]            AQMEIO_HAL.cpp:2400  aqmeio@0x7932f75818: [RemoveSpatialPropertiesListener] Removing listener 0x7903ddc800
2026-09-28 20:56:55.947 Df coreaudiod[2872:17706c0] [com.apple.coreaudio:AMCP]                 HALB_Logging.cpp:72    LogVolumeChangeForClientSide from AudioObjectSetPropertyData: device id 128, property address ['mute', 'outp', 0], device UID AppleUSBAudioEngine:AudioQuest:AudioQuest DragonFly Black v1.5:AQDFBL0120002531:1, mute: 0.000000
2026-09-28 20:56:55.947 Df Music[1908:1770721] [com.apple.coreaudio:as_client] SessionCore_macOS_Legacy.mm:163   --> setPlayState Stopped  Output {LSOutput_UID, 0x18}
2026-09-28 20:56:55.947 Df Music[1908:1770721] [com.apple.coreaudio:as_client] SessionCore_macOS_Legacy.mm:194   <-- setPlayState IOState: [0, 0]. BT device UIDS: {(
2026-09-28 20:56:55.948 Df coreaudiod[2872:1770862] [com.apple.coreaudio:AMCP]                 HALB_Logging.cpp:101   LogVolumeChangeForServerSideControl from HALS_PlugInControl::SetPropertyData: control id 1918, property address ['bcvl', 'glob', 0], owning device UID AppleUSBAudioEngine:AudioQuest:AudioQuest DragonFly Black v1.5:AQDFBL0120002531:1, control type external driver, control scope 'outp', control element 0, mute: 0.000000
2026-09-28 20:56:55.950 Df coreaudiod[2872:17706e4] (CoreAudio) HALS_DefaultDeviceManager.cpp:410    Heap has 4 items
2026-09-28 20:56:55.950 Df coreaudiod[2872:17706e4] (CoreAudio) HALS_DefaultDeviceManager.cpp:488      126: 'BuiltInMicrophoneDevice'
2026-09-28 20:56:55.950 Df coreaudiod[2872:17706e4] (CoreAudio) HALS_DefaultDeviceManager.cpp:489           Arrival Time:       (0, 0)
2026-09-28 20:56:55.950 Df coreaudiod[2872:17706e4] (CoreAudio) HALS_DefaultDeviceManager.cpp:490           Transport:          'bltn'
2026-09-28 20:56:55.950 Df coreaudiod[2872:17706e4] (CoreAudio) HALS_DefaultDeviceManager.cpp:491           Input Data Source:  'imic'
2026-09-28 20:56:55.950 Df coreaudiod[2872:17706e4] (CoreAudio) HALS_DefaultDeviceManager.cpp:492           Output Data Source: ''
2026-09-28 20:56:55.950 Df coreaudiod[2872:17706e4] (CoreAudio) HALS_DefaultDeviceManager.cpp:493           Input Kind:          Mic
2026-09-28 20:56:55.950 Df coreaudiod[2872:17706e4] (CoreAudio) HALS_DefaultDeviceManager.cpp:494           Output Kind:         None
2026-09-28 20:56:55.950 Df coreaudiod[2872:17706e4] (CoreAudio) HALS_DefaultDeviceManager.cpp:495           Can Be Input:        yes
2026-09-28 20:56:55.950 Df coreaudiod[2872:17706e4] (CoreAudio) HALS_DefaultDeviceManager.cpp:496           Can Be Output:       no
2026-09-28 20:56:55.950 Df coreaudiod[2872:17706e4] (CoreAudio) HALS_DefaultDeviceManager.cpp:497           Can Be System:       no
2026-09-28 20:56:55.950 Df coreaudiod[2872:17706e4] (CoreAudio) HALS_DefaultDeviceManager.cpp:498           Allows Auto-Route:   yes
2026-09-28 20:56:55.950 Df coreaudiod[2872:17706e4] (CoreAudio) HALS_DefaultDeviceManager.cpp:488      551: 'com.rogueamoeba.Loopback:B84C2883-09E2-4BFA-979B-9935F80B4D6D'
2026-09-28 20:56:55.950 Df coreaudiod[2872:17706e4] (CoreAudio) HALS_DefaultDeviceManager.cpp:489           Arrival Time:       (497, 26001960000000)
2026-09-28 20:56:55.950 Df coreaudiod[2872:17706e4] (CoreAudio) HALS_DefaultDeviceManager.cpp:490           Transport:          'virt'
2026-09-28 20:56:55.950 Df coreaudiod[2872:17706e4] (CoreAudio) HALS_DefaultDeviceManager.cpp:491           Input Data Source:  ''
2026-09-28 20:56:55.950 Df coreaudiod[2872:17706e4] (CoreAudio) HALS_DefaultDeviceManager.cpp:492           Output Data Source: ''
2026-09-28 20:56:55.950 Df coreaudiod[2872:17706e4] (CoreAudio) HALS_DefaultDeviceManager.cpp:493           Input Kind:          Don't
2026-09-28 20:56:55.950 Df coreaudiod[2872:17706e4] (CoreAudio) HALS_DefaultDeviceManager.cpp:494           Output Kind:         Don't
2026-09-28 20:56:55.950 Df coreaudiod[2872:17706e4] (CoreAudio) HALS_DefaultDeviceManager.cpp:495           Can Be Input:        yes
2026-09-28 20:56:55.950 Df coreaudiod[2872:17706e4] (CoreAudio) HALS_DefaultDeviceManager.cpp:496           Can Be Output:       yes
2026-09-28 20:56:55.950 Df coreaudiod[2872:17706e4] (CoreAudio) HALS_DefaultDeviceManager.cpp:497           Can Be System:       yes
2026-09-28 20:56:55.950 Df coreaudiod[2872:17706e4] (CoreAudio) HALS_DefaultDeviceManager.cpp:498           Allows Auto-Route:   yes
2026-09-28 20:56:55.950 Df coreaudiod[2872:17706e4] (CoreAudio) HALS_DefaultDeviceManager.cpp:488      70: '597A1DFA-1BE3-47EF-8565-BAD100000003'
2026-09-28 20:56:55.950 Df coreaudiod[2872:17706e4] (CoreAudio) HALS_DefaultDeviceManager.cpp:489           Arrival Time:       (496, 26001120000000)
2026-09-28 20:56:55.950 Df coreaudiod[2872:17706e4] (CoreAudio) HALS_DefaultDeviceManager.cpp:490           Transport:          'ccwd'
2026-09-28 20:56:55.950 Df coreaudiod[2872:17706e4] (CoreAudio) HALS_DefaultDeviceManager.cpp:491           Input Data Source:  ''
2026-09-28 20:56:55.950 Df coreaudiod[2872:17706e4] (CoreAudio) HALS_DefaultDeviceManager.cpp:492           Output Data Source: ''
2026-09-28 20:56:55.950 Df coreaudiod[2872:17706e4] (CoreAudio) HALS_DefaultDeviceManager.cpp:493           Input Kind:          Don't
2026-09-28 20:56:55.950 Df coreaudiod[2872:17706e4] (CoreAudio) HALS_DefaultDeviceManager.cpp:494           Output Kind:         Don't
2026-09-28 20:56:55.950 Df coreaudiod[2872:17706e4] (CoreAudio) HALS_DefaultDeviceManager.cpp:495           Can Be Input:        yes
2026-09-28 20:56:55.950 Df coreaudiod[2872:17706e4] (CoreAudio) HALS_DefaultDeviceManager.cpp:496           Can Be Output:       no
2026-09-28 20:56:55.950 Df coreaudiod[2872:17706e4] (CoreAudio) HALS_DefaultDeviceManager.cpp:497           Can Be System:       no
2026-09-28 20:56:55.950 Df coreaudiod[2872:17706e4] (CoreAudio) HALS_DefaultDeviceManager.cpp:498           Allows Auto-Route:   no
2026-09-28 20:56:55.950 Df coreaudiod[2872:17706e4] (CoreAudio) HALS_DefaultDeviceManager.cpp:488      36: 'AOP Audio-1'
2026-09-28 20:56:55.950 Df coreaudiod[2872:17706e4] (CoreAudio) HALS_DefaultDeviceManager.cpp:489           Arrival Time:       (323, 0)
2026-09-28 20:56:55.950 Df coreaudiod[2872:17706e4] (CoreAudio) HALS_DefaultDeviceManager.cpp:490           Transport:          'virt'
2026-09-28 20:56:55.950 Df coreaudiod[2872:17706e4] (CoreAudio) HALS_DefaultDeviceManager.cpp:491           Input Data Source:  ''
2026-09-28 20:56:55.950 Df coreaudiod[2872:17706e4] (CoreAudio) HALS_DefaultDeviceManager.cpp:492           Output Data Source: ''
2026-09-28 20:56:55.950 Df coreaudiod[2872:17706e4] (CoreAudio) HALS_DefaultDeviceManager.cpp:493           Input Kind:          Don't
2026-09-28 20:56:55.950 Df coreaudiod[2872:17706e4] (CoreAudio) HALS_DefaultDeviceManager.cpp:494           Output Kind:         None
2026-09-28 20:56:55.950 Df coreaudiod[2872:17706e4] (CoreAudio) HALS_DefaultDeviceManager.cpp:495           Can Be Input:        yes
2026-09-28 20:56:55.950 Df coreaudiod[2872:17706e4] (CoreAudio) HALS_DefaultDeviceManager.cpp:496           Can Be Output:       no
2026-09-28 20:56:55.950 Df coreaudiod[2872:17706e4] (CoreAudio) HALS_DefaultDeviceManager.cpp:497           Can Be System:       no
2026-09-28 20:56:55.950 Df coreaudiod[2872:17706e4] (CoreAudio) HALS_DefaultDeviceManager.cpp:498           Allows Auto-Route:   yes
2026-09-28 20:56:55.950 Df coreaudiod[2872:17706e4] (CoreAudio) HALS_DefaultDeviceManager.cpp:1730   HALS_DefaultDeviceManager::PickDefaultDevice:          'dIn ' | picking 126: 'BuiltInMicrophoneDevice'/'imic'
2026-09-28 20:56:55.951 Df coreaudiod[2872:17706e4] (CoreAudio) HALS_DefaultDeviceManager.cpp:1692   HALS_DefaultDeviceManager::FindPreferredDefaultDevice: 'dOut' | found preferred[0] 155: 'AppleUSBAudioEngine:AudioQuest:AudioQuest DragonFly Black v1.5:AQDFBL0120002531:1'/''
2026-09-28 20:56:55.951 Df coreaudiod[2872:17706e4] (CoreAudio) HALS_DefaultDeviceManager.cpp:1692   HALS_DefaultDeviceManager::FindPreferredDefaultDevice: 'sOut' | found preferred[0] 117: 'BuiltInSpeakerDevice'/'ispk'
2026-09-28 20:56:55.953 Df coreaudiod[2872:17706e4] (CoreAudio) HALS_DefaultDeviceManager.cpp:1692   HALS_DefaultDeviceManager::FindPreferredDefaultDevice: 'shrd' | found preferred[0] 155: 'AppleUSBAudioEngine:AudioQuest:AudioQuest DragonFly Black v1.5:AQDFBL0120002531:1'/''
2026-09-28 20:56:55.953 Df Music[1908:1770658] [com.apple.coreaudio:ddagg]        AggregateDevice.mm:914   fetched default input device, ID = 554
2026-09-28 20:56:55.958 Df Music[1908:1770721] [com.apple.coreaudio:aqme]            AQMEIO_HAL.cpp:2355  [AddSpatialPropertiesListener] objectID=597
2026-09-28 20:56:55.961 Df Music[1908:1770721] [com.apple.coreaudio:aqme]            AQMEIO_HAL.cpp:2377  aqmeio@0x7932f75818: [AddSpatialPropertiesListener] Installed listener 0x790459ee80
2026-09-28 20:56:55.963 Df Music[1908:1770721] [com.apple.coreaudio:AudioConverter]        AudioConverter.cpp:1068  Created a new in process converter -> 0x7931711170, from  2 ch,  44100 Hz, Float32, deinterleaved to  2 ch,  44100 Hz, Float32, interleaved
2026-09-28 20:56:55.963 Df Music[1908:1770721] [com.apple.coreaudio:AudioFormat]     AudioFormatCommon.cpp:307   ->AudioFormat_ComputeLoudnessScalar 0 0
2026-09-28 20:56:55.963 Df Music[1908:1770721] [com.apple.coreaudio:AudioFormat]     AudioFormatCommon.cpp:308   Loudness Info Dictionary {
2026-09-28 20:56:55.963 Df Music[1908:1770721] [com.apple.coreaudio:AudioFormat]     AudioFormatCommon.cpp:328   inSoundCheckEnabled 0
2026-09-28 20:56:55.963 Df Music[1908:1770721] [com.apple.coreaudio:AudioFormat]     AudioFormatCommon.cpp:329   isMusic 1
2026-09-28 20:56:55.963 Df Music[1908:1770721] [com.apple.coreaudio:AudioFormat]     AudioFormatCommon.cpp:330   isToSpeaker 0
2026-09-28 20:56:55.963 Df Music[1908:1770721] [com.apple.coreaudio:AudioFormat]     AudioFormatCommon.cpp:334   Not Music media kind or sound check not enabled, no gain adjustment.
2026-09-28 20:56:55.963 Df Music[1908:1770721] [com.apple.coreaudio:aqme]        MEMixerChannel.cpp:4942  ionc@0x7931fb3200 offline false, Sound Check off, flags 0x0, err 0, scalar 1.000
2026-09-28 20:56:55.963 Df Music[1908:1770721] [com.apple.coreaudio:AQ]      AudioQueueObject.cpp:10241 SetLoudnessFromLM: -> aq@0x7931fb3200:
2026-09-28 20:56:55.963 Df Music[1908:1770721] [com.apple.coreaudio:AQ]      AudioQueueObject.cpp:10359 SetLoudnessFromLM: is CoreAudioServices/LoudnessManager enabled? yes
2026-09-28 20:56:55.964 Df Music[1908:1770721] [com.apple.coreaudio:AQ]      AudioQueueObject.cpp:10362 SetLoudnessFromLM: is CoreAudioServices/LoudnessManagerV2 enabled? yes
2026-09-28 20:56:55.964 Df Music[1908:1770721] [com.apple.coreaudio:AQ]      AudioQueueObject.cpp:10365 SetLoudnessFromLM: is CoreAudioServices/lm-disable-hardware-check on? no
2026-09-28 20:56:55.964 Df Music[1908:1770721] [com.apple.coreaudio:AQ]      AudioQueueObject.cpp:10368 SetLoudnessFromLM: is hardware supported? no
2026-09-28 20:56:55.964 Df Music[1908:1770721] [com.apple.coreaudio:AQ]      AudioQueueObject.cpp:10378 SetLoudnessFromLM: hardware not supported, Loudness Manager disabled
2026-09-28 20:56:55.964 Df Music[1908:1770721] [com.apple.coreaudio:aqme]            AQMEIO_HAL.cpp:562   AppleUSBAudioEngine:AudioQuest:AudioQuest DragonFly Black v1.5:AQDFBL0120002531:1 (597): IO started 0 (err 0), was running 0, running count 0
2026-09-28 20:56:55.965 Df coreaudiod[2872:17706d4] [com.apple.coreaudio:AMCP]                  HALS_Device.cpp:5561  [ahal_dsp] Per client DSP has been initialized (Device ID: 1924).
2026-09-28 20:56:55.968 Df coreaudiod[2872:17706d4] (CoreAudio)           HALS_Device.cpp:210    HALS_Device::Activate: activating device 1924: CADefaultDeviceAggregate-1908-38 Transport Type: <private> Clock Domain: 0
2026-09-28 20:56:55.968 Df coreaudiod[2872:17706d4] [com.apple.Accessibility:AXHearingHalPlugin] IsHidden: 1
2026-09-28 20:56:55.970 Df coreaudiod[2872:17706d4] [com.apple.Accessibility:AXHearingHalPlugin] IsHidden: 1
2026-09-28 20:56:55.970 Df coreaudiod[2872:17706d4] [com.apple.Accessibility:AXHearingHalPlugin] IsHidden: 1
2026-09-28 20:56:55.970 Df coreaudiod[2872:17706d4] [com.apple.Accessibility:AXHearingHalPlugin] IsHidden: 1
2026-09-28 20:56:55.970 Df coreaudiod[2872:17706d4] [com.apple.Accessibility:AXHearingHalPlugin] IsHidden: 1
2026-09-28 20:56:55.970 Df coreaudiod[2872:17706d4] [com.apple.Accessibility:AXHearingHalPlugin] IsHidden: 1
2026-09-28 20:56:55.970 Df coreaudiod[2872:17706d4] [com.apple.Accessibility:AXHearingHalPlugin] IsHidden: 1
2026-09-28 20:56:55.978 Df Music[1908:1770886] [com.apple.coreaudio:aqme]            AQMEIO_HAL.cpp:1621  User-selected BT device category is 0
2026-09-28 20:56:55.979 Df coreaudiod[2872:17706d4] [com.apple.Accessibility:AXHearingHalPlugin] IsHidden: 1
2026-09-28 20:56:55.979 Df coreaudiod[2872:17706d4] [com.apple.Accessibility:AXHearingHalPlugin] IsHidden: 1
2026-09-28 20:56:55.987 Df coreaudiod[2872:17706d4] (CoreAudio) HALS_DefaultDeviceManager.cpp:410    Heap has 4 items
2026-09-28 20:56:55.987 Df coreaudiod[2872:17706d4] (CoreAudio) HALS_DefaultDeviceManager.cpp:488      126: 'BuiltInMicrophoneDevice'
2026-09-28 20:56:55.987 Df coreaudiod[2872:17706d4] (CoreAudio) HALS_DefaultDeviceManager.cpp:489           Arrival Time:       (0, 0)
2026-09-28 20:56:55.987 Df coreaudiod[2872:17706d4] (CoreAudio) HALS_DefaultDeviceManager.cpp:490           Transport:          'bltn'
2026-09-28 20:56:55.987 Df coreaudiod[2872:17706d4] (CoreAudio) HALS_DefaultDeviceManager.cpp:491           Input Data Source:  'imic'
2026-09-28 20:56:55.987 Df coreaudiod[2872:17706d4] (CoreAudio) HALS_DefaultDeviceManager.cpp:492           Output Data Source: ''
2026-09-28 20:56:55.987 Df coreaudiod[2872:17706d4] (CoreAudio) HALS_DefaultDeviceManager.cpp:493           Input Kind:          Mic
2026-09-28 20:56:55.987 Df coreaudiod[2872:17706d4] (CoreAudio) HALS_DefaultDeviceManager.cpp:494           Output Kind:         None
2026-09-28 20:56:55.987 Df coreaudiod[2872:17706d4] (CoreAudio) HALS_DefaultDeviceManager.cpp:495           Can Be Input:        yes
2026-09-28 20:56:55.987 Df coreaudiod[2872:17706d4] (CoreAudio) HALS_DefaultDeviceManager.cpp:496           Can Be Output:       no
2026-09-28 20:56:55.987 Df coreaudiod[2872:17706d4] (CoreAudio) HALS_DefaultDeviceManager.cpp:497           Can Be System:       no
2026-09-28 20:56:55.987 Df coreaudiod[2872:17706d4] (CoreAudio) HALS_DefaultDeviceManager.cpp:498           Allows Auto-Route:   yes
2026-09-28 20:56:55.987 Df coreaudiod[2872:17706d4] (CoreAudio) HALS_DefaultDeviceManager.cpp:488      551: 'com.rogueamoeba.Loopback:B84C2883-09E2-4BFA-979B-9935F80B4D6D'
2026-09-28 20:56:55.987 Df coreaudiod[2872:17706d4] (CoreAudio) HALS_DefaultDeviceManager.cpp:489           Arrival Time:       (497, 26001960000000)
2026-09-28 20:56:55.987 Df coreaudiod[2872:17706d4] (CoreAudio) HALS_DefaultDeviceManager.cpp:490           Transport:          'virt'
2026-09-28 20:56:55.987 Df coreaudiod[2872:17706d4] (CoreAudio) HALS_DefaultDeviceManager.cpp:491           Input Data Source:  ''
2026-09-28 20:56:55.987 Df coreaudiod[2872:17706d4] (CoreAudio) HALS_DefaultDeviceManager.cpp:492           Output Data Source: ''
2026-09-28 20:56:55.987 Df coreaudiod[2872:17706d4] (CoreAudio) HALS_DefaultDeviceManager.cpp:493           Input Kind:          Don't
2026-09-28 20:56:55.987 Df coreaudiod[2872:17706d4] (CoreAudio) HALS_DefaultDeviceManager.cpp:494           Output Kind:         Don't
2026-09-28 20:56:55.987 Df coreaudiod[2872:17706d4] (CoreAudio) HALS_DefaultDeviceManager.cpp:495           Can Be Input:        yes
2026-09-28 20:56:55.987 Df coreaudiod[2872:17706d4] (CoreAudio) HALS_DefaultDeviceManager.cpp:496           Can Be Output:       yes
2026-09-28 20:56:55.987 Df coreaudiod[2872:17706d4] (CoreAudio) HALS_DefaultDeviceManager.cpp:497           Can Be System:       yes
2026-09-28 20:56:55.987 Df coreaudiod[2872:17706d4] (CoreAudio) HALS_DefaultDeviceManager.cpp:498           Allows Auto-Route:   yes
2026-09-28 20:56:55.987 Df coreaudiod[2872:17706d4] (CoreAudio) HALS_DefaultDeviceManager.cpp:488      70: '597A1DFA-1BE3-47EF-8565-BAD100000003'
2026-09-28 20:56:55.987 Df coreaudiod[2872:17706d4] (CoreAudio) HALS_DefaultDeviceManager.cpp:489           Arrival Time:       (496, 26001120000000)
2026-09-28 20:56:55.987 Df coreaudiod[2872:17706d4] (CoreAudio) HALS_DefaultDeviceManager.cpp:490           Transport:          'ccwd'
2026-09-28 20:56:55.987 Df coreaudiod[2872:17706d4] (CoreAudio) HALS_DefaultDeviceManager.cpp:491           Input Data Source:  ''
2026-09-28 20:56:55.987 Df coreaudiod[2872:17706d4] (CoreAudio) HALS_DefaultDeviceManager.cpp:492           Output Data Source: ''
2026-09-28 20:56:55.987 Df coreaudiod[2872:17706d4] (CoreAudio) HALS_DefaultDeviceManager.cpp:493           Input Kind:          Don't
2026-09-28 20:56:55.987 Df coreaudiod[2872:17706d4] (CoreAudio) HALS_DefaultDeviceManager.cpp:494           Output Kind:         Don't
2026-09-28 20:56:55.987 Df coreaudiod[2872:17706d4] (CoreAudio) HALS_DefaultDeviceManager.cpp:495           Can Be Input:        yes
2026-09-28 20:56:55.987 Df coreaudiod[2872:17706d4] (CoreAudio) HALS_DefaultDeviceManager.cpp:496           Can Be Output:       no
2026-09-28 20:56:55.987 Df coreaudiod[2872:17706d4] (CoreAudio) HALS_DefaultDeviceManager.cpp:497           Can Be System:       no
2026-09-28 20:56:55.987 Df coreaudiod[2872:17706d4] (CoreAudio) HALS_DefaultDeviceManager.cpp:498           Allows Auto-Route:   no
2026-09-28 20:56:55.987 Df coreaudiod[2872:17706d4] (CoreAudio) HALS_DefaultDeviceManager.cpp:488      36: 'AOP Audio-1'
2026-09-28 20:56:55.987 Df coreaudiod[2872:17706d4] (CoreAudio) HALS_DefaultDeviceManager.cpp:489           Arrival Time:       (323, 0)
2026-09-28 20:56:55.987 Df coreaudiod[2872:17706d4] (CoreAudio) HALS_DefaultDeviceManager.cpp:490           Transport:          'virt'
2026-09-28 20:56:55.987 Df coreaudiod[2872:17706d4] (CoreAudio) HALS_DefaultDeviceManager.cpp:491           Input Data Source:  ''
2026-09-28 20:56:55.987 Df coreaudiod[2872:17706d4] (CoreAudio) HALS_DefaultDeviceManager.cpp:492           Output Data Source: ''
2026-09-28 20:56:55.987 Df coreaudiod[2872:17706d4] (CoreAudio) HALS_DefaultDeviceManager.cpp:493           Input Kind:          Don't
2026-09-28 20:56:55.987 Df coreaudiod[2872:17706d4] (CoreAudio) HALS_DefaultDeviceManager.cpp:494           Output Kind:         None
2026-09-28 20:56:55.987 Df coreaudiod[2872:17706d4] (CoreAudio) HALS_DefaultDeviceManager.cpp:495           Can Be Input:        yes
2026-09-28 20:56:55.987 Df coreaudiod[2872:17706d4] (CoreAudio) HALS_DefaultDeviceManager.cpp:496           Can Be Output:       no
2026-09-28 20:56:55.987 Df coreaudiod[2872:17706d4] (CoreAudio) HALS_DefaultDeviceManager.cpp:497           Can Be System:       no
2026-09-28 20:56:55.987 Df coreaudiod[2872:17706d4] (CoreAudio) HALS_DefaultDeviceManager.cpp:498           Allows Auto-Route:   yes
2026-09-28 20:56:55.987 Df coreaudiod[2872:17706d4] (CoreAudio) HALS_DefaultDeviceManager.cpp:1730   HALS_DefaultDeviceManager::PickDefaultDevice:          'dIn ' | picking 126: 'BuiltInMicrophoneDevice'/'imic'
2026-09-28 20:56:55.988 Df coreaudiod[2872:17706d4] (CoreAudio) HALS_DefaultDeviceManager.cpp:1692   HALS_DefaultDeviceManager::FindPreferredDefaultDevice: 'dOut' | found preferred[0] 155: 'AppleUSBAudioEngine:AudioQuest:AudioQuest DragonFly Black v1.5:AQDFBL0120002531:1'/''
2026-09-28 20:56:55.988 Df coreaudiod[2872:17706d4] (CoreAudio) HALS_DefaultDeviceManager.cpp:1692   HALS_DefaultDeviceManager::FindPreferredDefaultDevice: 'sOut' | found preferred[0] 117: 'BuiltInSpeakerDevice'/'ispk'
2026-09-28 20:56:55.988 Df coreaudiod[2872:17706d4] (CoreAudio) HALS_DefaultDeviceManager.cpp:1692   HALS_DefaultDeviceManager::FindPreferredDefaultDevice: 'shrd' | found preferred[0] 155: 'AppleUSBAudioEngine:AudioQuest:AudioQuest DragonFly Black v1.5:AQDFBL0120002531:1'/''
2026-09-28 20:56:55.990 Df Music[1908:1770886] [com.apple.coreaudio:SpatialMgr] SpatializationManager.cpp:184   Spatial info for binding = Default-Output: {
2026-09-28 20:56:55.994 Df Music[1908:1770886] [com.apple.coreaudio:aqme]            AQMEIO_HAL.cpp:1621  User-selected BT device category is 0
2026-09-28 20:56:55.995 Df Music[1908:1770886] [com.apple.coreaudio:SpatialMgr] SpatializationManager.cpp:184   Spatial info for binding = Default-Output: {
2026-09-28 20:56:55.997 Df Music[1908:1770886] [com.apple.coreaudio:aqme]            AQMEIO_HAL.cpp:1621  User-selected BT device category is 0
2026-09-28 20:56:55.997 Df Music[1908:1770886] [com.apple.coreaudio:SpatialMgr] SpatializationManager.cpp:184   Spatial info for binding = Default-Output: {
2026-09-28 20:56:55.999 Df Music[1908:1770886] [com.apple.coreaudio:aqme]            AQMEIO_HAL.cpp:1621  User-selected BT device category is 0
2026-09-28 20:56:56.000 Df Music[1908:1770886] [com.apple.coreaudio:SpatialMgr] SpatializationManager.cpp:184   Spatial info for binding = Default-Output: {
2026-09-28 20:56:56.002 Df Music[1908:1770886] [com.apple.coreaudio:aqme]            AQMEIO_HAL.cpp:1621  User-selected BT device category is 0
2026-09-28 20:56:56.003 Df Music[1908:1770886] [com.apple.coreaudio:SpatialMgr] SpatializationManager.cpp:184   Spatial info for binding = Default-Output: {
2026-09-28 20:56:56.003 Df Music[1908:1770886] [com.apple.coreaudio:aqme]            AQMEIO_HAL.cpp:1621  User-selected BT device category is 0
2026-09-28 20:56:56.003 Df Music[1908:1770886] [com.apple.coreaudio:SpatialMgr] SpatializationManager.cpp:184   Spatial info for binding = Default-Output: {
2026-09-28 20:56:56.004 Df Music[1908:1770886] [com.apple.coreaudio:aqme]            AQMEIO_HAL.cpp:1621  User-selected BT device category is 0
2026-09-28 20:56:56.004 Df Music[1908:1770886] [com.apple.coreaudio:SpatialMgr] SpatializationManager.cpp:184   Spatial info for binding = Default-Output: {
2026-09-28 20:56:56.004 Df Music[1908:1770658] [com.apple.coreaudio:ddagg]        AggregateDevice.mm:688   Built valid aggregate 1039
2026-09-28 20:56:56.006 Df coreaudiod[2872:17706c2] (CoreAudio)           HALS_Device.cpp:293    HALS_Device::_Deactivate: deactivating device 1911: CADefaultDeviceAggregate-1908-37
2026-09-28 20:56:56.008 Df Music[1908:1770886] [com.apple.coreaudio:aqme]            AQMEIO_HAL.cpp:1621  User-selected BT device category is 0
2026-09-28 20:56:56.011 Df Music[1908:1770658] [com.apple.coreaudio:as_client] SessionCore_macOS_Legacy.mm:1215  Posting AVAudioSessionRouteChangeNotification (sessionID: 0x3d6001), reason: 0
2026-09-28 20:56:56.014 Df Music[1908:1770886] [com.apple.coreaudio:SpatialMgr] SpatializationManager.cpp:184   Spatial info for binding = Default-Output: {
2026-09-28 20:56:56.016 Df coreaudiod[2872:17706c0] [com.apple.Accessibility:AXHearingHalPlugin] IsHidden: 1
2026-09-28 20:56:56.017 Df coreaudiod[2872:17706c0] [com.apple.Accessibility:AXHearingHalPlugin] IsHidden: 1
2026-09-28 20:56:56.020 Df coreaudiod[2872:17706c0] (CoreAudio) HALS_DefaultDeviceManager.cpp:410    Heap has 4 items
2026-09-28 20:56:56.020 Df coreaudiod[2872:17706c0] (CoreAudio) HALS_DefaultDeviceManager.cpp:488      126: 'BuiltInMicrophoneDevice'
2026-09-28 20:56:56.020 Df coreaudiod[2872:17706c0] (CoreAudio) HALS_DefaultDeviceManager.cpp:489           Arrival Time:       (0, 0)
2026-09-28 20:56:56.020 Df coreaudiod[2872:17706c0] (CoreAudio) HALS_DefaultDeviceManager.cpp:490           Transport:          'bltn'
2026-09-28 20:56:56.020 Df coreaudiod[2872:17706c0] (CoreAudio) HALS_DefaultDeviceManager.cpp:491           Input Data Source:  'imic'
2026-09-28 20:56:56.020 Df coreaudiod[2872:17706c0] (CoreAudio) HALS_DefaultDeviceManager.cpp:492           Output Data Source: ''
2026-09-28 20:56:56.020 Df coreaudiod[2872:17706c0] (CoreAudio) HALS_DefaultDeviceManager.cpp:493           Input Kind:          Mic
2026-09-28 20:56:56.020 Df coreaudiod[2872:17706c0] (CoreAudio) HALS_DefaultDeviceManager.cpp:494           Output Kind:         None
2026-09-28 20:56:56.020 Df coreaudiod[2872:17706c0] (CoreAudio) HALS_DefaultDeviceManager.cpp:495           Can Be Input:        yes
2026-09-28 20:56:56.020 Df coreaudiod[2872:17706c0] (CoreAudio) HALS_DefaultDeviceManager.cpp:496           Can Be Output:       no
2026-09-28 20:56:56.020 Df coreaudiod[2872:17706c0] (CoreAudio) HALS_DefaultDeviceManager.cpp:497           Can Be System:       no
2026-09-28 20:56:56.020 Df coreaudiod[2872:17706c0] (CoreAudio) HALS_DefaultDeviceManager.cpp:498           Allows Auto-Route:   yes
2026-09-28 20:56:56.020 Df coreaudiod[2872:17706c0] (CoreAudio) HALS_DefaultDeviceManager.cpp:488      551: 'com.rogueamoeba.Loopback:B84C2883-09E2-4BFA-979B-9935F80B4D6D'
2026-09-28 20:56:56.020 Df coreaudiod[2872:17706c0] (CoreAudio) HALS_DefaultDeviceManager.cpp:489           Arrival Time:       (497, 26001960000000)
2026-09-28 20:56:56.020 Df coreaudiod[2872:17706c0] (CoreAudio) HALS_DefaultDeviceManager.cpp:490           Transport:          'virt'
2026-09-28 20:56:56.020 Df coreaudiod[2872:17706c0] (CoreAudio) HALS_DefaultDeviceManager.cpp:491           Input Data Source:  ''
2026-09-28 20:56:56.020 Df coreaudiod[2872:17706c0] (CoreAudio) HALS_DefaultDeviceManager.cpp:492           Output Data Source: ''
2026-09-28 20:56:56.020 Df coreaudiod[2872:17706c0] (CoreAudio) HALS_DefaultDeviceManager.cpp:493           Input Kind:          Don't
2026-09-28 20:56:56.020 Df coreaudiod[2872:17706c0] (CoreAudio) HALS_DefaultDeviceManager.cpp:494           Output Kind:         Don't
2026-09-28 20:56:56.020 Df coreaudiod[2872:17706c0] (CoreAudio) HALS_DefaultDeviceManager.cpp:495           Can Be Input:        yes
2026-09-28 20:56:56.020 Df coreaudiod[2872:17706c0] (CoreAudio) HALS_DefaultDeviceManager.cpp:496           Can Be Output:       yes
2026-09-28 20:56:56.020 Df coreaudiod[2872:17706c0] (CoreAudio) HALS_DefaultDeviceManager.cpp:497           Can Be System:       yes
2026-09-28 20:56:56.020 Df coreaudiod[2872:17706c0] (CoreAudio) HALS_DefaultDeviceManager.cpp:498           Allows Auto-Route:   yes
2026-09-28 20:56:56.020 Df coreaudiod[2872:17706c0] (CoreAudio) HALS_DefaultDeviceManager.cpp:488      70: '597A1DFA-1BE3-47EF-8565-BAD100000003'
2026-09-28 20:56:56.020 Df coreaudiod[2872:17706c0] (CoreAudio) HALS_DefaultDeviceManager.cpp:489           Arrival Time:       (496, 26001120000000)
2026-09-28 20:56:56.020 Df coreaudiod[2872:17706c0] (CoreAudio) HALS_DefaultDeviceManager.cpp:490           Transport:          'ccwd'
2026-09-28 20:56:56.020 Df coreaudiod[2872:17706c0] (CoreAudio) HALS_DefaultDeviceManager.cpp:491           Input Data Source:  ''
2026-09-28 20:56:56.020 Df coreaudiod[2872:17706c0] (CoreAudio) HALS_DefaultDeviceManager.cpp:492           Output Data Source: ''
2026-09-28 20:56:56.020 Df coreaudiod[2872:17706c0] (CoreAudio) HALS_DefaultDeviceManager.cpp:493           Input Kind:          Don't
2026-09-28 20:56:56.020 Df coreaudiod[2872:17706c0] (CoreAudio) HALS_DefaultDeviceManager.cpp:494           Output Kind:         Don't
2026-09-28 20:56:56.020 Df coreaudiod[2872:17706c0] (CoreAudio) HALS_DefaultDeviceManager.cpp:495           Can Be Input:        yes
2026-09-28 20:56:56.020 Df coreaudiod[2872:17706c0] (CoreAudio) HALS_DefaultDeviceManager.cpp:496           Can Be Output:       no
2026-09-28 20:56:56.020 Df coreaudiod[2872:17706c0] (CoreAudio) HALS_DefaultDeviceManager.cpp:497           Can Be System:       no
2026-09-28 20:56:56.020 Df coreaudiod[2872:17706c0] (CoreAudio) HALS_DefaultDeviceManager.cpp:498           Allows Auto-Route:   no
2026-09-28 20:56:56.020 Df coreaudiod[2872:17706c0] (CoreAudio) HALS_DefaultDeviceManager.cpp:488      36: 'AOP Audio-1'
2026-09-28 20:56:56.020 Df coreaudiod[2872:17706c0] (CoreAudio) HALS_DefaultDeviceManager.cpp:489           Arrival Time:       (323, 0)
2026-09-28 20:56:56.020 Df coreaudiod[2872:17706c0] (CoreAudio) HALS_DefaultDeviceManager.cpp:490           Transport:          'virt'
2026-09-28 20:56:56.020 Df coreaudiod[2872:17706c0] (CoreAudio) HALS_DefaultDeviceManager.cpp:491           Input Data Source:  ''
2026-09-28 20:56:56.020 Df coreaudiod[2872:17706c0] (CoreAudio) HALS_DefaultDeviceManager.cpp:492           Output Data Source: ''
2026-09-28 20:56:56.020 Df coreaudiod[2872:17706c0] (CoreAudio) HALS_DefaultDeviceManager.cpp:493           Input Kind:          Don't
2026-09-28 20:56:56.020 Df coreaudiod[2872:17706c0] (CoreAudio) HALS_DefaultDeviceManager.cpp:494           Output Kind:         None
2026-09-28 20:56:56.020 Df coreaudiod[2872:17706c0] (CoreAudio) HALS_DefaultDeviceManager.cpp:495           Can Be Input:        yes
2026-09-28 20:56:56.020 Df coreaudiod[2872:17706c0] (CoreAudio) HALS_DefaultDeviceManager.cpp:496           Can Be Output:       no
2026-09-28 20:56:56.020 Df coreaudiod[2872:17706c0] (CoreAudio) HALS_DefaultDeviceManager.cpp:497           Can Be System:       no
2026-09-28 20:56:56.020 Df coreaudiod[2872:17706c0] (CoreAudio) HALS_DefaultDeviceManager.cpp:498           Allows Auto-Route:   yes
2026-09-28 20:56:56.020 Df coreaudiod[2872:17706c0] (CoreAudio) HALS_DefaultDeviceManager.cpp:1730   HALS_DefaultDeviceManager::PickDefaultDevice:          'dIn ' | picking 126: 'BuiltInMicrophoneDevice'/'imic'
2026-09-28 20:56:56.021 Df coreaudiod[2872:17706c0] (CoreAudio) HALS_DefaultDeviceManager.cpp:1692   HALS_DefaultDeviceManager::FindPreferredDefaultDevice: 'dOut' | found preferred[0] 155: 'AppleUSBAudioEngine:AudioQuest:AudioQuest DragonFly Black v1.5:AQDFBL0120002531:1'/''
2026-09-28 20:56:56.021 Df coreaudiod[2872:17706c0] (CoreAudio) HALS_DefaultDeviceManager.cpp:1692   HALS_DefaultDeviceManager::FindPreferredDefaultDevice: 'sOut' | found preferred[0] 117: 'BuiltInSpeakerDevice'/'ispk'
2026-09-28 20:56:56.022 Df coreaudiod[2872:17706c0] (CoreAudio) HALS_DefaultDeviceManager.cpp:1692   HALS_DefaultDeviceManager::FindPreferredDefaultDevice: 'shrd' | found preferred[0] 155: 'AppleUSBAudioEngine:AudioQuest:AudioQuest DragonFly Black v1.5:AQDFBL0120002531:1'/''
