10436 512 0 24558898368548
10948 512 0 24558898624548
11460 512 0 24558898880548
11972 512 0 24558899136548
12484 512 0 24558899392548
12996 512 0 24558899648548
13508 512 0 24558899904548
14020 512 0 24558900160548
14532 512 0 24558900416548
15044 512 0 24558900672548
15556 512 0 24558900928548
16068 512 0 24558901184548
16580 512 0 24558901440548
17092 512 0 24558901696548
17604 512 0 24558901952548
18116 512 0 24558902208548
18628 512 0 24558902464548
19140 512 0 24558902720548
19652 512 0 24558902976548
20164 512 0 24558903232548
20676 512 0 24558903488548
21188 512 0 24558903744548
21700 512 0 24558904000548
22212 512 0 24558904256548
22724 512 0 24558904512548
23236 512 0 24558904768548
23748 512 0 24558905024548
24260 512 0 24558905280548
24772 512 0 24558905536548
25284 512 0 24558905792575
25796 512 0 24558906048576
26308 512 0 24558906304577
26820 512 0 24558906560577
27332 512 0 24558906816578
27844 512 0 24558907072579
28356 512 0 24558907328579
28868 512 0 24558907584580
29380 512 0 24558907840581
29892 512 0 24558908096582
30404 512 0 24558908352582
30916 512 0 24558908608583
31428 512 0 24558908864584
31940 512 0 24558909120584
32452 512 0 24558909376585
32964 512 0 24558909632586
33476 512 0 24558909888595
33988 512 0 24558910144596
34500 512 0 24558910400597
35012 512 0 24558910656598
35524 512 0 24558910912599
36036 512 0 24558911168600
36548 512 0 24558911424601
37060 512 0 24558911680602
37572 512 0 24558911936602
38084 512 0 24558912192603
38596 512 0 24558912448604
39108 512 0 24558912704605
39620 512 0 24558912960606
40132 512 0 24558913216607
40644 512 0 24558913472608
41156 512 0 24558913728609
41668 512 0 24558913984613
42180 512 0 24558914240614
42692 512 0 24558914496615
43204 512 0 24558914752616
43716 512 0 24558915008617
44228 512 0 24558915264618
44740 512 0 24558915520619
45252 512 0 24558915776620
45764 512 0 24558916032621
46276 512 0 24558916288622
46788 512 0 24558916544623
47300 512 0 24558916800624
47812 512 0 24558917056625
48324 512 0 24558917312626
48836 512 0 24558917568627
49348 512 0 24558917824628
49860 512 0 24558918080631
50372 512 0 24558918336632
50884 512 0 24558918592633
51396 512 0 24558918848634
51908 512 0 24558919104635
52420 512 0 24558919360636
52932 512 0 24558919616637
53444 512 0 24558919872638
53956 512 0 24558920128639
54468 512 0 24558920384640
54980 512 0 24558920640641
55492 512 0 24558920896642
56004 512 0 24558921152643
56516 512 0 24558921408644
57028 512 0 24558921664645
57540 512 0 24558921920646
58052 512 0 24558922176647
58564 512 0 24558922432648
59076 512 0 24558922688649
59588 512 0 24558922944650
60100 512 0 24558923200651
60612 512 0 24558923456652
61124 512 0 24558923712653
61636 512 0 24558923968654
62148 512 0 24558924224655
62660 512 0 24558924480656
63172 512 0 24558924736657
63684 512 0 24558924992658
64196 512 0 24558925248659
64708 512 0 24558925504660
65220 512 0 24558925760661
65732 512 0 24558926016662
66244 512 0 24558926272664
66756 512 0 24558926528665
67268 512 0 24558926784666
67780 512 0 24558927040667
68292 512 0 24558927296668
68804 512 0 24558927552669
69316 512 0 24558927808670
69828 512 0 24558928064671
70340 512 0 24558928320672
70852 512 0 24558928576673
71364 512 0 24558928832674
71876 512 0 24558929088675
72388 512 0 24558929344677
72900 512 0 24558929600678
73412 512 0 24558929856679
73924 512 0 24558930112680
74436 512 0 24558930368681
74948 512 0 24558930624682
75460 512 0 24558930880683
75972 512 0 24558931136684
76484 512 0 24558931392685
76996 512 0 24558931648686
77508 512 0 24558931904687
78020 512 0 24558932160688
78532 512 0 24558932416690
79044 512 0 24558932672691
79556 512 0 24558932928692
80068 512 0 24558933184693
80580 512 0 24558933440694
81092 512 0 24558933696695
81604 512 0 24558933952696
82116 512 0 24558934208697
82628 512 0 24558934464697
83140 512 0 24558934720698
83652 512 0 24558934976699
84164 512 0 24558935232700
84676 512 0 24558935488701
85188 512 0 24558935744702
85700 512 0 24558936000703
86212 512 0 24558936256704
86724 512 0 24558936512705
87236 512 0 24558936768706
87748 512 0 24558937024707
88260 512 0 24558937280708
88772 512 0 24558937536709
89284 512 0 24558937792710
89796 512 0 24558938048711
90308 512 0 24558938304712
90820 512 0 24558938560714
91332 512 0 24558938816715
91844 512 0 24558939072716
92356 512 0 24558939328717
92868 512 0 24558939584718
93380 512 0 24558939840719
93892 512 0 24558940096720
94404 512 0 24558940352721
94916 512 0 24558940608722
95428 512 0 24558940864723
95940 512 0 24558941120724
96452 512 0 24558941376726
96964 512 0 24558941632727
97476 512 0 24558941888728
97988 512 0 24558942144729
98500 512 0 24558942400730
99012 512 0 24558942656731
99524 512 0 24558942912732
100036 512 0 24558943168733
100548 512 0 24558943424734
101060 512 0 24558943680735
101572 512 0 24558943936736
102084 512 0 24558944192737
102596 512 0 24558944448739
103108 512 0 24558944704740
103620 512 0 24558944960741
104132 512 0 24558945216742
104644 512 0 24558945472743
105156 512 0 24558945728744
105668 512 0 24558945984745
106180 512 0 24558946240746
106692 512 0 24558946496747
107204 512 0 24558946752748
107716 512 0 24558947008749
108228 512 0 24558947264750
108740 512 0 24558947520751
109252 512 0 24558947776752
109764 512 0 24558948032754
110276 512 0 24558948288755
110788 512 0 24558948544756
111300 512 0 24558948800757
111812 512 0 24558949056758
112324 512 0 24558949312759
112836 512 0 24558949568760
113348 512 0 24558949824761
113860 512 0 24558950080762
114372 512 0 24558950336763
114884 512 0 24558950592764
115396 512 0 24558950848765
115908 512 0 24558951104766
116420 512 0 24558951360767
116932 512 0 24558951616768
117444 512 0 24558951872770
117956 512 0 24558952128771
118468 512 0 24558952384772
118980 512 0 24558952640773
119492 512 0 24558952896774
120004 512 0 24558953152775
120516 512 0 24558953408776
121028 512 0 24558953664777
121540 512 0 24558953920778
122052 512 0 24558954176779
122564 512 0 24558954432780
123076 512 0 24558954688781
123588 512 0 24558954944782
124100 512 0 24558955200783
124612 512 0 24558955456784
125124 512 0 24558955712786
125636 512 0 24558955968787
126148 512 0 24558956224788
126660 512 0 24558956480789
127172 512 0 24558956736790
127684 512 0 24558956992791
128196 512 0 24558957248792
128708 512 0 24558957504793
129220 512 0 24558957760794
129732 512 0 24558958016795
130244 512 0 24558958272796
130756 512 0 24558958528797
131268 512 0 24558958784798
131780 512 0 24558959040799
132292 512 0 24558959296800
132804 512 0 24558959552801
133316 512 0 24558959808803
133828 512 0 24558960064804
134340 512 0 24558960320805
134852 512 0 24558960576806
135364 512 0 24558960832807
135876 512 0 24558961088808
136388 512 0 24558961344809
136900 512 0 24558961600810
137412 512 0 24558961856811
137924 512 0 24558962112812
138436 512 0 24558962368813
138948 512 0 24558962624814
139460 512 0 24558962880815
139972 512 0 24558963136815
140484 512 0 24558963392816
140996 512 0 24558963648817
141508 512 0 24558963904818
142020 512 0 24558964160819
142532 512 0 24558964416821
143044 512 0 24558964672822
143556 512 0 24558964928823
144068 512 0 24558965184824
144580 512 0 24558965440825
145092 512 0 24558965696826
145604 512 0 24558965952827
146116 512 0 24558966208828
146628 512 0 24558966464829
147140 512 0 24558966720830
147652 512 0 24558966976831
148164 512 0 24558967232832
148676 512 0 24558967488833
149188 512 0 24558967744834
149700 512 0 24558968000835
150212 512 0 24558968256837
150724 512 0 24558968512838
151236 512 0 24558968768839
151748 512 0 24558969024840
152260 512 0 24558969280841
152772 512 0 24558969536842
153284 512 0 24558969792843
153796 512 0 24558970048844
154308 512 0 24558970304845
154820 512 0 24558970560846
155332 512 0 24558970816847
155844 512 0 24558971072848
156356 512 0 24558971328849
156868 512 0 24558971584850
157380 512 0 24558971840851
157892 512 0 24558972096852
158404 512 0 24558972352854
158916 512 0 24558972608855
159428 512 0 24558972864856
159940 512 0 24558973120857
160452 512 0 24558973376858
160964 512 0 24558973632859
161476 512 0 24558973888860
161988 512 0 24558974144861
162500 512 0 24558974400862
163012 512 0 24558974656863
163524 512 0 24558974912864
164036 512 0 24558975168865
164548 512 0 24558975424865
165060 512 0 24558975680866
165572 512 0 24558975936867
166084 512 0 24558976192868
166596 512 0 24558976448869
167108 512 0 24558976704870
167620 512 0 24558976960872
168132 512 0 24558977216873
168644 512 0 24558977472874
169156 512 0 24558977728875
169668 512 0 24558977984876
170180 512 0 24558978240877
170692 512 0 24558978496878
171204 512 0 24558978752879
171716 512 0 24558979008880
172228 512 0 24558979264881
172740 512 0 24558979520882
173252 512 0 24558979776883
173764 512 0 24558980032884
174276 512 0 24558980288885
174788 512 0 24558980544886
175300 512 0 24558980800887
175812 512 0 24558981056889
176324 512 0 24558981312890
176836 512 0 24558981568891
177348 512 0 24558981824892
177860 512 0 24558982080893
178372 512 0 24558982336894
178884 512 0 24558982592895
179396 512 0 24558982848896
179908 512 0 24558983104897
180420 512 0 24558983360898
180932 512 0 24558983616899
181444 512 0 24558983872900
181956 512 0 24558984128901
182468 512 0 24558984384902
182980 512 0 24558984640903
183492 512 0 24558984896905
184004 512 0 24558985152906
184516 512 0 24558985408907
185028 512 0 24558985664908
185540 512 0 24558985920909
186052 512 0 24558986176910
186564 512 0 24558986432911
187076 512 0 24558986688912
187588 512 0 24558986944913
188100 512 0 24558987200914
188612 512 0 24558987456915
189124 512 0 24558987712916
189636 512 0 24558987968917
190148 512 0 24558988224918
190660 512 0 24558988480919
191172 512 0 24558988736920
191684 512 0 24558988992922
192196 512 0 24558989248923
192708 512 0 24558989504924
193220 512 0 24558989760925
193732 512 0 24558990016926
194244 512 0 24558990272927
194756 512 0 24558990528928
195268 512 0 24558990784929
195780 512 0 24558991040930
196292 512 0 24558991296931
196804 512 0 24558991552932
197316 512 0 24558991808933
197828 512 0 24558992064934
198340 512 0 24558992320935
198852 512 0 24558992576936
199364 512 0 24558992832938
199876 512 0 24558993088939
200388 512 0 24558993344940
200900 512 0 24558993600941
201412 512 0 24558993856942
201924 512 0 24558994112943
202436 512 0 24558994368944
202948 512 0 24558994624945
203460 512 0 24558994880946
203972 512 0 24558995136947
204484 512 0 24558995392948
204996 512 0 24558995648949
205508 512 0 24558995904950
206020 512 0 24558996160951
206532 512 0 24558996416952
207044 512 0 24558996672953
207556 512 0 24558996928955
208068 512 0 24558997184956
208580 512 0 24558997440957
209092 512 0 24558997696958
209604 512 0 24558997952959
210116 512 0 24558998208960
210628 512 0 24558998464961
211140 512 0 24558998720962
211652 512 0 24558998976963
212164 512 0 24558999232964
212676 512 0 24558999488965
213188 512 0 24558999744966
213700 512 0 24559000000967
214212 512 0 24559000256968
214724 512 0 24559000512969
215236 512 0 24559000768971
215748 512 0 24559001024972
216260 512 0 24559001280973
216772 512 0 24559001536974
217284 512 0 24559001792975
217796 512 0 24559002048976
218308 512 0 24559002304977
218820 512 0 24559002560978
219332 512 0 24559002816979
219844 512 0 24559003072980
220356 512 0 24559003328981
220868 512 0 24559003584982
221380 512 0 24559003840983
221892 512 0 24559004096984
222404 512 0 24559004352985
222916 512 0 24559004608986
223428 512 0 24559004864988
223940 512 0 24559005120989
224452 512 0 24559005376990
224964 512 0 24559005632991
225476 512 0 24559005888992
225988 512 0 24559006144993
226500 512 0 24559006400994
227012 512 0 24559006656995
227524 512 0 24559006912996
228036 512 0 24559007168997
228548 512 0 24559007424998
229060 512 0 24559007680999
229572 512 0 24559007937000
230084 512 0 24559008193001
230596 512 0 24559008449002
231108 512 0 24559008705003
231620 512 0 24559008961005
232132 512 0 24559009217006
232644 512 0 24559009473007
233156 512 0 24559009729008
233668 512 0 24559009985009
234180 512 0 24559010241010
234692 512 0 24559010497011
235204 512 0 24559010753012
235716 512 0 24559011009013
236228 512 0 24559011265014
236740 512 0 24559011521015
237252 512 0 24559011777016
237764 512 0 24559012033017
238276 512 0 24559012289017
238788 512 0 24559012545018
239300 512 0 24559012801019
239812 512 0 24559013057020
240324 512 0 24559013313021
240836 512 0 24559013569023
241348 512 0 24559013825024
241860 512 0 24559014081025
242372 512 0 24559014337026
242884 512 0 24559014593027
243396 512 0 24559014849028
243908 512 0 24559015105029
244420 512 0 24559015361030
244932 512 0 24559015617031
245444 512 0 24559015873032
245956 512 0 24559016129033
246468 512 0 24559016385035
246980 512 0 24559016641036
247492 512 0 24559016897038
248004 512 0 24559017153039
248516 512 0 24559017409040
249028 512 0 24559017665041
249540 512 0 24559017921042
250052 512 0 24559018177043
250564 512 0 24559018433044
251076 512 0 24559018689045
251588 512 0 24559018945046
252100 512 0 24559019201047
252612 512 0 24559019457048
253124 512 0 24559019713049
253636 512 0 24559019969050
254148 512 0 24559020225051
254660 512 0 24559020481051
255172 512 0 24559020737052
255684 512 0 24559020993053
256196 512 0 24559021249054
256708 512 0 24559021505056
257220 512 0 24559021761057
257732 512 0 24559022017058
258244 512 0 24559022273059
258756 512 0 24559022529060
259268 512 0 24559022785061
259780 512 0 24559023041062
260292 512 0 24559023297063
260804 512 0 24559023553064
261316 512 0 24559023809065
261828 512 0 24559024065066
262340 512 0 24559024321067
262852 512 0 24559024577068
263364 512 0 24559024833069
263876 512 0 24559025089070
264388 512 0 24559025345071
264900 512 0 24559025601073
265412 512 0 24559025857074
265924 512 0 24559026113075
266436 512 0 24559026369076
266948 512 0 24559026625077
267460 512 0 24559026881078
267972 512 0 24559027137079
268484 512 0 24559027393080
268996 512 0 24559027649081
269508 512 0 24559027905082
270020 512 0 24559028161083
270532 512 0 24559028417084
271044 512 0 24559028673085
271556 512 0 24559028929086
272068 512 0 24559029185087
272580 512 0 24559029441088
273092 512 0 24559029697090
273604 512 0 24559029953091
274116 512 0 24559030209092
274628 512 0 24559030465093
275140 512 0 24559030721094
275652 512 0 24559030977095
276164 512 0 24559031233096
276676 512 0 24559031489097
277188 512 0 24559031745098
277700 512 0 24559032001099
278212 512 0 24559032257100
278724 512 0 24559032513101
279236 512 0 24559032769102
279748 512 0 24559033025103
280260 512 0 24559033281104
280772 512 0 24559033537106
281284 512 0 24559033793107
281796 512 0 24559034049108
282308 512 0 24559034305109
282820 512 0 24559034561110
283332 512 0 24559034817111
283844 512 0 24559035073112
284356 512 0 24559035329113
284868 512 0 24559035585114
285380 512 0 24559035841115
285892 512 0 24559036097116
286404 512 0 24559036353117
286916 512 0 24559036609118
287428 512 0 24559036865119
287940 512 0 24559037121120
288452 512 0 24559037377121
288964 512 0 24559037633123
289476 512 0 24559037889124
289988 512 0 24559038145125
290500 512 0 24559038401126
291012 512 0 24559038657127
291524 512 0 24559038913128
292036 512 0 24559039169129
292548 512 0 24559039425130
293060 512 0 24559039681131
293572 512 0 24559039937132
294084 512 0 24559040193133
294596 512 0 24559040449134
295108 512 0 24559040705135
295620 512 0 24559040961136
296132 512 0 24559041217137
296644 512 0 24559041473138
297156 512 0 24559041729140
297668 512 0 24559041985141
298180 512 0 24559042241142
298692 512 0 24559042497143
299204 512 0 24559042753144
299716 512 0 24559043009145
300228 512 0 24559043265146
300740 512 0 24559043521147
301252 512 0 24559043777148
301764 512 0 24559044033149
302276 512 0 24559044289150
302788 512 0 24559044545151
303300 512 0 24559044801152
303812 512 0 24559045057153
304324 512 0 24559045313154
304836 512 0 24559045569155
305348 512 0 24559045825157
305860 512 0 24559046081158
306372 512 0 24559046337159
306884 512 0 24559046593160
307396 512 0 24559046849161
307908 512 0 24559047105162
308420 512 0 24559047361163
308932 512 0 24559047617164
309444 512 0 24559047873165
309956 512 0 24559048129166
310468 512 0 24559048385167
310980 512 0 24559048641168
311492 512 0 24559048897169
312004 512 0 24559049153169
312516 512 0 24559049409170
313028 512 0 24559049665171
313540 512 0 24559049921172
314052 512 0 24559050177173
314564 512 0 24559050433175
315076 512 0 24559050689176
315588 512 0 24559050945177
316100 512 0 24559051201178
316612 512 0 24559051457179
317124 512 0 24559051713180
317636 512 0 24559051969181
318148 512 0 24559052225182
318660 512 0 24559052481183
319172 512 0 24559052737184
319684 512 0 24559052993185
320196 512 0 24559053249186
320708 512 0 24559053505187
321220 512 0 24559053761188
321732 512 0 24559054017189
322244 512 0 24559054273191
322756 512 0 24559054529192
323268 512 0 24559054785193
323780 512 0 24559055041194
324292 512 0 24559055297195
324804 512 0 24559055553196
325316 512 0 24559055809197
325828 512 0 24559056065198
326340 512 0 24559056321199
326852 512 0 24559056577200
327364 512 0 24559056833201
327876 512 0 24559057089202
328388 512 0 24559057345204
328900 512 0 24559057601205
329412 512 0 24559057857207
329924 512 0 24559058113208
330436 512 0 24559058369209
330948 512 0 24559058625210
331460 512 0 24559058881211
331972 512 0 24559059137212
332484 512 0 24559059393213
332996 512 0 24559059649214
333508 512 0 24559059905215
334020 512 0 24559060161216
334532 512 0 24559060417217
335044 512 0 24559060673218
335556 512 0 24559060929219
336068 512 0 24559061185220
336580 512 0 24559061441221
337092 512 0 24559061697222
337604 512 0 24559061953224
338116 512 0 24559062209225
338628 512 0 24559062465226
339140 512 0 24559062721227
339652 512 0 24559062977228
340164 512 0 24559063233229
340676 512 0 24559063489230
341188 512 0 24559063745231
341700 512 0 24559064001232
342212 512 0 24559064257233
342724 512 0 24559064513234
343236 512 0 24559064769235
343748 512 0 24559065025236
344260 512 0 24559065281237
344772 512 0 24559065537238
345284 512 0 24559065793239
345796 512 0 24559066049241
346308 512 0 24559066305242
346820 512 0 24559066561243
347332 512 0 24559066817244
347844 512 0 24559067073245
348356 512 0 24559067329246
348868 512 0 24559067585247
349380 512 0 24559067841248
349892 512 0 24559068097249
350404 512 0 24559068353250
350916 512 0 24559068609251
351428 512 0 24559068865252
351940 512 0 24559069121253
352452 512 0 24559069377254
352964 512 0 24559069633255
353476 512 0 24559069889256
353988 512 0 24559070145258
354500 512 0 24559070401259
355012 512 0 24559070657260
355524 512 0 24559070913261
356036 512 0 24559071169262
356548 512 0 24559071425263
357060 512 0 24559071681264
357572 512 0 24559071937265
358084 512 0 24559072193266
358596 512 0 24559072449267
359108 512 0 24559072705268
359620 512 0 24559072961269
360132 512 0 24559073217270
360644 512 0 24559073473271
361156 512 0 24559073729272
361668 512 0 24559073985273
362180 512 0 24559074241275
362692 512 0 24559074497276
363204 512 0 24559074753277
363716 512 0 24559075009278
364228 512 0 24559075265279
364740 512 0 24559075521280
365252 512 0 24559075777281
365764 512 0 24559076033282
366276 512 0 24559076289283
366788 512 0 24559076545284
367300 512 0 24559076801285
367812 512 0 24559077057286
368324 512 0 24559077313287
368836 512 0 24559077569288
369348 512 0 24559077825288
369860 512 0 24559078081289
370372 512 0 24559078337290
370884 512 0 24559078593291
371396 512 0 24559078849293
371908 512 0 24559079105294
372420 512 0 24559079361295
372932 512 0 24559079617296
373444 512 0 24559079873297
373956 512 0 24559080129298
374468 512 0 24559080385299
374980 512 0 24559080641300
375492 512 0 24559080897301
376004 512 0 24559081153302
376516 512 0 24559081409303
377028 512 0 24559081665304
377540 512 0 24559081921305
378052 512 0 24559082177306
378564 512 0 24559082433307
379076 512 0 24559082689309
379588 512 0 24559082945310
380100 512 0 24559083201311
380612 512 0 24559083457312
381124 512 0 24559083713313
381636 512 0 24559083969314
382148 512 0 24559084225315
382660 512 0 24559084481316
383172 512 0 24559084737317
383684 512 0 24559084993318
384196 512 0 24559085249319
384708 512 0 24559085505320
385220 512 0 24559085761321
385732 512 0 24559086017322
386244 512 0 24559086273323
386756 512 0 24559086529324
387268 512 0 24559086785326
387780 512 0 24559087041327
388292 512 0 24559087297328
388804 512 0 24559087553329
389316 512 0 24559087809330
389828 512 0 24559088065331
390340 512 0 24559088321332
390852 512 0 24559088577333
391364 512 0 24559088833334
391876 512 0 24559089089335
392388 512 0 24559089345336
392900 512 0 24559089601337
393412 512 0 24559089857338
393924 512 0 24559090113339
394436 512 0 24559090369340
394948 512 0 24559090625341
395460 512 0 24559090881343
395972 512 0 24559091137344
396484 512 0 24559091393345
396996 512 0 24559091649346
397508 512 0 24559091905347
398020 512 0 24559092161348
398532 512 0 24559092417349
399044 512 0 24559092673350
399556 512 0 24559092929351
400068 512 0 24559093185352
400580 512 0 24559093441353
401092 512 0 24559093697354
401604 512 0 24559093953355
402116 512 0 24559094209356
402628 512 0 24559094465357
403140 512 0 24559094721358
403652 512 0 24559094977360
404164 512 0 24559095233361
404676 512 0 24559095489362
405188 512 0 24559095745363
405700 512 0 24559096001364
406212 512 0 24559096257365
406724 512 0 24559096513366
407236 512 0 24559096769367
407748 512 0 24559097025368
408260 512 0 24559097281369
408772 512 0 24559097537370
409284 512 0 24559097793371
409796 512 0 24559098049372
410308 512 0 24559098305373
410820 512 0 24559098561374
411332 512 0 24559098817376
411844 512 0 24559099073377
412356 512 0 24559099329378
412868 512 0 24559099585379
413380 512 0 24559099841380
413892 512 0 24559100097381
414404 512 0 24559100353382
414916 512 0 24559100609383
415428 512 0 24559100865384
415940 512 0 24559101121385
416452 512 0 24559101377386
416964 512 0 24559101633387
417476 512 0 24559101889388
417988 512 0 24559102145389
418500 512 0 24559102401389
419012 512 0 24559102657390
419524 512 0 24559102913391
420036 512 0 24559103169392
420548 512 0 24559103425393
421060 512 0 24559103681395
421572 512 0 24559103937396
422084 512 0 24559104193397
422596 512 0 24559104449398
423108 512 0 24559104705399
423620 512 0 24559104961400
424132 512 0 24559105217401
424644 512 0 24559105473402
425156 512 0 24559105729403
425668 512 0 24559105985404
426180 512 0 24559106241405
426692 512 0 24559106497407
427204 512 0 24559106753408
427716 512 0 24559107009410
428228 512 0 24559107265411
428740 512 0 24559107521412
429252 512 0 24559107777413
429764 512 0 24559108033414
430276 512 0 24559108289415
430788 512 0 24559108545416
431300 512 0 24559108801417
431812 512 0 24559109057418
432324 512 0 24559109313419
432836 512 0 24559109569420
433348 512 0 24559109825421
433860 512 0 24559110081422
434372 512 0 24559110337423
434884 512 0 24559110593423
435396 512 0 24559110849424
435908 512 0 24559111105425
436420 512 0 24559111361426
436932 512 0 24559111617428
437444 512 0 24559111873429
437956 512 0 24559112129430
438468 512 0 24559112385431
438980 512 0 24559112641432
439492 512 0 24559112897433
440004 512 0 24559113153434
440516 512 0 24559113409435
441028 512 0 24559113665436
441540 512 0 24559113921437
442052 512 0 24559114177438
442564 512 0 24559114433439
443076 512 0 24559114689440
443588 512 0 24559114945441
444100 512 0 24559115201442
444612 512 0 24559115457443
445124 512 0 24559115713445
445636 512 0 24559115969446
446148 512 0 24559116225447
446660 512 0 24559116481448
447172 512 0 24559116737449
447684 512 0 24559116993450
448196 512 0 24559117249451
448708 512 0 24559117505452
449220 512 0 24559117761453
449732 512 0 24559118017454
450244 512 0 24559118273455
450756 512 0 24559118529456
451268 512 0 24559118785457
451780 512 0 24559119041458
452292 512 0 24559119297459
452804 512 0 24559119553461
453316 512 0 24559119809462
453828 512 0 24559120065463
454340 512 0 24559120321464
454852 512 0 24559120577465
455364 512 0 24559120833466
455876 512 0 24559121089467
456388 512 0 24559121345468
456900 512 0 24559121601469
457412 512 0 24559121857470
457924 512 0 24559122113471
458436 512 0 24559122369472
458948 512 0 24559122625473
459460 512 0 24559122881473
459972 512 0 24559123137474
460484 512 0 24559123393475
460996 512 0 24559123649476
461508 512 0 24559123905477
462020 512 0 24559124161478
462532 512 0 24559124417480
463044 512 0 24559124673481
463556 512 0 24559124929482
464068 512 0 24559125185483
464580 512 0 24559125441484
465092 512 0 24559125697485
465604 512 0 24559125953486
466116 512 0 24559126209487
466628 512 0 24559126465488
467140 512 0 24559126721489
467652 512 0 24559126977490
468164 512 0 24559127233491
468676 512 0 24559127489492
469188 512 0 24559127745493
469700 512 0 24559128001494
470212 512 0 24559128257496
470724 512 0 24559128513497
471236 512 0 24559128769498
471748 512 0 24559129025499
472260 512 0 24559129281500
472772 512 0 24559129537501
473284 512 0 24559129793502
473796 512 0 24559130049503
474308 512 0 24559130305504
474820 512 0 24559130561505
475332 512 0 24559130817506
475844 512 0 24559131073507
476356 512 0 24559131329508
476868 512 0 24559131585509
477380 512 0 24559131841510
477892 512 0 24559132097511
478404 512 0 24559132353513
478916 512 0 24559132609514
479428 512 0 24559132865515
479940 512 0 24559133121516
480452 512 0 24559133377517
480964 512 0 24559133633518
481476 512 0 24559133889519
481988 512 0 24559134145520
482500 512 0 24559134401521
483012 512 0 24559134657522
483524 512 0 24559134913523
484036 512 0 24559135169524
484548 512 0 24559135425525
485060 512 0 24559135681526
485572 512 0 24559135937527
486084 512 0 24559136193529
486596 512 0 24559136449530
487108 512 0 24559136705531
487620 512 0 24559136961532
488132 512 0 24559137217533
488644 512 0 24559137473534
489156 512 0 24559137729535
489668 512 0 24559137985536
490180 512 0 24559138241537
490692 512 0 24559138497538
491204 512 0 24559138753539
491716 512 0 24559139009540
492228 512 0 24559139265540
492740 512 0 24559139521541
493252 512 0 24559139777542
493764 512 0 24559140033543
494276 512 0 24559140289544
494788 512 0 24559140545545
495300 512 0 24559140801547
495812 512 0 24559141057548
496324 512 0 24559141313549
496836 512 0 24559141569550
497348 512 0 24559141825551
497860 512 0 24559142081552
498372 512 0 24559142337553
498884 512 0 24559142593554
499396 512 0 24559142849555
499908 512 0 24559143105556
500420 512 0 24559143361557
500932 512 0 24559143617558
501444 512 0 24559143873559
501956 512 0 24559144129560
502468 512 0 24559144385561
502980 512 0 24559144641562
503492 512 0 24559144897564
504004 512 0 24559145153565
504516 512 0 24559145409566
505028 512 0 24559145665567
505540 512 0 24559145921568
506052 512 0 24559146177569
506564 512 0 24559146433570
507076 512 0 24559146689571
507588 512 0 24559146945572
508100 512 0 24559147201573
508612 512 0 24559147457576
509124 512 0 24559147713578
509636 512 0 24559147969579
510148 512 0 24559148225580
510660 512 0 24559148481581
511172 512 0 24559148737582
511684 512 0 24559148993583
512196 512 0 24559149249584
512708 512 0 24559149505585
513220 512 0 24559149761586
513732 512 0 24559150017587
514244 512 0 24559150273588
514756 512 0 24559150529589
515268 512 0 24559150785590
515780 512 0 24559151041591
516292 512 0 24559151297592
516804 512 0 24559151553593
517316 512 0 24559151809595
517828 512 0 24559152065596
518340 512 0 24559152321597
518852 512 0 24559152577598
519364 512 0 24559152833599
519876 512 0 24559153089600
520388 512 0 24559153345601
520900 512 0 24559153601602
521412 512 0 24559153857603
521924 512 0 24559154113604
522436 512 0 24559154369605
522948 512 0 24559154625606
523460 512 0 24559154881607
523972 512 0 24559155137608
524484 512 0 24559155393609
524996 512 0 24559155649610
525508 512 0 24559155905612
526020 512 0 24559156161613
526532 512 0 24559156417614
527044 512 0 24559156673615
527556 512 0 24559156929616
528068 512 0 24559157185617
528580 512 0 24559157441618
529092 512 0 24559157697619
529604 512 0 24559157953620
530116 512 0 24559158209621
530628 512 0 24559158465622
531140 512 0 24559158721623
531652 512 0 24559158977624
532164 512 0 24559159233625
532676 512 0 24559159489626
533188 512 0 24559159745626
533700 512 0 24559160001627
534212 512 0 24559160257628
534724 512 0 24559160513630
535236 512 0 24559160769631
535748 512 0 24559161025632
536260 512 0 24559161281633
536772 512 0 24559161537634
537284 512 0 24559161793635
537796 512 0 24559162049636
538308 512 0 24559162305637
538820 512 0 24559162561638
539332 512 0 24559162817639
539844 512 0 24559163073640
540356 512 0 24559163329641
540868 512 0 24559163585642
541380 512 0 24559163841643
541892 512 0 24559164097644
542404 512 0 24559164353645
542916 512 0 24559164609647
543428 512 0 24559164865648
543940 512 0 24559165121649
544452 512 0 24559165377650
544964 512 0 24559165633651
545476 512 0 24559165889652
545988 512 0 24559166145653
546500 512 0 24559166401654
547012 512 0 24559166657655
547524 512 0 24559166913656
548036 512 0 24559167169657
548548 512 0 24559167425658
549060 512 0 24559167681659
549572 512 0 24559167937660
550084 512 0 24559168193661
550596 512 0 24559168449663
551108 512 0 24559168705664
551620 512 0 24559168961665
552132 512 0 24559169217666
552644 512 0 24559169473667
553156 512 0 24559169729668
553668 512 0 24559169985669
554180 512 0 24559170241670
554692 512 0 24559170497671
555204 512 0 24559170753672
555716 512 0 24559171009673
556228 512 0 24559171265674
556740 512 0 24559171521675
557252 512 0 24559171777676
557764 512 0 24559172033677
558276 512 0 24559172289678
558788 512 0 24559172545680
559300 512 0 24559172801681
559812 512 0 24559173057682
560324 512 0 24559173313683
560836 512 0 24559173569684
561348 512 0 24559173825685
561860 512 0 24559174081686
562372 512 0 24559174337687
562884 512 0 24559174593688
563396 512 0 24559174849689
563908 512 0 24559175105690
564420 512 0 24559175361691
564932 512 0 24559175617692
565444 512 0 24559175873693
565956 512 0 24559176129694
566468 512 0 24559176385695
566980 512 0 24559176641697
567492 512 0 24559176897698
568004 512 0 24559177153699
568516 512 0 24559177409700
569028 512 0 24559177665701
569540 512 0 24559177921702
570052 512 0 24559178177703
570564 512 0 24559178433704
571076 512 0 24559178689705
571588 512 0 24559178945706
572100 512 0 24559179201707
572612 512 0 24559179457708
573124 512 0 24559179713709
573636 512 0 24559179969710
574148 512 0 24559180225710
574660 512 0 24559180481711
575172 512 0 24559180737712
575684 512 0 24559180993713
576196 512 0 24559181249715
576708 512 0 24559181505716
577220 512 0 24559181761717
577732 512 0 24559182017718
578244 512 0 24559182273719
578756 512 0 24559182529720
579268 512 0 24559182785721
579780 512 0 24559183041722
580292 512 0 24559183297723
580804 512 0 24559183553724
581316 512 0 24559183809725
581828 512 0 24559184065726
582340 512 0 24559184321727
582852 512 0 24559184577728
583364 512 0 24559184833729
583876 512 0 24559185089730
584388 512 0 24559185345732
584900 512 0 24559185601733
585412 512 0 24559185857734
585924 512 0 24559186113735
586436 512 0 24559186369736
586948 512 0 24559186625737
587460 512 0 24559186881738
587972 512 0 24559187137739
588484 512 0 24559187393740
588996 512 0 24559187649741
589508 512 0 24559187905742
590020 512 0 24559188161743
590532 512 0 24559188417744
591044 512 0 24559188673745
591556 512 0 24559188929746
592068 512 0 24559189185747
592580 512 0 24559189441749
593092 512 0 24559189697750
593604 512 0 24559189953751
594116 512 0 24559190209752
594628 512 0 24559190465753
595140 512 0 24559190721754
595652 512 0 24559190977755
596164 512 0 24559191233756
596676 512 0 24559191489757
597188 512 0 24559191745758
597700 512 0 24559192001759
598212 512 0 24559192257760
598724 512 0 24559192513761
599236 512 0 24559192769762
599748 512 0 24559193025763
600260 512 0 24559193281765
600772 512 0 24559193537766
601284 512 0 24559193793767
601796 512 0 24559194049768
602308 512 0 24559194305769
602820 512 0 24559194561770
603332 512 0 24559194817771
603844 512 0 24559195073772
604356 512 0 24559195329773
604868 512 0 24559195585774
605380 512 0 24559195841775
605892 512 0 24559196097776
606404 512 0 24559196353777
606916 512 0 24559196609778
607428 512 0 24559196865779
607940 512 0 24559197121780
608452 512 0 24559197377782
608964 512 0 24559197633783
609476 512 0 24559197889784
609988 512 0 24559198145785
610500 512 0 24559198401786
611012 512 0 24559198657787
611524 512 0 24559198913788
612036 512 0 24559199169789
612548 512 0 24559199425790
613060 512 0 24559199681791
613572 512 0 24559199937792
614084 512 0 24559200193793
614596 512 0 24559200449794
615108 512 0 24559200705795
615620 512 0 24559200961796
616132 512 0 24559201217797
616644 512 0 24559201473799
617156 512 0 24559201729800
617668 512 0 24559201985801
618180 512 0 24559202241802
618692 512 0 24559202497803
619204 512 0 24559202753804
619716 512 0 24559203009805
620228 512 0 24559203265806
620740 512 0 24559203521807
621252 512 0 24559203777808
621764 512 0 24559204033809
622276 512 0 24559204289810
622788 512 0 24559204545811
623300 512 0 24559204801815
623812 512 0 24559205057816
624324 512 0 24559205313817
624836 512 0 24559205569818
625348 512 0 24559205825819
625860 512 0 24559206081820
626372 512 0 24559206337821
626884 512 0 24559206593822
627396 512 0 24559206849823
627908 512 0 24559207105824
628420 512 0 24559207361825
628932 512 0 24559207617826
629444 512 0 24559207873827
629956 512 0 24559208129829
630468 512 0 24559208385830
630980 512 0 24559208641831
631492 512 0 24559208897832
632004 512 0 24559209153833
632516 512 0 24559209409834
633028 512 0 24559209665835
633540 512 0 24559209921836
634052 512 0 24559210177837
634564 512 0 24559210433838
635076 512 0 24559210689839
635588 512 0 24559210945840
636100 512 0 24559211201841
636612 512 0 24559211457842
637124 512 0 24559211713843
637636 512 0 24559211969844
638148 512 0 24559212225845
638660 512 0 24559212481847
639172 512 0 24559212737848
639684 512 0 24559212993850
640196 512 0 24559213249851
640708 512 0 24559213505852
641220 512 0 24559213761853
641732 512 0 24559214017854
642244 512 0 24559214273855
642756 512 0 24559214529856
643268 512 0 24559214785857
643780 512 0 24559215041858
644292 512 0 24559215297859
644804 512 0 24559215553860
645316 512 0 24559215809862
645828 512 0 24559216065863
646340 512 0 24559216321864
646852 512 0 24559216577865
647364 512 0 24559216833866
647876 512 0 24559217089868
648388 512 0 24559217345869
648900 512 0 24559217601870
649412 512 0 24559217857871
649924 512 0 24559218113872
650436 512 0 24559218369873
650948 512 0 24559218625874
651460 512 0 24559218881875
651972 512 0 24559219137876
652484 512 0 24559219393877
652996 512 0 24559219649879
653508 512 0 24559219905880
654020 512 0 24559220161881
654532 512 0 24559220417882
655044 512 0 24559220673883
655556 512 0 24559220929884
656068 512 0 24559221185886
656580 512 0 24559221441887
657092 512 0 24559221697888
657604 512 0 24559221953889
658116 512 0 24559222209890
658628 512 0 24559222465891
659140 512 0 24559222721892
659652 512 0 24559222977893
660164 512 0 24559223233895
660676 512 0 24559223489896
661188 512 0 24559223745897
661700 512 0 24559224001898
662212 512 0 24559224257899
662724 512 0 24559224513900
663236 512 0 24559224769901
663748 512 0 24559225025902
664260 512 0 24559225281903
664772 512 0 24559225537904
665284 512 0 24559225793905
665796 512 0 24559226049906
666308 512 0 24559226305907
666820 512 0 24559226561908
667332 512 0 24559226817909
667844 512 0 24559227073910
668356 512 0 24559227329911
668868 512 0 24559227585913
669380 512 0 24559227841914
669892 512 0 24559228097915
670404 512 0 24559228353916
670916 512 0 24559228609917
671428 512 0 24559228865918
671940 512 0 24559229121919
672452 512 0 24559229377920
672964 512 0 24559229633921
673476 512 0 24559229889922
673988 512 0 24559230145923
674500 512 0 24559230401924
675012 512 0 24559230657925
675524 512 0 24559230913926
676036 512 0 24559231169927
676548 512 0 24559231425928
677060 512 0 24559231681929
677572 512 0 24559231937931
678084 512 0 24559232193932
678596 512 0 24559232449933
679108 512 0 24559232705934
679620 512 0 24559232961935
680132 512 0 24559233217936
680644 512 0 24559233473937
681156 512 0 24559233729938
681668 512 0 24559233985939
682180 512 0 24559234241940
682692 512 0 24559234497941
683204 512 0 24559234753942
683716 512 0 24559235009943
684228 512 0 24559235265944
684740 512 0 24559235521945
685252 512 0 24559235777946
685764 512 0 24559236033948
686752 512 0 24559236527950
687276 512 0 24559236789951
687796 512 0 24559237049952
688316 512 0 24559237309953
688836 512 0 24559237569954
689356 512 0 24559237829955
689880 512 0 24559238091956
690408 512 0 24559238355957
690928 512 0 24559238615958
691448 512 0 24559238875960
9312 512 0 24559257474561
9824 512 0 24559257753200
10336 512 0 24559258031840
10848 512 0 24559258310479
11360 512 0 24559258589119
11872 512 0 24559258867758
12384 512 0 24559259146397
12896 512 0 24559259425037
13408 512 0 24559259703676
13920 512 0 24559259982316
14432 512 0 24559260260955
14944 512 0 24559260539595
15456 512 0 24559260818234
15968 512 0 24559261096873
16480 512 0 24559261375513
16992 512 0 24559261654152
17504 512 0 24559261932792
18016 512 0 24559262211431
18528 512 0 24559262490071
19040 512 0 24559262768710
19552 512 0 24559263047350
20064 512 0 24559263325989
20576 512 0 24559263604628
21088 512 0 24559263883268
21600 512 0 24559264161907
22112 512 0 24559264440547
22624 512 0 24559264719186
23136 512 0 24559264997826
23648 512 0 24559265276465
24160 512 0 24559265555104
24672 512 0 24559265833744
25184 512 0 24559266112400
25696 512 0 24559266391039
26208 512 0 24559266669679
26720 512 0 24559266948319
27232 512 0 24559267226959
27744 512 0 24559267505599
28256 512 0 24559267784239
28768 512 0 24559268062879
29280 512 0 24559268341518
29792 512 0 24559268620158
30304 512 0 24559268898798
30816 512 0 24559269177438
31328 512 0 24559269456078
31840 512 0 24559269734718
32352 512 0 24559270013358
32864 512 0 24559270291997
33376 512 0 24559270570652
33888 512 0 24559270849292
34400 512 0 24559271127933
34912 512 0 24559271406573
35424 512 0 24559271685213
35936 512 0 24559271963853
36448 512 0 24559272242494
36960 512 0 24559272521134
37472 512 0 24559272799774
37984 512 0 24559273078414
38496 512 0 24559273357055
39008 512 0 24559273635695
39520 512 0 24559273914335
40032 512 0 24559274192975
40544 512 0 24559274471616
41056 512 0 24559274750256
41568 512 0 24559275028904
42080 512 0 24559275307544
42592 512 0 24559275586185
43104 512 0 24559275864825
43616 512 0 24559276143466
44128 512 0 24559276422106
44640 512 0 24559276700746
45152 512 0 24559276979387
45664 512 0 24559277258027
46176 512 0 24559277536668
46688 512 0 24559277815308
47200 512 0 24559278093948
47712 512 0 24559278372589
48224 512 0 24559278651229
48736 512 0 24559278929870
49248 512 0 24559279208510
49760 512 0 24559279487154
50272 512 0 24559279765795
50784 512 0 24559280044435
51296 512 0 24559280323076
51808 512 0 24559280601716
52320 512 0 24559280880357
52832 512 0 24559281158997
53344 512 0 24559281437638
53856 512 0 24559281716278
54368 512 0 24559281994919
54880 512 0 24559282273559
55392 512 0 24559282552200
55904 512 0 24559282830840
56416 512 0 24559283109481
56928 512 0 24559283388121
57440 512 0 24559283666762
57952 512 0 24559283945404
58464 512 0 24559284224045
58976 512 0 24559284502685
59488 512 0 24559284781326
60000 512 0 24559285059966
60512 512 0 24559285338607
61024 512 0 24559285617247
61536 512 0 24559285895888
62048 512 0 24559286174528
62560 512 0 24559286453169
63072 512 0 24559286731809
63584 512 0 24559287010450
64096 512 0 24559287289090
64608 512 0 24559287567731
65120 512 0 24559287846371
65632 512 0 24559288125012
66144 512 0 24559288403653
66656 512 0 24559288682294
67168 512 0 24559288960934
67680 512 0 24559289239575
68192 512 0 24559289518215
68704 512 0 24559289796856
69216 512 0 24559290075497
69728 512 0 24559290354137
70240 512 0 24559290632778
70752 512 0 24559290911418
71264 512 0 24559291190059
71776 512 0 24559291468699
72288 512 0 24559291747340
72800 512 0 24559292025980
73312 512 0 24559292304621
73824 512 0 24559292583261
74336 512 0 24559292861902
74848 512 0 24559293140543
75360 512 0 24559293419184
75872 512 0 24559293697824
76384 512 0 24559293976465
76896 512 0 24559294255105
77408 512 0 24559294533746
77920 512 0 24559294812386
78432 512 0 24559295091027
78944 512 0 24559295369667
79456 512 0 24559295648308
79968 512 0 24559295926948
80480 512 0 24559296205589
80992 512 0 24559296484230
81504 512 0 24559296762870
82016 512 0 24559297041511
82528 512 0 24559297320151
83040 512 0 24559297598792
83552 512 0 24559297877433
84064 512 0 24559298156073
84576 512 0 24559298434714
85088 512 0 24559298713354
85600 512 0 24559298991995
86112 512 0 24559299270635
86624 512 0 24559299549276
87136 512 0 24559299827916
87648 512 0 24559300106557
88160 512 0 24559300385198
88672 512 0 24559300663838
89184 512 0 24559300942479
89696 512 0 24559301221119
90208 512 0 24559301499760
90720 512 0 24559301778401
91232 512 0 24559302057041
91744 512 0 24559302335682
92256 512 0 24559302614322
92768 512 0 24559302892963
93280 512 0 24559303171603
93792 512 0 24559303450244
94304 512 0 24559303728884
94816 512 0 24559304007525
95328 512 0 24559304286166
95840 512 0 24559304564806
96352 512 0 24559304843447
96864 512 0 24559305122087
97376 512 0 24559305400728
97888 512 0 24559305679368
98400 512 0 24559305958009
98912 512 0 24559306236651
99424 512 0 24559306515291
99936 512 0 24559306793932
100448 512 0 24559307072573
100960 512 0 24559307351213
101472 512 0 24559307629854
101984 512 0 24559307908494
102496 512 0 24559308187135
103008 512 0 24559308465775
103520 512 0 24559308744416
104032 512 0 24559309023057
104544 512 0 24559309301697
105056 512 0 24559309580338
105568 512 0 24559309858978
106080 512 0 24559310137619
106592 512 0 24559310416259
107104 512 0 24559310694900
107616 512 0 24559310973540
108128 512 0 24559311252181
108640 512 0 24559311530821
109152 512 0 24559311809462
109664 512 0 24559312088103
110176 512 0 24559312366743
110688 512 0 24559312645384
111200 512 0 24559312924024
111712 512 0 24559313202665
112224 512 0 24559313481305
112736 512 0 24559313759946
113248 512 0 24559314038587
113760 512 0 24559314317227
114272 512 0 24559314595868
114784 512 0 24559314874508
115296 512 0 24559315153150
115808 512 0 24559315431791
116320 512 0 24559315710431
116832 512 0 24559315989072
117344 512 0 24559316267712
117856 512 0 24559316546353
118368 512 0 24559316824994
118880 512 0 24559317103634
119392 512 0 24559317382275
119904 512 0 24559317660915
120416 512 0 24559317939556
120928 512 0 24559318218196
121440 512 0 24559318496837
121952 512 0 24559318775478
122464 512 0 24559319054118
122976 512 0 24559319332759
123488 512 0 24559319611398
124000 512 0 24559319890038
124512 512 0 24559320168679
125024 512 0 24559320447319
125536 512 0 24559320725960
126048 512 0 24559321004600
126560 512 0 24559321283241
127072 512 0 24559321561882
127584 512 0 24559321840522
128096 512 0 24559322119163
128608 512 0 24559322397803
129120 512 0 24559322676444
129632 512 0 24559322955084
130144 512 0 24559323233725
130656 512 0 24559323512366
131168 512 0 24559323791006
131680 512 0 24559324069648
132192 512 0 24559324348289
132704 512 0 24559324626929
133216 512 0 24559324905570
133728 512 0 24559325184210
134240 512 0 24559325462851
134752 512 0 24559325741491
135264 512 0 24559326020132
135776 512 0 24559326298773
136288 512 0 24559326577413
136800 512 0 24559326856054
137312 512 0 24559327134694
137824 512 0 24559327413335
138336 512 0 24559327691975
138848 512 0 24559327970616
139360 512 0 24559328249257
139872 512 0 24559328527897
140384 512 0 24559328806537
140896 512 0 24559329085178
141408 512 0 24559329363819
141920 512 0 24559329642459
142432 512 0 24559329921100
142944 512 0 24559330199740
143456 512 0 24559330478381
143968 512 0 24559330757022
144480 512 0 24559331035662
144992 512 0 24559331314303
145504 512 0 24559331592943
146016 512 0 24559331871584
146528 512 0 24559332150224
147040 512 0 24559332428865
147552 512 0 24559332707506
148064 512 0 24559332986146
148576 512 0 24559333264786
149088 512 0 24559333543427
149600 512 0 24559333822068
150112 512 0 24559334100708
150624 512 0 24559334379349
151136 512 0 24559334657989
151648 512 0 24559334936630
152160 512 0 24559335215270
152672 512 0 24559335493911
153184 512 0 24559335772552
153696 512 0 24559336051192
154208 512 0 24559336329833
154720 512 0 24559336608473
155232 512 0 24559336887114
155744 512 0 24559337165755
156256 512 0 24559337444395
156768 512 0 24559337723035
157280 512 0 24559338001676
157792 512 0 24559338280317
158304 512 0 24559338558957
158816 512 0 24559338837598
159328 512 0 24559339116238
159840 512 0 24559339394879
160352 512 0 24559339673519
160864 512 0 24559339952160
161376 512 0 24559340230801
161888 512 0 24559340509441
162400 512 0 24559340788082
162912 512 0 24559341066722
163424 512 0 24559341345363
163936 512 0 24559341624003
164448 512 0 24559341902645
164960 512 0 24559342181286
165472 512 0 24559342459926
165984 512 0 24559342738567
166496 512 0 24559343017207
167008 512 0 24559343295848
167520 512 0 24559343574488
168032 512 0 24559343853129
168544 512 0 24559344131770
169056 512 0 24559344410410
169568 512 0 24559344689051
170080 512 0 24559344967691
170592 512 0 24559345246332
171104 512 0 24559345524972
171616 512 0 24559345803613
172128 512 0 24559346082254
172640 512 0 24559346360894
173152 512 0 24559346639535
173664 512 0 24559346918175
174176 512 0 24559347196816
174688 512 0 24559347475456
175200 512 0 24559347754097
175712 512 0 24559348032737
176224 512 0 24559348311378
176736 512 0 24559348590019
177248 512 0 24559348868659
177760 512 0 24559349147300
178272 512 0 24559349425940
178784 512 0 24559349704581
179296 512 0 24559349983221
179808 512 0 24559350261862
180320 512 0 24559350540503
180832 512 0 24559350819143
181344 512 0 24559351097783
181856 512 0 24559351376424
182368 512 0 24559351655065
182880 512 0 24559351933705
183392 512 0 24559352212346
183904 512 0 24559352490986
184416 512 0 24559352769627
184928 512 0 24559353048268
185440 512 0 24559353326908
185952 512 0 24559353605549
186464 512 0 24559353884189
186976 512 0 24559354162830
187488 512 0 24559354441470
188000 512 0 24559354720111
188512 512 0 24559354998752
189024 512 0 24559355277392
189536 512 0 24559355556032
190048 512 0 24559355834673
190560 512 0 24559356113314
191072 512 0 24559356391954
191584 512 0 24559356670595
192096 512 0 24559356949235
192608 512 0 24559357227876
193120 512 0 24559357506516
193632 512 0 24559357785157
194144 512 0 24559358063798
194656 512 0 24559358342438
195168 512 0 24559358621079
195680 512 0 24559358899719
196192 512 0 24559359178360
196704 512 0 24559359457000
197216 512 0 24559359735642
197728 512 0 24559360014283
198240 512 0 24559360292923
198752 512 0 24559360571564
199264 512 0 24559360850204
199776 512 0 24559361128845
200288 512 0 24559361407485
200800 512 0 24559361686126
201312 512 0 24559361964767
201824 512 0 24559362243407
202336 512 0 24559362522048
202848 512 0 24559362800688
203360 512 0 24559363079329
203872 512 0 24559363357969
204384 512 0 24559363636610
204896 512 0 24559363915251
205408 512 0 24559364193891
205920 512 0 24559364472532
206432 512 0 24559364751172
206944 512 0 24559365029813
207456 512 0 24559365308453
207968 512 0 24559365587094
208480 512 0 24559365865734
208992 512 0 24559366144375
209504 512 0 24559366423016
210016 512 0 24559366701656
210528 512 0 24559366980297
211040 512 0 24559367258937
211552 512 0 24559367537578
212064 512 0 24559367816218
212576 512 0 24559368094859
213088 512 0 24559368373500
213600 512 0 24559368652140
214112 512 0 24559368930780
214624 512 0 24559369209421
215136 512 0 24559369488062
215648 512 0 24559369766702
216160 512 0 24559370045343
216672 512 0 24559370323983
217184 512 0 24559370602624
217696 512 0 24559370881265
218208 512 0 24559371159905
218720 512 0 24559371438546
219232 512 0 24559371717186
219744 512 0 24559371995827
220256 512 0 24559372274467
220768 512 0 24559372553108
221280 512 0 24559372831749
221792 512 0 24559373110389
222304 512 0 24559373389029
222816 512 0 24559373667670
223328 512 0 24559373946311
223840 512 0 24559374224951
224352 512 0 24559374503592
224864 512 0 24559374782232
225376 512 0 24559375060873
225888 512 0 24559375339513
226400 512 0 24559375618154
226912 512 0 24559375896795
227424 512 0 24559376175435
227936 512 0 24559376454076
228448 512 0 24559376732716
228960 512 0 24559377011357
229472 512 0 24559377289998
229984 512 0 24559377568639
230496 512 0 24559377847280
231008 512 0 24559378125920
231520 512 0 24559378404561
232032 512 0 24559378683201
232544 512 0 24559378961842
233056 512 0 24559379240482
233568 512 0 24559379519123
234080 512 0 24559379797764
234592 512 0 24559380076404
235104 512 0 24559380355045
235616 512 0 24559380633685
236128 512 0 24559380912326
236640 512 0 24559381190967
237152 512 0 24559381469607
237664 512 0 24559381748248
238176 512 0 24559382026888
238688 512 0 24559382305529
239200 512 0 24559382584169
239712 512 0 24559382862810
240224 512 0 24559383141450
240736 512 0 24559383420091
241248 512 0 24559383698731
241760 512 0 24559383977372
242272 512 0 24559384256013
242784 512 0 24559384534653
243296 512 0 24559384813294
243808 512 0 24559385091934
244320 512 0 24559385370575
244832 512 0 24559385649215
245344 512 0 24559385927856
245856 512 0 24559386206497
246368 512 0 24559386485137
246880 512 0 24559386763777
247392 512 0 24559387042418
247904 512 0 24559387321059
248416 512 0 24559387599699
248928 512 0 24559387878340
249440 512 0 24559388156980
249952 512 0 24559388435621
250464 512 0 24559388714262
250976 512 0 24559388992902
251488 512 0 24559389271543
252000 512 0 24559389550183
252512 512 0 24559389828824
253024 512 0 24559390107464
253536 512 0 24559390386105
254048 512 0 24559390664746
254560 512 0 24559390943387
255072 512 0 24559391222028
255584 512 0 24559391500668
256096 512 0 24559391779309
256608 512 0 24559392057949
257120 512 0 24559392336590
257632 512 0 24559392615230
258144 512 0 24559392893871
258656 512 0 24559393172512
259168 512 0 24559393451152
259680 512 0 24559393729793
260192 512 0 24559394008433
260704 512 0 24559394287074
261216 512 0 24559394565715
261728 512 0 24559394844355
262240 512 0 24559395122996
262752 512 0 24559395401636
263264 512 0 24559395680277
263776 512 0 24559395958917
264288 512 0 24559396237558
264800 512 0 24559396516198
265312 512 0 24559396794839
265824 512 0 24559397073479
266336 512 0 24559397352120
266848 512 0 24559397630761
267360 512 0 24559397909401
267872 512 0 24559398188042
268384 512 0 24559398466682
268896 512 0 24559398745323
269408 512 0 24559399023963
269920 512 0 24559399302604
270432 512 0 24559399581245
270944 512 0 24559399859885
271456 512 0 24559400138526
271968 512 0 24559400417166
272480 512 0 24559400695807
272992 512 0 24559400974447
273504 512 0 24559401253088
274016 512 0 24559401531728
274528 512 0 24559401810369
275040 512 0 24559402089010
275552 512 0 24559402367650
276064 512 0 24559402646291
276576 512 0 24559402924931
277088 512 0 24559403203572
277600 512 0 24559403482212
278112 512 0 24559403760853
278624 512 0 24559404039494
279136 512 0 24559404318134
279648 512 0 24559404596774
280160 512 0 24559404875415
280672 512 0 24559405154056
281184 512 0 24559405432696
281696 512 0 24559405711337
282208 512 0 24559405989977
282720 512 0 24559406268618
283232 512 0 24559406547259
283744 512 0 24559406825899
284256 512 0 24559407104540
284768 512 0 24559407383180
285280 512 0 24559407661821
285792 512 0 24559407940461
286304 512 0 24559408219102
286816 512 0 24559408497743
287328 512 0 24559408776384
287840 512 0 24559409055025
288352 512 0 24559409333665
288864 512 0 24559409612306
289376 512 0 24559409890946
289888 512 0 24559410169587
290400 512 0 24559410448227
290912 512 0 24559410726868
291424 512 0 24559411005509
291936 512 0 24559411284149
292448 512 0 24559411562790
292960 512 0 24559411841430
293472 512 0 24559412120071
293984 512 0 24559412398712
294496 512 0 24559412677352
295008 512 0 24559412955993
295520 512 0 24559413234633
296032 512 0 24559413513274
296544 512 0 24559413791914
297056 512 0 24559414070555
297568 512 0 24559414349195
298080 512 0 24559414627836
298592 512 0 24559414906476
299104 512 0 24559415185117
299616 512 0 24559415463758
300128 512 0 24559415742398
300640 512 0 24559416021039
301152 512 0 24559416299679
301664 512 0 24559416578320
302176 512 0 24559416856960
302688 512 0 24559417135601
303200 512 0 24559417414242
303712 512 0 24559417692882
304224 512 0 24559417971523
304736 512 0 24559418250163
305248 512 0 24559418528804
305760 512 0 24559418807444
306272 512 0 24559419086085
306784 512 0 24559419364725
307296 512 0 24559419643366
307808 512 0 24559419922007
308320 512 0 24559420200647
308832 512 0 24559420479288
309344 512 0 24559420757928
309856 512 0 24559421036569
310368 512 0 24559421315209
310880 512 0 24559421593850
311392 512 0 24559421872491
311904 512 0 24559422151132
312416 512 0 24559422429773
312928 512 0 24559422708413
313440 512 0 24559422987054
313952 512 0 24559423265694
314464 512 0 24559423544335
314976 512 0 24559423822976
315488 512 0 24559424101616
316000 512 0 24559424380257
316512 512 0 24559424658897
317024 512 0 24559424937538
317536 512 0 24559425216178
318048 512 0 24559425494819
318560 512 0 24559425773460
319072 512 0 24559426052100
319584 512 0 24559426330741
320096 512 0 24559426609381
320608 512 0 24559426888022
321120 512 0 24559427166662
321632 512 0 24559427445303
322144 512 0 24559427723943
322656 512 0 24559428002584
323168 512 0 24559428281224
323680 512 0 24559428559865
324192 512 0 24559428838506
324704 512 0 24559429117146
325216 512 0 24559429395787
325728 512 0 24559429674427
326240 512 0 24559429953068
326752 512 0 24559430231709
327264 512 0 24559430510349
327776 512 0 24559430788990
328288 512 0 24559431067631
328800 512 0 24559431346272
329312 512 0 24559431624912
329824 512 0 24559431903553
330336 512 0 24559432182193
330848 512 0 24559432460834
331360 512 0 24559432739475
331872 512 0 24559433018115
332384 512 0 24559433296756
332896 512 0 24559433575396
333408 512 0 24559433854037
333920 512 0 24559434132677
334432 512 0 24559434411318
334944 512 0 24559434689959
335456 512 0 24559434968599
335968 512 0 24559435247240
336480 512 0 24559435525880
336992 512 0 24559435804521
337504 512 0 24559436083161
338016 512 0 24559436361802
338528 512 0 24559436640442
339040 512 0 24559436919083
339552 512 0 24559437197724
340064 512 0 24559437476364
340576 512 0 24559437755005
341088 512 0 24559438033645
341600 512 0 24559438312286
342112 512 0 24559438590926
342624 512 0 24559438869567
343136 512 0 24559439148208
343648 512 0 24559439426848
344160 512 0 24559439705489
344672 512 0 24559439984128
345184 512 0 24559440262768
345696 512 0 24559440541409
346208 512 0 24559440820050
346720 512 0 24559441098690
347232 512 0 24559441377331
347744 512 0 24559441655971
348256 512 0 24559441934612
348768 512 0 24559442213252
349280 512 0 24559442491893
349792 512 0 24559442770534
350304 512 0 24559443049174
350816 512 0 24559443327815
351328 512 0 24559443606455
351840 512 0 24559443885096
352352 512 0 24559444163736
352864 512 0 24559444442378
353376 512 0 24559444721019
353888 512 0 24559444999659
354400 512 0 24559445278300
354912 512 0 24559445556940
355424 512 0 24559445835581
355936 512 0 24559446114221
356448 512 0 24559446392862
356960 512 0 24559446671503
357472 512 0 24559446950143
357984 512 0 24559447228784
358496 512 0 24559447507424
359008 512 0 24559447786065
359520 512 0 24559448064705
360032 512 0 24559448343346
360544 512 0 24559448621987
361056 512 0 24559448900627
361568 512 0 24559449179268
362080 512 0 24559449457908
362592 512 0 24559449736549
363104 512 0 24559450015189
363616 512 0 24559450293830
364128 512 0 24559450572470
364640 512 0 24559450851111
365152 512 0 24559451129752
365664 512 0 24559451408392
366176 512 0 24559451687033
366688 512 0 24559451965673
367200 512 0 24559452244314
367712 512 0 24559452522954
368224 512 0 24559452801595
368736 512 0 24559453080236
369248 512 0 24559453358876
369760 512 0 24559453637516
370272 512 0 24559453916157
370784 512 0 24559454194798
371296 512 0 24559454473438
371808 512 0 24559454752079
372320 512 0 24559455030719
372832 512 0 24559455309360
373344 512 0 24559455588001
373856 512 0 24559455866641
374368 512 0 24559456145282
374880 512 0 24559456423922
375392 512 0 24559456702563
375904 512 0 24559456981203
376416 512 0 24559457259844
376928 512 0 24559457538485
377440 512 0 24559457817125
377952 512 0 24559458095765
378464 512 0 24559458374406
378976 512 0 24559458653047
379488 512 0 24559458931687
380000 512 0 24559459210328
380512 512 0 24559459488968
381024 512 0 24559459767609
381536 512 0 24559460046249
382048 512 0 24559460324890
382560 512 0 24559460603531
383072 512 0 24559460882171
383584 512 0 24559461160812
384096 512 0 24559461439452
384608 512 0 24559461718093
385120 512 0 24559461996734
385632 512 0 24559462275374
386144 512 0 24559462554014
386656 512 0 24559462832655
387168 512 0 24559463111296
387680 512 0 24559463389936
388192 512 0 24559463668577
388704 512 0 24559463947217
389216 512 0 24559464225858
389728 512 0 24559464504498
390240 512 0 24559464783139
390752 512 0 24559465061780
391264 512 0 24559465340420
391776 512 0 24559465619061
392288 512 0 24559465897701
392800 512 0 24559466176342
393312 512 0 24559466454982
393824 512 0 24559466733623
394336 512 0 24559467012263
394848 512 0 24559467290904
395360 512 0 24559467569545
395872 512 0 24559467848185
396384 512 0 24559468126826
396896 512 0 24559468405466
397408 512 0 24559468684107
397920 512 0 24559468962747
398432 512 0 24559469241388
398944 512 0 24559469520029
399456 512 0 24559469798669
399968 512 0 24559470077310
400480 512 0 24559470355950
400992 512 0 24559470634591
401504 512 0 24559470913231
402016 512 0 24559471191873
402528 512 0 24559471470514
403040 512 0 24559471749154
403552 512 0 24559472027795
404064 512 0 24559472306435
404576 512 0 24559472585076
405088 512 0 24559472863716
405600 512 0 24559473142357
406112 512 0 24559473420998
406624 512 0 24559473699638
407136 512 0 24559473978279
407648 512 0 24559474256919
408160 512 0 24559474535560
408672 512 0 24559474814200
409184 512 0 24559475092841
409696 512 0 24559475371482
410208 512 0 24559475650122
410720 512 0 24559475928762
411232 512 0 24559476207403
411744 512 0 24559476486044
412256 512 0 24559476764684
412768 512 0 24559477043325
413280 512 0 24559477321965
413792 512 0 24559477600606
414304 512 0 24559477879247
414816 512 0 24559478157887
415328 512 0 24559478436528
415840 512 0 24559478715168
416352 512 0 24559478993809
416864 512 0 24559479272449
417376 512 0 24559479551090
417888 512 0 24559479829731
418400 512 0 24559480108371
418912 512 0 24559480387011
419424 512 0 24559480665652
419936 512 0 24559480944293
420448 512 0 24559481222933
420960 512 0 24559481501574
421472 512 0 24559481780214
421984 512 0 24559482058855
422496 512 0 24559482337495
423008 512 0 24559482616136
423520 512 0 24559482894777
424032 512 0 24559483173417
424544 512 0 24559483452058
425056 512 0 24559483730698
425568 512 0 24559484009339
426080 512 0 24559484287980
426592 512 0 24559484566621
427104 512 0 24559484845262
427616 512 0 24559485123902
428128 512 0 24559485402543
428640 512 0 24559485681183
429152 512 0 24559485959824
429664 512 0 24559486238464
430176 512 0 24559486517105
430688 512 0 24559486795746
431200 512 0 24559487074386
431712 512 0 24559487353027
432224 512 0 24559487631667
432736 512 0 24559487910308
433248 512 0 24559488188949
433760 512 0 24559488467589
434272 512 0 24559488746230
434784 512 0 24559489024870
435296 512 0 24559489303511
435808 512 0 24559489582151
436320 512 0 24559489860792
436832 512 0 24559490139432
437344 512 0 24559490418073
437856 512 0 24559490696713
438368 512 0 24559490975354
438880 512 0 24559491253995
439392 512 0 24559491532635
439904 512 0 24559491811276
440416 512 0 24559492089916
440928 512 0 24559492368557
441440 512 0 24559492647197
441952 512 0 24559492925838
442464 512 0 24559493204479
442976 512 0 24559493483119
443488 512 0 24559493761759
444000 512 0 24559494040400
444512 512 0 24559494319041
445024 512 0 24559494597681
445536 512 0 24559494876322
446048 512 0 24559495154962
446560 512 0 24559495433603
447072 512 0 24559495712244
447584 512 0 24559495990884
448096 512 0 24559496269525
448608 512 0 24559496548165
449120 512 0 24559496826806
449632 512 0 24559497105446
450144 512 0 24559497384087
450656 512 0 24559497662728
451168 512 0 24559497941368
451680 512 0 24559498220008
452192 512 0 24559498498649
452704 512 0 24559498777290
453216 512 0 24559499055930
453728 512 0 24559499334571
454240 512 0 24559499613211
454752 512 0 24559499891852
455264 512 0 24559500170492
455776 512 0 24559500449133
456288 512 0 24559500727774
456800 512 0 24559501006414
457312 512 0 24559501285055
457824 512 0 24559501563695
458336 512 0 24559501842336
458848 512 0 24559502120977
459360 512 0 24559502399618
459872 512 0 24559502678259
460384 512 0 24559502956899
460896 512 0 24559503235540
461408 512 0 24559503514180
461920 512 0 24559503792821
462432 512 0 24559504071461
462944 512 0 24559504350102
463456 512 0 24559504628743
463968 512 0 24559504907383
464480 512 0 24559505186024
464992 512 0 24559505464664
465504 512 0 24559505743305
466016 512 0 24559506021946
466528 512 0 24559506300586
467040 512 0 24559506579227
467552 512 0 24559506857867
468064 512 0 24559507136508
468576 512 0 24559507415148
469088 512 0 24559507693789
469600 512 0 24559507972429
470112 512 0 24559508251070
470624 512 0 24559508529710
471136 512 0 24559508808351
471648 512 0 24559509086992
472160 512 0 24559509365632
472672 512 0 24559509644273
473184 512 0 24559509922913
473696 512 0 24559510201554
474208 512 0 24559510480194
474720 512 0 24559510758835
475232 512 0 24559511037476
475744 512 0 24559511316116
476256 512 0 24559511594756
476768 512 0 24559511873397
477280 512 0 24559512152038
477792 512 0 24559512430678
478304 512 0 24559512709319
478816 512 0 24559512987959
479328 512 0 24559513266600
479840 512 0 24559513545241
480352 512 0 24559513823881
480864 512 0 24559514102522
481376 512 0 24559514381162
481888 512 0 24559514659803
482400 512 0 24559514938443
482912 512 0 24559515217084
483424 512 0 24559515495725
483936 512 0 24559515774365
484448 512 0 24559516053005
484960 512 0 24559516331646
485472 512 0 24559516610287
485984 512 0 24559516888927
486496 512 0 24559517167568
487008 512 0 24559517446208
487520 512 0 24559517724849
488032 512 0 24559518003489
488544 512 0 24559518282130
489056 512 0 24559518560771
489568 512 0 24559518839411
490080 512 0 24559519118052
490592 512 0 24559519396692
491104 512 0 24559519675333
491616 512 0 24559519953974
492128 512 0 24559520232615
492640 512 0 24559520511256
493152 512 0 24559520789896
493664 512 0 24559521068537
494176 512 0 24559521347177
494688 512 0 24559521625818
495200 512 0 24559521904458
495712 512 0 24559522183099
496224 512 0 24559522461740
496736 512 0 24559522740380
497248 512 0 24559523019021
497760 512 0 24559523297661
498272 512 0 24559523576302
498784 512 0 24559523854943
499296 512 0 24559524133583
499808 512 0 24559524412224
500320 512 0 24559524690864
500832 512 0 24559524969505
501344 512 0 24559525248145
501856 512 0 24559525526786
502368 512 0 24559525805426
502880 512 0 24559526084067
503392 512 0 24559526362707
503904 512 0 24559526641348
504416 512 0 24559526919989
504928 512 0 24559527198629
505440 512 0 24559527477270
505952 512 0 24559527755910
506464 512 0 24559528034551
506976 512 0 24559528313191
507488 512 0 24559528591832
508000 512 0 24559528870473
508512 512 0 24559529149113
509024 512 0 24559529427753
509536 512 0 24559529706394
510048 512 0 24559529985035
510560 512 0 24559530263675
511072 512 0 24559530542316
511584 512 0 24559530820956
512096 512 0 24559531099597
512608 512 0 24559531378238
513120 512 0 24559531656878
513632 512 0 24559531935519
514144 512 0 24559532214159
514656 512 0 24559532492800
515168 512 0 24559532771440
515680 512 0 24559533050081
516192 512 0 24559533328722
516704 512 0 24559533607362
517216 512 0 24559533886002
517728 512 0 24559534164643
518240 512 0 24559534443284
518752 512 0 24559534721924
519264 512 0 24559535000565
519776 512 0 24559535279205
520288 512 0 24559535557846
520800 512 0 24559535836486
521312 512 0 24559536115127
521824 512 0 24559536393768
522336 512 0 24559536672408
522848 512 0 24559536951049
523360 512 0 24559537229689
523872 512 0 24559537508330
524384 512 0 24559537786971
524896 512 0 24559538065611
525408 512 0 24559538344251
525920 512 0 24559538622892
526432 512 0 24559538901533
526944 512 0 24559539180173
527456 512 0 24559539458814
527968 512 0 24559539737454
528480 512 0 24559540016095
528992 512 0 24559540294735
529504 512 0 24559540573376
530016 512 0 24559540852017
530528 512 0 24559541130657
531040 512 0 24559541409298
531552 512 0 24559541687938
532064 512 0 24559541966579
532576 512 0 24559542245219
533088 512 0 24559542523861
533600 512 0 24559542802502
534112 512 0 24559543081142
534624 512 0 24559543359783
535136 512 0 24559543638423
535648 512 0 24559543917064
536160 512 0 24559544195704
536672 512 0 24559544474345
537184 512 0 24559544752986
537696 512 0 24559545031626
538208 512 0 24559545310267
538720 512 0 24559545588907
539232 512 0 24559545867548
539744 512 0 24559546146188
540256 512 0 24559546424829
540768 512 0 24559546703470
541280 512 0 24559546982110
541792 512 0 24559547260751
542304 512 0 24559547539391
542816 512 0 24559547818032
543328 512 0 24559548096672
543840 512 0 24559548375313
544352 512 0 24559548653953
544864 512 0 24559548932594
545376 512 0 24559549211235
545888 512 0 24559549489875
546400 512 0 24559549768516
546912 512 0 24559550047156
547424 512 0 24559550325797
547936 512 0 24559550604437
548448 512 0 24559550883078
548960 512 0 24559551161719
549472 512 0 24559551440359
549984 512 0 24559551718999
550496 512 0 24559551997640
551008 512 0 24559552276281
551520 512 0 24559552554921
552032 512 0 24559552833562
552544 512 0 24559553112202
553056 512 0 24559553390843
553568 512 0 24559553669484
554080 512 0 24559553948124
554592 512 0 24559554226765
555104 512 0 24559554505405
555616 512 0 24559554784046
556128 512 0 24559555062686
556640 512 0 24559555341327
557152 512 0 24559555619968
557664 512 0 24559555898608
558176 512 0 24559556177248
558688 512 0 24559556455889
559200 512 0 24559556734530
559712 512 0 24559557013170
560224 512 0 24559557291811
560736 512 0 24559557570451
561248 512 0 24559557849092
561760 512 0 24559558127732
562272 512 0 24559558406373
562784 512 0 24559558685014
563296 512 0 24559558963654
563808 512 0 24559559242295
564320 512 0 24559559520935
564832 512 0 24559559799576
565344 512 0 24559560078216
565856 512 0 24559560356857
566368 512 0 24559560635497
566880 512 0 24559560914138
567392 512 0 24559561192779
567904 512 0 24559561471419
568416 512 0 24559561750060
568928 512 0 24559562028700
569440 512 0 24559562307341
569952 512 0 24559562585981
570464 512 0 24559562864622
570976 512 0 24559563143263
571488 512 0 24559563421903
572000 512 0 24559563700544
572512 512 0 24559563979184
573024 512 0 24559564257825
573536 512 0 24559564536465
574048 512 0 24559564815107
574560 512 0 24559565093748
575072 512 0 24559565372388
575584 512 0 24559565651029
576096 512 0 24559565929669
576608 512 0 24559566208310
577120 512 0 24559566486950
577632 512 0 24559566765591
578144 512 0 24559567044232
578656 512 0 24559567322872
579168 512 0 24559567601513
579680 512 0 24559567880153
580192 512 0 24559568158794
580704 512 0 24559568437434
581216 512 0 24559568716075
581728 512 0 24559568994716
582240 512 0 24559569273356
582752 512 0 24559569551996
583264 512 0 24559569830637
583776 512 0 24559570109278
584288 512 0 24559570387918
584800 512 0 24559570666559
585312 512 0 24559570945199
585824 512 0 24559571223840
586336 512 0 24559571502481
586848 512 0 24559571781121
587360 512 0 24559572059762
587872 512 0 24559572338402
588384 512 0 24559572617043
588896 512 0 24559572895683
589408 512 0 24559573174324
589920 512 0 24559573452965
590432 512 0 24559573731606
590944 512 0 24559574010247
591456 512 0 24559574288887
591968 512 0 24559574567528
592480 512 0 24559574846168
592992 512 0 24559575124809
593504 512 0 24559575403449
594016 512 0 24559575682090
594528 512 0 24559575960731
595040 512 0 24559576239371
595552 512 0 24559576518012
596064 512 0 24559576796652
596576 512 0 24559577075293
597088 512 0 24559577353934
597600 512 0 24559577632574
598112 512 0 24559577911215
598624 512 0 24559578189854
599136 512 0 24559578468494
599648 512 0 24559578747135
600160 512 0 24559579025776
600672 512 0 24559579304416
601184 512 0 24559579583057
601696 512 0 24559579861697
602208 512 0 24559580140338
602720 512 0 24559580418978
603232 512 0 24559580697619
603744 512 0 24559580976260
604256 512 0 24559581254900
604768 512 0 24559581533541
605280 512 0 24559581812181
605792 512 0 24559582090822
606304 512 0 24559582369462
606816 512 0 24559582648104
607328 512 0 24559582926745
607840 512 0 24559583205385
608352 512 0 24559583484026
608864 512 0 24559583762666
609376 512 0 24559584041307
609888 512 0 24559584319947
610400 512 0 24559584598588
610912 512 0 24559584877229
611424 512 0 24559585155869
611936 512 0 24559585434510
612448 512 0 24559585713150
612960 512 0 24559585991791
613472 512 0 24559586270431
613984 512 0 24559586549072
614496 512 0 24559586827713
615008 512 0 24559587106353
615520 512 0 24559587384993
616032 512 0 24559587663634
616544 512 0 24559587942275
617056 512 0 24559588220915
617568 512 0 24559588499556
618080 512 0 24559588778196
618592 512 0 24559589056837
619104 512 0 24559589335478
619616 512 0 24559589614118
620128 512 0 24559589892759
620640 512 0 24559590171399
621152 512 0 24559590450040
621664 512 0 24559590728680
622176 512 0 24559591007321
622688 512 0 24559591285962
623200 512 0 24559591564602
623712 512 0 24559591843242
624224 512 0 24559592121883
624736 512 0 24559592400524
625248 512 0 24559592679164
625760 512 0 24559592957805
626272 512 0 24559593236445
626784 512 0 24559593515086
627296 512 0 24559593793727
627808 512 0 24559594072367
628320 512 0 24559594351008
628832 512 0 24559594629648
629344 512 0 24559594908289
629856 512 0 24559595186929
630368 512 0 24559595465570
630880 512 0 24559595744211
631392 512 0 24559596022852
631904 512 0 24559596301493
632416 512 0 24559596580133
632928 512 0 24559596858774
633440 512 0 24559597137414
633952 512 0 24559597416055
634464 512 0 24559597694695
634976 512 0 24559597973336
635488 512 0 24559598251977
636000 512 0 24559598530617
636512 512 0 24559598809258
637024 512 0 24559599087898
637536 512 0 24559599366539
638048 512 0 24559599645180
638560 512 0 24559599923820
639072 512 0 24559600202461
639584 512 0 24559600481101
640096 512 0 24559600759742
640608 512 0 24559601038382
641120 512 0 24559601317023
641632 512 0 24559601595663
642144 512 0 24559601874304
642656 512 0 24559602152944
643168 512 0 24559602431585
643680 512 0 24559602710226
644192 512 0 24559602988866
644704 512 0 24559603267507
645216 512 0 24559603546147
645728 512 0 24559603824788
646240 512 0 24559604103428
646752 512 0 24559604382069
647264 512 0 24559604660710
647776 512 0 24559604939350
648288 512 0 24559605217990
648800 512 0 24559605496631
649312 512 0 24559605775272
649824 512 0 24559606053912
650336 512 0 24559606332553
650848 512 0 24559606611193
651360 512 0 24559606889834
651872 512 0 24559607168475
652384 512 0 24559607447115
652896 512 0 24559607725756
653408 512 0 24559608004396
653920 512 0 24559608283037
654432 512 0 24559608561677
654944 512 0 24559608840318
655456 512 0 24559609118959
655968 512 0 24559609397599
656480 512 0 24559609676239
656992 512 0 24559609954880
657504 512 0 24559610233521
658016 512 0 24559610512161
658528 512 0 24559610790802
659040 512 0 24559611069442
659552 512 0 24559611348083
660064 512 0 24559611626724
660576 512 0 24559611905364
661088 512 0 24559612184005
661600 512 0 24559612462645
662112 512 0 24559612741286
662624 512 0 24559613019926
663136 512 0 24559613298567
663648 512 0 24559613577208
664160 512 0 24559613855849
664672 512 0 24559614134490
665184 512 0 24559614413130
665696 512 0 24559614691771
666208 512 0 24559614970411
666720 512 0 24559615249052
667232 512 0 24559615527692
667744 512 0 24559615806333
668256 512 0 24559616084974
668768 512 0 24559616363614
669280 512 0 24559616642255
669792 512 0 24559616920895
670304 512 0 24559617199536
670816 512 0 24559617478177
671328 512 0 24559617756817
671840 512 0 24559618035458
672352 512 0 24559618314098
672864 512 0 24559618592739
673376 512 0 24559618871379
673888 512 0 24559619150020
674400 512 0 24559619428660
674912 512 0 24559619707301
675424 512 0 24559619985941
675936 512 0 24559620264582
676448 512 0 24559620543223
676960 512 0 24559620821863
677472 512 0 24559621100504
677984 512 0 24559621379144
678496 512 0 24559621657785
679008 512 0 24559621936425
679520 512 0 24559622215066
680032 512 0 24559622493707
680544 512 0 24559622772347
681056 512 0 24559623050987
681568 512 0 24559623329628
682080 512 0 24559623608269
682592 512 0 24559623886909
683104 512 0 24559624165550
683616 512 0 24559624444190
684128 512 0 24559624722831
684640 512 0 24559625001472
685152 512 0 24559625280112
685664 512 0 24559625558753
686176 512 0 24559625837393
686688 512 0 24559626116034
687200 512 0 24559626394674
687712 512 0 24559626673315
688224 512 0 24559626951956
688736 512 0 24559627230596
689248 512 0 24559627509236
689760 512 0 24559627787877
690272 512 0 24559628066518
690784 512 0 24559628345158
691296 512 0 24559628623799
691808 512 0 24559628902439
692320 512 0 24559629181080
692832 512 0 24559629459721
693344 512 0 24559629738361
693856 512 0 24559630017002
694368 512 0 24559630295642
694880 512 0 24559630574283
695996 512 0 24559631181632
696516 512 0 24559631464627
697036 512 0 24559631747621
697556 512 0 24559632030615
698076 512 0 24559632313610
698596 512 0 24559632596604
699116 512 0 24559632879598
699636 512 0 24559633162593
700156 512 0 24559633445587
17520 512 0 24559651419266
18032 512 0 24559651547266
18544 512 0 24559651675266
19056 512 0 24559651803266
19568 512 0 24559651931266
20080 512 0 24559652059266
20592 512 0 24559652187266
21104 512 0 24559652315266
21616 512 0 24559652443266
22128 512 0 24559652571266
22640 512 0 24559652699266
23152 512 0 24559652827266
23664 512 0 24559652955266
24176 512 0 24559653083266
24688 512 0 24559653211266
25200 512 0 24559653339266
25712 512 0 24559653467266
26224 512 0 24559653595266
26736 512 0 24559653723266
27248 512 0 24559653851266
27760 512 0 24559653979266
28272 512 0 24559654107266
28784 512 0 24559654235266
29296 512 0 24559654363266
29808 512 0 24559654491266
30320 512 0 24559654619266
30832 512 0 24559654747266
31344 512 0 24559654875266
31856 512 0 24559655003266
32368 512 0 24559655131266
32880 512 0 24559655259266
33392 512 0 24559655387266
33904 512 0 24559655515266
34416 512 0 24559655643266
34928 512 0 24559655771266
35440 512 0 24559655899266
35952 512 0 24559656027266
36464 512 0 24559656155266
36976 512 0 24559656283266
37488 512 0 24559656411266
38000 512 0 24559656539266
38512 512 0 24559656667266
39024 512 0 24559656795266
39536 512 0 24559656923266
40048 512 0 24559657051266
40560 512 0 24559657179266
41072 512 0 24559657307266
41584 512 0 24559657435266
42096 512 0 24559657563266
42608 512 0 24559657691266
43120 512 0 24559657819266
43632 512 0 24559657947266
44144 512 0 24559658075266
44656 512 0 24559658203266
45168 512 0 24559658331266
45680 512 0 24559658459266
46192 512 0 24559658587266
46704 512 0 24559658715266
47216 512 0 24559658843266
47728 512 0 24559658971266
48240 512 0 24559659099266
48752 512 0 24559659227266
49264 512 0 24559659355266
49776 512 0 24559659483266
50288 512 0 24559659611295
50800 512 0 24559659739295
51312 512 0 24559659867296
51824 512 0 24559659995296
52336 512 0 24559660123296
52848 512 0 24559660251297
53360 512 0 24559660379297
53872 512 0 24559660507297
54384 512 0 24559660635298
54896 512 0 24559660763298
55408 512 0 24559660891299
55920 512 0 24559661019299
56432 512 0 24559661147299
56944 512 0 24559661275300
57456 512 0 24559661403300
57968 512 0 24559661531300
58480 512 0 24559661659301
58992 512 0 24559661787301
59504 512 0 24559661915302
60016 512 0 24559662043302
60528 512 0 24559662171302
61040 512 0 24559662299303
61552 512 0 24559662427303
62064 512 0 24559662555303
62576 512 0 24559662683304
63088 512 0 24559662811304
63600 512 0 24559662939305
64112 512 0 24559663067305
64624 512 0 24559663195305
65136 512 0 24559663323306
65648 512 0 24559663451306
66160 512 0 24559663579315
66672 512 0 24559663707316
67184 512 0 24559663835316
67696 512 0 24559663963317
68208 512 0 24559664091317
68720 512 0 24559664219318
69232 512 0 24559664347318
69744 512 0 24559664475319
70256 512 0 24559664603319
70768 512 0 24559664731320
71280 512 0 24559664859320
71792 512 0 24559664987321
72304 512 0 24559665115321
72816 512 0 24559665243322
73328 512 0 24559665371322
73840 512 0 24559665499323
74352 512 0 24559665627323
74864 512 0 24559665755324
75376 512 0 24559665883324
75888 512 0 24559666011325
76400 512 0 24559666139325
76912 512 0 24559666267326
77424 512 0 24559666395326
77936 512 0 24559666523327
78448 512 0 24559666651327
78960 512 0 24559666779328
79472 512 0 24559666907328
79984 512 0 24559667035329
80496 512 0 24559667163329
81008 512 0 24559667291330
81520 512 0 24559667419330
82032 512 0 24559667547331
82544 512 0 24559667675333
83056 512 0 24559667803334
83568 512 0 24559667931334
84080 512 0 24559668059335
84592 512 0 24559668187335
85104 512 0 24559668315336
85616 512 0 24559668443336
86128 512 0 24559668571337
86640 512 0 24559668699337
87152 512 0 24559668827338
87664 512 0 24559668955338
88176 512 0 24559669083339
88688 512 0 24559669211339
89200 512 0 24559669339340
89712 512 0 24559669467340
90224 512 0 24559669595341
90736 512 0 24559669723341
91248 512 0 24559669851342
91760 512 0 24559669979342
92272 512 0 24559670107343
92784 512 0 24559670235343
93296 512 0 24559670363344
93808 512 0 24559670491344
94320 512 0 24559670619345
94832 512 0 24559670747345
95344 512 0 24559670875346
95856 512 0 24559671003346
96368 512 0 24559671131347
96880 512 0 24559671259347
97392 512 0 24559671387348
97904 512 0 24559671515348
98416 512 0 24559671643349
98928 512 0 24559671771349
99440 512 0 24559671899349
99952 512 0 24559672027350
100464 512 0 24559672155350
100976 512 0 24559672283351
101488 512 0 24559672411351
102000 512 0 24559672539352
102512 512 0 24559672667352
103024 512 0 24559672795353
103536 512 0 24559672923353
104048 512 0 24559673051354
104560 512 0 24559673179354
105072 512 0 24559673307355
105584 512 0 24559673435355
106096 512 0 24559673563356
106608 512 0 24559673691356
107120 512 0 24559673819357
107632 512 0 24559673947357
108144 512 0 24559674075358
108656 512 0 24559674203358
109168 512 0 24559674331359
109680 512 0 24559674459359
110192 512 0 24559674587360
110704 512 0 24559674715360
111216 512 0 24559674843361
111728 512 0 24559674971361
112240 512 0 24559675099362
112752 512 0 24559675227362
113264 512 0 24559675355363
113776 512 0 24559675483363
114288 512 0 24559675611364
114800 512 0 24559675739364
115312 512 0 24559675867366
115824 512 0 24559675995367
116336 512 0 24559676123367
116848 512 0 24559676251368
117360 512 0 24559676379368
117872 512 0 24559676507369
118384 512 0 24559676635369
118896 512 0 24559676763370
119408 512 0 24559676891370
119920 512 0 24559677019371
120432 512 0 24559677147371
120944 512 0 24559677275372
121456 512 0 24559677403372
121968 512 0 24559677531373
122480 512 0 24559677659373
122992 512 0 24559677787374
123504 512 0 24559677915375
124016 512 0 24559678043375
124528 512 0 24559678171376
125040 512 0 24559678299376
125552 512 0 24559678427377
126064 512 0 24559678555377
126576 512 0 24559678683378
127088 512 0 24559678811378
127600 512 0 24559678939379
128112 512 0 24559679067379
128624 512 0 24559679195380
129136 512 0 24559679323380
129648 512 0 24559679451381
130160 512 0 24559679579381
130672 512 0 24559679707382
131184 512 0 24559679835382
131696 512 0 24559679963382
132208 512 0 24559680091382
132720 512 0 24559680219383
133232 512 0 24559680347383
133744 512 0 24559680475384
134256 512 0 24559680603384
134768 512 0 24559680731385
135280 512 0 24559680859385
135792 512 0 24559680987386
136304 512 0 24559681115387
136816 512 0 24559681243387
137328 512 0 24559681371388
137840 512 0 24559681499388
138352 512 0 24559681627389
138864 512 0 24559681755389
139376 512 0 24559681883390
139888 512 0 24559682011390
140400 512 0 24559682139391
140912 512 0 24559682267391
141424 512 0 24559682395392
141936 512 0 24559682523392
142448 512 0 24559682651393
142960 512 0 24559682779393
143472 512 0 24559682907394
143984 512 0 24559683035394
144496 512 0 24559683163395
145008 512 0 24559683291395
145520 512 0 24559683419396
146032 512 0 24559683547396
146544 512 0 24559683675397
147056 512 0 24559683803397
147568 512 0 24559683931398
148080 512 0 24559684059398
148592 512 0 24559684187400
149104 512 0 24559684315400
149616 512 0 24559684443401
150128 512 0 24559684571401
150640 512 0 24559684699402
151152 512 0 24559684827402
151664 512 0 24559684955403
152176 512 0 24559685083403
152688 512 0 24559685211404
153200 512 0 24559685339404
153712 512 0 24559685467405
154224 512 0 24559685595405
154736 512 0 24559685723406
155248 512 0 24559685851406
155760 512 0 24559685979407
156272 512 0 24559686107407
156784 512 0 24559686235408
157296 512 0 24559686363408
157808 512 0 24559686491409
158320 512 0 24559686619409
158832 512 0 24559686747410
159344 512 0 24559686875410
159856 512 0 24559687003411
160368 512 0 24559687131411
160880 512 0 24559687259412
161392 512 0 24559687387412
161904 512 0 24559687515413
162416 512 0 24559687643414
162928 512 0 24559687771414
163440 512 0 24559687899415
163952 512 0 24559688027415
164464 512 0 24559688155415
164976 512 0 24559688283415
165488 512 0 24559688411416
166000 512 0 24559688539417
166512 512 0 24559688667417
167024 512 0 24559688795418
167536 512 0 24559688923418
168048 512 0 24559689051419
168560 512 0 24559689179419
169072 512 0 24559689307420
169584 512 0 24559689435420
170096 512 0 24559689563421
170608 512 0 24559689691421
171120 512 0 24559689819422
171632 512 0 24559689947422
172144 512 0 24559690075423
172656 512 0 24559690203423
173168 512 0 24559690331424
173680 512 0 24559690459424
174192 512 0 24559690587425
174704 512 0 24559690715425
175216 512 0 24559690843426
175728 512 0 24559690971426
176240 512 0 24559691099427
176752 512 0 24559691227427
177264 512 0 24559691355428
177776 512 0 24559691483428
178288 512 0 24559691611429
178800 512 0 24559691739429
179312 512 0 24559691867430
179824 512 0 24559691995430
180336 512 0 24559692123431
180848 512 0 24559692251431
181360 512 0 24559692379431
181872 512 0 24559692507432
182384 512 0 24559692635432
182896 512 0 24559692763433
183408 512 0 24559692891433
183920 512 0 24559693019434
184432 512 0 24559693147434
184944 512 0 24559693275435
185456 512 0 24559693403435
185968 512 0 24559693531436
186480 512 0 24559693659436
186992 512 0 24559693787437
187504 512 0 24559693915437
188016 512 0 24559694043438
188528 512 0 24559694171439
189040 512 0 24559694299439
189552 512 0 24559694427440
190064 512 0 24559694555440
190576 512 0 24559694683441
191088 512 0 24559694811441
191600 512 0 24559694939442
192112 512 0 24559695067442
192624 512 0 24559695195443
193136 512 0 24559695323443
193648 512 0 24559695451444
194160 512 0 24559695579444
194672 512 0 24559695707445
195184 512 0 24559695835445
195696 512 0 24559695963446
196208 512 0 24559696091446
196720 512 0 24559696219447
197232 512 0 24559696347447
197744 512 0 24559696475449
198256 512 0 24559696603449
198768 512 0 24559696731450
199280 512 0 24559696859450
199792 512 0 24559696987451
200304 512 0 24559697115451
200816 512 0 24559697243452
201328 512 0 24559697371452
201840 512 0 24559697499453
202352 512 0 24559697627453
202864 512 0 24559697755454
203376 512 0 24559697883454
203888 512 0 24559698011455
204400 512 0 24559698139455
204912 512 0 24559698267456
205424 512 0 24559698395456
205936 512 0 24559698523457
206448 512 0 24559698651457
206960 512 0 24559698779458
207472 512 0 24559698907458
207984 512 0 24559699035459
208496 512 0 24559699163459
209008 512 0 24559699291460
209520 512 0 24559699419460
210032 512 0 24559699547461
210544 512 0 24559699675461
211056 512 0 24559699803462
211568 512 0 24559699931462
212080 512 0 24559700059463
212592 512 0 24559700187463
213104 512 0 24559700315464
213616 512 0 24559700443465
214128 512 0 24559700571466
214640 512 0 24559700699466
215152 512 0 24559700827467
215664 512 0 24559700955467
216176 512 0 24559701083468
216688 512 0 24559701211468
217200 512 0 24559701339469
217712 512 0 24559701467469
218224 512 0 24559701595470
218736 512 0 24559701723470
219248 512 0 24559701851471
219760 512 0 24559701979471
220272 512 0 24559702107472
220784 512 0 24559702235472
221296 512 0 24559702363473
221808 512 0 24559702491474
222320 512 0 24559702619474
222832 512 0 24559702747475
223344 512 0 24559702875475
223856 512 0 24559703003476
224368 512 0 24559703131476
224880 512 0 24559703259477
225392 512 0 24559703387477
225904 512 0 24559703515478
226416 512 0 24559703643478
226928 512 0 24559703771479
227440 512 0 24559703899479
227952 512 0 24559704027480
228464 512 0 24559704155480
228976 512 0 24559704283481
229488 512 0 24559704411481
230000 512 0 24559704539481
230512 512 0 24559704667482
231024 512 0 24559704795482
231536 512 0 24559704923483
232048 512 0 24559705051483
232560 512 0 24559705179484
233072 512 0 24559705307484
233584 512 0 24559705435485
234096 512 0 24559705563485
234608 512 0 24559705691486
235120 512 0 24559705819486
235632 512 0 24559705947487
236144 512 0 24559706075487
236656 512 0 24559706203488
237168 512 0 24559706331488
237680 512 0 24559706459489
238192 512 0 24559706587489
238704 512 0 24559706715490
239216 512 0 24559706843490
239728 512 0 24559706971491
240240 512 0 24559707099491
240752 512 0 24559707227492
241264 512 0 24559707355492
241776 512 0 24559707483493
242288 512 0 24559707611493
242800 512 0 24559707739494
243312 512 0 24559707867494
243824 512 0 24559707995495
244336 512 0 24559708123495
244848 512 0 24559708251496
245360 512 0 24559708379496
245872 512 0 24559708507497
246384 512 0 24559708635498
246896 512 0 24559708763499
247408 512 0 24559708891499
247920 512 0 24559709019500
248432 512 0 24559709147500
248944 512 0 24559709275501
249456 512 0 24559709403501
249968 512 0 24559709531502
250480 512 0 24559709659502
250992 512 0 24559709787503
251504 512 0 24559709915503
252016 512 0 24559710043504
252528 512 0 24559710171504
253040 512 0 24559710299505
253552 512 0 24559710427505
254064 512 0 24559710555506
254576 512 0 24559710683507
255088 512 0 24559710811507
255600 512 0 24559710939508
256112 512 0 24559711067508
256624 512 0 24559711195509
257136 512 0 24559711323509
257648 512 0 24559711451510
258160 512 0 24559711579510
258672 512 0 24559711707511
259184 512 0 24559711835511
259696 512 0 24559711963512
260208 512 0 24559712091512
260720 512 0 24559712219513
261232 512 0 24559712347513
261744 512 0 24559712475514
262256 512 0 24559712603514
262768 512 0 24559712731514
263280 512 0 24559712859515
263792 512 0 24559712987515
264304 512 0 24559713115516
264816 512 0 24559713243516
265328 512 0 24559713371517
265840 512 0 24559713499517
266352 512 0 24559713627518
266864 512 0 24559713755518
267376 512 0 24559713883519
267888 512 0 24559714011519
268400 512 0 24559714139520
268912 512 0 24559714267520
269424 512 0 24559714395521
269936 512 0 24559714523521
270448 512 0 24559714651522
270960 512 0 24559714779522
271472 512 0 24559714907523
271984 512 0 24559715035523
272496 512 0 24559715163524
273008 512 0 24559715291524
273520 512 0 24559715419525
274032 512 0 24559715547525
274544 512 0 24559715675526
275056 512 0 24559715803526
275568 512 0 24559715931527
276080 512 0 24559716059527
276592 512 0 24559716187528
277104 512 0 24559716315528
277616 512 0 24559716443529
278128 512 0 24559716571529
278640 512 0 24559716699530
279152 512 0 24559716827530
279664 512 0 24559716955531
280176 512 0 24559717083531
280688 512 0 24559717211532
281200 512 0 24559717339532
281712 512 0 24559717467533
282224 512 0 24559717595533
282736 512 0 24559717723534
283248 512 0 24559717851534
283760 512 0 24559717979535
284272 512 0 24559718107535
284784 512 0 24559718235536
285296 512 0 24559718363536
285808 512 0 24559718491537
286320 512 0 24559718619537
286832 512 0 24559718747538
287344 512 0 24559718875538
287856 512 0 24559719003539
288368 512 0 24559719131539
288880 512 0 24559719259540
289392 512 0 24559719387540
289904 512 0 24559719515541
290416 512 0 24559719643541
290928 512 0 24559719771542
291440 512 0 24559719899542
291952 512 0 24559720027543
292464 512 0 24559720155543
292976 512 0 24559720283544
293488 512 0 24559720411544
294000 512 0 24559720539545
294512 512 0 24559720667545
295024 512 0 24559720795546
295536 512 0 24559720923546
296048 512 0 24559721051548
296560 512 0 24559721179548
297072 512 0 24559721307549
297584 512 0 24559721435549
298096 512 0 24559721563550
298608 512 0 24559721691550
299120 512 0 24559721819551
299632 512 0 24559721947551
300144 512 0 24559722075552
300656 512 0 24559722203552
301168 512 0 24559722331553
301680 512 0 24559722459553
302192 512 0 24559722587554
302704 512 0 24559722715554
303216 512 0 24559722843555
303728 512 0 24559722971555
304240 512 0 24559723099556
304752 512 0 24559723227556
305264 512 0 24559723355557
305776 512 0 24559723483557
306288 512 0 24559723611558
306800 512 0 24559723739558
307312 512 0 24559723867559
307824 512 0 24559723995559
308336 512 0 24559724123560
308848 512 0 24559724251560
309360 512 0 24559724379561
309872 512 0 24559724507561
310384 512 0 24559724635562
310896 512 0 24559724763563
311408 512 0 24559724891563
311920 512 0 24559725019564
312432 512 0 24559725147565
312944 512 0 24559725275565
313456 512 0 24559725403566
313968 512 0 24559725531566
314480 512 0 24559725659567
314992 512 0 24559725787567
315504 512 0 24559725915568
316016 512 0 24559726043568
316528 512 0 24559726171569
317040 512 0 24559726299569
317552 512 0 24559726427570
318064 512 0 24559726555570
318576 512 0 24559726683571
319088 512 0 24559726811571
319600 512 0 24559726939572
320112 512 0 24559727067572
320624 512 0 24559727195573
321136 512 0 24559727323573
321648 512 0 24559727451574
322160 512 0 24559727579574
322672 512 0 24559727707575
323184 512 0 24559727835575
323696 512 0 24559727963576
324208 512 0 24559728091577
324720 512 0 24559728219577
325232 512 0 24559728347578
325744 512 0 24559728475578
326256 512 0 24559728603579
326768 512 0 24559728731579
327280 512 0 24559728859580
327792 512 0 24559728987580
328304 512 0 24559729115580
328816 512 0 24559729243581
329328 512 0 24559729371581
329840 512 0 24559729499582
330352 512 0 24559729627582
330864 512 0 24559729755583
331376 512 0 24559729883583
331888 512 0 24559730011584
332400 512 0 24559730139584
332912 512 0 24559730267585
333424 512 0 24559730395585
333936 512 0 24559730523586
334448 512 0 24559730651586
334960 512 0 24559730779587
335472 512 0 24559730907587
335984 512 0 24559731035588
336496 512 0 24559731163588
337008 512 0 24559731291589
337520 512 0 24559731419589
338032 512 0 24559731547590
338544 512 0 24559731675590
339056 512 0 24559731803591
339568 512 0 24559731931591
340080 512 0 24559732059592
340592 512 0 24559732187592
341104 512 0 24559732315593
341616 512 0 24559732443593
342128 512 0 24559732571594
342640 512 0 24559732699594
343152 512 0 24559732827595
343664 512 0 24559732955596
344176 512 0 24559733083596
344688 512 0 24559733211597
345200 512 0 24559733339598
345712 512 0 24559733467598
346224 512 0 24559733595599
346736 512 0 24559733723599
347248 512 0 24559733851600
347760 512 0 24559733979600
348272 512 0 24559734107601
348784 512 0 24559734235601
349296 512 0 24559734363602
349808 512 0 24559734491602
350320 512 0 24559734619603
350832 512 0 24559734747603
351344 512 0 24559734875604
351856 512 0 24559735003604
352368 512 0 24559735131605
352880 512 0 24559735259605
353392 512 0 24559735387606
353904 512 0 24559735515606
354416 512 0 24559735643607
354928 512 0 24559735771607
355440 512 0 24559735899608
355952 512 0 24559736027608
356464 512 0 24559736155609
356976 512 0 24559736283610
357488 512 0 24559736411610
358000 512 0 24559736539611
358512 512 0 24559736667611
359024 512 0 24559736795612
359536 512 0 24559736923612
360048 512 0 24559737051613
360560 512 0 24559737179613
361072 512 0 24559737307614
361584 512 0 24559737435615
362096 512 0 24559737563615
362608 512 0 24559737691616
363120 512 0 24559737819616
363632 512 0 24559737947617
364144 512 0 24559738075617
364656 512 0 24559738203618
365168 512 0 24559738331618
365680 512 0 24559738459619
366192 512 0 24559738587619
366704 512 0 24559738715620
367216 512 0 24559738843620
367728 512 0 24559738971621
368240 512 0 24559739099621
368752 512 0 24559739227622
369264 512 0 24559739355622
369776 512 0 24559739483623
370288 512 0 24559739611624
370800 512 0 24559739739624
371312 512 0 24559739867625
371824 512 0 24559739995625
372336 512 0 24559740123626
372848 512 0 24559740251626
373360 512 0 24559740379627
373872 512 0 24559740507627
374384 512 0 24559740635628
374896 512 0 24559740763628
375408 512 0 24559740891629
375920 512 0 24559741019629
376432 512 0 24559741147630
376944 512 0 24559741275630
377456 512 0 24559741403631
377968 512 0 24559741531632
378480 512 0 24559741659632
378992 512 0 24559741787633
379504 512 0 24559741915633
380016 512 0 24559742043634
380528 512 0 24559742171634
381040 512 0 24559742299635
381552 512 0 24559742427635
382064 512 0 24559742555636
382576 512 0 24559742683636
383088 512 0 24559742811637
383600 512 0 24559742939637
384112 512 0 24559743067638
384624 512 0 24559743195639
385136 512 0 24559743323639
385648 512 0 24559743451640
386160 512 0 24559743579640
386672 512 0 24559743707641
387184 512 0 24559743835641
387696 512 0 24559743963642
388208 512 0 24559744091642
388720 512 0 24559744219643
389232 512 0 24559744347643
389744 512 0 24559744475644
390256 512 0 24559744603644
390768 512 0 24559744731645
391280 512 0 24559744859645
391792 512 0 24559744987646
392304 512 0 24559745115646
392816 512 0 24559745243647
393328 512 0 24559745371647
393840 512 0 24559745499648
394352 512 0 24559745627649
394864 512 0 24559745755649
395376 512 0 24559745883650
395888 512 0 24559746011650
396400 512 0 24559746139651
396912 512 0 24559746267651
397424 512 0 24559746395652
397936 512 0 24559746523652
398448 512 0 24559746651653
398960 512 0 24559746779653
399472 512 0 24559746907654
399984 512 0 24559747035655
400496 512 0 24559747163655
401008 512 0 24559747291656
401520 512 0 24559747419656
402032 512 0 24559747547657
402544 512 0 24559747675657
403056 512 0 24559747803658
403568 512 0 24559747931658
404080 512 0 24559748059659
404592 512 0 24559748187659
405104 512 0 24559748315660
405616 512 0 24559748443660
406128 512 0 24559748571661
406640 512 0 24559748699661
407152 512 0 24559748827662
407664 512 0 24559748955662
408176 512 0 24559749083663
408688 512 0 24559749211663
409200 512 0 24559749339664
409712 512 0 24559749467664
410224 512 0 24559749595664
410736 512 0 24559749723665
411248 512 0 24559749851665
411760 512 0 24559749979666
412272 512 0 24559750107666
412784 512 0 24559750235667
413296 512 0 24559750363667
413808 512 0 24559750491668
414320 512 0 24559750619668
414832 512 0 24559750747669
415344 512 0 24559750875669
415856 512 0 24559751003670
416368 512 0 24559751131670
416880 512 0 24559751259671
417392 512 0 24559751387671
417904 512 0 24559751515672
418416 512 0 24559751643673
418928 512 0 24559751771673
419440 512 0 24559751899674
419952 512 0 24559752027674
420464 512 0 24559752155675
420976 512 0 24559752283675
421488 512 0 24559752411676
422000 512 0 24559752539676
422512 512 0 24559752667677
423024 512 0 24559752795677
423536 512 0 24559752923678
424048 512 0 24559753051678
424560 512 0 24559753179679
425072 512 0 24559753307679
425584 512 0 24559753435680
426096 512 0 24559753563680
426608 512 0 24559753691682
427120 512 0 24559753819683
427632 512 0 24559753947683
428144 512 0 24559754075684
428656 512 0 24559754203684
429168 512 0 24559754331685
429680 512 0 24559754459685
430192 512 0 24559754587686
430704 512 0 24559754715687
431216 512 0 24559754843687
431728 512 0 24559754971688
432240 512 0 24559755099688
432752 512 0 24559755227689
433264 512 0 24559755355689
433776 512 0 24559755483690
434288 512 0 24559755611690
434800 512 0 24559755739691
435312 512 0 24559755867691
435824 512 0 24559755995692
436336 512 0 24559756123692
436848 512 0 24559756251693
437360 512 0 24559756379693
437872 512 0 24559756507694
438384 512 0 24559756635694
438896 512 0 24559756763695
439408 512 0 24559756891695
439920 512 0 24559757019696
440432 512 0 24559757147696
440944 512 0 24559757275697
441456 512 0 24559757403698
441968 512 0 24559757531698
442480 512 0 24559757659699
442992 512 0 24559757787699
443504 512 0 24559757915700
444016 512 0 24559758043700
444528 512 0 24559758171701
445040 512 0 24559758299701
445552 512 0 24559758427702
446064 512 0 24559758555703
446576 512 0 24559758683703
447088 512 0 24559758811704
447600 512 0 24559758939704
448112 512 0 24559759067705
448624 512 0 24559759195705
449136 512 0 24559759323706
449648 512 0 24559759451706
450160 512 0 24559759579707
450672 512 0 24559759707707
451184 512 0 24559759835708
451696 512 0 24559759963708
452208 512 0 24559760091709
452720 512 0 24559760219709
453232 512 0 24559760347710
453744 512 0 24559760475710
454256 512 0 24559760603711
454768 512 0 24559760731711
455280 512 0 24559760859712
455792 512 0 24559760987712
456304 512 0 24559761115713
456816 512 0 24559761243714
457328 512 0 24559761371714
457840 512 0 24559761499715
458352 512 0 24559761627715
458864 512 0 24559761755716
459376 512 0 24559761883715
459888 512 0 24559762011716
460400 512 0 24559762139716
460912 512 0 24559762267717
461424 512 0 24559762395717
461936 512 0 24559762523718
462448 512 0 24559762651718
462960 512 0 24559762779719
463472 512 0 24559762907719
463984 512 0 24559763035720
464496 512 0 24559763163721
465008 512 0 24559763291721
465520 512 0 24559763419722
466032 512 0 24559763547722
466544 512 0 24559763675723
467056 512 0 24559763803723
467568 512 0 24559763931724
468080 512 0 24559764059724
468592 512 0 24559764187725
469104 512 0 24559764315725
469616 512 0 24559764443726
470128 512 0 24559764571726
470640 512 0 24559764699727
471152 512 0 24559764827727
471664 512 0 24559764955728
472176 512 0 24559765083728
472688 512 0 24559765211729
473200 512 0 24559765339729
473712 512 0 24559765467730
474224 512 0 24559765595730
474736 512 0 24559765723731
475248 512 0 24559765851731
475760 512 0 24559765979732
476272 512 0 24559766107733
476784 512 0 24559766235733
477296 512 0 24559766363734
477808 512 0 24559766491734
478320 512 0 24559766619735
478832 512 0 24559766747735
479344 512 0 24559766875736
479856 512 0 24559767003737
480368 512 0 24559767131737
480880 512 0 24559767259738
481392 512 0 24559767387738
481904 512 0 24559767515739
482416 512 0 24559767643739
482928 512 0 24559767771740
483440 512 0 24559767899740
483952 512 0 24559768027741
484464 512 0 24559768155741
484976 512 0 24559768283742
485488 512 0 24559768411742
486000 512 0 24559768539743
486512 512 0 24559768667743
487024 512 0 24559768795744
487536 512 0 24559768923744
488048 512 0 24559769051745
488560 512 0 24559769179745
489072 512 0 24559769307746
489584 512 0 24559769435746
490096 512 0 24559769563747
490608 512 0 24559769691747
491120 512 0 24559769819748
491632 512 0 24559769947749
492144 512 0 24559770075749
492656 512 0 24559770203750
493168 512 0 24559770331750
493680 512 0 24559770459751
494192 512 0 24559770587751
494704 512 0 24559770715752
495216 512 0 24559770843753
495728 512 0 24559770971753
496240 512 0 24559771099754
496752 512 0 24559771227754
497264 512 0 24559771355755
497776 512 0 24559771483755
498288 512 0 24559771611756
498800 512 0 24559771739756
499312 512 0 24559771867757
499824 512 0 24559771995757
500336 512 0 24559772123758
500848 512 0 24559772251758
501360 512 0 24559772379759
501872 512 0 24559772507759
502384 512 0 24559772635760
502896 512 0 24559772763760
503408 512 0 24559772891761
503920 512 0 24559773019761
504432 512 0 24559773147762
504944 512 0 24559773275762
505456 512 0 24559773403763
505968 512 0 24559773531763
506480 512 0 24559773659764
506992 512 0 24559773787765
507504 512 0 24559773915765
508016 512 0 24559774043766
508528 512 0 24559774171765
509040 512 0 24559774299766
509552 512 0 24559774427766
510064 512 0 24559774555767
510576 512 0 24559774683767
511088 512 0 24559774811768
511600 512 0 24559774939768
512112 512 0 24559775067769
512624 512 0 24559775195769
513136 512 0 24559775323770
513648 512 0 24559775451771
514160 512 0 24559775579771
514672 512 0 24559775707772
515184 512 0 24559775835772
515696 512 0 24559775963773
516208 512 0 24559776091773
516720 512 0 24559776219774
517232 512 0 24559776347774
517744 512 0 24559776475775
518256 512 0 24559776603775
518768 512 0 24559776731776
519280 512 0 24559776859776
519792 512 0 24559776987777
520304 512 0 24559777115777
520816 512 0 24559777243778
521328 512 0 24559777371778
521840 512 0 24559777499779
522352 512 0 24559777627779
522864 512 0 24559777755780
523376 512 0 24559777883780
523888 512 0 24559778011781
524400 512 0 24559778139781
524912 512 0 24559778267781
525424 512 0 24559778395782
525936 512 0 24559778523782
526448 512 0 24559778651783
526960 512 0 24559778779783
527472 512 0 24559778907784
527984 512 0 24559779035784
528496 512 0 24559779163785
529008 512 0 24559779291785
529520 512 0 24559779419786
530032 512 0 24559779547786
530544 512 0 24559779675787
531056 512 0 24559779803787
531568 512 0 24559779931788
532080 512 0 24559780059788
532592 512 0 24559780187789
533104 512 0 24559780315790
533616 512 0 24559780443790
534128 512 0 24559780571791
534640 512 0 24559780699791
535152 512 0 24559780827792
535664 512 0 24559780955792
536176 512 0 24559781083793
536688 512 0 24559781211793
537200 512 0 24559781339794
537712 512 0 24559781467794
538224 512 0 24559781595795
538736 512 0 24559781723795
539248 512 0 24559781851796
539760 512 0 24559781979796
540272 512 0 24559782107797
540784 512 0 24559782235797
541296 512 0 24559782363798
541808 512 0 24559782491799
542320 512 0 24559782619799
542832 512 0 24559782747800
543344 512 0 24559782875800
543856 512 0 24559783003801
544368 512 0 24559783131801
544880 512 0 24559783259802
545392 512 0 24559783387802
545904 512 0 24559783515803
546416 512 0 24559783643803
546928 512 0 24559783771804
547440 512 0 24559783899805
547952 512 0 24559784027805
548464 512 0 24559784155806
548976 512 0 24559784283806
549488 512 0 24559784411807
550000 512 0 24559784539807
550512 512 0 24559784667808
551024 512 0 24559784795808
551536 512 0 24559784923809
552048 512 0 24559785051809
552560 512 0 24559785179810
553072 512 0 24559785307810
553584 512 0 24559785435811
554096 512 0 24559785563811
554608 512 0 24559785691812
555120 512 0 24559785819812
555632 512 0 24559785947813
556144 512 0 24559786075813
556656 512 0 24559786203814
557168 512 0 24559786331814
557680 512 0 24559786459815
558192 512 0 24559786587816
558704 512 0 24559786715816
559216 512 0 24559786843817
559728 512 0 24559786971817
560240 512 0 24559787099818
560752 512 0 24559787227818
561264 512 0 24559787355819
561776 512 0 24559787483819
562288 512 0 24559787611820
562800 512 0 24559787739821
563312 512 0 24559787867821
563824 512 0 24559787995822
564336 512 0 24559788123822
564848 512 0 24559788251823
565360 512 0 24559788379823
565872 512 0 24559788507824
566384 512 0 24559788635824
566896 512 0 24559788763825
567408 512 0 24559788891825
567920 512 0 24559789019826
568432 512 0 24559789147826
568944 512 0 24559789275827
569456 512 0 24559789403827
569968 512 0 24559789531828
570480 512 0 24559789659828
570992 512 0 24559789787829
571504 512 0 24559789915829
572016 512 0 24559790043830
572528 512 0 24559790171830
573040 512 0 24559790299831
573552 512 0 24559790427831
574064 512 0 24559790555832
574576 512 0 24559790683833
575088 512 0 24559790811833
575600 512 0 24559790939834
576112 512 0 24559791067834
576624 512 0 24559791195835
577136 512 0 24559791323835
577648 512 0 24559791451836
578160 512 0 24559791579837
578672 512 0 24559791707837
579184 512 0 24559791835838
579696 512 0 24559791963838
580208 512 0 24559792091839
580720 512 0 24559792219839
581232 512 0 24559792347840
581744 512 0 24559792475840
582256 512 0 24559792603841
582768 512 0 24559792731841
583280 512 0 24559792859842
583792 512 0 24559792987842
584304 512 0 24559793115843
584816 512 0 24559793243843
585328 512 0 24559793371844
585840 512 0 24559793499844
586352 512 0 24559793627845
586864 512 0 24559793755845
587376 512 0 24559793883846
587888 512 0 24559794011846
588400 512 0 24559794139847
588912 512 0 24559794267847
589424 512 0 24559794395848
589936 512 0 24559794523849
590448 512 0 24559794651849
590960 512 0 24559794779849
591472 512 0 24559794907849
591984 512 0 24559795035850
592496 512 0 24559795163850
593008 512 0 24559795291851
593520 512 0 24559795419851
594032 512 0 24559795547852
594544 512 0 24559795675852
595056 512 0 24559795803853
595568 512 0 24559795931853
596080 512 0 24559796059854
596592 512 0 24559796187855
597104 512 0 24559796315855
597616 512 0 24559796443856
598128 512 0 24559796571856
598640 512 0 24559796699857
599152 512 0 24559796827857
599664 512 0 24559796955858
600176 512 0 24559797083858
600688 512 0 24559797211859
601200 512 0 24559797339859
601712 512 0 24559797467860
602224 512 0 24559797595860
602736 512 0 24559797723861
603248 512 0 24559797851861
603760 512 0 24559797979862
604272 512 0 24559798107862
604784 512 0 24559798235863
605296 512 0 24559798363863
605808 512 0 24559798491864
606320 512 0 24559798619864
606832 512 0 24559798747865
607344 512 0 24559798875866
607856 512 0 24559799003866
608368 512 0 24559799131867
608880 512 0 24559799259867
609392 512 0 24559799387868
609904 512 0 24559799515868
610416 512 0 24559799643869
610928 512 0 24559799771869
611440 512 0 24559799899870
611952 512 0 24559800027871
612464 512 0 24559800155871
612976 512 0 24559800283872
613488 512 0 24559800411872
614000 512 0 24559800539873
614512 512 0 24559800667873
615024 512 0 24559800795874
615536 512 0 24559800923874
616048 512 0 24559801051875
616560 512 0 24559801179875
617072 512 0 24559801307876
617584 512 0 24559801435876
618096 512 0 24559801563877
618608 512 0 24559801691877
619120 512 0 24559801819878
619632 512 0 24559801947878
620144 512 0 24559802075879
620656 512 0 24559802203879
621168 512 0 24559802331880
621680 512 0 24559802459880
622192 512 0 24559802587881
622704 512 0 24559802715881
623216 512 0 24559802843882
623728 512 0 24559802971883
624240 512 0 24559803099883
624752 512 0 24559803227884
625264 512 0 24559803355884
625776 512 0 24559803483885
626288 512 0 24559803611885
626800 512 0 24559803739886
627312 512 0 24559803867887
627824 512 0 24559803995887
628336 512 0 24559804123888
628848 512 0 24559804251888
629360 512 0 24559804379889
629872 512 0 24559804507889
630384 512 0 24559804635890
630896 512 0 24559804763890
631408 512 0 24559804891891
631920 512 0 24559805019891
632432 512 0 24559805147892
632944 512 0 24559805275892
633456 512 0 24559805403893
633968 512 0 24559805531893
634480 512 0 24559805659894
634992 512 0 24559805787894
635504 512 0 24559805915895
636016 512 0 24559806043895
636528 512 0 24559806171896
637040 512 0 24559806299896
637552 512 0 24559806427897
638064 512 0 24559806555897
638576 512 0 24559806683898
639088 512 0 24559806811899
639600 512 0 24559806939899
640112 512 0 24559807067899
640624 512 0 24559807195899
641136 512 0 24559807323900
641648 512 0 24559807451900
642160 512 0 24559807579901
642672 512 0 24559807707901
643184 512 0 24559807835902
643696 512 0 24559807963902
644208 512 0 24559808091903
644720 512 0 24559808219903
645232 512 0 24559808347904
645744 512 0 24559808475905
646256 512 0 24559808603905
646768 512 0 24559808731906
647280 512 0 24559808859906
647792 512 0 24559808987907
648304 512 0 24559809115907
648816 512 0 24559809243908
649328 512 0 24559809371908
649840 512 0 24559809499909
650352 512 0 24559809627909
650864 512 0 24559809755910
651376 512 0 24559809883910
651888 512 0 24559810011911
652400 512 0 24559810139911
652912 512 0 24559810267912
653424 512 0 24559810395912
653936 512 0 24559810523913
654448 512 0 24559810651913
654960 512 0 24559810779914
655472 512 0 24559810907914
655984 512 0 24559811035915
656496 512 0 24559811163916
657008 512 0 24559811291916
657520 512 0 24559811419917
658032 512 0 24559811547917
658544 512 0 24559811675918
659056 512 0 24559811803918
659568 512 0 24559811931919
660080 512 0 24559812059919
660592 512 0 24559812187920
661104 512 0 24559812315921
661616 512 0 24559812443921
662128 512 0 24559812571922
662640 512 0 24559812699922
663152 512 0 24559812827923
663664 512 0 24559812955923
664176 512 0 24559813083924
664688 512 0 24559813211924
665200 512 0 24559813339925
665712 512 0 24559813467925
666224 512 0 24559813595926
666736 512 0 24559813723926
667248 512 0 24559813851927
667760 512 0 24559813979927
668272 512 0 24559814107928
668784 512 0 24559814235928
669296 512 0 24559814363929
669808 512 0 24559814491929
670320 512 0 24559814619930
670832 512 0 24559814747930
671344 512 0 24559814875931
671856 512 0 24559815003931
672368 512 0 24559815131932
672880 512 0 24559815259933
673392 512 0 24559815387933
673904 512 0 24559815515934
674416 512 0 24559815643934
674928 512 0 24559815771935
675440 512 0 24559815899935
675952 512 0 24559816027936
676464 512 0 24559816155937
676976 512 0 24559816283937
677488 512 0 24559816411938
678000 512 0 24559816539938
678512 512 0 24559816667939
679024 512 0 24559816795939
679536 512 0 24559816923940
680048 512 0 24559817051940
680560 512 0 24559817179941
681072 512 0 24559817307941
681584 512 0 24559817435942
682096 512 0 24559817563942
682608 512 0 24559817691943
683120 512 0 24559817819943
683632 512 0 24559817947944
684144 512 0 24559818075944
684656 512 0 24559818203945
685168 512 0 24559818331945
685680 512 0 24559818459946
686192 512 0 24559818587946
686704 512 0 24559818715947
687216 512 0 24559818843947
687728 512 0 24559818971948
688240 512 0 24559819099949
688752 512 0 24559819227949
689264 512 0 24559819355950
689776 512 0 24559819483950
690288 512 0 24559819611951
690800 512 0 24559819739951
691312 512 0 24559819867952
691824 512 0 24559819995953
692336 512 0 24559820123953
692848 512 0 24559820251954
693360 512 0 24559820379954
693872 512 0 24559820507955
694384 512 0 24559820635955
694896 512 0 24559820763956
695408 512 0 24559820891956
695920 512 0 24559821019957
696432 512 0 24559821147957
696944 512 0 24559821275958
697456 512 0 24559821403958
697968 512 0 24559821531959
698480 512 0 24559821659959
698992 512 0 24559821787960
699504 512 0 24559821915960
700016 512 0 24559822043961
700528 512 0 24559822171961
701040 512 0 24559822299962
701552 512 0 24559822427962
702064 512 0 24559822555963
702576 512 0 24559822683963
703088 512 0 24559822811964
703600 512 0 24559822939965
704112 512 0 24559823067965
704624 512 0 24559823195966
705136 512 0 24559823323965
705648 512 0 24559823451966
706160 512 0 24559823579966
706672 512 0 24559823707967
707184 512 0 24559823835967
707696 512 0 24559823963968
708208 512 0 24559824091968
708720 512 0 24559824219969
709232 512 0 24559824347969
709744 512 0 24559824475970
710256 512 0 24559824603971
710768 512 0 24559824731971
711280 512 0 24559824859972
711792 512 0 24559824987972
712304 512 0 24559825115973
712816 512 0 24559825243973
713328 512 0 24559825371974
713840 512 0 24559825499974
714352 512 0 24559825627975
714864 512 0 24559825755975
715376 512 0 24559825883976
715888 512 0 24559826011976
716400 512 0 24559826139977
716912 512 0 24559826267977
717424 512 0 24559826395978
717936 512 0 24559826523978
718448 512 0 24559826651979
718960 512 0 24559826779979
719472 512 0 24559826907980
719984 512 0 24559827035980
720496 512 0 24559827163981
721008 512 0 24559827291981
721520 512 0 24559827419982
722032 512 0 24559827547983
722544 512 0 24559827675983
724864 512 0 24559828255986
725392 512 0 24559828387986
725920 512 0 24559828519987
726448 512 0 24559828651987
726980 512 0 24559828784988
727512 512 0 24559828917988
728040 512 0 24559829049989
728568 512 0 24559829181990
729096 512 0 24559829313990
729628 512 0 24559829446991
730160 512 0 24559829579991
730692 512 0 24559829712992
731224 512 0 24559829845992
731756 512 0 24559829978993
732284 512 0 24559830110993
732812 512 0 24559830242994
733344 512 0 24559830375994
733872 512 0 24559830507995
734400 512 0 24559830639995
734928 512 0 24559830771996
9264 512 0 24559849552756
9776 512 0 24559849831396
10288 512 0 24559850110035
10800 512 0 24559850388675
11312 512 0 24559850667314
11824 512 0 24559850945954
12336 512 0 24559851224593
12848 512 0 24559851503232
13360 512 0 24559851781872
13872 512 0 24559852060511
14384 512 0 24559852339151
14896 512 0 24559852617790
15408 512 0 24559852896430
15920 512 0 24559853175069
16432 512 0 24559853453708
16944 512 0 24559853732348
17456 512 0 24559854010987
17968 512 0 24559854289627
18480 512 0 24559854568266
18992 512 0 24559854846906
19504 512 0 24559855125545
20016 512 0 24559855404185
20528 512 0 24559855682824
21040 512 0 24559855961463
21552 512 0 24559856240103
22064 512 0 24559856518742
22576 512 0 24559856797382
23088 512 0 24559857076021
23600 512 0 24559857354661
24112 512 0 24559857633300
24624 512 0 24559857911939
25136 512 0 24559858190579
25648 512 0 24559858469250
26160 512 0 24559858747890
26672 512 0 24559859026530
27184 512 0 24559859305170
27696 512 0 24559859583811
28208 512 0 24559859862451
28720 512 0 24559860141091
29232 512 0 24559860419731
29744 512 0 24559860698372
30256 512 0 24559860977012
30768 512 0 24559861255652
31280 512 0 24559861534292
31792 512 0 24559861812933
32304 512 0 24559862091573
32816 512 0 24559862370213
33328 512 0 24559862648853
33840 512 0 24559862927499
34352 512 0 24559863206140
34864 512 0 24559863484780
35376 512 0 24559863763421
35888 512 0 24559864042061
36400 512 0 24559864320701
36912 512 0 24559864599342
37424 512 0 24559864877982
37936 512 0 24559865156623
38448 512 0 24559865435263
38960 512 0 24559865713903
39472 512 0 24559865992544
39984 512 0 24559866271184
40496 512 0 24559866549825
41008 512 0 24559866828465
41520 512 0 24559867107105
42032 512 0 24559867385749
42544 512 0 24559867664389
43056 512 0 24559867943029
43568 512 0 24559868221670
44080 512 0 24559868500310
44592 512 0 24559868778951
45104 512 0 24559869057591
45616 512 0 24559869336232
46128 512 0 24559869614872
46640 512 0 24559869893513
47152 512 0 24559870172153
47664 512 0 24559870450793
48176 512 0 24559870729434
48688 512 0 24559871008074
49200 512 0 24559871286715
49712 512 0 24559871565360
50224 512 0 24559871844000
50736 512 0 24559872122641
51248 512 0 24559872401281
51760 512 0 24559872679922
52272 512 0 24559872958562
52784 512 0 24559873237203
53296 512 0 24559873515843
53808 512 0 24559873794484
54320 512 0 24559874073124
54832 512 0 24559874351765
55344 512 0 24559874630406
55856 512 0 24559874909046
56368 512 0 24559875187687
56880 512 0 24559875466327
57392 512 0 24559875744968
57904 512 0 24559876023607
58416 512 0 24559876302248
58928 512 0 24559876580888
59440 512 0 24559876859529
59952 512 0 24559877138169
60464 512 0 24559877416810
60976 512 0 24559877695450
61488 512 0 24559877974091
62000 512 0 24559878252731
62512 512 0 24559878531372
63024 512 0 24559878810013
63536 512 0 24559879088653
64048 512 0 24559879367294
64560 512 0 24559879645934
65072 512 0 24559879924575
65584 512 0 24559880203215
66096 512 0 24559880481856
66608 512 0 24559880760499
67120 512 0 24559881039139
67632 512 0 24559881317780
68144 512 0 24559881596421
68656 512 0 24559881875061
69168 512 0 24559882153702
69680 512 0 24559882432342
70192 512 0 24559882710983
70704 512 0 24559882989623
71216 512 0 24559883268264
71728 512 0 24559883546905
72240 512 0 24559883825545
72752 512 0 24559884104186
73264 512 0 24559884382826
73776 512 0 24559884661467
74288 512 0 24559884940107
74800 512 0 24559885218748
75312 512 0 24559885497388
75824 512 0 24559885776029
76336 512 0 24559886054670
76848 512 0 24559886333310
77360 512 0 24559886611951
77872 512 0 24559886890591
78384 512 0 24559887169232
78896 512 0 24559887447872
79408 512 0 24559887726513
79920 512 0 24559888005153
80432 512 0 24559888283794
80944 512 0 24559888562435
81456 512 0 24559888841075
81968 512 0 24559889119716
82480 512 0 24559889398355
82992 512 0 24559889676995
83504 512 0 24559889955636
84016 512 0 24559890234277
84528 512 0 24559890512917
85040 512 0 24559890791558
85552 512 0 24559891070198
86064 512 0 24559891348839
86576 512 0 24559891627479
87088 512 0 24559891906120
87600 512 0 24559892184760
88112 512 0 24559892463401
88624 512 0 24559892742042
89136 512 0 24559893020682
89648 512 0 24559893299323
90160 512 0 24559893577963
90672 512 0 24559893856604
91184 512 0 24559894135245
91696 512 0 24559894413885
92208 512 0 24559894692526
92720 512 0 24559894971166
93232 512 0 24559895249807
93744 512 0 24559895528447
94256 512 0 24559895807088
94768 512 0 24559896085728
95280 512 0 24559896364369
95792 512 0 24559896643010
96304 512 0 24559896921650
96816 512 0 24559897200291
97328 512 0 24559897478931
97840 512 0 24559897757572
98352 512 0 24559898036212
98864 512 0 24559898314853
99376 512 0 24559898593495
99888 512 0 24559898872135
100400 512 0 24559899150776
100912 512 0 24559899429417
101424 512 0 24559899708057
101936 512 0 24559899986698
102448 512 0 24559900265338
102960 512 0 24559900543979
103472 512 0 24559900822619
103984 512 0 24559901101260
104496 512 0 24559901379901
105008 512 0 24559901658541
105520 512 0 24559901937182
106032 512 0 24559902215822
106544 512 0 24559902494463
107056 512 0 24559902773103
107568 512 0 24559903051744
108080 512 0 24559903330384
108592 512 0 24559903609025
109104 512 0 24559903887666
109616 512 0 24559904166306
110128 512 0 24559904444947
110640 512 0 24559904723587
111152 512 0 24559905002228
111664 512 0 24559905280868
112176 512 0 24559905559509
112688 512 0 24559905838150
113200 512 0 24559906116790
113712 512 0 24559906395431
114224 512 0 24559906674071
114736 512 0 24559906952712
115248 512 0 24559907231351
115760 512 0 24559907509991
116272 512 0 24559907788632
116784 512 0 24559908067273
117296 512 0 24559908345913
117808 512 0 24559908624554
118320 512 0 24559908903194
118832 512 0 24559909181835
119344 512 0 24559909460475
119856 512 0 24559909739116
120368 512 0 24559910017756
120880 512 0 24559910296397
121392 512 0 24559910575038
121904 512 0 24559910853678
122416 512 0 24559911132319
122928 512 0 24559911410959
123440 512 0 24559911689601
123952 512 0 24559911968242
124464 512 0 24559912246882
124976 512 0 24559912525523
125488 512 0 24559912804164
126000 512 0 24559913082804
126512 512 0 24559913361445
127024 512 0 24559913640085
127536 512 0 24559913918726
128048 512 0 24559914197366
128560 512 0 24559914476007
129072 512 0 24559914754648
129584 512 0 24559915033288
130096 512 0 24559915311929
130608 512 0 24559915590569
131120 512 0 24559915869210
131632 512 0 24559916147850
132144 512 0 24559916426491
132656 512 0 24559916705131
133168 512 0 24559916983772
133680 512 0 24559917262412
134192 512 0 24559917541053
134704 512 0 24559917819694
135216 512 0 24559918098334
135728 512 0 24559918376975
136240 512 0 24559918655615
136752 512 0 24559918934256
137264 512 0 24559919212896
137776 512 0 24559919491537
138288 512 0 24559919770178
138800 512 0 24559920048818
139312 512 0 24559920327459
139824 512 0 24559920606099
140336 512 0 24559920884740
140848 512 0 24559921163380
141360 512 0 24559921442021
141872 512 0 24559921720661
142384 512 0 24559921999302
142896 512 0 24559922277943
143408 512 0 24559922556583
143920 512 0 24559922835224
144432 512 0 24559923113864
144944 512 0 24559923392505
145456 512 0 24559923671145
145968 512 0 24559923949786
146480 512 0 24559924228427
146992 512 0 24559924507067
147504 512 0 24559924785708
148016 512 0 24559925064348
148528 512 0 24559925342989
149040 512 0 24559925621629
149552 512 0 24559925900270
150064 512 0 24559926178910
150576 512 0 24559926457551
151088 512 0 24559926736192
151600 512 0 24559927014832
152112 512 0 24559927293473
152624 512 0 24559927572113
153136 512 0 24559927850754
153648 512 0 24559928129394
154160 512 0 24559928408035
154672 512 0 24559928686676
155184 512 0 24559928965316
155696 512 0 24559929243957
156208 512 0 24559929522597
156720 512 0 24559929801238
157232 512 0 24559930079878
157744 512 0 24559930358519
158256 512 0 24559930637159
158768 512 0 24559930915800
159280 512 0 24559931194441
159792 512 0 24559931473081
160304 512 0 24559931751722
160816 512 0 24559932030362
161328 512 0 24559932309003
161840 512 0 24559932587643
162352 512 0 24559932866284
162864 512 0 24559933144925
163376 512 0 24559933423565
163888 512 0 24559933702206
164400 512 0 24559933980846
164912 512 0 24559934259487
165424 512 0 24559934538127
165936 512 0 24559934816768
166448 512 0 24559935095408
166960 512 0 24559935374049
167472 512 0 24559935652690
167984 512 0 24559935931330
168496 512 0 24559936209971
169008 512 0 24559936488611
169520 512 0 24559936767252
170032 512 0 24559937045892
170544 512 0 24559937324533
171056 512 0 24559937603174
171568 512 0 24559937881814
172080 512 0 24559938160455
172592 512 0 24559938439095
173104 512 0 24559938717737
173616 512 0 24559938996377
174128 512 0 24559939275018
174640 512 0 24559939553659
175152 512 0 24559939832299
175664 512 0 24559940110940
176176 512 0 24559940389580
176688 512 0 24559940668221
177200 512 0 24559940946861
177712 512 0 24559941225502
178224 512 0 24559941504143
178736 512 0 24559941782783
179248 512 0 24559942061424
179760 512 0 24559942340064
180272 512 0 24559942618705
180784 512 0 24559942897345
181296 512 0 24559943175986
181808 512 0 24559943454626
182320 512 0 24559943733267
182832 512 0 24559944011908
183344 512 0 24559944290548
183856 512 0 24559944569189
184368 512 0 24559944847829
184880 512 0 24559945126470
185392 512 0 24559945405110
185904 512 0 24559945683751
186416 512 0 24559945962392
186928 512 0 24559946241032
187440 512 0 24559946519673
187952 512 0 24559946798313
188464 512 0 24559947076954
188976 512 0 24559947355594
189488 512 0 24559947634235
190000 512 0 24559947912875
190512 512 0 24559948191516
191024 512 0 24559948470157
191536 512 0 24559948748797
192048 512 0 24559949027438
192560 512 0 24559949306078
193072 512 0 24559949584719
193584 512 0 24559949863359
194096 512 0 24559950142000
194608 512 0 24559950420641
195120 512 0 24559950699281
195632 512 0 24559950977922
196144 512 0 24559951256562
196656 512 0 24559951535203
197168 512 0 24559951813843
197680 512 0 24559952092484
198192 512 0 24559952371124
198704 512 0 24559952649765
199216 512 0 24559952928406
199728 512 0 24559953207046
200240 512 0 24559953485687
200752 512 0 24559953764327
201264 512 0 24559954042968
201776 512 0 24559954321608
202288 512 0 24559954600249
202800 512 0 24559954878890
203312 512 0 24559955157530
203824 512 0 24559955436171
204336 512 0 24559955714811
204848 512 0 24559955993452
205360 512 0 24559956272092
205872 512 0 24559956550733
206384 512 0 24559956829373
206896 512 0 24559957108014
207408 512 0 24559957386655
207920 512 0 24559957665295
208432 512 0 24559957943936
208944 512 0 24559958222576
209456 512 0 24559958501217
209968 512 0 24559958779857
210480 512 0 24559959058498
210992 512 0 24559959337138
211504 512 0 24559959615779
212016 512 0 24559959894420
212528 512 0 24559960173060
213040 512 0 24559960451701
213552 512 0 24559960730341
214064 512 0 24559961008983
214576 512 0 24559961287623
215088 512 0 24559961566264
215600 512 0 24559961844905
216112 512 0 24559962123545
216624 512 0 24559962402186
217136 512 0 24559962680826
217648 512 0 24559962959467
218160 512 0 24559963238107
218672 512 0 24559963516748
219184 512 0 24559963795389
219696 512 0 24559964074029
220208 512 0 24559964352670
220720 512 0 24559964631310
221232 512 0 24559964909951
221744 512 0 24559965188591
222256 512 0 24559965467232
222768 512 0 24559965745872
223280 512 0 24559966024513
223792 512 0 24559966303154
224304 512 0 24559966581794
224816 512 0 24559966860435
225328 512 0 24559967139075
225840 512 0 24559967417716
226352 512 0 24559967696356
226864 512 0 24559967974997
227376 512 0 24559968253638
227888 512 0 24559968532278
228400 512 0 24559968810919
228912 512 0 24559969089559
229424 512 0 24559969368200
229936 512 0 24559969646840
230448 512 0 24559969925481
230960 512 0 24559970204121
231472 512 0 24559970482762
231984 512 0 24559970761403
232496 512 0 24559971040043
233008 512 0 24559971318684
233520 512 0 24559971597324
234032 512 0 24559971875965
234544 512 0 24559972154605
235056 512 0 24559972433246
235568 512 0 24559972711887
236080 512 0 24559972990527
236592 512 0 24559973269168
237104 512 0 24559973547808
237616 512 0 24559973826449
238128 512 0 24559974105089
238640 512 0 24559974383730
239152 512 0 24559974662370
239664 512 0 24559974941011
240176 512 0 24559975219652
240688 512 0 24559975498292
241200 512 0 24559975776933
241712 512 0 24559976055573
242224 512 0 24559976334214
242736 512 0 24559976612854
243248 512 0 24559976891495
243760 512 0 24559977170136
244272 512 0 24559977448776
244784 512 0 24559977727417
245296 512 0 24559978006057
245808 512 0 24559978284698
246320 512 0 24559978563338
246832 512 0 24559978841979
247344 512 0 24559979120619
247856 512 0 24559979399260
248368 512 0 24559979677901
248880 512 0 24559979956541
249392 512 0 24559980235182
249904 512 0 24559980513822
250416 512 0 24559980792463
250928 512 0 24559981071103
251440 512 0 24559981349744
251952 512 0 24559981628385
252464 512 0 24559981907025
252976 512 0 24559982185666
253488 512 0 24559982464306
254000 512 0 24559982742947
254512 512 0 24559983021588
255024 512 0 24559983300229
255536 512 0 24559983578869
256048 512 0 24559983857510
256560 512 0 24559984136151
257072 512 0 24559984414791
257584 512 0 24559984693432
258096 512 0 24559984972072
258608 512 0 24559985250713
259120 512 0 24559985529354
259632 512 0 24559985807994
260144 512 0 24559986086635
260656 512 0 24559986365275
261168 512 0 24559986643916
261680 512 0 24559986922556
262192 512 0 24559987201197
262704 512 0 24559987479837
263216 512 0 24559987758478
263728 512 0 24559988037118
264240 512 0 24559988315759
264752 512 0 24559988594400
265264 512 0 24559988873040
265776 512 0 24559989151681
266288 512 0 24559989430321
266800 512 0 24559989708962
267312 512 0 24559989987602
267824 512 0 24559990266243
268336 512 0 24559990544884
268848 512 0 24559990823524
269360 512 0 24559991102165
269872 512 0 24559991380805
270384 512 0 24559991659446
270896 512 0 24559991938087
271408 512 0 24559992216727
271920 512 0 24559992495367
272432 512 0 24559992774008
272944 512 0 24559993052649
273456 512 0 24559993331289
273968 512 0 24559993609930
274480 512 0 24559993888570
274992 512 0 24559994167211
275504 512 0 24559994445851
276016 512 0 24559994724492
276528 512 0 24559995003133
277040 512 0 24559995281773
277552 512 0 24559995560414
278064 512 0 24559995839054
278576 512 0 24559996117695
279088 512 0 24559996396335
279600 512 0 24559996674976
280112 512 0 24559996953616
280624 512 0 24559997232257
281136 512 0 24559997510898
281648 512 0 24559997789538
282160 512 0 24559998068179
282672 512 0 24559998346819
283184 512 0 24559998625460
283696 512 0 24559998904100
284208 512 0 24559999182741
284720 512 0 24559999461382
285232 512 0 24559999740022
285744 512 0 24560000018663
286256 512 0 24560000297303
286768 512 0 24560000575944
287280 512 0 24560000854585
287792 512 0 24560001133226
288304 512 0 24560001411867
288816 512 0 24560001690507
289328 512 0 24560001969148
289840 512 0 24560002247788
290352 512 0 24560002526429
290864 512 0 24560002805069
291376 512 0 24560003083710
291888 512 0 24560003362351
292400 512 0 24560003640991
292912 512 0 24560003919632
293424 512 0 24560004198272
293936 512 0 24560004476913
294448 512 0 24560004755553
294960 512 0 24560005034194
295472 512 0 24560005312834
295984 512 0 24560005591475
296496 512 0 24560005870115
297008 512 0 24560006148756
297520 512 0 24560006427397
298032 512 0 24560006706037
298544 512 0 24560006984678
299056 512 0 24560007263318
299568 512 0 24560007541959
300080 512 0 24560007820600
300592 512 0 24560008099240
301104 512 0 24560008377881
301616 512 0 24560008656521
302128 512 0 24560008935162
302640 512 0 24560009213802
303152 512 0 24560009492443
303664 512 0 24560009771084
304176 512 0 24560010049724
304688 512 0 24560010328364
305200 512 0 24560010607005
305712 512 0 24560010885646
306224 512 0 24560011164286
306736 512 0 24560011442927
307248 512 0 24560011721567
307760 512 0 24560012000208
308272 512 0 24560012278848
308784 512 0 24560012557489
309296 512 0 24560012836130
309808 512 0 24560013114770
310320 512 0 24560013393411
310832 512 0 24560013672051
311344 512 0 24560013950692
311856 512 0 24560014229333
312368 512 0 24560014507973
312880 512 0 24560014786613
313392 512 0 24560015065254
313904 512 0 24560015343895
314416 512 0 24560015622535
314928 512 0 24560015901176
315440 512 0 24560016179816
315952 512 0 24560016458457
316464 512 0 24560016737097
316976 512 0 24560017015738
317488 512 0 24560017294379
318000 512 0 24560017573019
318512 512 0 24560017851660
319024 512 0 24560018130300
319536 512 0 24560018408941
320048 512 0 24560018687582
320560 512 0 24560018966223
321072 512 0 24560019244864
321584 512 0 24560019523504
322096 512 0 24560019802145
322608 512 0 24560020080785
323120 512 0 24560020359426
323632 512 0 24560020638066
324144 512 0 24560020916707
324656 512 0 24560021195348
325168 512 0 24560021473988
325680 512 0 24560021752629
326192 512 0 24560022031269
326704 512 0 24560022309910
327216 512 0 24560022588550
327728 512 0 24560022867191
328240 512 0 24560023145831
328752 512 0 24560023424472
329264 512 0 24560023703113
329776 512 0 24560023981753
330288 512 0 24560024260394
331024 512 0 24560024660940
331544 512 0 24560024943934
332064 512 0 24560025226928
332584 512 0 24560025509923
333104 512 0 24560025792917
333624 512 0 24560026075911
334144 512 0 24560026358906
334664 512 0 24560026641900
335184 512 0 24560026924894
9288 512 0 24560045259527
9800 512 0 24560045515527
10312 512 0 24560045771527
10824 512 0 24560046027527
11336 512 0 24560046283527
11848 512 0 24560046539527
12360 512 0 24560046795527
12872 512 0 24560047051527
13384 512 0 24560047307527
13896 512 0 24560047563527
14408 512 0 24560047819527
14920 512 0 24560048075527
15432 512 0 24560048331527
15944 512 0 24560048587527
16456 512 0 24560048843527
16968 512 0 24560049099527
17480 512 0 24560049355527
17992 512 0 24560049611527
18504 512 0 24560049867527
19016 512 0 24560050123527
19528 512 0 24560050379527
20040 512 0 24560050635527
20552 512 0 24560050891527
21064 512 0 24560051147527
21576 512 0 24560051403527
22088 512 0 24560051659527
22600 512 0 24560051915527
23112 512 0 24560052171527
23624 512 0 24560052427527
24136 512 0 24560052683527
24648 512 0 24560052939527
25160 512 0 24560053195543
25672 512 0 24560053451544
26184 512 0 24560053707544
26696 512 0 24560053963544
27208 512 0 24560054219545
27720 512 0 24560054475545
28232 512 0 24560054731546
28744 512 0 24560054987546
29256 512 0 24560055243547
29768 512 0 24560055499547
30280 512 0 24560055755547
30792 512 0 24560056011548
31304 512 0 24560056267548
31816 512 0 24560056523549
32328 512 0 24560056779549
32840 512 0 24560057035550
33352 512 0 24560057291567
33864 512 0 24560057547568
34376 512 0 24560057803568
34888 512 0 24560058059569
35400 512 0 24560058315570
35912 512 0 24560058571571
36424 512 0 24560058827572
36936 512 0 24560059083573
37448 512 0 24560059339574
37960 512 0 24560059595574
38472 512 0 24560059851575
38984 512 0 24560060107576
39496 512 0 24560060363577
40008 512 0 24560060619578
40520 512 0 24560060875579
41032 512 0 24560061131579
41544 512 0 24560061387585
42056 512 0 24560061643586
42568 512 0 24560061899587
43080 512 0 24560062155588
43592 512 0 24560062411589
44104 512 0 24560062667590
44616 512 0 24560062923591
45128 512 0 24560063179592
45640 512 0 24560063435593
46152 512 0 24560063691594
46664 512 0 24560063947595
47176 512 0 24560064203596
47688 512 0 24560064459597
48200 512 0 24560064715598
48712 512 0 24560064971599
49224 512 0 24560065227600
49736 512 0 24560065483602
50248 512 0 24560065739603
50760 512 0 24560065995604
51272 512 0 24560066251605
51784 512 0 24560066507606
52296 512 0 24560066763607
52808 512 0 24560067019608
53320 512 0 24560067275609
53832 512 0 24560067531610
54344 512 0 24560067787611
54856 512 0 24560068043612
55368 512 0 24560068299613
55880 512 0 24560068555614
56392 512 0 24560068811615
56904 512 0 24560069067616
57416 512 0 24560069323616
57928 512 0 24560069579618
58440 512 0 24560069835619
58952 512 0 24560070091620
59464 512 0 24560070347621
59976 512 0 24560070603622
60488 512 0 24560070859623
61000 512 0 24560071115624
61512 512 0 24560071371625
62024 512 0 24560071627626
62536 512 0 24560071883627
63048 512 0 24560072139628
63560 512 0 24560072395629
64072 512 0 24560072651630
64584 512 0 24560072907631
65096 512 0 24560073163632
65608 512 0 24560073419633
66120 512 0 24560073675634
66632 512 0 24560073931635
67144 512 0 24560074187636
67656 512 0 24560074443637
68168 512 0 24560074699638
68680 512 0 24560074955639
69192 512 0 24560075211640
69704 512 0 24560075467641
70216 512 0 24560075723642
70728 512 0 24560075979643
71240 512 0 24560076235644
71752 512 0 24560076491645
72264 512 0 24560076747646
72776 512 0 24560077003647
73288 512 0 24560077259648
73800 512 0 24560077515649
74312 512 0 24560077771651
74824 512 0 24560078027652
75336 512 0 24560078283653
75848 512 0 24560078539654
76360 512 0 24560078795655
76872 512 0 24560079051656
77384 512 0 24560079307657
77896 512 0 24560079563658
78408 512 0 24560079819659
78920 512 0 24560080075660
79432 512 0 24560080331661
79944 512 0 24560080587662
80456 512 0 24560080843663
80968 512 0 24560081099664
81480 512 0 24560081355666
81992 512 0 24560081611667
82504 512 0 24560081867667
83016 512 0 24560082123668
83528 512 0 24560082379669
84040 512 0 24560082635670
84552 512 0 24560082891671
85064 512 0 24560083147672
85576 512 0 24560083403673
86088 512 0 24560083659674
86600 512 0 24560083915675
87112 512 0 24560084171676
87624 512 0 24560084427677
88136 512 0 24560084683678
88648 512 0 24560084939679
89160 512 0 24560085195680
89672 512 0 24560085451681
90184 512 0 24560085707682
90696 512 0 24560085963685
91208 512 0 24560086219686
91720 512 0 24560086475687
92232 512 0 24560086731688
92744 512 0 24560086987689
93256 512 0 24560087243690
93768 512 0 24560087499691
94280 512 0 24560087755692
94792 512 0 24560088011693
95304 512 0 24560088267694
95816 512 0 24560088523695
96328 512 0 24560088779696
96840 512 0 24560089035697
97352 512 0 24560089291698
97864 512 0 24560089547699
98376 512 0 24560089803700
98888 512 0 24560090059700
99400 512 0 24560090315701
99912 512 0 24560090571702
100424 512 0 24560090827703
100936 512 0 24560091083704
101448 512 0 24560091339706
101960 512 0 24560091595707
102472 512 0 24560091851708
102984 512 0 24560092107709
103496 512 0 24560092363710
104008 512 0 24560092619711
104520 512 0 24560092875712
105032 512 0 24560093131713
105544 512 0 24560093387714
106056 512 0 24560093643715
106568 512 0 24560093899716
107080 512 0 24560094155718
107592 512 0 24560094411719
108104 512 0 24560094667720
108616 512 0 24560094923721
109128 512 0 24560095179722
109640 512 0 24560095435723
110152 512 0 24560095691724
110664 512 0 24560095947725
111176 512 0 24560096203726
111688 512 0 24560096459727
112200 512 0 24560096715728
112712 512 0 24560096971729
113224 512 0 24560097227730
113736 512 0 24560097483731
114248 512 0 24560097739732
114760 512 0 24560097995733
115272 512 0 24560098251735
115784 512 0 24560098507736
116296 512 0 24560098763737
116808 512 0 24560099019738
117320 512 0 24560099275739
117832 512 0 24560099531740
118344 512 0 24560099787741
118856 512 0 24560100043742
119368 512 0 24560100299743
119880 512 0 24560100555744
120392 512 0 24560100811745
120904 512 0 24560101067746
121416 512 0 24560101323747
121928 512 0 24560101579748
122440 512 0 24560101835749
122952 512 0 24560102091750
123464 512 0 24560102347751
123976 512 0 24560102603752
124488 512 0 24560102859753
125000 512 0 24560103115754
125512 512 0 24560103371755
126024 512 0 24560103627756
126536 512 0 24560103883757
127048 512 0 24560104139758
127560 512 0 24560104395759
128072 512 0 24560104651760
128584 512 0 24560104907761
129096 512 0 24560105163762
129608 512 0 24560105419763
130120 512 0 24560105675764
130632 512 0 24560105931765
131144 512 0 24560106187766
131656 512 0 24560106443768
132168 512 0 24560106699769
132680 512 0 24560106955770
133192 512 0 24560107211771
133704 512 0 24560107467772
134216 512 0 24560107723773
134728 512 0 24560107979774
135240 512 0 24560108235775
135752 512 0 24560108491776
136264 512 0 24560108747777
136776 512 0 24560109003778
137288 512 0 24560109259779
137800 512 0 24560109515780
138312 512 0 24560109771781
138824 512 0 24560110027782
139336 512 0 24560110283783
139848 512 0 24560110539784
140360 512 0 24560110795785
140872 512 0 24560111051786
141384 512 0 24560111307787
141896 512 0 24560111563788
142408 512 0 24560111819789
142920 512 0 24560112075790
143432 512 0 24560112331791
143944 512 0 24560112587792
144456 512 0 24560112843793
144968 512 0 24560113099794
145480 512 0 24560113355795
145992 512 0 24560113611796
146504 512 0 24560113867797
147016 512 0 24560114123798
147528 512 0 24560114379799
148040 512 0 24560114635801
148552 512 0 24560114891802
149064 512 0 24560115147803
149576 512 0 24560115403804
150088 512 0 24560115659805
150600 512 0 24560115915806
151112 512 0 24560116171807
151624 512 0 24560116427808
152136 512 0 24560116683809
152648 512 0 24560116939810
153160 512 0 24560117195811
153672 512 0 24560117451812
154184 512 0 24560117707813
154696 512 0 24560117963814
155208 512 0 24560118219815
155720 512 0 24560118475816
156232 512 0 24560118731817
156744 512 0 24560118987818
157256 512 0 24560119243819
157768 512 0 24560119499820
158280 512 0 24560119755821
158792 512 0 24560120011822
159304 512 0 24560120267823
159816 512 0 24560120523824
160328 512 0 24560120779825
160840 512 0 24560121035826
161352 512 0 24560121291827
161864 512 0 24560121547828
162376 512 0 24560121803829
162888 512 0 24560122059830
163400 512 0 24560122315831
163912 512 0 24560122571832
164424 512 0 24560122827834
164936 512 0 24560123083835
165448 512 0 24560123339836
165960 512 0 24560123595837
166472 512 0 24560123851838
166984 512 0 24560124107839
167496 512 0 24560124363840
168008 512 0 24560124619841
168520 512 0 24560124875842
169032 512 0 24560125131843
169544 512 0 24560125387844
170056 512 0 24560125643845
170568 512 0 24560125899846
171080 512 0 24560126155847
171592 512 0 24560126411848
172104 512 0 24560126667849
172616 512 0 24560126923851
173128 512 0 24560127179852
173640 512 0 24560127435853
174152 512 0 24560127691854
174664 512 0 24560127947855
175176 512 0 24560128203856
175688 512 0 24560128459857
176200 512 0 24560128715858
176712 512 0 24560128971859
177224 512 0 24560129227860
177736 512 0 24560129483861
178248 512 0 24560129739862
178760 512 0 24560129995863
179272 512 0 24560130251864
179784 512 0 24560130507865
180296 512 0 24560130763866
180808 512 0 24560131019867
181320 512 0 24560131275868
181832 512 0 24560131531869
182344 512 0 24560131787870
182856 512 0 24560132043871
183368 512 0 24560132299872
183880 512 0 24560132555873
184392 512 0 24560132811874
184904 512 0 24560133067875
185416 512 0 24560133323876
185928 512 0 24560133579877
186440 512 0 24560133835878
186952 512 0 24560134091879
187464 512 0 24560134347880
187976 512 0 24560134603881
188488 512 0 24560134859882
189000 512 0 24560135115884
189512 512 0 24560135371885
190024 512 0 24560135627886
190536 512 0 24560135883887
191048 512 0 24560136139888
191560 512 0 24560136395889
192072 512 0 24560136651890
192584 512 0 24560136907891
193096 512 0 24560137163892
193608 512 0 24560137419893
194120 512 0 24560137675894
194632 512 0 24560137931895
195144 512 0 24560138187896
195656 512 0 24560138443897
196168 512 0 24560138699898
196680 512 0 24560138955899
197192 512 0 24560139211901
197704 512 0 24560139467902
198216 512 0 24560139723903
198728 512 0 24560139979904
199240 512 0 24560140235905
199752 512 0 24560140491906
200264 512 0 24560140747907
200776 512 0 24560141003908
201288 512 0 24560141259909
201800 512 0 24560141515910
202312 512 0 24560141771911
202824 512 0 24560142027912
203336 512 0 24560142283913
203848 512 0 24560142539914
204360 512 0 24560142795915
204872 512 0 24560143051916
205384 512 0 24560143307917
205896 512 0 24560143563918
206408 512 0 24560143819919
206920 512 0 24560144075920
207432 512 0 24560144331921
207944 512 0 24560144587922
208456 512 0 24560144843923
208968 512 0 24560145099924
209480 512 0 24560145355925
209992 512 0 24560145611926
210504 512 0 24560145867927
211016 512 0 24560146123928
211528 512 0 24560146379929
212040 512 0 24560146635930
212552 512 0 24560146891931
213064 512 0 24560147147932
213576 512 0 24560147403934
214088 512 0 24560147659935
214600 512 0 24560147915936
215112 512 0 24560148171937
215624 512 0 24560148427938
216136 512 0 24560148683939
216648 512 0 24560148939940
217160 512 0 24560149195941
217672 512 0 24560149451942
218184 512 0 24560149707943
218696 512 0 24560149963944
219208 512 0 24560150219945
219720 512 0 24560150475946
220232 512 0 24560150731947
220744 512 0 24560150987948
221256 512 0 24560151243949
221768 512 0 24560151499951
222280 512 0 24560151755952
222792 512 0 24560152011953
223304 512 0 24560152267954
223816 512 0 24560152523955
224328 512 0 24560152779956
224840 512 0 24560153035957
225352 512 0 24560153291958
225864 512 0 24560153547959
226376 512 0 24560153803960
226888 512 0 24560154059961
227400 512 0 24560154315962
227912 512 0 24560154571963
228424 512 0 24560154827964
228936 512 0 24560155083965
229448 512 0 24560155339966
229960 512 0 24560155595968
230472 512 0 24560155851969
230984 512 0 24560156107970
231496 512 0 24560156363971
232008 512 0 24560156619972
232520 512 0 24560156875973
233032 512 0 24560157131974
233544 512 0 24560157387975
234056 512 0 24560157643976
234568 512 0 24560157899977
235080 512 0 24560158155978
235592 512 0 24560158411979
236104 512 0 24560158667980
236616 512 0 24560158923981
237128 512 0 24560159179982
237640 512 0 24560159435984
238152 512 0 24560159691984
238664 512 0 24560159947985
239176 512 0 24560160203986
239688 512 0 24560160459987
240200 512 0 24560160715988
240712 512 0 24560160971989
241224 512 0 24560161227990
241736 512 0 24560161483991
242248 512 0 24560161739992
242760 512 0 24560161995993
243272 512 0 24560162251994
243784 512 0 24560162507995
244296 512 0 24560162763996
244808 512 0 24560163019997
245320 512 0 24560163275998
245832 512 0 24560163531999
246344 512 0 24560163788001
246856 512 0 24560164044002
247368 512 0 24560164300003
247880 512 0 24560164556004
248392 512 0 24560164812005
248904 512 0 24560165068006
249416 512 0 24560165324007
249928 512 0 24560165580008
250440 512 0 24560165836009
250952 512 0 24560166092010
251464 512 0 24560166348011
251976 512 0 24560166604012
252488 512 0 24560166860013
253000 512 0 24560167116014
253512 512 0 24560167372015
254024 512 0 24560167628016
254536 512 0 24560167884017
255048 512 0 24560168140018
255560 512 0 24560168396019
256072 512 0 24560168652020
256584 512 0 24560168908021
257096 512 0 24560169164022
257608 512 0 24560169420023
258120 512 0 24560169676024
258632 512 0 24560169932025
259144 512 0 24560170188026
259656 512 0 24560170444027
260168 512 0 24560170700028
260680 512 0 24560170956029
261192 512 0 24560171212030
261704 512 0 24560171468031
262216 512 0 24560171724032
262728 512 0 24560171980034
263240 512 0 24560172236035
263752 512 0 24560172492036
264264 512 0 24560172748037
264776 512 0 24560173004038
265288 512 0 24560173260039
265800 512 0 24560173516040
266312 512 0 24560173772041
266824 512 0 24560174028042
267336 512 0 24560174284043
267848 512 0 24560174540044
268360 512 0 24560174796045
268872 512 0 24560175052046
269384 512 0 24560175308047
269896 512 0 24560175564048
270408 512 0 24560175820049
270920 512 0 24560176076050
271432 512 0 24560176332052
271944 512 0 24560176588053
272456 512 0 24560176844054
272968 512 0 24560177100055
273480 512 0 24560177356056
273992 512 0 24560177612057
274504 512 0 24560177868058
275016 512 0 24560178124059
275528 512 0 24560178380060
276040 512 0 24560178636061
276552 512 0 24560178892062
277064 512 0 24560179148063
277576 512 0 24560179404064
278088 512 0 24560179660065
278600 512 0 24560179916066
279112 512 0 24560180172067
279624 512 0 24560180428068
280136 512 0 24560180684069
280648 512 0 24560180940070
281160 512 0 24560181196071
281672 512 0 24560181452072
282184 512 0 24560181708073
282696 512 0 24560181964074
283208 512 0 24560182220075
283720 512 0 24560182476076
284232 512 0 24560182732077
284744 512 0 24560182988078
285256 512 0 24560183244079
285768 512 0 24560183500080
286280 512 0 24560183756081
286792 512 0 24560184012082
287304 512 0 24560184268084
287816 512 0 24560184524085
288328 512 0 24560184780086
288840 512 0 24560185036087
289352 512 0 24560185292088
289864 512 0 24560185548089
290376 512 0 24560185804090
290888 512 0 24560186060091
291400 512 0 24560186316092
291912 512 0 24560186572093
292424 512 0 24560186828094
292936 512 0 24560187084095
293448 512 0 24560187340096
293960 512 0 24560187596097
294472 512 0 24560187852098
294984 512 0 24560188108099
295496 512 0 24560188364101
296008 512 0 24560188620102
296520 512 0 24560188876103
297032 512 0 24560189132104
297544 512 0 24560189388105
298056 512 0 24560189644106
298568 512 0 24560189900107
299080 512 0 24560190156108
299592 512 0 24560190412109
300104 512 0 24560190668110
300616 512 0 24560190924111
301128 512 0 24560191180112
301640 512 0 24560191436113
302152 512 0 24560191692114
302664 512 0 24560191948115
303176 512 0 24560192204116
303688 512 0 24560192460118
304200 512 0 24560192716119
304712 512 0 24560192972120
305224 512 0 24560193228121
305736 512 0 24560193484122
306248 512 0 24560193740123
306760 512 0 24560193996124
307272 512 0 24560194252125
307784 512 0 24560194508126
308296 512 0 24560194764127
308808 512 0 24560195020128
309320 512 0 24560195276129
309832 512 0 24560195532130
310344 512 0 24560195788131
310856 512 0 24560196044133
311368 512 0 24560196300134
311880 512 0 24560196556135
312392 512 0 24560196812136
312904 512 0 24560197068137
313416 512 0 24560197324138
313928 512 0 24560197580139
314440 512 0 24560197836140
314952 512 0 24560198092141
315464 512 0 24560198348142
315976 512 0 24560198604143
316488 512 0 24560198860144
317000 512 0 24560199116145
317512 512 0 24560199372146
318024 512 0 24560199628147
318536 512 0 24560199884149
319048 512 0 24560200140150
319560 512 0 24560200396151
320072 512 0 24560200652151
320584 512 0 24560200908152
321096 512 0 24560201164153
321608 512 0 24560201420154
322120 512 0 24560201676155
322632 512 0 24560201932156
323144 512 0 24560202188157
323656 512 0 24560202444158
324168 512 0 24560202700159
324680 512 0 24560202956160
325192 512 0 24560203212161
325704 512 0 24560203468162
326216 512 0 24560203724163
326728 512 0 24560203980164
327240 512 0 24560204236165
327752 512 0 24560204492166
328264 512 0 24560204748168
328776 512 0 24560205004169
329288 512 0 24560205260170
329800 512 0 24560205516171
330312 512 0 24560205772172
330824 512 0 24560206028173
331336 512 0 24560206284174
331848 512 0 24560206540175
332360 512 0 24560206796176
332872 512 0 24560207052177
333384 512 0 24560207308178
333896 512 0 24560207564179
334408 512 0 24560207820180
334920 512 0 24560208076181
335432 512 0 24560208332182
335944 512 0 24560208588184
336456 512 0 24560208844185
336968 512 0 24560209100186
337480 512 0 24560209356187
337992 512 0 24560209612188
338504 512 0 24560209868189
339016 512 0 24560210124190
339528 512 0 24560210380191
340040 512 0 24560210636192
340552 512 0 24560210892193
341064 512 0 24560211148194
341576 512 0 24560211404195
342088 512 0 24560211660196
342600 512 0 24560211916197
343112 512 0 24560212172199
343624 512 0 24560212428200
344136 512 0 24560212684201
344648 512 0 24560212940201
345160 512 0 24560213196202
345672 512 0 24560213452203
346184 512 0 24560213708204
346696 512 0 24560213964205
347208 512 0 24560214220206
347720 512 0 24560214476207
348232 512 0 24560214732208
348744 512 0 24560214988209
349256 512 0 24560215244210
349768 512 0 24560215500211
350280 512 0 24560215756212
350792 512 0 24560216012213
351304 512 0 24560216268214
351816 512 0 24560216524215
352328 512 0 24560216780216
352840 512 0 24560217036218
353352 512 0 24560217292219
353864 512 0 24560217548220
354376 512 0 24560217804221
354888 512 0 24560218060222
355400 512 0 24560218316223
355912 512 0 24560218572224
356424 512 0 24560218828225
356936 512 0 24560219084226
357448 512 0 24560219340227
357960 512 0 24560219596228
358472 512 0 24560219852229
358984 512 0 24560220108230
359496 512 0 24560220364231
360008 512 0 24560220620232
360520 512 0 24560220876234
361032 512 0 24560221132235
361544 512 0 24560221388236
362056 512 0 24560221644237
362568 512 0 24560221900238
363080 512 0 24560222156239
363592 512 0 24560222412240
364104 512 0 24560222668241
364616 512 0 24560222924242
365128 512 0 24560223180243
365640 512 0 24560223436244
366152 512 0 24560223692245
366664 512 0 24560223948246
367176 512 0 24560224204247
367688 512 0 24560224460248
368200 512 0 24560224716250
368712 512 0 24560224972251
369224 512 0 24560225228252
369736 512 0 24560225484253
370248 512 0 24560225740254
370760 512 0 24560225996255
371272 512 0 24560226252256
371784 512 0 24560226508257
372296 512 0 24560226764258
372808 512 0 24560227020259
373320 512 0 24560227276260
373832 512 0 24560227532261
374344 512 0 24560227788262
374856 512 0 24560228044263
375368 512 0 24560228300265
375880 512 0 24560228556266
376392 512 0 24560228812267
376904 512 0 24560229068268
377416 512 0 24560229324268
377928 512 0 24560229580269
378440 512 0 24560229836270
378952 512 0 24560230092271
379464 512 0 24560230348272
379976 512 0 24560230604273
380488 512 0 24560230860274
381000 512 0 24560231116275
381512 512 0 24560231372276
382024 512 0 24560231628277
382536 512 0 24560231884278
383048 512 0 24560232140279
383560 512 0 24560232396280
384072 512 0 24560232652281
384584 512 0 24560232908282
385096 512 0 24560233164283
385608 512 0 24560233420285
386120 512 0 24560233676286
386632 512 0 24560233932287
387144 512 0 24560234188288
387656 512 0 24560234444289
388168 512 0 24560234700290
388680 512 0 24560234956291
389192 512 0 24560235212292
389704 512 0 24560235468293
390216 512 0 24560235724294
390728 512 0 24560235980295
391240 512 0 24560236236296
391752 512 0 24560236492297
392264 512 0 24560236748298
392776 512 0 24560237004300
393288 512 0 24560237260301
393800 512 0 24560237516301
394312 512 0 24560237772302
394824 512 0 24560238028303
395336 512 0 24560238284304
395848 512 0 24560238540305
396360 512 0 24560238796306
396872 512 0 24560239052307
397384 512 0 24560239308308
397896 512 0 24560239564309
398408 512 0 24560239820310
398920 512 0 24560240076311
399432 512 0 24560240332312
399944 512 0 24560240588313
400456 512 0 24560240844314
400968 512 0 24560241100315
401480 512 0 24560241356316
401992 512 0 24560241612318
402504 512 0 24560241868319
403016 512 0 24560242124320
403528 512 0 24560242380321
404040 512 0 24560242636322
404552 512 0 24560242892323
405064 512 0 24560243148324
405576 512 0 24560243404325
406088 512 0 24560243660326
406600 512 0 24560243916327
407112 512 0 24560244172328
407624 512 0 24560244428329
408136 512 0 24560244684330
408648 512 0 24560244940331
409160 512 0 24560245196332
409672 512 0 24560245452333
410184 512 0 24560245708335
410696 512 0 24560245964336
411208 512 0 24560246220337
411720 512 0 24560246476338
412232 512 0 24560246732339
412744 512 0 24560246988340
413256 512 0 24560247244341
413768 512 0 24560247500342
414280 512 0 24560247756343
414792 512 0 24560248012344
415304 512 0 24560248268345
415816 512 0 24560248524346
416328 512 0 24560248780347
416840 512 0 24560249036348
417352 512 0 24560249292350
417864 512 0 24560249548351
418376 512 0 24560249804351
418888 512 0 24560250060352
419400 512 0 24560250316353
419912 512 0 24560250572354
420424 512 0 24560250828355
420936 512 0 24560251084356
421448 512 0 24560251340357
421960 512 0 24560251596358
422472 512 0 24560251852359
422984 512 0 24560252108360
423496 512 0 24560252364361
424008 512 0 24560252620362
424520 512 0 24560252876363
425032 512 0 24560253132364
425544 512 0 24560253388365
426056 512 0 24560253644366
426568 512 0 24560253900368
427080 512 0 24560254156369
427592 512 0 24560254412370
428104 512 0 24560254668371
428616 512 0 24560254924372
429128 512 0 24560255180373
429640 512 0 24560255436374
430152 512 0 24560255692375
430664 512 0 24560255948376
431176 512 0 24560256204377
431688 512 0 24560256460378
432200 512 0 24560256716379
432712 512 0 24560256972380
433224 512 0 24560257228381
433736 512 0 24560257484382
434248 512 0 24560257740383
434760 512 0 24560257996385
435272 512 0 24560258252386
435784 512 0 24560258508387
436296 512 0 24560258764388
436808 512 0 24560259020389
437320 512 0 24560259276390
437832 512 0 24560259532391
438344 512 0 24560259788392
438856 512 0 24560260044393
439368 512 0 24560260300394
439880 512 0 24560260556395
440392 512 0 24560260812396
440904 512 0 24560261068397
441416 512 0 24560261324398
441928 512 0 24560261580400
442440 512 0 24560261836401
442952 512 0 24560262092401
443464 512 0 24560262348402
443976 512 0 24560262604403
444488 512 0 24560262860404
445000 512 0 24560263116405
445512 512 0 24560263372406
446024 512 0 24560263628407
446536 512 0 24560263884408
447048 512 0 24560264140409
447560 512 0 24560264396410
448072 512 0 24560264652411
448584 512 0 24560264908412
449096 512 0 24560265164413
449608 512 0 24560265420414
450120 512 0 24560265676415
450632 512 0 24560265932416
451144 512 0 24560266188419
451656 512 0 24560266444420
452168 512 0 24560266700421
452680 512 0 24560266956422
453192 512 0 24560267212423
453704 512 0 24560267468424
454216 512 0 24560267724425
454728 512 0 24560267980426
455240 512 0 24560268236427
455752 512 0 24560268492428
456264 512 0 24560268748429
456776 512 0 24560269004430
457288 512 0 24560269260432
457800 512 0 24560269516433
458312 512 0 24560269772434
458824 512 0 24560270028435
459336 512 0 24560270284435
459848 512 0 24560270540436
460360 512 0 24560270796437
460872 512 0 24560271052438
461384 512 0 24560271308439
461896 512 0 24560271564440
462408 512 0 24560271820441
462920 512 0 24560272076442
463432 512 0 24560272332443
463944 512 0 24560272588444
464456 512 0 24560272844445
464968 512 0 24560273100446
465480 512 0 24560273356447
465992 512 0 24560273612448
466504 512 0 24560273868449
467016 512 0 24560274124451
467528 512 0 24560274380452
468040 512 0 24560274636453
468552 512 0 24560274892454
469064 512 0 24560275148455
469576 512 0 24560275404456
470088 512 0 24560275660457
470600 512 0 24560275916458
471112 512 0 24560276172459
471624 512 0 24560276428460
472136 512 0 24560276684461
472648 512 0 24560276940462
473160 512 0 24560277196463
473672 512 0 24560277452464
474184 512 0 24560277708466
474696 512 0 24560277964467
475208 512 0 24560278220468
475720 512 0 24560278476469
476232 512 0 24560278732470
476744 512 0 24560278988471
477256 512 0 24560279244472
477768 512 0 24560279500473
478280 512 0 24560279756474
478792 512 0 24560280012475
479304 512 0 24560280268476
479816 512 0 24560280524477
480328 512 0 24560280780478
480840 512 0 24560281036479
481352 512 0 24560281292480
481864 512 0 24560281548482
482376 512 0 24560281804483
482888 512 0 24560282060484
483400 512 0 24560282316485
483912 512 0 24560282572485
484424 512 0 24560282828486
484936 512 0 24560283084487
485448 512 0 24560283340488
485960 512 0 24560283596489
486472 512 0 24560283852490
486984 512 0 24560284108491
487496 512 0 24560284364492
488008 512 0 24560284620493
488520 512 0 24560284876494
489032 512 0 24560285132495
489544 512 0 24560285388496
490056 512 0 24560285644497
490568 512 0 24560285900498
491080 512 0 24560286156499
491592 512 0 24560286412500
492104 512 0 24560286668502
492616 512 0 24560286924503
493128 512 0 24560287180504
493640 512 0 24560287436505
494152 512 0 24560287692506
494664 512 0 24560287948507
495176 512 0 24560288204508
495688 512 0 24560288460509
496200 512 0 24560288716510
496712 512 0 24560288972511
497224 512 0 24560289228512
497736 512 0 24560289484513
498248 512 0 24560289740514
498760 512 0 24560289996515
499272 512 0 24560290252517
499784 512 0 24560290508518
500296 512 0 24560290764519
500808 512 0 24560291020520
501320 512 0 24560291276521
501832 512 0 24560291532522
502344 512 0 24560291788523
502856 512 0 24560292044524
503368 512 0 24560292300525
503880 512 0 24560292556526
504392 512 0 24560292812527
504904 512 0 24560293068528
505416 512 0 24560293324529
505928 512 0 24560293580530
506440 512 0 24560293836531
506952 512 0 24560294092533
507464 512 0 24560294348534
507976 512 0 24560294604535
508488 512 0 24560294860535
509000 512 0 24560295116536
509512 512 0 24560295372537
510024 512 0 24560295628538
510536 512 0 24560295884539
511048 512 0 24560296140540
511560 512 0 24560296396541
512072 512 0 24560296652542
512584 512 0 24560296908543
513096 512 0 24560297164544
513608 512 0 24560297420545
514120 512 0 24560297676546
514632 512 0 24560297932547
515144 512 0 24560298188548
515656 512 0 24560298444549
516168 512 0 24560298700550
516680 512 0 24560298956552
517192 512 0 24560299212556
517704 512 0 24560299468557
518216 512 0 24560299724558
518728 512 0 24560299980559
519240 512 0 24560300236561
519752 512 0 24560300492562
520264 512 0 24560300748563
520776 512 0 24560301004564
521288 512 0 24560301260565
521800 512 0 24560301516566
522312 512 0 24560301772567
522824 512 0 24560302028568
523336 512 0 24560302284569
523848 512 0 24560302540570
524360 512 0 24560302796571
524872 512 0 24560303052571
525384 512 0 24560303308572
525896 512 0 24560303564573
526408 512 0 24560303820574
526920 512 0 24560304076575
527432 512 0 24560304332576
527944 512 0 24560304588577
528456 512 0 24560304844578
528968 512 0 24560305100580
529480 512 0 24560305356581
529992 512 0 24560305612582
530504 512 0 24560305868583
531016 512 0 24560306124584
531528 512 0 24560306380585
532040 512 0 24560306636586
532552 512 0 24560306892587
533064 512 0 24560307148589
533576 512 0 24560307404590
534088 512 0 24560307660591
534600 512 0 24560307916592
535112 512 0 24560308172593
535624 512 0 24560308428595
536136 512 0 24560308684596
536648 512 0 24560308940597
537160 512 0 24560309196598
537672 512 0 24560309452599
538184 512 0 24560309708600
538696 512 0 24560309964601
539208 512 0 24560310220602
539720 512 0 24560310476603
540232 512 0 24560310732604
540744 512 0 24560310988605
541256 512 0 24560311244607
541768 512 0 24560311500608
542280 512 0 24560311756609
542792 512 0 24560312012611
543304 512 0 24560312268612
543816 512 0 24560312524613
544328 512 0 24560312780614
544840 512 0 24560313036615
545352 512 0 24560313292616
545864 512 0 24560313548617
546376 512 0 24560313804618
546888 512 0 24560314060619
547400 512 0 24560314316620
547912 512 0 24560314572621
548424 512 0 24560314828622
548936 512 0 24560315084623
549448 512 0 24560315340624
549960 512 0 24560315596625
550472 512 0 24560315852626
550984 512 0 24560316108628
551496 512 0 24560316364629
552008 512 0 24560316620630
552520 512 0 24560316876631
553032 512 0 24560317132632
553544 512 0 24560317388633
554056 512 0 24560317644634
554568 512 0 24560317900635
555080 512 0 24560318156636
555592 512 0 24560318412637
556104 512 0 24560318668638
556616 512 0 24560318924639
557128 512 0 24560319180640
557640 512 0 24560319436641
558152 512 0 24560319692642
558664 512 0 24560319948643
559176 512 0 24560320204645
559688 512 0 24560320460646
560200 512 0 24560320716647
560712 512 0 24560320972648
561224 512 0 24560321228649
561736 512 0 24560321484650
562248 512 0 24560321740651
562760 512 0 24560321996652
563272 512 0 24560322252653
563784 512 0 24560322508654
564296 512 0 24560322764655
564808 512 0 24560323020656
565320 512 0 24560323276657
565832 512 0 24560323532657
566344 512 0 24560323788658
566856 512 0 24560324044659
567368 512 0 24560324300660
567880 512 0 24560324556661
568392 512 0 24560324812662
568904 512 0 24560325068664
569416 512 0 24560325324665
569928 512 0 24560325580666
570440 512 0 24560325836667
570952 512 0 24560326092668
571464 512 0 24560326348669
571976 512 0 24560326604670
572488 512 0 24560326860671
573000 512 0 24560327116672
573512 512 0 24560327372673
574024 512 0 24560327628674
574536 512 0 24560327884675
575048 512 0 24560328140676
575560 512 0 24560328396677
576072 512 0 24560328652678
576584 512 0 24560328908679
577096 512 0 24560329164681
577608 512 0 24560329420682
578120 512 0 24560329676683
578632 512 0 24560329932684
579144 512 0 24560330188685
579656 512 0 24560330444686
580168 512 0 24560330700687
580680 512 0 24560330956688
581192 512 0 24560331212689
581704 512 0 24560331468690
582216 512 0 24560331724691
582728 512 0 24560331980692
583240 512 0 24560332236693
583752 512 0 24560332492694
584264 512 0 24560332748695
584776 512 0 24560333004696
585288 512 0 24560333260698
585800 512 0 24560333516699
586312 512 0 24560333772700
586824 512 0 24560334028701
587336 512 0 24560334284702
587848 512 0 24560334540703
588360 512 0 24560334796704
588872 512 0 24560335052705
589384 512 0 24560335308706
589896 512 0 24560335564707
590408 512 0 24560335820708
590920 512 0 24560336076709
591432 512 0 24560336332710
591944 512 0 24560336588711
592456 512 0 24560336844712
592968 512 0 24560337100714
593480 512 0 24560337356715
593992 512 0 24560337612716
594504 512 0 24560337868717
595016 512 0 24560338124718
595528 512 0 24560338380719
596040 512 0 24560338636720
596552 512 0 24560338892721
597064 512 0 24560339148722
597576 512 0 24560339404723
598088 512 0 24560339660724
598600 512 0 24560339916725
599112 512 0 24560340172726
599624 512 0 24560340428727
600136 512 0 24560340684728
600648 512 0 24560340940729
601160 512 0 24560341196731
601672 512 0 24560341452732
602184 512 0 24560341708733
602696 512 0 24560341964734
603208 512 0 24560342220735
603720 512 0 24560342476736
604232 512 0 24560342732737
604744 512 0 24560342988738
605256 512 0 24560343244739
605768 512 0 24560343500740
606280 512 0 24560343756741
606792 512 0 24560344012741
607304 512 0 24560344268742
607816 512 0 24560344524743
608328 512 0 24560344780744
608840 512 0 24560345036745
609352 512 0 24560345292746
609864 512 0 24560345548747
610376 512 0 24560345804748
610888 512 0 24560346060750
611400 512 0 24560346316751
611912 512 0 24560346572752
612424 512 0 24560346828753
612936 512 0 24560347084754
613448 512 0 24560347340755
613960 512 0 24560347596756
614472 512 0 24560347852757
614984 512 0 24560348108758
615496 512 0 24560348364759
616008 512 0 24560348620760
616520 512 0 24560348876761
617032 512 0 24560349132762
617544 512 0 24560349388763
618056 512 0 24560349644764
618568 512 0 24560349900765
619080 512 0 24560350156767
619592 512 0 24560350412768
620104 512 0 24560350668769
620616 512 0 24560350924770
621128 512 0 24560351180771
621640 512 0 24560351436772
622152 512 0 24560351692773
622664 512 0 24560351948774
623176 512 0 24560352204775
623688 512 0 24560352460776
624200 512 0 24560352716777
624712 512 0 24560352972778
625224 512 0 24560353228779
625736 512 0 24560353484780
626248 512 0 24560353740781
626760 512 0 24560353996783
627272 512 0 24560354252784
627784 512 0 24560354508785
628296 512 0 24560354764786
628808 512 0 24560355020787
629320 512 0 24560355276788
629832 512 0 24560355532789
630344 512 0 24560355788790
630856 512 0 24560356044791
631368 512 0 24560356300791
631880 512 0 24560356556792
632392 512 0 24560356812793
632904 512 0 24560357068794
633416 512 0 24560357324795
633928 512 0 24560357580796
634440 512 0 24560357836797
634952 512 0 24560358092798
635464 512 0 24560358348799
635976 512 0 24560358604800
636488 512 0 24560358860802
637000 512 0 24560359116803
637512 512 0 24560359372804
638024 512 0 24560359628805
638536 512 0 24560359884806
639048 512 0 24560360140807
639560 512 0 24560360396809
640072 512 0 24560360652810
640584 512 0 24560360908811
641096 512 0 24560361164812
641608 512 0 24560361420813
642120 512 0 24560361676814
642632 512 0 24560361932815
643144 512 0 24560362188817
643656 512 0 24560362444818
644168 512 0 24560362700819
644680 512 0 24560362956820
645192 512 0 24560363212821
645704 512 0 24560363468822
646216 512 0 24560363724823
646728 512 0 24560363980824
647240 512 0 24560364236825
647752 512 0 24560364492827
648264 512 0 24560364748828
648776 512 0 24560365004829
649288 512 0 24560365260830
649800 512 0 24560365516832
650312 512 0 24560365772833
650824 512 0 24560366028834
651336 512 0 24560366284835
651848 512 0 24560366540836
652360 512 0 24560366796837
652872 512 0 24560367052838
653384 512 0 24560367308839
653896 512 0 24560367564840
654408 512 0 24560367820841
654920 512 0 24560368076842
655432 512 0 24560368332843
655944 512 0 24560368588844
656456 512 0 24560368844845
656968 512 0 24560369100846
657480 512 0 24560369356847
657992 512 0 24560369612849
658504 512 0 24560369868850
659016 512 0 24560370124851
659528 512 0 24560370380852
660040 512 0 24560370636853
660552 512 0 24560370892854
661064 512 0 24560371148855
661576 512 0 24560371404856
662088 512 0 24560371660857
662600 512 0 24560371916858
663112 512 0 24560372172859
663624 512 0 24560372428860
664136 512 0 24560372684861
664648 512 0 24560372940862
665160 512 0 24560373196863
665672 512 0 24560373452864
666184 512 0 24560373708866
666696 512 0 24560373964867
667208 512 0 24560374220868
667720 512 0 24560374476869
668232 512 0 24560374732870
668744 512 0 24560374988871
669256 512 0 24560375244872
669768 512 0 24560375500873
670280 512 0 24560375756874
670792 512 0 24560376012875
671304 512 0 24560376268876
671816 512 0 24560376524877
672328 512 0 24560376780878
672840 512 0 24560377036879
673352 512 0 24560377292880
673864 512 0 24560377548881
674376 512 0 24560377804883
674888 512 0 24560378060884
675400 512 0 24560378316885
675912 512 0 24560378572886
676424 512 0 24560378828887
676936 512 0 24560379084888
677448 512 0 24560379340889
677960 512 0 24560379596890
678472 512 0 24560379852891
678984 512 0 24560380108892
679496 512 0 24560380364893
680008 512 0 24560380620894
680520 512 0 24560380876895
681032 512 0 24560381132896
681544 512 0 24560381388897
682056 512 0 24560381644898
682568 512 0 24560381900899
683080 512 0 24560382156901
683592 512 0 24560382412902
684104 512 0 24560382668903
684616 512 0 24560382924904
685128 512 0 24560383180905
685640 512 0 24560383436906
686152 512 0 24560383692907
686664 512 0 24560383948908
687176 512 0 24560384204909
687688 512 0 24560384460910
688200 512 0 24560384716911
688712 512 0 24560384972912
689224 512 0 24560385228913
689736 512 0 24560385484914
690248 512 0 24560385740915
690760 512 0 24560385996916
691272 512 0 24560386252918
691784 512 0 24560386508919
692296 512 0 24560386764920
692808 512 0 24560387020921
693320 512 0 24560387276922
693832 512 0 24560387532923
694344 512 0 24560387788924
694856 512 0 24560388044925
695368 512 0 24560388300926
695880 512 0 24560388556927
696392 512 0 24560388812928
696904 512 0 24560389068929
697416 512 0 24560389324930
697928 512 0 24560389580931
698440 512 0 24560389836932
698952 512 0 24560390092933
699464 512 0 24560390348935
699976 512 0 24560390604936
700488 512 0 24560390860937
701000 512 0 24560391116938
701512 512 0 24560391372939
702024 512 0 24560391628940
702536 512 0 24560391884941
703048 512 0 24560392140942
703560 512 0 24560392396943
704072 512 0 24560392652944
704584 512 0 24560392908945
705096 512 0 24560393164946
705608 512 0 24560393420947
706120 512 0 24560393676948
706632 512 0 24560393932949
707144 512 0 24560394188950
707656 512 0 24560394444952
708168 512 0 24560394700953
708680 512 0 24560394956954
709192 512 0 24560395212955
709704 512 0 24560395468956
710216 512 0 24560395724957
710728 512 0 24560395980958
711240 512 0 24560396236959
711752 512 0 24560396492960
712264 512 0 24560396748961
712776 512 0 24560397004962
713288 512 0 24560397260963
713800 512 0 24560397516964
714312 512 0 24560397772965
714824 512 0 24560398028966
715336 512 0 24560398284967
715848 512 0 24560398540969
716360 512 0 24560398796970
716872 512 0 24560399052971
717384 512 0 24560399308972
717896 512 0 24560399564973
718408 512 0 24560399820974
718920 512 0 24560400076975
719432 512 0 24560400332976
719944 512 0 24560400588977
720456 512 0 24560400844978
720968 512 0 24560401100979
721480 512 0 24560401356979
721992 512 0 24560401612980
722504 512 0 24560401868981
723016 512 0 24560402124982
723528 512 0 24560402380983
724040 512 0 24560402636984
724552 512 0 24560402892985
725064 512 0 24560403148987
725576 512 0 24560403404988
726088 512 0 24560403660989
726600 512 0 24560403916990
727112 512 0 24560404172991
727624 512 0 24560404428992
728136 512 0 24560404684993
728648 512 0 24560404940994
729160 512 0 24560405196995
729672 512 0 24560405452996
730184 512 0 24560405708997
730696 512 0 24560405964998
731208 512 0 24560406220999
731720 512 0 24560406477000
732232 512 0 24560406733001
732744 512 0 24560406989002
733256 512 0 24560407245004
733768 512 0 24560407501005
734280 512 0 24560407757006
734792 512 0 24560408013007
735304 512 0 24560408269008
735816 512 0 24560408525009
736328 512 0 24560408781010
736840 512 0 24560409037011
737352 512 0 24560409293012
737864 512 0 24560409549013
738376 512 0 24560409805014
738888 512 0 24560410061015
739400 512 0 24560410317016
739912 512 0 24560410573017
740424 512 0 24560410829018
740936 512 0 24560411085019
741448 512 0 24560411341021
741960 512 0 24560411597022
742472 512 0 24560411853023
742984 512 0 24560412109024
743496 512 0 24560412365025
744008 512 0 24560412621026
744520 512 0 24560412877027
745032 512 0 24560413133028
745544 512 0 24560413389029
746056 512 0 24560413645030
746568 512 0 24560413901031
747080 512 0 24560414157032
747592 512 0 24560414413033
748104 512 0 24560414669034
748616 512 0 24560414925035
749128 512 0 24560415181036
749640 512 0 24560415437038
750152 512 0 24560415693039
750664 512 0 24560415949040
751176 512 0 24560416205041
751688 512 0 24560416461042
752200 512 0 24560416717043
752712 512 0 24560416973044
753224 512 0 24560417229045
753736 512 0 24560417485046
754248 512 0 24560417741047
755048 512 0 24560418141049
755568 512 0 24560418401050
756088 512 0 24560418661051
756608 512 0 24560418921052
757128 512 0 24560419181053
757648 512 0 24560419441054
758168 512 0 24560419701055
758688 512 0 24560419961056
759208 512 0 24560420221057
9356 512 0 24560439067466
9868 512 0 24560439346106
10380 512 0 24560439624745
10892 512 0 24560439903385
11404 512 0 24560440182024
11916 512 0 24560440460664
12428 512 0 24560440739303
12940 512 0 24560441017942
13452 512 0 24560441296582
13964 512 0 24560441575221
14476 512 0 24560441853861
14988 512 0 24560442132500
15500 512 0 24560442411140
16012 512 0 24560442689779
16524 512 0 24560442968418
17036 512 0 24560443247058
17548 512 0 24560443525697
18060 512 0 24560443804337
18572 512 0 24560444082976
19084 512 0 24560444361616
19596 512 0 24560444640255
20108 512 0 24560444918895
20620 512 0 24560445197534
21132 512 0 24560445476173
21644 512 0 24560445754813
22156 512 0 24560446033452
22668 512 0 24560446312092
23180 512 0 24560446590731
23692 512 0 24560446869371
24204 512 0 24560447148010
24716 512 0 24560447426649
25228 512 0 24560447705294
25740 512 0 24560447983934
26252 512 0 24560448262573
26764 512 0 24560448541213
27276 512 0 24560448819853
27788 512 0 24560449098492
28300 512 0 24560449377132
28812 512 0 24560449655771
29324 512 0 24560449934411
29836 512 0 24560450213051
30348 512 0 24560450491690
30860 512 0 24560450770330
31372 512 0 24560451048969
31884 512 0 24560451327609
32396 512 0 24560451606248
32908 512 0 24560451884888
33420 512 0 24560452163549
33932 512 0 24560452442189
34444 512 0 24560452720829
34956 512 0 24560452999469
35468 512 0 24560453278109
35980 512 0 24560453556749
36492 512 0 24560453835390
37004 512 0 24560454114030
37516 512 0 24560454392670
38028 512 0 24560454671310
38540 512 0 24560454949950
39052 512 0 24560455228590
39564 512 0 24560455507230
40076 512 0 24560455785871
40588 512 0 24560456064511
41100 512 0 24560456343151
41612 512 0 24560456621800
42124 512 0 24560456900440
42636 512 0 24560457179081
43148 512 0 24560457457721
43660 512 0 24560457736361
44172 512 0 24560458015002
44684 512 0 24560458293642
45196 512 0 24560458572282
45708 512 0 24560458850923
46220 512 0 24560459129563
46732 512 0 24560459408203
47244 512 0 24560459686844
47756 512 0 24560459965484
48268 512 0 24560460244124
48780 512 0 24560460522764
49292 512 0 24560460801405
49804 512 0 24560461080051
50316 512 0 24560461358692
50828 512 0 24560461637332
51340 512 0 24560461915973
51852 512 0 24560462194613
52364 512 0 24560462473253
52876 512 0 24560462751894
53388 512 0 24560463030534
53900 512 0 24560463309175
54412 512 0 24560463587815
54924 512 0 24560463866456
55436 512 0 24560464145096
55948 512 0 24560464423736
56460 512 0 24560464702377
56972 512 0 24560464981017
57484 512 0 24560465259658
57996 512 0 24560465538303
58508 512 0 24560465816943
59020 512 0 24560466095584
59532 512 0 24560466374224
60044 512 0 24560466652865
60556 512 0 24560466931505
61068 512 0 24560467210146
61580 512 0 24560467488787
62092 512 0 24560467767427
62604 512 0 24560468046068
63116 512 0 24560468324708
63628 512 0 24560468603349
64140 512 0 24560468881989
64652 512 0 24560469160630
65164 512 0 24560469439270
65676 512 0 24560469717911
66188 512 0 24560469996549
66700 512 0 24560470275189
67212 512 0 24560470553830
67724 512 0 24560470832470
68236 512 0 24560471111111
68748 512 0 24560471389751
69260 512 0 24560471668392
69772 512 0 24560471947032
70284 512 0 24560472225673
70796 512 0 24560472504313
71308 512 0 24560472782954
71820 512 0 24560473061594
72332 512 0 24560473340235
72844 512 0 24560473618875
73356 512 0 24560473897516
73868 512 0 24560474176156
74380 512 0 24560474454798
74892 512 0 24560474733439
75404 512 0 24560475012079
75916 512 0 24560475290720
76428 512 0 24560475569360
76940 512 0 24560475848001
77452 512 0 24560476126641
77964 512 0 24560476405282
78476 512 0 24560476683922
78988 512 0 24560476962563
79500 512 0 24560477241203
80012 512 0 24560477519844
80524 512 0 24560477798484
81036 512 0 24560478077125
81548 512 0 24560478355765
82060 512 0 24560478634406
82572 512 0 24560478913048
83084 512 0 24560479191688
83596 512 0 24560479470329
84108 512 0 24560479748969
84620 512 0 24560480027610
85132 512 0 24560480306250
85644 512 0 24560480584891
86156 512 0 24560480863531
86668 512 0 24560481142172
87180 512 0 24560481420812
87692 512 0 24560481699453
88204 512 0 24560481978093
88716 512 0 24560482256734
89228 512 0 24560482535374
89740 512 0 24560482814015
90252 512 0 24560483092655
90764 512 0 24560483371297
91276 512 0 24560483649937
91788 512 0 24560483928578
92300 512 0 24560484207218
92812 512 0 24560484485859
93324 512 0 24560484764499
93836 512 0 24560485043140
94348 512 0 24560485321780
94860 512 0 24560485600421
95372 512 0 24560485879062
95884 512 0 24560486157702
96396 512 0 24560486436343
96908 512 0 24560486714983
97420 512 0 24560486993624
97932 512 0 24560487272264
98444 512 0 24560487550905
98956 512 0 24560487829547
99468 512 0 24560488108188
99980 512 0 24560488386828
100492 512 0 24560488665469
101004 512 0 24560488944109
101516 512 0 24560489222750
102028 512 0 24560489501391
102540 512 0 24560489780031
103052 512 0 24560490058672
103564 512 0 24560490337312
104076 512 0 24560490615953
104588 512 0 24560490894593
105100 512 0 24560491173234
105612 512 0 24560491451874
106124 512 0 24560491730515
106636 512 0 24560492009155
107148 512 0 24560492287796
107660 512 0 24560492566437
108172 512 0 24560492845077
108684 512 0 24560493123718
109196 512 0 24560493402358
109708 512 0 24560493680999
110220 512 0 24560493959640
110732 512 0 24560494238280
111244 512 0 24560494516921
111756 512 0 24560494795561
112268 512 0 24560495074202
112780 512 0 24560495352842
113292 512 0 24560495631483
113804 512 0 24560495910123
114316 512 0 24560496188764
114828 512 0 24560496467405
115340 512 0 24560496746045
115852 512 0 24560497024686
116364 512 0 24560497303326
116876 512 0 24560497581967
117388 512 0 24560497860607
117900 512 0 24560498139248
118412 512 0 24560498417889
118924 512 0 24560498696529
119436 512 0 24560498975170
119948 512 0 24560499253810
120460 512 0 24560499532451
120972 512 0 24560499811091
121484 512 0 24560500089732
121996 512 0 24560500368373
122508 512 0 24560500647013
123020 512 0 24560500925654
123532 512 0 24560501204296
124044 512 0 24560501482936
124556 512 0 24560501761577
125068 512 0 24560502040217
125580 512 0 24560502318858
126092 512 0 24560502597498
126604 512 0 24560502876139
127116 512 0 24560503154780
127628 512 0 24560503433420
128140 512 0 24560503712061
128652 512 0 24560503990701
129164 512 0 24560504269342
129676 512 0 24560504547982
130188 512 0 24560504826623
130700 512 0 24560505105264
131212 512 0 24560505383904
131724 512 0 24560505662544
132236 512 0 24560505941185
132748 512 0 24560506219826
133260 512 0 24560506498466
133772 512 0 24560506777107
134284 512 0 24560507055747
134796 512 0 24560507334388
135308 512 0 24560507613028
135820 512 0 24560507891669
136332 512 0 24560508170310
136844 512 0 24560508448950
137356 512 0 24560508727591
137868 512 0 24560509006231
138380 512 0 24560509284872
138892 512 0 24560509563512
139404 512 0 24560509842153
139916 512 0 24560510120793
140428 512 0 24560510399434
140940 512 0 24560510678075
141452 512 0 24560510956715
141964 512 0 24560511235356
142476 512 0 24560511513996
142988 512 0 24560511792637
143500 512 0 24560512071277
144012 512 0 24560512349918
144524 512 0 24560512628559
145036 512 0 24560512907199
145548 512 0 24560513185840
146060 512 0 24560513464480
146572 512 0 24560513743121
147084 512 0 24560514021761
147596 512 0 24560514300402
148108 512 0 24560514579042
148620 512 0 24560514857683
149132 512 0 24560515136324
149644 512 0 24560515414964
150156 512 0 24560515693605
150668 512 0 24560515972245
151180 512 0 24560516250886
151692 512 0 24560516529526
152204 512 0 24560516808167
152716 512 0 24560517086808
153228 512 0 24560517365448
153740 512 0 24560517644089
154252 512 0 24560517922729
154764 512 0 24560518201370
155276 512 0 24560518480010
155788 512 0 24560518758651
156300 512 0 24560519037293
156812 512 0 24560519315933
157324 512 0 24560519594574
157836 512 0 24560519873214
158348 512 0 24560520151855
158860 512 0 24560520430495
159372 512 0 24560520709136
159884 512 0 24560520987777
160396 512 0 24560521266417
160908 512 0 24560521545058
161420 512 0 24560521823698
161932 512 0 24560522102339
162444 512 0 24560522380979
162956 512 0 24560522659620
163468 512 0 24560522938261
163980 512 0 24560523216901
164492 512 0 24560523495542
165004 512 0 24560523774182
165516 512 0 24560524052823
166028 512 0 24560524331463
166540 512 0 24560524610104
167052 512 0 24560524888744
167564 512 0 24560525167385
168076 512 0 24560525446026
168588 512 0 24560525724666
169100 512 0 24560526003307
169612 512 0 24560526281947
170124 512 0 24560526560588
170636 512 0 24560526839228
171148 512 0 24560527117869
171660 512 0 24560527396510
172172 512 0 24560527675150
172684 512 0 24560527953791
173196 512 0 24560528232431
173708 512 0 24560528511072
174220 512 0 24560528789712
174732 512 0 24560529068353
175244 512 0 24560529346993
175756 512 0 24560529625634
176268 512 0 24560529904275
176780 512 0 24560530182915
177292 512 0 24560530461556
177804 512 0 24560530740196
178316 512 0 24560531018837
178828 512 0 24560531297477
179340 512 0 24560531576118
179852 512 0 24560531854759
180364 512 0 24560532133399
180876 512 0 24560532412042
181388 512 0 24560532690682
181900 512 0 24560532969323
182412 512 0 24560533247963
182924 512 0 24560533526604
183436 512 0 24560533805245
183948 512 0 24560534083885
184460 512 0 24560534362526
184972 512 0 24560534641166
185484 512 0 24560534919807
185996 512 0 24560535198448
186508 512 0 24560535477088
187020 512 0 24560535755729
187532 512 0 24560536034369
188044 512 0 24560536313010
188556 512 0 24560536591650
189068 512 0 24560536870291
189580 512 0 24560537148931
190092 512 0 24560537427572
190604 512 0 24560537706212
191116 512 0 24560537984853
191628 512 0 24560538263494
192140 512 0 24560538542134
192652 512 0 24560538820775
193164 512 0 24560539099415
193676 512 0 24560539378056
194188 512 0 24560539656697
194700 512 0 24560539935337
195212 512 0 24560540213978
195724 512 0 24560540492618
196236 512 0 24560540771259
196748 512 0 24560541049899
197260 512 0 24560541328541
197772 512 0 24560541607181
198284 512 0 24560541885822
198796 512 0 24560542164463
199308 512 0 24560542443103
199820 512 0 24560542721744
200332 512 0 24560543000384
200844 512 0 24560543279025
201356 512 0 24560543557665
201868 512 0 24560543836306
202380 512 0 24560544114947
202892 512 0 24560544393587
203404 512 0 24560544672228
203916 512 0 24560544950868
204428 512 0 24560545229509
204940 512 0 24560545508150
205452 512 0 24560545786790
205964 512 0 24560546065430
206476 512 0 24560546344071
206988 512 0 24560546622711
207500 512 0 24560546901352
208012 512 0 24560547179993
208524 512 0 24560547458633
209036 512 0 24560547737274
209548 512 0 24560548015914
210060 512 0 24560548294555
210572 512 0 24560548573196
211084 512 0 24560548851836
211596 512 0 24560549130477
212108 512 0 24560549409117
212620 512 0 24560549687758
213132 512 0 24560549966398
213644 512 0 24560550245039
214156 512 0 24560550523679
214668 512 0 24560550802320
215180 512 0 24560551080960
215692 512 0 24560551359601
216204 512 0 24560551638242
216716 512 0 24560551916882
217228 512 0 24560552195523
217740 512 0 24560552474163
218252 512 0 24560552752804
218764 512 0 24560553031444
219276 512 0 24560553310085
219788 512 0 24560553588726
220300 512 0 24560553867366
220812 512 0 24560554146007
221324 512 0 24560554424647
221836 512 0 24560554703288
222348 512 0 24560554981928
222860 512 0 24560555260569
223372 512 0 24560555539209
223884 512 0 24560555817850
224396 512 0 24560556096491
224908 512 0 24560556375131
225420 512 0 24560556653772
225932 512 0 24560556932412
226444 512 0 24560557211053
226956 512 0 24560557489693
227468 512 0 24560557768334
227980 512 0 24560558046975
228492 512 0 24560558325615
229004 512 0 24560558604256
229516 512 0 24560558882896
230028 512 0 24560559161537
230540 512 0 24560559440177
231052 512 0 24560559718818
231564 512 0 24560559997458
232076 512 0 24560560276099
232588 512 0 24560560554740
233100 512 0 24560560833380
233612 512 0 24560561112021
234124 512 0 24560561390661
234636 512 0 24560561669302
235148 512 0 24560561947942
235660 512 0 24560562226583
236172 512 0 24560562505224
236684 512 0 24560562783864
237196 512 0 24560563062505
237708 512 0 24560563341145
238220 512 0 24560563619786
238732 512 0 24560563898426
239244 512 0 24560564177067
239756 512 0 24560564455707
240268 512 0 24560564734348
240780 512 0 24560565012988
241292 512 0 24560565291629
241804 512 0 24560565570270
242316 512 0 24560565848910
242828 512 0 24560566127551
243340 512 0 24560566406191
243852 512 0 24560566684832
244364 512 0 24560566963473
244876 512 0 24560567242113
245388 512 0 24560567520754
245900 512 0 24560567799394
246412 512 0 24560568078036
246924 512 0 24560568356676
247436 512 0 24560568635317
247948 512 0 24560568913957
248460 512 0 24560569192598
248972 512 0 24560569471239
249484 512 0 24560569749879
249996 512 0 24560570028520
250508 512 0 24560570307160
251020 512 0 24560570585801
251532 512 0 24560570864441
252044 512 0 24560571143082
252556 512 0 24560571421723
253068 512 0 24560571700363
253580 512 0 24560571979004
254092 512 0 24560572257644
254604 512 0 24560572536285
255116 512 0 24560572814925
255628 512 0 24560573093566
256140 512 0 24560573372206
256652 512 0 24560573650847
257164 512 0 24560573929488
257676 512 0 24560574208128
258188 512 0 24560574486769
258700 512 0 24560574765409
259212 512 0 24560575044050
259724 512 0 24560575322690
260236 512 0 24560575601331
260748 512 0 24560575879972
261260 512 0 24560576158612
261772 512 0 24560576437253
262284 512 0 24560576715893
262796 512 0 24560576994534
263308 512 0 24560577273174
263820 512 0 24560577551815
264332 512 0 24560577830455
264844 512 0 24560578109096
265356 512 0 24560578387736
265868 512 0 24560578666377
266380 512 0 24560578945018
266892 512 0 24560579223658
267404 512 0 24560579502299
267916 512 0 24560579780939
268428 512 0 24560580059580
268940 512 0 24560580338221
269452 512 0 24560580616861
269964 512 0 24560580895502
270476 512 0 24560581174142
270988 512 0 24560581452783
271500 512 0 24560581731423
272012 512 0 24560582010064
272524 512 0 24560582288704
273036 512 0 24560582567345
273548 512 0 24560582845985
274060 512 0 24560583124626
274572 512 0 24560583403267
275084 512 0 24560583681907
275596 512 0 24560583960548
276108 512 0 24560584239188
276620 512 0 24560584517829
277132 512 0 24560584796469
277644 512 0 24560585075110
278156 512 0 24560585353751
278668 512 0 24560585632391
279180 512 0 24560585911032
279692 512 0 24560586189672
280204 512 0 24560586468313
280716 512 0 24560586746953
281228 512 0 24560587025594
281740 512 0 24560587304234
282252 512 0 24560587582875
282764 512 0 24560587861516
283276 512 0 24560588140156
283788 512 0 24560588418797
284300 512 0 24560588697437
284812 512 0 24560588976078
285324 512 0 24560589254718
285836 512 0 24560589533359
286348 512 0 24560589812000
286860 512 0 24560590090640
287372 512 0 24560590369282
287884 512 0 24560590647922
288396 512 0 24560590926563
288908 512 0 24560591205203
289420 512 0 24560591483844
289932 512 0 24560591762485
290444 512 0 24560592041125
290956 512 0 24560592319766
291468 512 0 24560592598406
291980 512 0 24560592877047
292492 512 0 24560593155687
293004 512 0 24560593434328
293516 512 0 24560593712969
294028 512 0 24560593991609
294540 512 0 24560594270250
295052 512 0 24560594548890
295564 512 0 24560594827531
296076 512 0 24560595106171
296588 512 0 24560595384812
297100 512 0 24560595663452
297612 512 0 24560595942093
298124 512 0 24560596220734
298636 512 0 24560596499374
299148 512 0 24560596778015
299660 512 0 24560597056655
300172 512 0 24560597335296
300684 512 0 24560597613936
301196 512 0 24560597892577
301708 512 0 24560598171218
302220 512 0 24560598449858
302732 512 0 24560598728499
303244 512 0 24560599007139
303756 512 0 24560599285780
304268 512 0 24560599564420
304780 512 0 24560599843061
305292 512 0 24560600121701
305804 512 0 24560600400342
306316 512 0 24560600678982
306828 512 0 24560600957623
307340 512 0 24560601236264
307852 512 0 24560601514904
308364 512 0 24560601793545
308876 512 0 24560602072185
309388 512 0 24560602350826
309900 512 0 24560602629467
310412 512 0 24560602908107
310924 512 0 24560603186748
311436 512 0 24560603465388
311948 512 0 24560603744030
312460 512 0 24560604022670
312972 512 0 24560604301311
313484 512 0 24560604579951
313996 512 0 24560604858592
314508 512 0 24560605137233
315020 512 0 24560605415873
315532 512 0 24560605694514
316044 512 0 24560605973154
316556 512 0 24560606251795
317068 512 0 24560606530435
317580 512 0 24560606809076
318092 512 0 24560607087717
318604 512 0 24560607366357
319116 512 0 24560607644998
319628 512 0 24560607923638
320140 512 0 24560608202279
320652 512 0 24560608480919
321164 512 0 24560608759560
321676 512 0 24560609038200
322188 512 0 24560609316841
322700 512 0 24560609595482
323212 512 0 24560609874122
323724 512 0 24560610152763
324236 512 0 24560610431403
324748 512 0 24560610710044
325260 512 0 24560610988684
325772 512 0 24560611267325
326284 512 0 24560611545966
326796 512 0 24560611824606
327308 512 0 24560612103247
327820 512 0 24560612381887
328332 512 0 24560612660528
328844 512 0 24560612939168
329356 512 0 24560613217809
329868 512 0 24560613496449
330380 512 0 24560613775090
330892 512 0 24560614053730
331404 512 0 24560614332371
331916 512 0 24560614611012
332672 512 0 24560615022442
333192 512 0 24560615305436
333712 512 0 24560615588431
334232 512 0 24560615871425
334752 512 0 24560616154419
335272 512 0 24560616437414
335792 512 0 24560616720408
336312 512 0 24560617003402
336832 512 0 24560617286397
9300 512 0 24560635737940
9812 512 0 24560635993940
10324 512 0 24560636249940
10836 512 0 24560636505940
11348 512 0 24560636761940
11860 512 0 24560637017940
12372 512 0 24560637273940
12884 512 0 24560637529940
13396 512 0 24560637785940
13908 512 0 24560638041940
14420 512 0 24560638297940
14932 512 0 24560638553940
15444 512 0 24560638809940
15956 512 0 24560639065940
16468 512 0 24560639321940
16980 512 0 24560639577940
17492 512 0 24560639833940
18004 512 0 24560640089940
18516 512 0 24560640345940
19028 512 0 24560640601940
19540 512 0 24560640857940
20052 512 0 24560641113940
20564 512 0 24560641369940
21076 512 0 24560641625940
21588 512 0 24560641881940
22100 512 0 24560642137940
22612 512 0 24560642393940
23124 512 0 24560642649940
23636 512 0 24560642905940
24148 512 0 24560643161940
24660 512 0 24560643417940
25172 512 0 24560643673962
25684 512 0 24560643929962
26196 512 0 24560644185963
26708 512 0 24560644441963
27220 512 0 24560644697964
27732 512 0 24560644953964
28244 512 0 24560645209965
28756 512 0 24560645465966
29268 512 0 24560645721966
29780 512 0 24560645977967
30292 512 0 24560646233967
30804 512 0 24560646489968
31316 512 0 24560646745968
31828 512 0 24560647001969
32340 512 0 24560647257970
32852 512 0 24560647513970
33364 512 0 24560647769983
33876 512 0 24560648025984
34388 512 0 24560648281985
34900 512 0 24560648537986
35412 512 0 24560648793987
35924 512 0 24560649049988
36436 512 0 24560649305989
36948 512 0 24560649561990
37460 512 0 24560649817990
37972 512 0 24560650073991
38484 512 0 24560650329992
38996 512 0 24560650585993
39508 512 0 24560650841994
40020 512 0 24560651097995
40532 512 0 24560651353996
41044 512 0 24560651609997
41556 512 0 24560651865999
42068 512 0 24560652122000
42580 512 0 24560652378001
43092 512 0 24560652634001
43604 512 0 24560652890002
44116 512 0 24560653146003
44628 512 0 24560653402004
45140 512 0 24560653658005
45652 512 0 24560653914006
46164 512 0 24560654170007
46676 512 0 24560654426008
47188 512 0 24560654682009
47700 512 0 24560654938010
48212 512 0 24560655194011
48724 512 0 24560655450011
49236 512 0 24560655706012
49748 512 0 24560655962017
50260 512 0 24560656218018
50772 512 0 24560656474019
51284 512 0 24560656730020
51796 512 0 24560656986021
52308 512 0 24560657242022
52820 512 0 24560657498023
53332 512 0 24560657754024
53844 512 0 24560658010025
54356 512 0 24560658266026
54868 512 0 24560658522027
55380 512 0 24560658778028
55892 512 0 24560659034029
56404 512 0 24560659290030
56916 512 0 24560659546031
57428 512 0 24560659802032
57940 512 0 24560660058035
58452 512 0 24560660314036
58964 512 0 24560660570037
59476 512 0 24560660826038
59988 512 0 24560661082039
60500 512 0 24560661338040
61012 512 0 24560661594041
61524 512 0 24560661850042
62036 512 0 24560662106043
62548 512 0 24560662362044
63060 512 0 24560662618045
63572 512 0 24560662874046
64084 512 0 24560663130047
64596 512 0 24560663386048
65108 512 0 24560663642049
65620 512 0 24560663898050
66132 512 0 24560664154052
66644 512 0 24560664410053
67156 512 0 24560664666054
67668 512 0 24560664922055
68180 512 0 24560665178056
68692 512 0 24560665434057
69204 512 0 24560665690058
69716 512 0 24560665946059
70228 512 0 24560666202060
70740 512 0 24560666458061
71252 512 0 24560666714062
71764 512 0 24560666970063
72276 512 0 24560667226064
72788 512 0 24560667482065
73300 512 0 24560667738067
73812 512 0 24560667994068
74324 512 0 24560668250068
74836 512 0 24560668506069
75348 512 0 24560668762070
75860 512 0 24560669018071
76372 512 0 24560669274072
76884 512 0 24560669530073
77396 512 0 24560669786074
77908 512 0 24560670042075
78420 512 0 24560670298076
78932 512 0 24560670554077
79444 512 0 24560670810078
79956 512 0 24560671066079
80468 512 0 24560671322080
80980 512 0 24560671578081
81492 512 0 24560671834082
82004 512 0 24560672090083
82516 512 0 24560672346085
83028 512 0 24560672602086
83540 512 0 24560672858087
84052 512 0 24560673114088
84564 512 0 24560673370089
85076 512 0 24560673626090
85588 512 0 24560673882091
86100 512 0 24560674138092
86612 512 0 24560674394093
87124 512 0 24560674650094
87636 512 0 24560674906095
88148 512 0 24560675162096
88660 512 0 24560675418097
89172 512 0 24560675674098
89684 512 0 24560675930099
90196 512 0 24560676186100
90708 512 0 24560676442101
91220 512 0 24560676698102
91732 512 0 24560676954103
92244 512 0 24560677210104
92756 512 0 24560677466105
93268 512 0 24560677722106
93780 512 0 24560677978107
94292 512 0 24560678234108
94804 512 0 24560678490109
95316 512 0 24560678746110
95828 512 0 24560679002111
96340 512 0 24560679258112
96852 512 0 24560679514113
97364 512 0 24560679770114
97876 512 0 24560680026115
98388 512 0 24560680282116
98900 512 0 24560680538118
99412 512 0 24560680794119
99924 512 0 24560681050120
100436 512 0 24560681306121
100948 512 0 24560681562122
101460 512 0 24560681818123
101972 512 0 24560682074124
102484 512 0 24560682330125
102996 512 0 24560682586126
103508 512 0 24560682842127
104020 512 0 24560683098128
104532 512 0 24560683354129
105044 512 0 24560683610130
105556 512 0 24560683866131
106068 512 0 24560684122132
106580 512 0 24560684378133
107092 512 0 24560684634135
107604 512 0 24560684890136
108116 512 0 24560685146137
108628 512 0 24560685402138
109140 512 0 24560685658139
109652 512 0 24560685914140
110164 512 0 24560686170141
110676 512 0 24560686426142
111188 512 0 24560686682143
111700 512 0 24560686938144
112212 512 0 24560687194145
112724 512 0 24560687450146
113236 512 0 24560687706147
113748 512 0 24560687962149
114260 512 0 24560688218150
114772 512 0 24560688474151
115284 512 0 24560688730152
115796 512 0 24560688986153
116308 512 0 24560689242154
116820 512 0 24560689498155
117332 512 0 24560689754156
117844 512 0 24560690010157
118356 512 0 24560690266158
118868 512 0 24560690522159
119380 512 0 24560690778160
119892 512 0 24560691034161
120404 512 0 24560691290162
120916 512 0 24560691546164
121428 512 0 24560691802165
121940 512 0 24560692058166
122452 512 0 24560692314167
122964 512 0 24560692570168
123476 512 0 24560692826169
123988 512 0 24560693082170
124500 512 0 24560693338171
125012 512 0 24560693594172
125524 512 0 24560693850173
126036 512 0 24560694106174
126548 512 0 24560694362175
127060 512 0 24560694618176
127572 512 0 24560694874177
128084 512 0 24560695130179
128596 512 0 24560695386180
129108 512 0 24560695642181
129620 512 0 24560695898182
130132 512 0 24560696154183
130644 512 0 24560696410184
131156 512 0 24560696666185
131668 512 0 24560696922186
132180 512 0 24560697178187
132692 512 0 24560697434188
133204 512 0 24560697690189
133716 512 0 24560697946190
134228 512 0 24560698202191
134740 512 0 24560698458192
135252 512 0 24560698714193
135764 512 0 24560698970195
136276 512 0 24560699226196
136788 512 0 24560699482197
137300 512 0 24560699738198
137812 512 0 24560699994199
138324 512 0 24560700250200
138836 512 0 24560700506201
139348 512 0 24560700762202
139860 512 0 24560701018203
140372 512 0 24560701274204
140884 512 0 24560701530205
141396 512 0 24560701786206
141908 512 0 24560702042207
142420 512 0 24560702298208
142932 512 0 24560702554209
143444 512 0 24560702810211
143956 512 0 24560703066212
144468 512 0 24560703322213
144980 512 0 24560703578214
145492 512 0 24560703834215
146004 512 0 24560704090216
146516 512 0 24560704346217
147028 512 0 24560704602218
147540 512 0 24560704858219
148052 512 0 24560705114219
148564 512 0 24560705370220
149076 512 0 24560705626221
149588 512 0 24560705882222
150100 512 0 24560706138223
150612 512 0 24560706394224
151124 512 0 24560706650225
151636 512 0 24560706906226
152148 512 0 24560707162227
152660 512 0 24560707418228
153172 512 0 24560707674230
153684 512 0 24560707930231
154196 512 0 24560708186232
154708 512 0 24560708442233
155220 512 0 24560708698234
155732 512 0 24560708954235
156244 512 0 24560709210236
156756 512 0 24560709466237
157268 512 0 24560709722238
157780 512 0 24560709978239
158292 512 0 24560710234240
158804 512 0 24560710490241
159316 512 0 24560710746242
159828 512 0 24560711002243
160340 512 0 24560711258244
160852 512 0 24560711514246
161364 512 0 24560711770247
161876 512 0 24560712026248
162388 512 0 24560712282249
162900 512 0 24560712538250
163412 512 0 24560712794251
163924 512 0 24560713050252
164436 512 0 24560713306253
164948 512 0 24560713562254
165460 512 0 24560713818255
165972 512 0 24560714074256
166484 512 0 24560714330257
166996 512 0 24560714586258
167508 512 0 24560714842259
168020 512 0 24560715098260
168532 512 0 24560715354261
169044 512 0 24560715610263
169556 512 0 24560715866264
170068 512 0 24560716122265
170580 512 0 24560716378266
171092 512 0 24560716634267
171604 512 0 24560716890268
172116 512 0 24560717146269
172628 512 0 24560717402270
173140 512 0 24560717658271
173652 512 0 24560717914272
174164 512 0 24560718170273
174676 512 0 24560718426274
175188 512 0 24560718682275
175700 512 0 24560718938276
176212 512 0 24560719194277
176724 512 0 24560719450279
177236 512 0 24560719706280
177748 512 0 24560719962281
178260 512 0 24560720218282
178772 512 0 24560720474283
179284 512 0 24560720730284
179796 512 0 24560720986285
180308 512 0 24560721242286
180820 512 0 24560721498287
181332 512 0 24560721754288
181844 512 0 24560722010289
182356 512 0 24560722266290
182868 512 0 24560722522291
183380 512 0 24560722778292
183892 512 0 24560723034293
184404 512 0 24560723290294
184916 512 0 24560723546296
185428 512 0 24560723802297
185940 512 0 24560724058298
186452 512 0 24560724314299
186964 512 0 24560724570300
187476 512 0 24560724826301
187988 512 0 24560725082302
188500 512 0 24560725338303
189012 512 0 24560725594304
189524 512 0 24560725850305
190036 512 0 24560726106306
190548 512 0 24560726362307
191060 512 0 24560726618308
191572 512 0 24560726874309
192084 512 0 24560727130310
192596 512 0 24560727386311
193108 512 0 24560727642313
193620 512 0 24560727898314
194132 512 0 24560728154315
194644 512 0 24560728410316
195156 512 0 24560728666317
195668 512 0 24560728922318
196180 512 0 24560729178319
196692 512 0 24560729434320
197204 512 0 24560729690321
197716 512 0 24560729946322
198228 512 0 24560730202323
198740 512 0 24560730458324
199252 512 0 24560730714325
199764 512 0 24560730970326
200276 512 0 24560731226327
200788 512 0 24560731482329
201300 512 0 24560731738330
201812 512 0 24560731994331
202324 512 0 24560732250332
202836 512 0 24560732506333
203348 512 0 24560732762334
203860 512 0 24560733018335
204372 512 0 24560733274336
204884 512 0 24560733530337
205396 512 0 24560733786338
205908 512 0 24560734042339
206420 512 0 24560734298340
206932 512 0 24560734554341
207444 512 0 24560734810342
207956 512 0 24560735066343
208468 512 0 24560735322344
208980 512 0 24560735578346
209492 512 0 24560735834347
210004 512 0 24560736090348
210516 512 0 24560736346349
211028 512 0 24560736602350
211540 512 0 24560736858351
212052 512 0 24560737114352
212564 512 0 24560737370353
213076 512 0 24560737626354
213588 512 0 24560737882354
214100 512 0 24560738138355
214612 512 0 24560738394356
215124 512 0 24560738650357
215636 512 0 24560738906358
216148 512 0 24560739162359
216660 512 0 24560739418360
217172 512 0 24560739674361
217684 512 0 24560739930362
218196 512 0 24560740186363
218708 512 0 24560740442365
219220 512 0 24560740698366
219732 512 0 24560740954367
220244 512 0 24560741210368
220756 512 0 24560741466369
221268 512 0 24560741722370
221780 512 0 24560741978371
222292 512 0 24560742234372
222804 512 0 24560742490373
223316 512 0 24560742746374
223828 512 0 24560743002375
224340 512 0 24560743258376
224852 512 0 24560743514377
225364 512 0 24560743770378
225876 512 0 24560744026379
226388 512 0 24560744282381
226900 512 0 24560744538382
227412 512 0 24560744794383
227924 512 0 24560745050384
228436 512 0 24560745306385
228948 512 0 24560745562386
229460 512 0 24560745818387
229972 512 0 24560746074388
230484 512 0 24560746330389
230996 512 0 24560746586390
231508 512 0 24560746842391
232020 512 0 24560747098392
232532 512 0 24560747354393
233044 512 0 24560747610394
233556 512 0 24560747866395
234068 512 0 24560748122397
234580 512 0 24560748378398
235092 512 0 24560748634399
235604 512 0 24560748890400
236116 512 0 24560749146401
236628 512 0 24560749402402
237140 512 0 24560749658403
237652 512 0 24560749914404
238164 512 0 24560750170404
238676 512 0 24560750426405
239188 512 0 24560750682406
239700 512 0 24560750938407
240212 512 0 24560751194408
240724 512 0 24560751450409
241236 512 0 24560751706410
241748 512 0 24560751962411
242260 512 0 24560752218412
242772 512 0 24560752474413
243284 512 0 24560752730414
243796 512 0 24560752986416
244308 512 0 24560753242417
244820 512 0 24560753498418
245332 512 0 24560753754419
245844 512 0 24560754010420
246356 512 0 24560754266422
246868 512 0 24560754522423
247380 512 0 24560754778424
247892 512 0 24560755034425
248404 512 0 24560755290426
248916 512 0 24560755546427
249428 512 0 24560755802428
249940 512 0 24560756058430
250452 512 0 24560756314431
250964 512 0 24560756570432
251476 512 0 24560756826433
251988 512 0 24560757082434
252500 512 0 24560757338435
253012 512 0 24560757594436
253524 512 0 24560757850437
254036 512 0 24560758106438
254548 512 0 24560758362438
255060 512 0 24560758618439
255572 512 0 24560758874440
256084 512 0 24560759130441
256596 512 0 24560759386442
257108 512 0 24560759642443
257620 512 0 24560759898444
258132 512 0 24560760154445
258644 512 0 24560760410446
259156 512 0 24560760666447
259668 512 0 24560760922449
260180 512 0 24560761178450
260692 512 0 24560761434451
261204 512 0 24560761690452
261716 512 0 24560761946453
262228 512 0 24560762202454
262740 512 0 24560762458455
263252 512 0 24560762714456
263764 512 0 24560762970457
264276 512 0 24560763226458
264788 512 0 24560763482459
265300 512 0 24560763738460
265812 512 0 24560763994461
266324 512 0 24560764250462
266836 512 0 24560764506463
267348 512 0 24560764762465
267860 512 0 24560765018466
268372 512 0 24560765274467
268884 512 0 24560765530468
269396 512 0 24560765786469
269908 512 0 24560766042470
270420 512 0 24560766298471
270932 512 0 24560766554472
271444 512 0 24560766810473
271956 512 0 24560767066474
272468 512 0 24560767322475
272980 512 0 24560767578476
273492 512 0 24560767834477
274004 512 0 24560768090478
274516 512 0 24560768346479
275028 512 0 24560768602480
275540 512 0 24560768858482
276052 512 0 24560769114483
276564 512 0 24560769370484
277076 512 0 24560769626485
277588 512 0 24560769882486
278100 512 0 24560770138487
278612 512 0 24560770394488
279124 512 0 24560770650489
279636 512 0 24560770906490
280148 512 0 24560771162491
280660 512 0 24560771418492
281172 512 0 24560771674493
281684 512 0 24560771930494
282196 512 0 24560772186495
282708 512 0 24560772442496
283220 512 0 24560772698498
283732 512 0 24560772954499
284244 512 0 24560773210500
284756 512 0 24560773466501
285268 512 0 24560773722502
285780 512 0 24560773978503
286292 512 0 24560774234504
286804 512 0 24560774490505
287316 512 0 24560774746506
287828 512 0 24560775002507
288340 512 0 24560775258508
288852 512 0 24560775514509
289364 512 0 24560775770510
289876 512 0 24560776026511
290388 512 0 24560776282512
290900 512 0 24560776538513
291412 512 0 24560776794515
291924 512 0 24560777050516
292436 512 0 24560777306517
292948 512 0 24560777562518
293460 512 0 24560777818519
293972 512 0 24560778074520
294484 512 0 24560778330521
294996 512 0 24560778586522
295508 512 0 24560778842524
296020 512 0 24560779098525
296532 512 0 24560779354526
297044 512 0 24560779610527
297556 512 0 24560779866528
298068 512 0 24560780122530
298580 512 0 24560780378531
299092 512 0 24560780634532
299604 512 0 24560780890533
300116 512 0 24560781146534
300628 512 0 24560781402535
301140 512 0 24560781658536
301652 512 0 24560781914537
302164 512 0 24560782170538
302676 512 0 24560782426539
303188 512 0 24560782682540
303700 512 0 24560782938540
304212 512 0 24560783194541
304724 512 0 24560783450542
305236 512 0 24560783706543
305748 512 0 24560783962544
306260 512 0 24560784218545
306772 512 0 24560784474546
307284 512 0 24560784730547
307796 512 0 24560784986549
308308 512 0 24560785242550
308820 512 0 24560785498551
309332 512 0 24560785754552
309844 512 0 24560786010553
310356 512 0 24560786266554
310868 512 0 24560786522555
311380 512 0 24560786778556
311892 512 0 24560787034557
312404 512 0 24560787290558
312916 512 0 24560787546559
313428 512 0 24560787802560
313940 512 0 24560788058561
314452 512 0 24560788314562
314964 512 0 24560788570563
315476 512 0 24560788826565
315988 512 0 24560789082566
316500 512 0 24560789338567
317012 512 0 24560789594568
317524 512 0 24560789850569
318036 512 0 24560790106570
318548 512 0 24560790362571
319060 512 0 24560790618572
319572 512 0 24560790874573
320084 512 0 24560791130574
320596 512 0 24560791386575
321108 512 0 24560791642576
321620 512 0 24560791898577
322132 512 0 24560792154578
322644 512 0 24560792410579
323156 512 0 24560792666580
323668 512 0 24560792922582
324180 512 0 24560793178583
324692 512 0 24560793434584
325204 512 0 24560793690585
325716 512 0 24560793946586
326228 512 0 24560794202587
326740 512 0 24560794458588
327252 512 0 24560794714589
327764 512 0 24560794970590
328276 512 0 24560795226591
328788 512 0 24560795482592
329300 512 0 24560795738593
329812 512 0 24560795994594
330324 512 0 24560796250595
330836 512 0 24560796506596
331348 512 0 24560796762597
331860 512 0 24560797018599
332372 512 0 24560797274600
332884 512 0 24560797530601
333396 512 0 24560797786602
333908 512 0 24560798042603
334420 512 0 24560798298604
334932 512 0 24560798554605
335444 512 0 24560798810606
335956 512 0 24560799066607
336468 512 0 24560799322608
336980 512 0 24560799578609
337492 512 0 24560799834610
338004 512 0 24560800090611
338516 512 0 24560800346612
339028 512 0 24560800602613
339540 512 0 24560800858615
340052 512 0 24560801114616
340564 512 0 24560801370617
341076 512 0 24560801626618
341588 512 0 24560801882619
342100 512 0 24560802138620
342612 512 0 24560802394621
343124 512 0 24560802650622
343636 512 0 24560802906623
344148 512 0 24560803162624
344660 512 0 24560803418625
345172 512 0 24560803674626
345684 512 0 24560803930627
346196 512 0 24560804186628
346708 512 0 24560804442629
347220 512 0 24560804698630
347732 512 0 24560804954632
348244 512 0 24560805210633
348756 512 0 24560805466634
349268 512 0 24560805722635
349780 512 0 24560805978636
350292 512 0 24560806234637
350804 512 0 24560806490638
351316 512 0 24560806746639
351828 512 0 24560807002640
352340 512 0 24560807258641
352852 512 0 24560807514642
353364 512 0 24560807770643
353876 512 0 24560808026644
354388 512 0 24560808282645
354900 512 0 24560808538646
355412 512 0 24560808794647
355924 512 0 24560809050649
356436 512 0 24560809306650
356948 512 0 24560809562651
357460 512 0 24560809818652
357972 512 0 24560810074653
358484 512 0 24560810330654
358996 512 0 24560810586655
359508 512 0 24560810842656
360020 512 0 24560811098657
360532 512 0 24560811354658
361044 512 0 24560811610659
361556 512 0 24560811866660
362068 512 0 24560812122661
362580 512 0 24560812378662
363092 512 0 24560812634663
363604 512 0 24560812890664
364116 512 0 24560813146666
364628 512 0 24560813402667
365140 512 0 24560813658668
365652 512 0 24560813914669
366164 512 0 24560814170670
366676 512 0 24560814426671
367188 512 0 24560814682672
367700 512 0 24560814938673
368212 512 0 24560815194674
368724 512 0 24560815450675
369236 512 0 24560815706675
369748 512 0 24560815962676
370260 512 0 24560816218677
370772 512 0 24560816474678
371284 512 0 24560816730679
371796 512 0 24560816986680
372308 512 0 24560817242681
372820 512 0 24560817498682
373332 512 0 24560817754684
373844 512 0 24560818010685
374356 512 0 24560818266686
374868 512 0 24560818522687
375380 512 0 24560818778688
375892 512 0 24560819034689
376404 512 0 24560819290690
376916 512 0 24560819546691
377428 512 0 24560819802693
377940 512 0 24560820058694
378452 512 0 24560820314695
378964 512 0 24560820570696
379476 512 0 24560820826697
379988 512 0 24560821082699
380500 512 0 24560821338700
381012 512 0 24560821594701
381524 512 0 24560821850702
382036 512 0 24560822106703
382548 512 0 24560822362704
383060 512 0 24560822618705
383572 512 0 24560822874706
384084 512 0 24560823130707
384596 512 0 24560823386708
385108 512 0 24560823642709
385620 512 0 24560823898710
386132 512 0 24560824154711
386644 512 0 24560824410712
387156 512 0 24560824666713
387668 512 0 24560824922714
388180 512 0 24560825178716
388692 512 0 24560825434717
389204 512 0 24560825690718
389716 512 0 24560825946719
390228 512 0 24560826202720
390740 512 0 24560826458721
391252 512 0 24560826714722
391764 512 0 24560826970723
392276 512 0 24560827226724
392788 512 0 24560827482725
393300 512 0 24560827738726
393812 512 0 24560827994726
394324 512 0 24560828250727
394836 512 0 24560828506728
395348 512 0 24560828762729
395860 512 0 24560829018730
396372 512 0 24560829274731
396884 512 0 24560829530732
397396 512 0 24560829786733
397908 512 0 24560830042735
398420 512 0 24560830298736
398932 512 0 24560830554737
399444 512 0 24560830810738
399956 512 0 24560831066739
400468 512 0 24560831322740
400980 512 0 24560831578741
401492 512 0 24560831834742
402004 512 0 24560832090743
402516 512 0 24560832346744
403028 512 0 24560832602745
403540 512 0 24560832858746
404052 512 0 24560833114747
404564 512 0 24560833370748
405076 512 0 24560833626749
405588 512 0 24560833882750
406100 512 0 24560834138752
406612 512 0 24560834394753
407124 512 0 24560834650754
407636 512 0 24560834906755
408148 512 0 24560835162756
408660 512 0 24560835418757
409172 512 0 24560835674758
409684 512 0 24560835930759
410196 512 0 24560836186760
410708 512 0 24560836442761
411220 512 0 24560836698762
411732 512 0 24560836954763
412244 512 0 24560837210764
412756 512 0 24560837466765
413268 512 0 24560837722766
413780 512 0 24560837978768
414292 512 0 24560838234769
414804 512 0 24560838490770
415316 512 0 24560838746771
415828 512 0 24560839002772
416340 512 0 24560839258773
416852 512 0 24560839514774
417364 512 0 24560839770775
417876 512 0 24560840026776
418388 512 0 24560840282777
418900 512 0 24560840538778
419412 512 0 24560840794779
419924 512 0 24560841050780
420436 512 0 24560841306781
420948 512 0 24560841562782
421460 512 0 24560841818783
421972 512 0 24560842074785
422484 512 0 24560842330786
422996 512 0 24560842586787
423508 512 0 24560842842788
424020 512 0 24560843098789
424532 512 0 24560843354790
425044 512 0 24560843610791
425556 512 0 24560843866792
426068 512 0 24560844122793
426580 512 0 24560844378794
427092 512 0 24560844634795
427604 512 0 24560844890796
428116 512 0 24560845146797
428628 512 0 24560845402798
429140 512 0 24560845658799
429652 512 0 24560845914800
430164 512 0 24560846170802
430676 512 0 24560846426803
431188 512 0 24560846682804
431700 512 0 24560846938805
432212 512 0 24560847194806
432724 512 0 24560847450807
433236 512 0 24560847706808
433748 512 0 24560847962809
434260 512 0 24560848218810
434772 512 0 24560848474812
435284 512 0 24560848730813
435796 512 0 24560848986814
436308 512 0 24560849242815
436820 512 0 24560849498817
437332 512 0 24560849754818
437844 512 0 24560850010819
438356 512 0 24560850266820
438868 512 0 24560850522821
439380 512 0 24560850778822
439892 512 0 24560851034823
440404 512 0 24560851290824
440916 512 0 24560851546825
441428 512 0 24560851802826
441940 512 0 24560852058827
442452 512 0 24560852314828
442964 512 0 24560852570828
443476 512 0 24560852826829
443988 512 0 24560853082830
444500 512 0 24560853338831
445012 512 0 24560853594832
445524 512 0 24560853850833
446036 512 0 24560854106834
446548 512 0 24560854362836
447060 512 0 24560854618837
447572 512 0 24560854874838
448084 512 0 24560855130839
448596 512 0 24560855386840
449108 512 0 24560855642841
449620 512 0 24560855898842
450132 512 0 24560856154843
450644 512 0 24560856410844
451156 512 0 24560856666845
451668 512 0 24560856922846
452180 512 0 24560857178847
452692 512 0 24560857434848
453204 512 0 24560857690849
453716 512 0 24560857946850
454228 512 0 24560858202852
454740 512 0 24560858458853
455252 512 0 24560858714854
455764 512 0 24560858970855
456276 512 0 24560859226856
456788 512 0 24560859482857
457300 512 0 24560859738858
457812 512 0 24560859994859
458324 512 0 24560860250860
458836 512 0 24560860506861
459348 512 0 24560860762862
459860 512 0 24560861018863
460372 512 0 24560861274864
460884 512 0 24560861530865
461396 512 0 24560861786866
461908 512 0 24560862042867
462420 512 0 24560862298869
462932 512 0 24560862554870
463444 512 0 24560862810871
463956 512 0 24560863066872
464468 512 0 24560863322873
464980 512 0 24560863578874
465492 512 0 24560863834875
466004 512 0 24560864090876
466516 512 0 24560864346877
467028 512 0 24560864602878
467540 512 0 24560864858879
468052 512 0 24560865114880
468564 512 0 24560865370881
469076 512 0 24560865626882
469588 512 0 24560865882883
470100 512 0 24560866138884
470612 512 0 24560866394886
471124 512 0 24560866650887
471636 512 0 24560866906888
472148 512 0 24560867162889
472660 512 0 24560867418890
473172 512 0 24560867674891
473684 512 0 24560867930892
474196 512 0 24560868186893
474708 512 0 24560868442894
475220 512 0 24560868698895
475732 512 0 24560868954896
476244 512 0 24560869210897
476756 512 0 24560869466898
477268 512 0 24560869722899
477780 512 0 24560869978900
478292 512 0 24560870234901
478804 512 0 24560870490903
479316 512 0 24560870746904
479828 512 0 24560871002905
480340 512 0 24560871258906
480852 512 0 24560871514907
481364 512 0 24560871770908
481876 512 0 24560872026909
482388 512 0 24560872282910
482900 512 0 24560872538911
483412 512 0 24560872794912
483924 512 0 24560873050913
484436 512 0 24560873306914
484948 512 0 24560873562915
485460 512 0 24560873818916
485972 512 0 24560874074917
486484 512 0 24560874330918
486996 512 0 24560874586920
487508 512 0 24560874842921
488020 512 0 24560875098922
488532 512 0 24560875354923
489044 512 0 24560875610924
489556 512 0 24560875866925
490068 512 0 24560876122926
490580 512 0 24560876378927
491092 512 0 24560876634928
491604 512 0 24560876890929
492116 512 0 24560877146931
492628 512 0 24560877402932
493140 512 0 24560877658933
493652 512 0 24560877914934
494164 512 0 24560878170936
494676 512 0 24560878426937
495188 512 0 24560878682938
495700 512 0 24560878938939
496212 512 0 24560879194940
496724 512 0 24560879450941
497236 512 0 24560879706942
497748 512 0 24560879962943
498260 512 0 24560880218944
498772 512 0 24560880474945
499284 512 0 24560880730946
499796 512 0 24560880986947
500308 512 0 24560881242948
500820 512 0 24560881498949
501332 512 0 24560881754950
501844 512 0 24560882010951
502356 512 0 24560882266953
502868 512 0 24560882522954
503380 512 0 24560882778955
503892 512 0 24560883034956
504404 512 0 24560883290957
504916 512 0 24560883546958
505428 512 0 24560883802959
505940 512 0 24560884058960
506452 512 0 24560884314961
506964 512 0 24560884570962
507476 512 0 24560884826963
507988 512 0 24560885082964
508500 512 0 24560885338964
509012 512 0 24560885594965
509524 512 0 24560885850966
510036 512 0 24560886106967
510548 512 0 24560886362968
511060 512 0 24560886618969
511572 512 0 24560886874971
512084 512 0 24560887130972
512596 512 0 24560887386973
513108 512 0 24560887642974
513620 512 0 24560887898975
514132 512 0 24560888154976
514644 512 0 24560888410977
515156 512 0 24560888666978
515668 512 0 24560888922979
516180 512 0 24560889178980
516692 512 0 24560889434982
517204 512 0 24560889690983
517716 512 0 24560889946984
518228 512 0 24560890202985
518740 512 0 24560890458987
519252 512 0 24560890714988
519764 512 0 24560890970989
520276 512 0 24560891226990
520788 512 0 24560891482991
521300 512 0 24560891738992
521812 512 0 24560891994993
522324 512 0 24560892250994
522836 512 0 24560892506995
523348 512 0 24560892762996
523860 512 0 24560893018997
524372 512 0 24560893274998
524884 512 0 24560893530998
525396 512 0 24560893786999
525908 512 0 24560894043000
526420 512 0 24560894299001
526932 512 0 24560894555002
527444 512 0 24560894811003
527956 512 0 24560895067005
528468 512 0 24560895323006
528980 512 0 24560895579007
529492 512 0 24560895835008
530004 512 0 24560896091009
530516 512 0 24560896347010
531028 512 0 24560896603011
531540 512 0 24560896859012
532052 512 0 24560897115013
532564 512 0 24560897371014
533076 512 0 24560897627016
533588 512 0 24560897883017
534100 512 0 24560898139018
534612 512 0 24560898395019
535124 512 0 24560898651021
535636 512 0 24560898907022
536148 512 0 24560899163023
536660 512 0 24560899419024
537172 512 0 24560899675025
537684 512 0 24560899931026
538196 512 0 24560900187027
538708 512 0 24560900443028
539220 512 0 24560900699029
539732 512 0 24560900955030
540244 512 0 24560901211031
540756 512 0 24560901467032
541268 512 0 24560901723033
541780 512 0 24560901979034
542292 512 0 24560902235035
542804 512 0 24560902491036
543316 512 0 24560902747038
543828 512 0 24560903003039
544340 512 0 24560903259040
544852 512 0 24560903515041
545364 512 0 24560903771042
545876 512 0 24560904027043
546388 512 0 24560904283044
546900 512 0 24560904539045
547412 512 0 24560904795046
547924 512 0 24560905051047
548436 512 0 24560905307048
548948 512 0 24560905563049
549460 512 0 24560905819050
549972 512 0 24560906075051
550484 512 0 24560906331052
550996 512 0 24560906587053
551508 512 0 24560906843055
552020 512 0 24560907099056
552532 512 0 24560907355057
553044 512 0 24560907611058
553556 512 0 24560907867059
554068 512 0 24560908123060
554580 512 0 24560908379061
555092 512 0 24560908635062
555604 512 0 24560908891063
556116 512 0 24560909147064
556628 512 0 24560909403065
557140 512 0 24560909659066
557652 512 0 24560909915067
558164 512 0 24560910171068
558676 512 0 24560910427069
559188 512 0 24560910683070
559700 512 0 24560910939072
560212 512 0 24560911195073
560724 512 0 24560911451074
561236 512 0 24560911707075
561748 512 0 24560911963076
562260 512 0 24560912219077
562772 512 0 24560912475078
563284 512 0 24560912731079
563796 512 0 24560912987080
564308 512 0 24560913243081
564820 512 0 24560913499082
565332 512 0 24560913755083
565844 512 0 24560914011084
566356 512 0 24560914267085
566868 512 0 24560914523086
567380 512 0 24560914779087
567892 512 0 24560915035089
568404 512 0 24560915291090
568916 512 0 24560915547091
569428 512 0 24560915803092
569940 512 0 24560916059093
570452 512 0 24560916315094
570964 512 0 24560916571095
571476 512 0 24560916827096
571988 512 0 24560917083097
572500 512 0 24560917339098
573012 512 0 24560917595099
573524 512 0 24560917851100
574036 512 0 24560918107101
574548 512 0 24560918363102
575060 512 0 24560918619103
575572 512 0 24560918875104
576084 512 0 24560919131106
576596 512 0 24560919387107
577108 512 0 24560919643108
577620 512 0 24560919899109
578132 512 0 24560920155110
578644 512 0 24560920411111
579156 512 0 24560920667112
579668 512 0 24560920923113
580180 512 0 24560921179114
580692 512 0 24560921435115
581204 512 0 24560921691116
581716 512 0 24560921947117
582228 512 0 24560922203118
582740 512 0 24560922459119
583252 512 0 24560922715120
583764 512 0 24560922971121
584276 512 0 24560923227123
584788 512 0 24560923483124
585300 512 0 24560923739125
585812 512 0 24560923995126
586324 512 0 24560924251127
586836 512 0 24560924507128
587348 512 0 24560924763129
587860 512 0 24560925019130
588372 512 0 24560925275131
588884 512 0 24560925531132
589396 512 0 24560925787133
589908 512 0 24560926043134
590420 512 0 24560926299135
590932 512 0 24560926555136
591444 512 0 24560926811137
591956 512 0 24560927067138
592468 512 0 24560927323140
592980 512 0 24560927579141
593492 512 0 24560927835142
594004 512 0 24560928091143
594516 512 0 24560928347144
595028 512 0 24560928603145
595540 512 0 24560928859146
596052 512 0 24560929115147
596564 512 0 24560929371148
597076 512 0 24560929627149
597588 512 0 24560929883150
598100 512 0 24560930139151
598612 512 0 24560930395152
599124 512 0 24560930651153
599636 512 0 24560930907154
600148 512 0 24560931163155
600660 512 0 24560931419157
601172 512 0 24560931675158
601684 512 0 24560931931159
602196 512 0 24560932187160
602708 512 0 24560932443161
603220 512 0 24560932699162
603732 512 0 24560932955163
604244 512 0 24560933211164
604756 512 0 24560933467165
605268 512 0 24560933723166
605780 512 0 24560933979167
606292 512 0 24560934235168
606804 512 0 24560934491169
607316 512 0 24560934747170
607828 512 0 24560935003171
608340 512 0 24560935259172
608852 512 0 24560935515174
609364 512 0 24560935771175
609876 512 0 24560936027176
610388 512 0 24560936283177
610900 512 0 24560936539178
611412 512 0 24560936795179
611924 512 0 24560937051180
612436 512 0 24560937307181
612948 512 0 24560937563182
613460 512 0 24560937819183
613972 512 0 24560938075184
614484 512 0 24560938331185
614996 512 0 24560938587186
615508 512 0 24560938843187
616020 512 0 24560939099188
616532 512 0 24560939355189
617044 512 0 24560939611191
617556 512 0 24560939867192
618068 512 0 24560940123193
618580 512 0 24560940379194
619092 512 0 24560940635195
619604 512 0 24560940891196
620116 512 0 24560941147197
620628 512 0 24560941403198
621140 512 0 24560941659199
621652 512 0 24560941915200
622164 512 0 24560942171201
622676 512 0 24560942427202
623188 512 0 24560942683203
623700 512 0 24560942939204
624212 512 0 24560943195205
624724 512 0 24560943451206
625236 512 0 24560943707208
625748 512 0 24560943963209
626260 512 0 24560944219210
626772 512 0 24560944475211
627284 512 0 24560944731212
627796 512 0 24560944987213
628308 512 0 24560945243214
628820 512 0 24560945499215
629332 512 0 24560945755216
629844 512 0 24560946011217
630356 512 0 24560946267218
630868 512 0 24560946523219
631380 512 0 24560946779220
631892 512 0 24560947035221
632404 512 0 24560947291222
632916 512 0 24560947547223
633428 512 0 24560947803225
633940 512 0 24560948059226
634452 512 0 24560948315227
634964 512 0 24560948571228
635476 512 0 24560948827229
635988 512 0 24560949083230
636500 512 0 24560949339231
637012 512 0 24560949595232
637524 512 0 24560949851233
638036 512 0 24560950107234
638548 512 0 24560950363235
639060 512 0 24560950619236
639572 512 0 24560950875238
640084 512 0 24560951131239
640596 512 0 24560951387240
641108 512 0 24560951643242
641620 512 0 24560951899243
642132 512 0 24560952155244
642644 512 0 24560952411245
643156 512 0 24560952667246
643668 512 0 24560952923247
644180 512 0 24560953179248
644692 512 0 24560953435249
645204 512 0 24560953691250
645716 512 0 24560953947251
646228 512 0 24560954203252
646740 512 0 24560954459253
647252 512 0 24560954715254
647764 512 0 24560954971255
648276 512 0 24560955227256
648788 512 0 24560955483257
649300 512 0 24560955739259
649812 512 0 24560955995260
650324 512 0 24560956251261
650836 512 0 24560956507262
651348 512 0 24560956763263
651860 512 0 24560957019264
652372 512 0 24560957275265
652884 512 0 24560957531266
653396 512 0 24560957787267
653908 512 0 24560958043268
654420 512 0 24560958299269
654932 512 0 24560958555270
655444 512 0 24560958811271
655956 512 0 24560959067273
656468 512 0 24560959323275
656980 512 0 24560959579276
657492 512 0 24560959835277
658004 512 0 24560960091278
658516 512 0 24560960347279
659028 512 0 24560960603280
659540 512 0 24560960859281
660052 512 0 24560961115282
660564 512 0 24560961371283
661076 512 0 24560961627284
661588 512 0 24560961883285
662100 512 0 24560962139286
662612 512 0 24560962395287
663124 512 0 24560962651288
663636 512 0 24560962907290
664148 512 0 24560963163289
664660 512 0 24560963419290
665172 512 0 24560963675291
665684 512 0 24560963931293
666196 512 0 24560964187294
666708 512 0 24560964443295
667220 512 0 24560964699296
667732 512 0 24560964955297
668244 512 0 24560965211298
668756 512 0 24560965467299
669268 512 0 24560965723300
669780 512 0 24560965979301
670292 512 0 24560966235302
670804 512 0 24560966491303
671316 512 0 24560966747304
671828 512 0 24560967003305
672340 512 0 24560967259307
672852 512 0 24560967515308
673364 512 0 24560967771310
673876 512 0 24560968027311
674388 512 0 24560968283312
674900 512 0 24560968539313
675412 512 0 24560968795314
675924 512 0 24560969051315
676436 512 0 24560969307316
676948 512 0 24560969563317
677460 512 0 24560969819318
677972 512 0 24560970075319
678484 512 0 24560970331320
678996 512 0 24560970587321
679508 512 0 24560970843322
680020 512 0 24560971099324
680532 512 0 24560971355323
681044 512 0 24560971611324
681556 512 0 24560971867325
682068 512 0 24560972123326
682580 512 0 24560972379328
683092 512 0 24560972635329
683604 512 0 24560972891330
684116 512 0 24560973147331
684628 512 0 24560973403332
685140 512 0 24560973659333
685652 512 0 24560973915334
686164 512 0 24560974171335
686676 512 0 24560974427336
687188 512 0 24560974683337
687700 512 0 24560974939338
688212 512 0 24560975195339
688724 512 0 24560975451340
689236 512 0 24560975707341
689748 512 0 24560975963342
690260 512 0 24560976219343
690772 512 0 24560976475345
691284 512 0 24560976731346
691796 512 0 24560976987347
692308 512 0 24560977243348
692820 512 0 24560977499349
693332 512 0 24560977755350
693844 512 0 24560978011351
694356 512 0 24560978267352
694868 512 0 24560978523353
695380 512 0 24560978779354
695892 512 0 24560979035355
696404 512 0 24560979291356
696916 512 0 24560979547357
697428 512 0 24560979803358
697940 512 0 24560980059359
698452 512 0 24560980315360
698964 512 0 24560980571362
699476 512 0 24560980827363
699988 512 0 24560981083364
700500 512 0 24560981339365
701012 512 0 24560981595366
701524 512 0 24560981851367
702036 512 0 24560982107368
702548 512 0 24560982363369
703060 512 0 24560982619370
703572 512 0 24560982875371
704084 512 0 24560983131372
704596 512 0 24560983387373
705108 512 0 24560983643375
705620 512 0 24560983899376
706132 512 0 24560984155378
706644 512 0 24560984411379
707156 512 0 24560984667380
707668 512 0 24560984923381
708180 512 0 24560985179382
708692 512 0 24560985435383
709204 512 0 24560985691384
709716 512 0 24560985947385
710228 512 0 24560986203386
710740 512 0 24560986459387
711252 512 0 24560986715388
711764 512 0 24560986971389
712276 512 0 24560987227390
712788 512 0 24560987483391
713300 512 0 24560987739392
713812 512 0 24560987995393
714324 512 0 24560988251395
714836 512 0 24560988507396
715348 512 0 24560988763397
715860 512 0 24560989019398
716372 512 0 24560989275399
716884 512 0 24560989531400
717396 512 0 24560989787401
717908 512 0 24560990043402
718420 512 0 24560990299403
718932 512 0 24560990555404
719444 512 0 24560990811405
719956 512 0 24560991067406
720468 512 0 24560991323407
720980 512 0 24560991579408
721492 512 0 24560991835409
722004 512 0 24560992091410
722516 512 0 24560992347411
723028 512 0 24560992603413
723540 512 0 24560992859414
724052 512 0 24560993115415
724564 512 0 24560993371416
725076 512 0 24560993627417
725588 512 0 24560993883418
726100 512 0 24560994139419
726612 512 0 24560994395420
727124 512 0 24560994651421
727636 512 0 24560994907422
728148 512 0 24560995163423
728660 512 0 24560995419424
729172 512 0 24560995675425
729684 512 0 24560995931426
730196 512 0 24560996187427
730708 512 0 24560996443428
731220 512 0 24560996699430
731732 512 0 24560996955431
732244 512 0 24560997211432
732756 512 0 24560997467433
733268 512 0 24560997723434
733780 512 0 24560997979435
734292 512 0 24560998235436
734804 512 0 24560998491437
735316 512 0 24560998747438
735828 512 0 24560999003439
736340 512 0 24560999259440
736852 512 0 24560999515441
737364 512 0 24560999771442
737876 512 0 24561000027443
738388 512 0 24561000283444
738900 512 0 24561000539445
739412 512 0 24561000795447
739924 512 0 24561001051448
740436 512 0 24561001307449
740948 512 0 24561001563450
741460 512 0 24561001819451
741972 512 0 24561002075452
742484 512 0 24561002331453
742996 512 0 24561002587454
743508 512 0 24561002843455
744020 512 0 24561003099456
744532 512 0 24561003355457
745044 512 0 24561003611458
745556 512 0 24561003867459
746068 512 0 24561004123460
746580 512 0 24561004379461
747092 512 0 24561004635462
747604 512 0 24561004891464
748116 512 0 24561005147465
748628 512 0 24561005403466
749140 512 0 24561005659467
749652 512 0 24561005915468
750164 512 0 24561006171469
750676 512 0 24561006427470
751188 512 0 24561006683471
751700 512 0 24561006939472
752212 512 0 24561007195473
752724 512 0 24561007451474
753236 512 0 24561007707475
753748 512 0 24561007963476
754260 512 0 24561008219478
754772 512 0 24561008475479
755284 512 0 24561008731481
755796 512 0 24561008987482
756308 512 0 24561009243483
756820 512 0 24561009499484
757332 512 0 24561009755485
757844 512 0 24561010011486
758356 512 0 24561010267487
758868 512 0 24561010523488
759380 512 0 24561010779489
759892 512 0 24561011035490
760404 512 0 24561011291491
760916 512 0 24561011547492
761428 512 0 24561011803493
761940 512 0 24561012059495
762452 512 0 24561012315495
762964 512 0 24561012571496
763476 512 0 24561012827498
763988 512 0 24561013083499
764500 512 0 24561013339500
765012 512 0 24561013595501
765524 512 0 24561013851502
766036 512 0 24561014107503
766548 512 0 24561014363504
767060 512 0 24561014619505
767572 512 0 24561014875506
768084 512 0 24561015131507
768596 512 0 24561015387508
769108 512 0 24561015643509
769620 512 0 24561015899510
770132 512 0 24561016155511
770644 512 0 24561016411512
771156 512 0 24561016667513
771668 512 0 24561016923515
772180 512 0 24561017179516
772692 512 0 24561017435517
773204 512 0 24561017691518
773716 512 0 24561017947519
774228 512 0 24561018203520
774740 512 0 24561018459521
775252 512 0 24561018715522
775764 512 0 24561018971523
776276 512 0 24561019227524
776788 512 0 24561019483525
777300 512 0 24561019739526
777812 512 0 24561019995527
778324 512 0 24561020251528
778836 512 0 24561020507529
779348 512 0 24561020763530
779860 512 0 24561021019532
780372 512 0 24561021275533
780884 512 0 24561021531534
781396 512 0 24561021787535
781908 512 0 24561022043536
782420 512 0 24561022299537
782932 512 0 24561022555538
783444 512 0 24561022811539
783956 512 0 24561023067540
784468 512 0 24561023323541
784980 512 0 24561023579542
785492 512 0 24561023835543
786004 512 0 24561024091544
786516 512 0 24561024347545
787028 512 0 24561024603546
787540 512 0 24561024859547
788052 512 0 24561025115548
788564 512 0 24561025371550
789076 512 0 24561025627551
789588 512 0 24561025883552
790100 512 0 24561026139553
790612 512 0 24561026395554
