200 512 0 24558889344702
712 512 0 24558889600702
1224 512 0 24558889856702
1736 512 0 24558890112702
2248 512 0 24558890368702
2760 512 0 24558890624702
3272 512 0 24558890880702
3784 512 0 24558891136702
4296 512 0 24558891392702
4808 512 0 24558891648702
5320 512 0 24558891904702
5832 512 0 24558892160702
6344 512 0 24558892416702
6856 512 0 24558892672702
7368 512 0 24558892928702
7880 512 0 24558893184702
8392 512 0 24558893440702
8904 512 0 24558893696702
9416 512 0 24558893952702
9928 512 0 24558894208702
10440 512 0 24558894464702
10952 512 0 24558894720702
11464 512 0 24558894976702
11976 512 0 24558895232702
12488 512 0 24558895488702
13000 512 0 24558895744702
13512 512 0 24558896000702
14024 512 0 24558896256702
14536 512 0 24558896512702
15048 512 0 24558896768702
15560 512 0 24558897024702
16072 512 0 24558897280702
16584 512 0 24558897536702
17096 512 0 24558897792702
17608 512 0 24558898048702
18120 512 0 24558898304702
18632 512 0 24558898560702
19144 512 0 24558898816702
19656 512 0 24558899072702
20168 512 0 24558899328702
20680 512 0 24558899584702
21192 512 0 24558899840702
21704 512 0 24558900096702
22216 512 0 24558900352702
22728 512 0 24558900608702
23240 512 0 24558900864702
23752 512 0 24558901120702
24264 512 0 24558901376702
24776 512 0 24558901632702
25288 512 0 24558901888702
25800 512 0 24558902144702
26312 512 0 24558902400702
26824 512 0 24558902656702
27336 512 0 24558902912702
27848 512 0 24558903168702
28360 512 0 24558903424702
28872 512 0 24558903680702
29384 512 0 24558903936702
29896 512 0 24558904192702
30408 512 0 24558904448702
30920 512 0 24558904704702
31432 512 0 24558904960702
31944 512 0 24558905216702
32456 512 0 24558905472702
32968 512 0 24558905728702
33480 512 0 24558905984702
33992 512 0 24558906240702
34504 512 0 24558906496702
35016 512 0 24558906752702
35528 512 0 24558907008702
36040 512 0 24558907264702
36552 512 0 24558907520702
37064 512 0 24558907776702
37576 512 0 24558908032702
38088 512 0 24558908288702
38600 512 0 24558908544702
39112 512 0 24558908800702
39624 512 0 24558909056702
40136 512 0 24558909312702
40648 512 0 24558909568702
41160 512 0 24558909824702
41672 512 0 24558910080702
42184 512 0 24558910336702
42696 512 0 24558910592702
43208 512 0 24558910848702
43720 512 0 24558911104702
44232 512 0 24558911360702
44744 512 0 24558911616702
45256 512 0 24558911872702
45768 512 0 24558912128702
46280 512 0 24558912384702
46792 512 0 24558912640702
47304 512 0 24558912896702
47816 512 0 24558913152702
48328 512 0 24558913408702
48840 512 0 24558913664702
49352 512 0 24558913920702
49864 512 0 24558914176702
50376 512 0 24558914432702
50888 512 0 24558914688702
51400 512 0 24558914944702
51912 512 0 24558915200702
52424 512 0 24558915456702
52936 512 0 24558915712702
53448 512 0 24558915968702
53960 512 0 24558916224702
54472 512 0 24558916480702
54984 512 0 24558916736702
55496 512 0 24558916992702
56008 512 0 24558917248702
56520 512 0 24558917504702
57032 512 0 24558917760702
57544 512 0 24558918016702
58056 512 0 24558918272702
58568 512 0 24558918528702
59080 512 0 24558918784702
59592 512 0 24558919040702
60104 512 0 24558919296702
60616 512 0 24558919552702
61128 512 0 24558919808702
61640 512 0 24558920064702
62152 512 0 24558920320702
62664 512 0 24558920576702
63176 512 0 24558920832702
63688 512 0 24558921088702
64200 512 0 24558921344702
64712 512 0 24558921600702
65224 512 0 24558921856702
65736 512 0 24558922112702
66248 512 0 24558922368702
66760 512 0 24558922624702
67272 512 0 24558922880702
67784 512 0 24558923136702
68296 512 0 24558923392702
68808 512 0 24558923648702
69320 512 0 24558923904702
69832 512 0 24558924160702
70344 512 0 24558924416702
70856 512 0 24558924672702
71368 512 0 24558924928702
71880 512 0 24558925184702
72392 512 0 24558925440702
72904 512 0 24558925696702
73416 512 0 24558925952702
73928 512 0 24558926208702
74440 512 0 24558926464702
74952 512 0 24558926720702
75464 512 0 24558926976702
75976 512 0 24558927232702
76488 512 0 24558927488702
77000 512 0 24558927744702
77512 512 0 24558928000702
78024 512 0 24558928256702
78536 512 0 24558928512702
79048 512 0 24558928768702
79560 512 0 24558929024702
80072 512 0 24558929280702
80584 512 0 24558929536702
81096 512 0 24558929792702
81608 512 0 24558930048702
82120 512 0 24558930304702
82632 512 0 24558930560702
83144 512 0 24558930816702
83656 512 0 24558931072702
84168 512 0 24558931328702
84680 512 0 24558931584702
85192 512 0 24558931840702
85704 512 0 24558932096702
86216 512 0 24558932352702
86728 512 0 24558932608702
87240 512 0 24558932864702
87752 512 0 24558933120702
88264 512 0 24558933376702
88776 512 0 24558933632702
89288 512 0 24558933888702
89800 512 0 24558934144702
90312 512 0 24558934400702
90824 512 0 24558934656702
91336 512 0 24558934912702
91848 512 0 24558935168702
92360 512 0 24558935424702
92872 512 0 24558935680702
93384 512 0 24558935936702
93896 512 0 24558936192702
94408 512 0 24558936448702
94920 512 0 24558936704702
95432 512 0 24558936960702
95944 512 0 24558937216702
96456 512 0 24558937472702
96968 512 0 24558937728702
97480 512 0 24558937984702
97992 512 0 24558938240702
98504 512 0 24558938496702
99016 512 0 24558938752702
99528 512 0 24558939008702
100040 512 0 24558939264702
100552 512 0 24558939520702
101064 512 0 24558939776702
101576 512 0 24558940032702
102088 512 0 24558940288702
102600 512 0 24558940544702
103112 512 0 24558940800702
103624 512 0 24558941056702
104136 512 0 24558941312702
104648 512 0 24558941568702
105160 512 0 24558941824702
105672 512 0 24558942080702
106184 512 0 24558942336702
106696 512 0 24558942592702
107208 512 0 24558942848702
107720 512 0 24558943104702
108232 512 0 24558943360702
108744 512 0 24558943616702
109256 512 0 24558943872702
109768 512 0 24558944128702
110280 512 0 24558944384702
110792 512 0 24558944640702
111304 512 0 24558944896702
111816 512 0 24558945152702
112328 512 0 24558945408702
112840 512 0 24558945664702
113352 512 0 24558945920702
113864 512 0 24558946176702
114376 512 0 24558946432748
114888 512 0 24558946688749
115400 512 0 24558946944749
115912 512 0 24558947200750
116424 512 0 24558947456750
116936 512 0 24558947712751
117448 512 0 24558947968751
117960 512 0 24558948224752
118472 512 0 24558948480752
118984 512 0 24558948736753
119496 512 0 24558948992753
120008 512 0 24558949248754
120520 512 0 24558949504754
121032 512 0 24558949760755
121544 512 0 24558950016755
122056 512 0 24558950272755
122568 512 0 24558950528756
123080 512 0 24558950784756
123592 512 0 24558951040757
124104 512 0 24558951296757
124616 512 0 24558951552758
125128 512 0 24558951808758
125640 512 0 24558952064759
126152 512 0 24558952320759
126664 512 0 24558952576760
127176 512 0 24558952832760
127688 512 0 24558953088761
128200 512 0 24558953344761
128712 512 0 24558953600762
129224 512 0 24558953856762
129736 512 0 24558954112763
130248 512 0 24558954368763
130760 512 0 24558954624787
131272 512 0 24558954880787
131784 512 0 24558955136788
132296 512 0 24558955392789
132808 512 0 24558955648789
133320 512 0 24558955904790
133832 512 0 24558956160791
134344 512 0 24558956416791
134856 512 0 24558956672792
135368 512 0 24558956928792
135880 512 0 24558957184793
136392 512 0 24558957440794
136904 512 0 24558957696794
137416 512 0 24558957952795
137928 512 0 24558958208796
138440 512 0 24558958464796
138952 512 0 24558958720797
139464 512 0 24558958976797
139976 512 0 24558959232798
140488 512 0 24558959488799
141000 512 0 24558959744799
141512 512 0 24558960000800
142024 512 0 24558960256801
142536 512 0 24558960512801
143048 512 0 24558960768802
143560 512 0 24558961024802
144072 512 0 24558961280803
144584 512 0 24558961536804
145096 512 0 24558961792804
145608 512 0 24558962048805
146120 512 0 24558962304806
146632 512 0 24558962560806
147144 512 0 24558962816823
147656 512 0 24558963072824
148168 512 0 24558963328824
148680 512 0 24558963584825
149192 512 0 24558963840826
149704 512 0 24558964096827
150216 512 0 24558964352827
150728 512 0 24558964608828
151240 512 0 24558964864829
151752 512 0 24558965120829
152264 512 0 24558965376830
152776 512 0 24558965632831
153288 512 0 24558965888832
153800 512 0 24558966144832
154312 512 0 24558966400833
154824 512 0 24558966656834
155336 512 0 24558966912835
155848 512 0 24558967168835
156360 512 0 24558967424836
156872 512 0 24558967680837
157384 512 0 24558967936837
157896 512 0 24558968192838
158408 512 0 24558968448839
158920 512 0 24558968704840
159432 512 0 24558968960840
159944 512 0 24558969216841
160456 512 0 24558969472842
160968 512 0 24558969728843
161480 512 0 24558969984843
161992 512 0 24558970240844
162504 512 0 24558970496845
163016 512 0 24558970752846
163528 512 0 24558971008860
164040 512 0 24558971264860
164552 512 0 24558971520861
165064 512 0 24558971776862
165576 512 0 24558972032863
166088 512 0 24558972288864
166600 512 0 24558972544864
167112 512 0 24558972800865
167624 512 0 24558973056866
168136 512 0 24558973312867
168648 512 0 24558973568868
169160 512 0 24558973824868
169672 512 0 24558974080869
170184 512 0 24558974336870
170696 512 0 24558974592871
171208 512 0 24558974848872
171720 512 0 24558975104873
172232 512 0 24558975360873
172744 512 0 24558975616874
173256 512 0 24558975872875
173768 512 0 24558976128876
174280 512 0 24558976384877
174792 512 0 24558976640877
175304 512 0 24558976896878
175816 512 0 24558977152879
176328 512 0 24558977408880
176840 512 0 24558977664881
177352 512 0 24558977920881
177864 512 0 24558978176882
178376 512 0 24558978432883
178888 512 0 24558978688884
179400 512 0 24558978944885
179912 512 0 24558979200894
180424 512 0 24558979456895
180936 512 0 24558979712896
181448 512 0 24558979968897
181960 512 0 24558980224898
182472 512 0 24558980480899
182984 512 0 24558980736899
183496 512 0 24558980992900
184008 512 0 24558981248901
184520 512 0 24558981504902
185032 512 0 24558981760903
185544 512 0 24558982016904
186056 512 0 24558982272905
186568 512 0 24558982528906
187080 512 0 24558982784906
187592 512 0 24558983040907
188104 512 0 24558983296908
188616 512 0 24558983552909
189128 512 0 24558983808910
189640 512 0 24558984064911
190152 512 0 24558984320912
190664 512 0 24558984576912
191176 512 0 24558984832913
191688 512 0 24558985088914
192200 512 0 24558985344915
192712 512 0 24558985600916
193224 512 0 24558985856917
193736 512 0 24558986112918
194248 512 0 24558986368919
194760 512 0 24558986624919
195272 512 0 24558986880920
195784 512 0 24558987136921
196296 512 0 24558987392930
196808 512 0 24558987648931
197320 512 0 24558987904932
197832 512 0 24558988160933
198344 512 0 24558988416933
198856 512 0 24558988672934
199368 512 0 24558988928935
199880 512 0 24558989184936
200392 512 0 24558989440937
200904 512 0 24558989696938
201416 512 0 24558989952939
201928 512 0 24558990208940
202440 512 0 24558990464941
202952 512 0 24558990720942
203464 512 0 24558990976943
203976 512 0 24558991232944
204488 512 0 24558991488944
205000 512 0 24558991744945
205512 512 0 24558992000946
206024 512 0 24558992256947
206536 512 0 24558992512948
207048 512 0 24558992768949
207560 512 0 24558993024950
208072 512 0 24558993280951
208584 512 0 24558993536952
209096 512 0 24558993792953
209608 512 0 24558994048954
210120 512 0 24558994304954
210632 512 0 24558994560955
211144 512 0 24558994816956
211656 512 0 24558995072957
212168 512 0 24558995328958
212680 512 0 24558995584965
213192 512 0 24558995840966
213704 512 0 24558996096967
214216 512 0 24558996352968
214728 512 0 24558996608969
215240 512 0 24558996864970
215752 512 0 24558997120971
216264 512 0 24558997376972
216776 512 0 24558997632973
217288 512 0 24558997888973
217800 512 0 24558998144974
218312 512 0 24558998400975
218824 512 0 24558998656976
219336 512 0 24558998912977
219848 512 0 24558999168978
220360 512 0 24558999424979
220872 512 0 24558999680980
221384 512 0 24558999936981
221896 512 0 24559000192982
222408 512 0 24559000448983
222920 512 0 24559000704984
223432 512 0 24559000960985
223944 512 0 24559001216986
224456 512 0 24559001472987
224968 512 0 24559001728988
225480 512 0 24559001984989
225992 512 0 24559002240990
226504 512 0 24559002496991
227016 512 0 24559002752992
227528 512 0 24559003008993
228040 512 0 24559003264993
228552 512 0 24559003520994
229064 512 0 24559003776999
229576 512 0 24559004032999
230088 512 0 24559004289000
230600 512 0 24559004545001
231112 512 0 24559004801002
231624 512 0 24559005057003
232136 512 0 24559005313004
232648 512 0 24559005569005
233160 512 0 24559005825006
233672 512 0 24559006081007
234184 512 0 24559006337008
234696 512 0 24559006593009
235208 512 0 24559006849010
235720 512 0 24559007105011
236232 512 0 24559007361012
236744 512 0 24559007617013
237256 512 0 24559007873014
237768 512 0 24559008129015
238280 512 0 24559008385016
238792 512 0 24559008641017
239304 512 0 24559008897018
239816 512 0 24559009153019
240328 512 0 24559009409020
240840 512 0 24559009665021
241352 512 0 24559009921022
241864 512 0 24559010177023
242376 512 0 24559010433024
242888 512 0 24559010689025
243400 512 0 24559010945026
243912 512 0 24559011201027
244424 512 0 24559011457028
244936 512 0 24559011713029
245448 512 0 24559011969033
245960 512 0 24559012225034
246472 512 0 24559012481035
246984 512 0 24559012737036
247496 512 0 24559012993037
248008 512 0 24559013249038
248520 512 0 24559013505039
249032 512 0 24559013761040
249544 512 0 24559014017041
250056 512 0 24559014273042
250568 512 0 24559014529043
251080 512 0 24559014785044
251592 512 0 24559015041045
252104 512 0 24559015297046
252616 512 0 24559015553047
253128 512 0 24559015809048
253640 512 0 24559016065049
254152 512 0 24559016321050
254664 512 0 24559016577051
255176 512 0 24559016833052
255688 512 0 24559017089053
256200 512 0 24559017345054
256712 512 0 24559017601055
257224 512 0 24559017857056
257736 512 0 24559018113057
258248 512 0 24559018369058
258760 512 0 24559018625059
259272 512 0 24559018881060
259784 512 0 24559019137061
260296 512 0 24559019393062
260808 512 0 24559019649063
261320 512 0 24559019905064
261832 512 0 24559020161067
262344 512 0 24559020417068
262856 512 0 24559020673069
263368 512 0 24559020929070
263880 512 0 24559021185071
264392 512 0 24559021441072
264904 512 0 24559021697073
265416 512 0 24559021953074
265928 512 0 24559022209075
266440 512 0 24559022465076
266952 512 0 24559022721077
267464 512 0 24559022977078
267976 512 0 24559023233079
268488 512 0 24559023489080
269000 512 0 24559023745081
269512 512 0 24559024001082
270024 512 0 24559024257083
270536 512 0 24559024513084
271048 512 0 24559024769085
271560 512 0 24559025025086
272072 512 0 24559025281087
272584 512 0 24559025537088
273096 512 0 24559025793089
273608 512 0 24559026049090
274120 512 0 24559026305091
274632 512 0 24559026561092
275144 512 0 24559026817093
275656 512 0 24559027073094
276168 512 0 24559027329095
276680 512 0 24559027585096
277192 512 0 24559027841097
277704 512 0 24559028097098
278216 512 0 24559028353101
278728 512 0 24559028609102
279240 512 0 24559028865103
279752 512 0 24559029121104
280264 512 0 24559029377105
280776 512 0 24559029633106
281288 512 0 24559029889107
281800 512 0 24559030145108
282312 512 0 24559030401109
282824 512 0 24559030657110
283336 512 0 24559030913111
283848 512 0 24559031169112
284360 512 0 24559031425113
284872 512 0 24559031681114
285384 512 0 24559031937115
285896 512 0 24559032193116
286408 512 0 24559032449117
286920 512 0 24559032705118
287432 512 0 24559032961119
287944 512 0 24559033217120
288456 512 0 24559033473121
288968 512 0 24559033729122
289480 512 0 24559033985123
289992 512 0 24559034241124
290504 512 0 24559034497125
291016 512 0 24559034753126
291528 512 0 24559035009127
292040 512 0 24559035265128
292552 512 0 24559035521129
293064 512 0 24559035777130
293576 512 0 24559036033131
294088 512 0 24559036289132
294600 512 0 24559036545135
295112 512 0 24559036801136
295624 512 0 24559037057137
296136 512 0 24559037313138
296648 512 0 24559037569139
297160 512 0 24559037825140
297672 512 0 24559038081141
298184 512 0 24559038337142
298696 512 0 24559038593143
299208 512 0 24559038849144
299720 512 0 24559039105145
300232 512 0 24559039361146
300744 512 0 24559039617147
301256 512 0 24559039873148
301768 512 0 24559040129149
302280 512 0 24559040385150
302792 512 0 24559040641151
303304 512 0 24559040897152
303816 512 0 24559041153153
304328 512 0 24559041409154
304840 512 0 24559041665155
305352 512 0 24559041921156
305864 512 0 24559042177157
306376 512 0 24559042433158
306888 512 0 24559042689159
307400 512 0 24559042945160
307912 512 0 24559043201161
308424 512 0 24559043457162
308936 512 0 24559043713163
309448 512 0 24559043969164
309960 512 0 24559044225165
310472 512 0 24559044481166
310984 512 0 24559044737169
311496 512 0 24559044993170
312008 512 0 24559045249171
312520 512 0 24559045505172
313032 512 0 24559045761173
313544 512 0 24559046017174
314056 512 0 24559046273175
314568 512 0 24559046529176
315080 512 0 24559046785177
315592 512 0 24559047041178
316104 512 0 24559047297179
316616 512 0 24559047553180
317128 512 0 24559047809181
317640 512 0 24559048065182
318152 512 0 24559048321183
318664 512 0 24559048577184
319176 512 0 24559048833185
319688 512 0 24559049089186
320200 512 0 24559049345187
320712 512 0 24559049601188
321224 512 0 24559049857189
321736 512 0 24559050113190
322248 512 0 24559050369191
322760 512 0 24559050625192
323272 512 0 24559050881193
323784 512 0 24559051137194
324296 512 0 24559051393195
324808 512 0 24559051649196
325320 512 0 24559051905197
325832 512 0 24559052161198
326344 512 0 24559052417199
326856 512 0 24559052673200
327368 512 0 24559052929203
327880 512 0 24559053185204
328392 512 0 24559053441205
328904 512 0 24559053697206
329416 512 0 24559053953207
329928 512 0 24559054209208
330440 512 0 24559054465209
330952 512 0 24559054721210
331464 512 0 24559054977211
331976 512 0 24559055233212
332488 512 0 24559055489213
333000 512 0 24559055745214
333512 512 0 24559056001215
334024 512 0 24559056257216
334536 512 0 24559056513217
335048 512 0 24559056769218
335560 512 0 24559057025219
336072 512 0 24559057281220
336584 512 0 24559057537221
337096 512 0 24559057793222
337608 512 0 24559058049223
338120 512 0 24559058305224
338632 512 0 24559058561225
339144 512 0 24559058817226
339656 512 0 24559059073228
340168 512 0 24559059329229
340680 512 0 24559059585230
341192 512 0 24559059841231
341704 512 0 24559060097232
342216 512 0 24559060353233
342728 512 0 24559060609234
343240 512 0 24559060865235
343752 512 0 24559061121236
344264 512 0 24559061377237
344776 512 0 24559061633238
345288 512 0 24559061889239
345800 512 0 24559062145240
346312 512 0 24559062401241
346824 512 0 24559062657242
347336 512 0 24559062913243
347848 512 0 24559063169244
348360 512 0 24559063425245
348872 512 0 24559063681246
349384 512 0 24559063937247
349896 512 0 24559064193248
350408 512 0 24559064449249
350920 512 0 24559064705250
351432 512 0 24559064961251
351944 512 0 24559065217252
352456 512 0 24559065473253
352968 512 0 24559065729254
353480 512 0 24559065985255
353992 512 0 24559066241256
354504 512 0 24559066497258
355016 512 0 24559066753259
355528 512 0 24559067009260
356040 512 0 24559067265261
356552 512 0 24559067521262
357064 512 0 24559067777263
357576 512 0 24559068033264
358088 512 0 24559068289265
358600 512 0 24559068545266
359112 512 0 24559068801267
359624 512 0 24559069057268
360136 512 0 24559069313270
360648 512 0 24559069569271
361160 512 0 24559069825272
361672 512 0 24559070081273
362184 512 0 24559070337274
362696 512 0 24559070593275
363208 512 0 24559070849276
363720 512 0 24559071105277
364232 512 0 24559071361278
364744 512 0 24559071617279
365256 512 0 24559071873280
365768 512 0 24559072129281
366280 512 0 24559072385282
366792 512 0 24559072641284
367304 512 0 24559072897285
367816 512 0 24559073153286
368328 512 0 24559073409287
368840 512 0 24559073665288
369352 512 0 24559073921289
369864 512 0 24559074177290
370376 512 0 24559074433291
370888 512 0 24559074689292
371400 512 0 24559074945293
371912 512 0 24559075201294
372424 512 0 24559075457295
372936 512 0 24559075713296
373448 512 0 24559075969297
373960 512 0 24559076225298
374472 512 0 24559076481299
374984 512 0 24559076737300
375496 512 0 24559076993301
376008 512 0 24559077249302
376520 512 0 24559077505304
377032 512 0 24559077761305
377544 512 0 24559078017306
378056 512 0 24559078273307
378568 512 0 24559078529308
379080 512 0 24559078785309
379592 512 0 24559079041310
380104 512 0 24559079297312
380616 512 0 24559079553313
381128 512 0 24559079809314
381640 512 0 24559080065315
382152 512 0 24559080321316
382664 512 0 24559080577317
383176 512 0 24559080833318
383688 512 0 24559081089319
384200 512 0 24559081345320
384712 512 0 24559081601321
385224 512 0 24559081857322
385736 512 0 24559082113323
386248 512 0 24559082369324
386760 512 0 24559082625325
387272 512 0 24559082881326
387784 512 0 24559083137327
388296 512 0 24559083393328
388808 512 0 24559083649329
389320 512 0 24559083905330
389832 512 0 24559084161331
390344 512 0 24559084417332
390856 512 0 24559084673333
391368 512 0 24559084929334
391880 512 0 24559085185335
392392 512 0 24559085441336
392904 512 0 24559085697337
393416 512 0 24559085953338
393928 512 0 24559086209339
394440 512 0 24559086465340
394952 512 0 24559086721341
395464 512 0 24559086977342
395976 512 0 24559087233343
396488 512 0 24559087489345
397000 512 0 24559087745346
397512 512 0 24559088001347
398024 512 0 24559088257348
398536 512 0 24559088513349
399048 512 0 24559088769350
399560 512 0 24559089025351
400072 512 0 24559089281352
400584 512 0 24559089537353
401096 512 0 24559089793354
401608 512 0 24559090049355
402120 512 0 24559090305356
402632 512 0 24559090561357
403144 512 0 24559090817358
403656 512 0 24559091073359
404168 512 0 24559091329360
404680 512 0 24559091585361
405192 512 0 24559091841362
405704 512 0 24559092097363
406216 512 0 24559092353364
406728 512 0 24559092609365
407240 512 0 24559092865366
407752 512 0 24559093121367
408264 512 0 24559093377368
408776 512 0 24559093633369
409288 512 0 24559093889371
409800 512 0 24559094145372
410312 512 0 24559094401373
410824 512 0 24559094657375
411336 512 0 24559094913376
411848 512 0 24559095169377
412360 512 0 24559095425378
412872 512 0 24559095681379
413384 512 0 24559095937380
413896 512 0 24559096193381
414408 512 0 24559096449382
414920 512 0 24559096705383
415432 512 0 24559096961384
415944 512 0 24559097217385
416456 512 0 24559097473386
416968 512 0 24559097729387
417480 512 0 24559097985388
417992 512 0 24559098241389
418504 512 0 24559098497390
419016 512 0 24559098753391
419528 512 0 24559099009392
420040 512 0 24559099265393
420552 512 0 24559099521394
421064 512 0 24559099777395
421576 512 0 24559100033396
422088 512 0 24559100289397
422600 512 0 24559100545398
423112 512 0 24559100801399
423624 512 0 24559101057400
424136 512 0 24559101313401
424648 512 0 24559101569402
425160 512 0 24559101825403
425672 512 0 24559102081406
426184 512 0 24559102337407
426696 512 0 24559102593408
427208 512 0 24559102849409
427720 512 0 24559103105410
428232 512 0 24559103361411
428744 512 0 24559103617412
429256 512 0 24559103873413
429768 512 0 24559104129414
430280 512 0 24559104385415
430792 512 0 24559104641416
431304 512 0 24559104897417
431816 512 0 24559105153418
432328 512 0 24559105409419
432840 512 0 24559105665420
433352 512 0 24559105921421
433864 512 0 24559106177422
434376 512 0 24559106433423
434888 512 0 24559106689424
435400 512 0 24559106945425
435912 512 0 24559107201426
436424 512 0 24559107457427
436936 512 0 24559107713428
437448 512 0 24559107969429
437960 512 0 24559108225430
438472 512 0 24559108481431
438984 512 0 24559108737432
439496 512 0 24559108993433
440008 512 0 24559109249435
440520 512 0 24559109505436
441032 512 0 24559109761437
441544 512 0 24559110017438
442056 512 0 24559110273440
442568 512 0 24559110529441
443080 512 0 24559110785442
443592 512 0 24559111041443
444104 512 0 24559111297444
444616 512 0 24559111553445
445128 512 0 24559111809446
445640 512 0 24559112065447
446152 512 0 24559112321448
446664 512 0 24559112577449
447176 512 0 24559112833450
447688 512 0 24559113089451
448200 512 0 24559113345452
448712 512 0 24559113601453
449224 512 0 24559113857454
449736 512 0 24559114113455
450248 512 0 24559114369456
450760 512 0 24559114625457
451272 512 0 24559114881458
451784 512 0 24559115137459
452296 512 0 24559115393460
452808 512 0 24559115649461
453320 512 0 24559115905462
453832 512 0 24559116161463
454344 512 0 24559116417465
454856 512 0 24559116673466
455368 512 0 24559116929467
455880 512 0 24559117185468
456392 512 0 24559117441469
456904 512 0 24559117697470
457416 512 0 24559117953471
457928 512 0 24559118209472
458440 512 0 24559118465473
458952 512 0 24559118721474
459464 512 0 24559118977475
459976 512 0 24559119233476
460488 512 0 24559119489477
461000 512 0 24559119745478
461512 512 0 24559120001479
462024 512 0 24559120257480
462536 512 0 24559120513481
463048 512 0 24559120769482
463560 512 0 24559121025483
464072 512 0 24559121281484
464584 512 0 24559121537485
465096 512 0 24559121793486
465608 512 0 24559122049487
466120 512 0 24559122305488
466632 512 0 24559122561489
467144 512 0 24559122817490
467656 512 0 24559123073491
468168 512 0 24559123329492
468680 512 0 24559123585493
469192 512 0 24559123841494
469704 512 0 24559124097495
470216 512 0 24559124353496
470728 512 0 24559124609497
471240 512 0 24559124865499
471752 512 0 24559125121500
472264 512 0 24559125377501
472776 512 0 24559125633502
473288 512 0 24559125889503
473800 512 0 24559126145504
474312 512 0 24559126401505
474824 512 0 24559126657507
475336 512 0 24559126913508
475848 512 0 24559127169509
476360 512 0 24559127425510
476872 512 0 24559127681511
477384 512 0 24559127937512
477896 512 0 24559128193513
478408 512 0 24559128449514
478920 512 0 24559128705515
479432 512 0 24559128961516
479944 512 0 24559129217517
480456 512 0 24559129473518
480968 512 0 24559129729519
481480 512 0 24559129985520
481992 512 0 24559130241521
482504 512 0 24559130497522
483016 512 0 24559130753523
483528 512 0 24559131009524
484040 512 0 24559131265525
484552 512 0 24559131521526
485064 512 0 24559131777527
485576 512 0 24559132033528
486088 512 0 24559132289530
486600 512 0 24559132545531
487112 512 0 24559132801532
487624 512 0 24559133057533
488136 512 0 24559133313534
488648 512 0 24559133569535
489160 512 0 24559133825536
489672 512 0 24559134081537
490184 512 0 24559134337538
490696 512 0 24559134593539
491208 512 0 24559134849541
491720 512 0 24559135105542
492232 512 0 24559135361543
492744 512 0 24559135617544
493256 512 0 24559135873545
493768 512 0 24559136129546
494280 512 0 24559136385547
494792 512 0 24559136641548
495304 512 0 24559136897549
495816 512 0 24559137153550
496328 512 0 24559137409551
496840 512 0 24559137665552
497352 512 0 24559137921553
497864 512 0 24559138177554
498376 512 0 24559138433555
498888 512 0 24559138689556
499400 512 0 24559138945557
499912 512 0 24559139201558
500424 512 0 24559139457559
500936 512 0 24559139713561
501448 512 0 24559139969562
501960 512 0 24559140225563
502472 512 0 24559140481564
502984 512 0 24559140737565
503496 512 0 24559140993566
504008 512 0 24559141249567
504520 512 0 24559141505568
505032 512 0 24559141761569
505544 512 0 24559142017570
506056 512 0 24559142273571
506568 512 0 24559142529572
507080 512 0 24559142785573
507592 512 0 24559143041575
508104 512 0 24559143297576
508616 512 0 24559143553577
509128 512 0 24559143809578
509640 512 0 24559144065579
510152 512 0 24559144321580
510664 512 0 24559144577581
511176 512 0 24559144833582
511688 512 0 24559145089583
512200 512 0 24559145345584
512712 512 0 24559145601585
513224 512 0 24559145857586
513736 512 0 24559146113587
514248 512 0 24559146369588
514760 512 0 24559146625589
515272 512 0 24559146881590
515784 512 0 24559147137591
516296 512 0 24559147393593
516808 512 0 24559147649594
517320 512 0 24559147905595
517832 512 0 24559148161596
518344 512 0 24559148417597
518856 512 0 24559148673598
519368 512 0 24559148929599
519880 512 0 24559149185600
520392 512 0 24559149441601
520904 512 0 24559149697602
521416 512 0 24559149953603
521928 512 0 24559150209604
522440 512 0 24559150465605
522952 512 0 24559150721606
523464 512 0 24559150977607
523976 512 0 24559151233608
524488 512 0 24559151489609
525000 512 0 24559151745610
525512 512 0 24559152001611
526024 512 0 24559152257612
526536 512 0 24559152513613
527048 512 0 24559152769614
527560 512 0 24559153025615
528072 512 0 24559153281616
528584 512 0 24559153537617
529096 512 0 24559153793618
529608 512 0 24559154049619
530120 512 0 24559154305620
530632 512 0 24559154561621
531144 512 0 24559154817622
531656 512 0 24559155073623
532168 512 0 24559155329624
532680 512 0 24559155585625
533192 512 0 24559155841627
533704 512 0 24559156097628
534216 512 0 24559156353629
534728 512 0 24559156609630
535240 512 0 24559156865631
535752 512 0 24559157121632
536264 512 0 24559157377633
536776 512 0 24559157633634
537288 512 0 24559157889635
537800 512 0 24559158145636
538312 512 0 24559158401637
538824 512 0 24559158657638
539336 512 0 24559158913639
539848 512 0 24559159169640
540360 512 0 24559159425642
540872 512 0 24559159681643
541384 512 0 24559159937644
541896 512 0 24559160193645
542408 512 0 24559160449646
542920 512 0 24559160705647
543432 512 0 24559160961648
543944 512 0 24559161217649
544456 512 0 24559161473650
544968 512 0 24559161729651
545480 512 0 24559161985652
545992 512 0 24559162241653
546504 512 0 24559162497654
547016 512 0 24559162753655
547528 512 0 24559163009656
548040 512 0 24559163265657
548552 512 0 24559163521659
549064 512 0 24559163777660
549576 512 0 24559164033661
550088 512 0 24559164289662
550600 512 0 24559164545663
551112 512 0 24559164801664
551624 512 0 24559165057665
552136 512 0 24559165313666
552648 512 0 24559165569667
553160 512 0 24559165825668
553672 512 0 24559166081669
554184 512 0 24559166337670
554696 512 0 24559166593671
555208 512 0 24559166849672
555720 512 0 24559167105673
556232 512 0 24559167361674
556744 512 0 24559167617676
557256 512 0 24559167873677
557768 512 0 24559168129678
558280 512 0 24559168385679
558792 512 0 24559168641680
559304 512 0 24559168897681
559816 512 0 24559169153682
560328 512 0 24559169409683
560840 512 0 24559169665684
561352 512 0 24559169921685
561864 512 0 24559170177686
562376 512 0 24559170433687
562888 512 0 24559170689688
563400 512 0 24559170945689
563912 512 0 24559171201691
564424 512 0 24559171457692
564936 512 0 24559171713693
565448 512 0 24559171969694
565960 512 0 24559172225695
566472 512 0 24559172481696
566984 512 0 24559172737697
567496 512 0 24559172993698
568008 512 0 24559173249699
568520 512 0 24559173505700
569032 512 0 24559173761701
569544 512 0 24559174017702
570056 512 0 24559174273703
570568 512 0 24559174529704
571080 512 0 24559174785705
571592 512 0 24559175041706
572104 512 0 24559175297707
572616 512 0 24559175553708
573128 512 0 24559175809709
573640 512 0 24559176065710
574152 512 0 24559176321711
574664 512 0 24559176577712
575176 512 0 24559176833713
575688 512 0 24559177089714
576200 512 0 24559177345715
576712 512 0 24559177601716
577224 512 0 24559177857717
577736 512 0 24559178113718
578248 512 0 24559178369719
578760 512 0 24559178625720
579272 512 0 24559178881721
579784 512 0 24559179137722
580296 512 0 24559179393723
580808 512 0 24559179649724
581320 512 0 24559179905726
581832 512 0 24559180161727
582344 512 0 24559180417728
582856 512 0 24559180673729
583368 512 0 24559180929730
583880 512 0 24559181185731
584392 512 0 24559181441732
584904 512 0 24559181697733
585416 512 0 24559181953734
585928 512 0 24559182209735
586440 512 0 24559182465736
586952 512 0 24559182721737
587464 512 0 24559182977738
587976 512 0 24559183233739
588488 512 0 24559183489740
589000 512 0 24559183745741
589512 512 0 24559184001743
590024 512 0 24559184257744
590536 512 0 24559184513745
591048 512 0 24559184769746
591560 512 0 24559185025747
592072 512 0 24559185281748
592584 512 0 24559185537749
593096 512 0 24559185793750
593608 512 0 24559186049751
594120 512 0 24559186305752
594632 512 0 24559186561753
595144 512 0 24559186817754
595656 512 0 24559187073755
596168 512 0 24559187329756
596680 512 0 24559187585758
597192 512 0 24559187841759
597704 512 0 24559188097760
598216 512 0 24559188353761
598728 512 0 24559188609762
599240 512 0 24559188865763
599752 512 0 24559189121764
600264 512 0 24559189377765
600776 512 0 24559189633766
601288 512 0 24559189889767
601800 512 0 24559190145768
602312 512 0 24559190401769
602824 512 0 24559190657770
603336 512 0 24559190913771
603848 512 0 24559191169772
604360 512 0 24559191425773
604872 512 0 24559191681774
605384 512 0 24559191937775
605896 512 0 24559192193777
606408 512 0 24559192449778
606920 512 0 24559192705779
607432 512 0 24559192961780
607944 512 0 24559193217781
608456 512 0 24559193473782
608968 512 0 24559193729783
609480 512 0 24559193985784
609992 512 0 24559194241785
610504 512 0 24559194497786
611016 512 0 24559194753787
611528 512 0 24559195009788
612040 512 0 24559195265789
612552 512 0 24559195521791
613064 512 0 24559195777792
613576 512 0 24559196033793
614088 512 0 24559196289794
614600 512 0 24559196545795
615112 512 0 24559196801796
615624 512 0 24559197057797
616136 512 0 24559197313798
616648 512 0 24559197569799
617160 512 0 24559197825800
617672 512 0 24559198081801
618184 512 0 24559198337802
618696 512 0 24559198593803
619208 512 0 24559198849804
619720 512 0 24559199105805
620232 512 0 24559199361806
620744 512 0 24559199617807
621256 512 0 24559199873808
621768 512 0 24559200129809
622280 512 0 24559200385811
622792 512 0 24559200641812
623304 512 0 24559200897813
623816 512 0 24559201153814
624328 512 0 24559201409815
624840 512 0 24559201665816
625352 512 0 24559201921817
625864 512 0 24559202177818
626376 512 0 24559202433819
626888 512 0 24559202689820
627400 512 0 24559202945821
627912 512 0 24559203201823
628424 512 0 24559203457824
628936 512 0 24559203713825
629448 512 0 24559203969826
629960 512 0 24559204225827
630472 512 0 24559204481828
630984 512 0 24559204737829
631496 512 0 24559204993830
632008 512 0 24559205249831
632520 512 0 24559205505832
633032 512 0 24559205761833
633544 512 0 24559206017834
634056 512 0 24559206273835
634568 512 0 24559206529836
635080 512 0 24559206785837
635592 512 0 24559207041838
636104 512 0 24559207297839
636616 512 0 24559207553840
637128 512 0 24559207809841
637640 512 0 24559208065842
638152 512 0 24559208321844
638664 512 0 24559208577844
639176 512 0 24559208833845
639688 512 0 24559209089846
640200 512 0 24559209345847
640712 512 0 24559209601848
641224 512 0 24559209857849
641736 512 0 24559210113850
642248 512 0 24559210369851
642760 512 0 24559210625852
643272 512 0 24559210881853
643784 512 0 24559211137854
644296 512 0 24559211393855
644808 512 0 24559211649856
645320 512 0 24559211905858
645832 512 0 24559212161859
646344 512 0 24559212417860
646856 512 0 24559212673861
647368 512 0 24559212929862
647880 512 0 24559213185863
648392 512 0 24559213441864
648904 512 0 24559213697865
649416 512 0 24559213953866
649928 512 0 24559214209867
650440 512 0 24559214465868
650952 512 0 24559214721869
651464 512 0 24559214977870
651976 512 0 24559215233871
652488 512 0 24559215489872
653000 512 0 24559215745873
653512 512 0 24559216001874
654024 512 0 24559216257875
654536 512 0 24559216513876
655048 512 0 24559216769878
655560 512 0 24559217025879
656072 512 0 24559217281880
656584 512 0 24559217537881
657096 512 0 24559217793882
657608 512 0 24559218049883
658120 512 0 24559218305884
658632 512 0 24559218561885
659144 512 0 24559218817886
659656 512 0 24559219073887
660168 512 0 24559219329888
660680 512 0 24559219585889
661192 512 0 24559219841891
661704 512 0 24559220097892
662216 512 0 24559220353893
662728 512 0 24559220609894
663240 512 0 24559220865895
663752 512 0 24559221121896
664264 512 0 24559221377897
664776 512 0 24559221633898
665288 512 0 24559221889899
665800 512 0 24559222145900
666312 512 0 24559222401901
666824 512 0 24559222657902
667336 512 0 24559222913903
667848 512 0 24559223169904
668360 512 0 24559223425905
668872 512 0 24559223681906
669384 512 0 24559223937907
669896 512 0 24559224193908
670408 512 0 24559224449909
670920 512 0 24559224705910
671432 512 0 24559224961912
671944 512 0 24559225217913
672456 512 0 24559225473914
672968 512 0 24559225729915
673480 512 0 24559225985916
673992 512 0 24559226241917
674504 512 0 24559226497918
675016 512 0 24559226753919
675528 512 0 24559227009920
676040 512 0 24559227265921
676552 512 0 24559227521922
677064 512 0 24559227777924
677576 512 0 24559228033925
678088 512 0 24559228289926
678600 512 0 24559228545927
679112 512 0 24559228801928
679624 512 0 24559229057929
680136 512 0 24559229313930
680648 512 0 24559229569931
681160 512 0 24559229825932
681672 512 0 24559230081933
682184 512 0 24559230337934
682696 512 0 24559230593935
683208 512 0 24559230849936
683720 512 0 24559231105937
684232 512 0 24559231361938
684744 512 0 24559231617939
685256 512 0 24559231873940
685768 512 0 24559232129941
686280 512 0 24559232385942
686792 512 0 24559232641944
687304 512 0 24559232897945
687816 512 0 24559233153946
688328 512 0 24559233409947
688840 512 0 24559233665948
689352 512 0 24559233921949
689864 512 0 24559234177950
690376 512 0 24559234433951
690888 512 0 24559234689952
691400 512 0 24559234945953
464 512 0 24559241182007
976 512 0 24559241460646
1488 512 0 24559241739286
2000 512 0 24559242017925
2512 512 0 24559242296565
3024 512 0 24559242575204
3536 512 0 24559242853844
4048 512 0 24559243132483
4560 512 0 24559243411123
5072 512 0 24559243689762
5584 512 0 24559243968402
6096 512 0 24559244247041
6608 512 0 24559244525681
7120 512 0 24559244804320
7632 512 0 24559245082960
8144 512 0 24559245361599
8656 512 0 24559245640239
9168 512 0 24559245918878
9680 512 0 24559246197517
10192 512 0 24559246476157
10704 512 0 24559246754796
11216 512 0 24559247033436
11728 512 0 24559247312075
12240 512 0 24559247590715
12752 512 0 24559247869354
13264 512 0 24559248147994
13776 512 0 24559248426633
14288 512 0 24559248705273
14800 512 0 24559248983912
15312 512 0 24559249262552
15824 512 0 24559249541191
16336 512 0 24559249819831
16848 512 0 24559250098470
17360 512 0 24559250377109
17872 512 0 24559250655749
18384 512 0 24559250934388
18896 512 0 24559251213028
19408 512 0 24559251491667
19920 512 0 24559251770307
20432 512 0 24559252048946
20944 512 0 24559252327586
21456 512 0 24559252606225
21968 512 0 24559252884865
22480 512 0 24559253163504
22992 512 0 24559253442144
23504 512 0 24559253720783
24016 512 0 24559253999423
24528 512 0 24559254278062
25040 512 0 24559254556702
25552 512 0 24559254835341
26064 512 0 24559255113980
26576 512 0 24559255392620
27088 512 0 24559255671259
27600 512 0 24559255949899
28112 512 0 24559256228538
28624 512 0 24559256507178
29136 512 0 24559256785817
29648 512 0 24559257064457
30160 512 0 24559257343096
30672 512 0 24559257621736
31184 512 0 24559257900375
31696 512 0 24559258179015
32208 512 0 24559258457654
32720 512 0 24559258736356
33232 512 0 24559259014997
33744 512 0 24559259293637
34256 512 0 24559259572277
34768 512 0 24559259850918
35280 512 0 24559260129558
35792 512 0 24559260408198
36304 512 0 24559260686839
36816 512 0 24559260965479
37328 512 0 24559261244119
37840 512 0 24559261522760
38352 512 0 24559261801400
38864 512 0 24559262080040
39376 512 0 24559262358681
39888 512 0 24559262637321
40400 512 0 24559262915961
40912 512 0 24559263194601
41424 512 0 24559263473242
41936 512 0 24559263751882
42448 512 0 24559264030522
42960 512 0 24559264309163
43472 512 0 24559264587803
43984 512 0 24559264866443
44496 512 0 24559265145084
45008 512 0 24559265423724
45520 512 0 24559265702364
46032 512 0 24559265981005
46544 512 0 24559266259645
47056 512 0 24559266538285
47568 512 0 24559266816926
48080 512 0 24559267095566
48592 512 0 24559267374206
49104 512 0 24559267652864
49616 512 0 24559267931504
50128 512 0 24559268210145
50640 512 0 24559268488786
51152 512 0 24559268767426
51664 512 0 24559269046067
52176 512 0 24559269324707
52688 512 0 24559269603348
53200 512 0 24559269881988
53712 512 0 24559270160629
54224 512 0 24559270439269
54736 512 0 24559270717910
55248 512 0 24559270996551
55760 512 0 24559271275191
56272 512 0 24559271553832
56784 512 0 24559271832472
57296 512 0 24559272111113
57808 512 0 24559272389753
58320 512 0 24559272668394
58832 512 0 24559272947034
59344 512 0 24559273225675
59856 512 0 24559273504315
60368 512 0 24559273782956
60880 512 0 24559274061597
61392 512 0 24559274340237
61904 512 0 24559274618878
62416 512 0 24559274897518
62928 512 0 24559275176159
63440 512 0 24559275454799
63952 512 0 24559275733440
64464 512 0 24559276012080
64976 512 0 24559276290721
65488 512 0 24559276569365
66000 512 0 24559276848006
66512 512 0 24559277126646
67024 512 0 24559277405287
67536 512 0 24559277683928
68048 512 0 24559277962568
68560 512 0 24559278241209
69072 512 0 24559278519849
69584 512 0 24559278798490
70096 512 0 24559279077130
70608 512 0 24559279355771
71120 512 0 24559279634412
71632 512 0 24559279913052
72144 512 0 24559280191693
72656 512 0 24559280470333
73168 512 0 24559280748974
73680 512 0 24559281027615
74192 512 0 24559281306255
74704 512 0 24559281584896
75216 512 0 24559281863536
75728 512 0 24559282142177
76240 512 0 24559282420817
76752 512 0 24559282699458
77264 512 0 24559282978099
77776 512 0 24559283256739
78288 512 0 24559283535380
78800 512 0 24559283814020
79312 512 0 24559284092661
79824 512 0 24559284371302
80336 512 0 24559284649942
80848 512 0 24559284928583
81360 512 0 24559285207223
81872 512 0 24559285485863
82384 512 0 24559285764503
82896 512 0 24559286043144
83408 512 0 24559286321785
83920 512 0 24559286600425
84432 512 0 24559286879066
84944 512 0 24559287157706
85456 512 0 24559287436347
85968 512 0 24559287714987
86480 512 0 24559287993628
86992 512 0 24559288272269
87504 512 0 24559288550909
88016 512 0 24559288829550
88528 512 0 24559289108190
89040 512 0 24559289386831
89552 512 0 24559289665471
90064 512 0 24559289944112
90576 512 0 24559290222753
91088 512 0 24559290501393
91600 512 0 24559290780034
92112 512 0 24559291058674
92624 512 0 24559291337315
93136 512 0 24559291615955
93648 512 0 24559291894596
94160 512 0 24559292173237
94672 512 0 24559292451877
95184 512 0 24559292730518
95696 512 0 24559293009158
96208 512 0 24559293287799
96720 512 0 24559293566439
97232 512 0 24559293845080
97744 512 0 24559294123721
98256 512 0 24559294402344
98768 512 0 24559294680985
99280 512 0 24559294959625
99792 512 0 24559295238265
100304 512 0 24559295516906
100816 512 0 24559295795546
101328 512 0 24559296074187
101840 512 0 24559296352827
102352 512 0 24559296631467
102864 512 0 24559296910108
103376 512 0 24559297188748
103888 512 0 24559297467389
104400 512 0 24559297746029
104912 512 0 24559298024669
105424 512 0 24559298303310
105936 512 0 24559298581950
106448 512 0 24559298860590
106960 512 0 24559299139231
107472 512 0 24559299417871
107984 512 0 24559299696512
108496 512 0 24559299975152
109008 512 0 24559300253792
109520 512 0 24559300532433
110032 512 0 24559300811073
110544 512 0 24559301089714
111056 512 0 24559301368354
111568 512 0 24559301646994
112080 512 0 24559301925635
112592 512 0 24559302204275
113104 512 0 24559302482916
113616 512 0 24559302761556
114128 512 0 24559303040196
114640 512 0 24559303318842
115152 512 0 24559303597482
115664 512 0 24559303876123
116176 512 0 24559304154763
116688 512 0 24559304433404
117200 512 0 24559304712044
117712 512 0 24559304990684
118224 512 0 24559305269325
118736 512 0 24559305547965
119248 512 0 24559305826606
119760 512 0 24559306105246
120272 512 0 24559306383887
120784 512 0 24559306662527
121296 512 0 24559306941168
121808 512 0 24559307219808
122320 512 0 24559307498449
122832 512 0 24559307777089
123344 512 0 24559308055729
123856 512 0 24559308334370
124368 512 0 24559308613010
124880 512 0 24559308891651
125392 512 0 24559309170291
125904 512 0 24559309448932
126416 512 0 24559309727572
126928 512 0 24559310006213
127440 512 0 24559310284853
127952 512 0 24559310563493
128464 512 0 24559310842134
128976 512 0 24559311120774
129488 512 0 24559311399415
130000 512 0 24559311678055
130512 512 0 24559311956696
131024 512 0 24559312235339
131536 512 0 24559312513980
132048 512 0 24559312792620
132560 512 0 24559313071261
133072 512 0 24559313349901
133584 512 0 24559313628542
134096 512 0 24559313907182
134608 512 0 24559314185823
135120 512 0 24559314464463
135632 512 0 24559314743104
136144 512 0 24559315021744
136656 512 0 24559315300385
137168 512 0 24559315579025
137680 512 0 24559315857666
138192 512 0 24559316136306
138704 512 0 24559316414946
139216 512 0 24559316693587
139728 512 0 24559316972227
140240 512 0 24559317250868
140752 512 0 24559317529508
141264 512 0 24559317808149
141776 512 0 24559318086789
142288 512 0 24559318365430
142800 512 0 24559318644070
143312 512 0 24559318922711
143824 512 0 24559319201351
144336 512 0 24559319479992
144848 512 0 24559319758632
145360 512 0 24559320037273
145872 512 0 24559320315913
146384 512 0 24559320594554
146896 512 0 24559320873194
147408 512 0 24559321151838
147920 512 0 24559321430479
148432 512 0 24559321709119
148944 512 0 24559321987760
149456 512 0 24559322266400
149968 512 0 24559322545041
150480 512 0 24559322823681
150992 512 0 24559323102322
151504 512 0 24559323380962
152016 512 0 24559323659603
152528 512 0 24559323938243
153040 512 0 24559324216884
153552 512 0 24559324495524
154064 512 0 24559324774165
154576 512 0 24559325052805
155088 512 0 24559325331446
155600 512 0 24559325610086
156112 512 0 24559325888727
156624 512 0 24559326167367
157136 512 0 24559326446008
157648 512 0 24559326724648
158160 512 0 24559327003289
158672 512 0 24559327281929
159184 512 0 24559327560570
159696 512 0 24559327839210
160208 512 0 24559328117851
160720 512 0 24559328396491
161232 512 0 24559328675132
161744 512 0 24559328953772
162256 512 0 24559329232412
162768 512 0 24559329511053
163280 512 0 24559329789693
163792 512 0 24559330068337
164304 512 0 24559330346977
164816 512 0 24559330625618
165328 512 0 24559330904258
165840 512 0 24559331182899
166352 512 0 24559331461539
166864 512 0 24559331740180
167376 512 0 24559332018820
167888 512 0 24559332297461
168400 512 0 24559332576101
168912 512 0 24559332854742
169424 512 0 24559333133382
169936 512 0 24559333412023
170448 512 0 24559333690663
170960 512 0 24559333969304
171472 512 0 24559334247944
171984 512 0 24559334526585
172496 512 0 24559334805225
173008 512 0 24559335083866
173520 512 0 24559335362506
174032 512 0 24559335641147
174544 512 0 24559335919787
175056 512 0 24559336198428
175568 512 0 24559336477068
176080 512 0 24559336755709
176592 512 0 24559337034350
177104 512 0 24559337312990
177616 512 0 24559337591631
178128 512 0 24559337870271
178640 512 0 24559338148912
179152 512 0 24559338427552
179664 512 0 24559338706193
180176 512 0 24559338984835
180688 512 0 24559339263476
181200 512 0 24559339542116
181712 512 0 24559339820757
182224 512 0 24559340099397
182736 512 0 24559340378038
183248 512 0 24559340656678
183760 512 0 24559340935319
184272 512 0 24559341213959
184784 512 0 24559341492600
185296 512 0 24559341771240
185808 512 0 24559342049881
186320 512 0 24559342328521
186832 512 0 24559342607162
187344 512 0 24559342885803
187856 512 0 24559343164443
188368 512 0 24559343443084
188880 512 0 24559343721724
189392 512 0 24559344000365
189904 512 0 24559344279005
190416 512 0 24559344557646
190928 512 0 24559344836286
191440 512 0 24559345114927
191952 512 0 24559345393567
192464 512 0 24559345672208
192976 512 0 24559345950848
193488 512 0 24559346229489
194000 512 0 24559346508129
194512 512 0 24559346786770
195024 512 0 24559347065410
195536 512 0 24559347344051
196048 512 0 24559347622691
196560 512 0 24559347901334
197072 512 0 24559348179974
197584 512 0 24559348458615
198096 512 0 24559348737255
198608 512 0 24559349015896
199120 512 0 24559349294536
199632 512 0 24559349573177
200144 512 0 24559349851817
200656 512 0 24559350130458
201168 512 0 24559350409098
201680 512 0 24559350687739
202192 512 0 24559350966379
202704 512 0 24559351245020
203216 512 0 24559351523660
203728 512 0 24559351802301
204240 512 0 24559352080941
204752 512 0 24559352359582
205264 512 0 24559352638223
205776 512 0 24559352916863
206288 512 0 24559353195504
206800 512 0 24559353474144
207312 512 0 24559353752785
207824 512 0 24559354031425
208336 512 0 24559354310066
208848 512 0 24559354588706
209360 512 0 24559354867347
209872 512 0 24559355145987
210384 512 0 24559355424628
210896 512 0 24559355703268
211408 512 0 24559355981909
211920 512 0 24559356260549
212432 512 0 24559356539190
212944 512 0 24559356817833
213456 512 0 24559357096474
213968 512 0 24559357375114
214480 512 0 24559357653755
214992 512 0 24559357932395
215504 512 0 24559358211036
216016 512 0 24559358489676
216528 512 0 24559358768317
217040 512 0 24559359046957
217552 512 0 24559359325598
218064 512 0 24559359604238
218576 512 0 24559359882879
219088 512 0 24559360161520
219600 512 0 24559360440160
220112 512 0 24559360718801
220624 512 0 24559360997441
221136 512 0 24559361276082
221648 512 0 24559361554722
222160 512 0 24559361833363
222672 512 0 24559362112003
223184 512 0 24559362390644
223696 512 0 24559362669284
224208 512 0 24559362947925
224720 512 0 24559363226566
225232 512 0 24559363505206
225744 512 0 24559363783847
226256 512 0 24559364062487
226768 512 0 24559364341128
227280 512 0 24559364619768
227792 512 0 24559364898409
228304 512 0 24559365177049
228816 512 0 24559365455690
229328 512 0 24559365734331
229840 512 0 24559366012972
230352 512 0 24559366291612
230864 512 0 24559366570253
231376 512 0 24559366848893
231888 512 0 24559367127534
232400 512 0 24559367406174
232912 512 0 24559367684815
233424 512 0 24559367963456
233936 512 0 24559368242096
234448 512 0 24559368520737
234960 512 0 24559368799377
235472 512 0 24559369078018
235984 512 0 24559369356658
236496 512 0 24559369635299
237008 512 0 24559369913939
237520 512 0 24559370192580
238032 512 0 24559370471220
238544 512 0 24559370749861
239056 512 0 24559371028502
239568 512 0 24559371307142
240080 512 0 24559371585783
240592 512 0 24559371864423
241104 512 0 24559372143064
241616 512 0 24559372421704
242128 512 0 24559372700345
242640 512 0 24559372978985
243152 512 0 24559373257626
243664 512 0 24559373536267
244176 512 0 24559373814907
244688 512 0 24559374093548
245200 512 0 24559374372188
245712 512 0 24559374650830
246224 512 0 24559374929471
246736 512 0 24559375208112
247248 512 0 24559375486752
247760 512 0 24559375765393
248272 512 0 24559376044033
248784 512 0 24559376322674
249296 512 0 24559376601314
249808 512 0 24559376879955
250320 512 0 24559377158595
250832 512 0 24559377437236
251344 512 0 24559377715877
251856 512 0 24559377994517
252368 512 0 24559378273158
252880 512 0 24559378551798
253392 512 0 24559378830439
253904 512 0 24559379109079
254416 512 0 24559379387720
254928 512 0 24559379666361
255440 512 0 24559379945001
255952 512 0 24559380223642
256464 512 0 24559380502282
256976 512 0 24559380780923
257488 512 0 24559381059563
258000 512 0 24559381338204
258512 512 0 24559381616844
259024 512 0 24559381895485
259536 512 0 24559382174126
260048 512 0 24559382452766
260560 512 0 24559382731407
261072 512 0 24559383010047
261584 512 0 24559383288688
262096 512 0 24559383567328
262608 512 0 24559383845969
263120 512 0 24559384124610
263632 512 0 24559384403250
264144 512 0 24559384681891
264656 512 0 24559384960531
265168 512 0 24559385239172
265680 512 0 24559385517812
266192 512 0 24559385796453
266704 512 0 24559386075093
267216 512 0 24559386353734
267728 512 0 24559386632375
268240 512 0 24559386911015
268752 512 0 24559387189656
269264 512 0 24559387468296
269776 512 0 24559387746937
270288 512 0 24559388025577
270800 512 0 24559388304218
271312 512 0 24559388582859
271824 512 0 24559388861499
272336 512 0 24559389140140
272848 512 0 24559389418780
273360 512 0 24559389697421
273872 512 0 24559389976061
274384 512 0 24559390254702
274896 512 0 24559390533342
275408 512 0 24559390811983
275920 512 0 24559391090624
276432 512 0 24559391369264
276944 512 0 24559391647905
277456 512 0 24559391926545
277968 512 0 24559392205186
278480 512 0 24559392483826
278992 512 0 24559392762467
279504 512 0 24559393041108
280016 512 0 24559393319748
280528 512 0 24559393598389
281040 512 0 24559393877029
281552 512 0 24559394155670
282064 512 0 24559394434310
282576 512 0 24559394712951
283088 512 0 24559394991592
283600 512 0 24559395270232
284112 512 0 24559395548873
284624 512 0 24559395827513
285136 512 0 24559396106154
285648 512 0 24559396384794
286160 512 0 24559396663435
286672 512 0 24559396942075
287184 512 0 24559397220716
287696 512 0 24559397499357
288208 512 0 24559397777997
288720 512 0 24559398056638
289232 512 0 24559398335278
289744 512 0 24559398613919
290256 512 0 24559398892559
290768 512 0 24559399171200
291280 512 0 24559399449840
291792 512 0 24559399728481
292304 512 0 24559400007122
292816 512 0 24559400285762
293328 512 0 24559400564403
293840 512 0 24559400843043
294352 512 0 24559401121684
294864 512 0 24559401400326
295376 512 0 24559401678966
295888 512 0 24559401957607
296400 512 0 24559402236247
296912 512 0 24559402514888
297424 512 0 24559402793528
297936 512 0 24559403072169
298448 512 0 24559403350809
298960 512 0 24559403629450
299472 512 0 24559403908091
299984 512 0 24559404186731
300496 512 0 24559404465372
301008 512 0 24559404744012
301520 512 0 24559405022653
302032 512 0 24559405301293
302544 512 0 24559405579934
303056 512 0 24559405858575
303568 512 0 24559406137215
304080 512 0 24559406415856
304592 512 0 24559406694496
305104 512 0 24559406973137
305616 512 0 24559407251777
306128 512 0 24559407530418
306640 512 0 24559407809059
307152 512 0 24559408087699
307664 512 0 24559408366340
308176 512 0 24559408644980
308688 512 0 24559408923621
309200 512 0 24559409202261
309712 512 0 24559409480902
310224 512 0 24559409759543
310736 512 0 24559410038183
311248 512 0 24559410316824
311760 512 0 24559410595464
312272 512 0 24559410874105
312784 512 0 24559411152745
313296 512 0 24559411431386
313808 512 0 24559411710026
314320 512 0 24559411988667
314832 512 0 24559412267307
315344 512 0 24559412545948
315856 512 0 24559412824589
316368 512 0 24559413103229
316880 512 0 24559413381870
317392 512 0 24559413660510
317904 512 0 24559413939151
318416 512 0 24559414217791
318928 512 0 24559414496432
319440 512 0 24559414775073
319952 512 0 24559415053713
320464 512 0 24559415332354
320976 512 0 24559415610994
321488 512 0 24559415889635
322000 512 0 24559416168275
322512 512 0 24559416446916
323024 512 0 24559416725557
323536 512 0 24559417004197
324048 512 0 24559417282838
324560 512 0 24559417561478
325072 512 0 24559417840119
325584 512 0 24559418118759
326096 512 0 24559418397400
326608 512 0 24559418676040
327120 512 0 24559418954681
327632 512 0 24559419233323
328144 512 0 24559419511963
328656 512 0 24559419790604
329168 512 0 24559420069244
329680 512 0 24559420347885
330192 512 0 24559420626525
330704 512 0 24559420905166
331216 512 0 24559421183807
331728 512 0 24559421462447
332240 512 0 24559421741088
332752 512 0 24559422019728
333264 512 0 24559422298369
333776 512 0 24559422577009
334288 512 0 24559422855650
334800 512 0 24559423134291
335312 512 0 24559423412931
335824 512 0 24559423691572
336336 512 0 24559423970212
336848 512 0 24559424248853
337360 512 0 24559424527493
337872 512 0 24559424806134
338384 512 0 24559425084775
338896 512 0 24559425363415
339408 512 0 24559425642056
339920 512 0 24559425920696
340432 512 0 24559426199337
340944 512 0 24559426477977
341456 512 0 24559426756618
341968 512 0 24559427035259
342480 512 0 24559427313899
342992 512 0 24559427592540
343504 512 0 24559427871180
344016 512 0 24559428149821
344528 512 0 24559428428461
345040 512 0 24559428707102
345552 512 0 24559428985742
346064 512 0 24559429264383
346576 512 0 24559429543023
347088 512 0 24559429821664
347600 512 0 24559430100305
348112 512 0 24559430378945
348624 512 0 24559430657586
349136 512 0 24559430936226
349648 512 0 24559431214867
350160 512 0 24559431493507
350672 512 0 24559431772148
351184 512 0 24559432050789
351696 512 0 24559432329429
352208 512 0 24559432608070
352720 512 0 24559432886710
353232 512 0 24559433165351
353744 512 0 24559433443991
354256 512 0 24559433722632
354768 512 0 24559434001273
355280 512 0 24559434279913
355792 512 0 24559434558554
356304 512 0 24559434837194
356816 512 0 24559435115835
357328 512 0 24559435394475
357840 512 0 24559435673116
358352 512 0 24559435951756
358864 512 0 24559436230397
359376 512 0 24559436509038
359888 512 0 24559436787678
360400 512 0 24559437066319
360912 512 0 24559437344959
361424 512 0 24559437623600
361936 512 0 24559437902240
362448 512 0 24559438180881
362960 512 0 24559438459521
363472 512 0 24559438738162
363984 512 0 24559439016803
364496 512 0 24559439295443
365008 512 0 24559439574084
365520 512 0 24559439852724
366032 512 0 24559440131365
366544 512 0 24559440410005
367056 512 0 24559440688646
367568 512 0 24559440967287
368080 512 0 24559441245927
368592 512 0 24559441524568
369104 512 0 24559441803208
369616 512 0 24559442081849
370128 512 0 24559442360489
370640 512 0 24559442639130
371152 512 0 24559442917770
371664 512 0 24559443196411
372176 512 0 24559443475052
372688 512 0 24559443753692
373200 512 0 24559444032333
373712 512 0 24559444310973
374224 512 0 24559444589614
374736 512 0 24559444868254
375248 512 0 24559445146895
375760 512 0 24559445425536
376272 512 0 24559445704176
376784 512 0 24559445982818
377296 512 0 24559446261458
377808 512 0 24559446540099
378320 512 0 24559446818739
378832 512 0 24559447097380
379344 512 0 24559447376021
379856 512 0 24559447654661
380368 512 0 24559447933302
380880 512 0 24559448211942
381392 512 0 24559448490583
381904 512 0 24559448769223
382416 512 0 24559449047864
382928 512 0 24559449326505
383440 512 0 24559449605145
383952 512 0 24559449883786
384464 512 0 24559450162426
384976 512 0 24559450441067
385488 512 0 24559450719707
386000 512 0 24559450998348
386512 512 0 24559451276988
387024 512 0 24559451555629
387536 512 0 24559451834270
388048 512 0 24559452112910
388560 512 0 24559452391551
389072 512 0 24559452670191
389584 512 0 24559452948832
390096 512 0 24559453227472
390608 512 0 24559453506113
391120 512 0 24559453784754
391632 512 0 24559454063394
392144 512 0 24559454342035
392656 512 0 24559454620675
393168 512 0 24559454899316
393680 512 0 24559455177956
394192 512 0 24559455456597
394704 512 0 24559455735237
395216 512 0 24559456013878
395728 512 0 24559456292518
396240 512 0 24559456571159
396752 512 0 24559456849800
397264 512 0 24559457128440
397776 512 0 24559457407081
398288 512 0 24559457685721
398800 512 0 24559457964362
399312 512 0 24559458243002
399824 512 0 24559458521643
400336 512 0 24559458800284
400848 512 0 24559459078924
401360 512 0 24559459357565
401872 512 0 24559459636205
402384 512 0 24559459914846
402896 512 0 24559460193486
403408 512 0 24559460472127
403920 512 0 24559460750768
404432 512 0 24559461029408
404944 512 0 24559461308049
405456 512 0 24559461586689
405968 512 0 24559461865330
406480 512 0 24559462143970
406992 512 0 24559462422611
407504 512 0 24559462701252
408016 512 0 24559462979892
408528 512 0 24559463258533
409040 512 0 24559463537173
409552 512 0 24559463815815
410064 512 0 24559464094455
410576 512 0 24559464373096
411088 512 0 24559464651736
411600 512 0 24559464930377
412112 512 0 24559465209018
412624 512 0 24559465487658
413136 512 0 24559465766299
413648 512 0 24559466044939
414160 512 0 24559466323580
414672 512 0 24559466602220
415184 512 0 24559466880861
415696 512 0 24559467159502
416208 512 0 24559467438142
416720 512 0 24559467716783
417232 512 0 24559467995423
417744 512 0 24559468274064
418256 512 0 24559468552704
418768 512 0 24559468831345
419280 512 0 24559469109986
419792 512 0 24559469388626
420304 512 0 24559469667267
420816 512 0 24559469945907
421328 512 0 24559470224548
421840 512 0 24559470503188
422352 512 0 24559470781829
422864 512 0 24559471060470
423376 512 0 24559471339110
423888 512 0 24559471617751
424400 512 0 24559471896391
424912 512 0 24559472175032
425424 512 0 24559472453672
425936 512 0 24559472732313
426448 512 0 24559473010953
426960 512 0 24559473289594
427472 512 0 24559473568234
427984 512 0 24559473846875
428496 512 0 24559474125516
429008 512 0 24559474404156
429520 512 0 24559474682797
430032 512 0 24559474961437
430544 512 0 24559475240078
431056 512 0 24559475518718
431568 512 0 24559475797359
432080 512 0 24559476076000
432592 512 0 24559476354640
433104 512 0 24559476633281
433616 512 0 24559476911921
434128 512 0 24559477190562
434640 512 0 24559477469202
435152 512 0 24559477747843
435664 512 0 24559478026484
436176 512 0 24559478305124
436688 512 0 24559478583765
437200 512 0 24559478862405
437712 512 0 24559479141046
438224 512 0 24559479419686
438736 512 0 24559479698327
439248 512 0 24559479976968
439760 512 0 24559480255608
440272 512 0 24559480534249
440784 512 0 24559480812889
441296 512 0 24559481091530
441808 512 0 24559481370170
442320 512 0 24559481648812
442832 512 0 24559481927452
443344 512 0 24559482206093
443856 512 0 24559482484733
444368 512 0 24559482763374
444880 512 0 24559483042015
445392 512 0 24559483320655
445904 512 0 24559483599296
446416 512 0 24559483877936
446928 512 0 24559484156577
447440 512 0 24559484435218
447952 512 0 24559484713858
448464 512 0 24559484992499
448976 512 0 24559485271139
449488 512 0 24559485549780
450000 512 0 24559485828420
450512 512 0 24559486107061
451024 512 0 24559486385702
451536 512 0 24559486664342
452048 512 0 24559486942983
452560 512 0 24559487221623
453072 512 0 24559487500264
453584 512 0 24559487778904
454096 512 0 24559488057545
454608 512 0 24559488336186
455120 512 0 24559488614826
455632 512 0 24559488893467
456144 512 0 24559489172107
456656 512 0 24559489450748
457168 512 0 24559489729388
457680 512 0 24559490008029
458192 512 0 24559490286670
458704 512 0 24559490565310
459216 512 0 24559490843950
459728 512 0 24559491122591
460240 512 0 24559491401231
460752 512 0 24559491679872
461264 512 0 24559491958513
461776 512 0 24559492237153
462288 512 0 24559492515794
462800 512 0 24559492794434
463312 512 0 24559493073075
463824 512 0 24559493351715
464336 512 0 24559493630356
464848 512 0 24559493908997
465360 512 0 24559494187637
465872 512 0 24559494466278
466384 512 0 24559494744918
466896 512 0 24559495023559
467408 512 0 24559495302199
467920 512 0 24559495580840
468432 512 0 24559495859481
468944 512 0 24559496138121
469456 512 0 24559496416762
469968 512 0 24559496695402
470480 512 0 24559496974043
470992 512 0 24559497252683
471504 512 0 24559497531324
472016 512 0 24559497809965
472528 512 0 24559498088605
473040 512 0 24559498367246
473552 512 0 24559498645886
474064 512 0 24559498924527
474576 512 0 24559499203167
475088 512 0 24559499481808
475600 512 0 24559499760448
476112 512 0 24559500039089
476624 512 0 24559500317729
477136 512 0 24559500596370
477648 512 0 24559500875011
478160 512 0 24559501153651
478672 512 0 24559501432292
479184 512 0 24559501710932
479696 512 0 24559501989573
480208 512 0 24559502268213
480720 512 0 24559502546854
481232 512 0 24559502825495
481744 512 0 24559503104135
482256 512 0 24559503382776
482768 512 0 24559503661416
483280 512 0 24559503940057
483792 512 0 24559504218697
484304 512 0 24559504497338
484816 512 0 24559504775979
485328 512 0 24559505054619
485840 512 0 24559505333260
486352 512 0 24559505611900
486864 512 0 24559505890541
487376 512 0 24559506169181
487888 512 0 24559506447822
488400 512 0 24559506726463
488912 512 0 24559507005103
489424 512 0 24559507283744
489936 512 0 24559507562384
490448 512 0 24559507841025
490960 512 0 24559508119665
491472 512 0 24559508398307
491984 512 0 24559508676947
492496 512 0 24559508955588
493008 512 0 24559509234229
493520 512 0 24559509512869
494032 512 0 24559509791510
494544 512 0 24559510070150
495056 512 0 24559510348791
495568 512 0 24559510627431
496080 512 0 24559510906072
496592 512 0 24559511184713
497104 512 0 24559511463353
497616 512 0 24559511741994
498128 512 0 24559512020634
498640 512 0 24559512299275
499152 512 0 24559512577915
499664 512 0 24559512856556
500176 512 0 24559513135197
500688 512 0 24559513413837
501200 512 0 24559513692478
501712 512 0 24559513971118
502224 512 0 24559514249759
502736 512 0 24559514528399
503248 512 0 24559514807040
503760 512 0 24559515085681
504272 512 0 24559515364321
504784 512 0 24559515642962
505296 512 0 24559515921602
505808 512 0 24559516200243
506320 512 0 24559516478883
506832 512 0 24559516757524
507344 512 0 24559517036165
507856 512 0 24559517314805
508368 512 0 24559517593445
508880 512 0 24559517872086
509392 512 0 24559518150726
509904 512 0 24559518429367
510416 512 0 24559518708008
510928 512 0 24559518986648
511440 512 0 24559519265289
511952 512 0 24559519543929
512464 512 0 24559519822570
512976 512 0 24559520101210
513488 512 0 24559520379851
514000 512 0 24559520658492
514512 512 0 24559520937132
515024 512 0 24559521215773
515536 512 0 24559521494413
516048 512 0 24559521773054
516560 512 0 24559522051694
517072 512 0 24559522330335
517584 512 0 24559522608976
518096 512 0 24559522887616
518608 512 0 24559523166257
519120 512 0 24559523444897
519632 512 0 24559523723538
520144 512 0 24559524002178
520656 512 0 24559524280819
521168 512 0 24559524559460
521680 512 0 24559524838100
522192 512 0 24559525116741
522704 512 0 24559525395381
523216 512 0 24559525674022
523728 512 0 24559525952662
524240 512 0 24559526231304
524752 512 0 24559526509944
525264 512 0 24559526788585
525776 512 0 24559527067226
526288 512 0 24559527345866
526800 512 0 24559527624507
527312 512 0 24559527903147
527824 512 0 24559528181788
528336 512 0 24559528460428
528848 512 0 24559528739069
529360 512 0 24559529017710
529872 512 0 24559529296350
530384 512 0 24559529574991
530896 512 0 24559529853631
531408 512 0 24559530132272
531920 512 0 24559530410912
532432 512 0 24559530689553
532944 512 0 24559530968194
533456 512 0 24559531246834
533968 512 0 24559531525475
534480 512 0 24559531804115
534992 512 0 24559532082756
535504 512 0 24559532361396
536016 512 0 24559532640037
536528 512 0 24559532918678
537040 512 0 24559533197318
537552 512 0 24559533475959
538064 512 0 24559533754599
538576 512 0 24559534033240
539088 512 0 24559534311880
539600 512 0 24559534590521
540112 512 0 24559534869162
540624 512 0 24559535147802
541136 512 0 24559535426442
541648 512 0 24559535705083
542160 512 0 24559535983724
542672 512 0 24559536262364
543184 512 0 24559536541005
543696 512 0 24559536819645
544208 512 0 24559537098286
544720 512 0 24559537376926
545232 512 0 24559537655567
545744 512 0 24559537934208
546256 512 0 24559538212848
546768 512 0 24559538491489
547280 512 0 24559538770129
547792 512 0 24559539048770
548304 512 0 24559539327410
548816 512 0 24559539606051
549328 512 0 24559539884692
549840 512 0 24559540163332
550352 512 0 24559540441973
550864 512 0 24559540720613
551376 512 0 24559540999254
551888 512 0 24559541277894
552400 512 0 24559541556535
552912 512 0 24559541835176
553424 512 0 24559542113816
553936 512 0 24559542392457
554448 512 0 24559542671097
554960 512 0 24559542949738
555472 512 0 24559543228378
555984 512 0 24559543507019
556496 512 0 24559543785660
557008 512 0 24559544064301
557520 512 0 24559544342941
558032 512 0 24559544621582
558544 512 0 24559544900223
559056 512 0 24559545178863
559568 512 0 24559545457504
560080 512 0 24559545736144
560592 512 0 24559546014785
561104 512 0 24559546293425
561616 512 0 24559546572066
562128 512 0 24559546850707
562640 512 0 24559547129347
563152 512 0 24559547407988
563664 512 0 24559547686628
564176 512 0 24559547965269
564688 512 0 24559548243909
565200 512 0 24559548522550
565712 512 0 24559548801191
566224 512 0 24559549079831
566736 512 0 24559549358472
567248 512 0 24559549637112
567760 512 0 24559549915753
568272 512 0 24559550194394
568784 512 0 24559550473034
569296 512 0 24559550751675
569808 512 0 24559551030315
570320 512 0 24559551308956
570832 512 0 24559551587596
571344 512 0 24559551866237
571856 512 0 24559552144878
572368 512 0 24559552423518
572880 512 0 24559552702159
573392 512 0 24559552980799
573904 512 0 24559553259439
574416 512 0 24559553538080
574928 512 0 24559553816721
575440 512 0 24559554095361
575952 512 0 24559554374002
576464 512 0 24559554652642
576976 512 0 24559554931283
577488 512 0 24559555209923
578000 512 0 24559555488564
578512 512 0 24559555767205
579024 512 0 24559556045845
579536 512 0 24559556324486
580048 512 0 24559556603126
580560 512 0 24559556881767
581072 512 0 24559557160407
581584 512 0 24559557439048
582096 512 0 24559557717689
582608 512 0 24559557996329
583120 512 0 24559558274970
583632 512 0 24559558553610
584144 512 0 24559558832251
584656 512 0 24559559110891
585168 512 0 24559559389532
585680 512 0 24559559668173
586192 512 0 24559559946813
586704 512 0 24559560225454
587216 512 0 24559560504094
587728 512 0 24559560782735
588240 512 0 24559561061375
588752 512 0 24559561340016
589264 512 0 24559561618657
589776 512 0 24559561897298
590288 512 0 24559562175938
590800 512 0 24559562454579
591312 512 0 24559562733220
591824 512 0 24559563011860
592336 512 0 24559563290501
592848 512 0 24559563569141
593360 512 0 24559563847782
593872 512 0 24559564126422
594384 512 0 24559564405063
594896 512 0 24559564683704
595408 512 0 24559564962344
595920 512 0 24559565240985
596432 512 0 24559565519625
596944 512 0 24559565798266
597456 512 0 24559566076907
597968 512 0 24559566355547
598480 512 0 24559566634188
598992 512 0 24559566912828
599504 512 0 24559567191469
600016 512 0 24559567470109
600528 512 0 24559567748750
601040 512 0 24559568027391
601552 512 0 24559568306031
602064 512 0 24559568584672
602576 512 0 24559568863312
603088 512 0 24559569141953
603600 512 0 24559569420593
604112 512 0 24559569699234
604624 512 0 24559569977875
605136 512 0 24559570256515
605648 512 0 24559570535156
606160 512 0 24559570813796
606672 512 0 24559571092436
607184 512 0 24559571371077
607696 512 0 24559571649718
608208 512 0 24559571928358
608720 512 0 24559572206999
609232 512 0 24559572485639
609744 512 0 24559572764280
610256 512 0 24559573042920
610768 512 0 24559573321561
611280 512 0 24559573600202
611792 512 0 24559573878842
612304 512 0 24559574157483
612816 512 0 24559574436123
613328 512 0 24559574714764
613840 512 0 24559574993404
614352 512 0 24559575272045
614864 512 0 24559575550686
615376 512 0 24559575829326
615888 512 0 24559576107967
616400 512 0 24559576386607
616912 512 0 24559576665248
617424 512 0 24559576943888
617936 512 0 24559577222529
618448 512 0 24559577501170
618960 512 0 24559577779810
619472 512 0 24559578058451
619984 512 0 24559578337091
620496 512 0 24559578615732
621008 512 0 24559578894372
621520 512 0 24559579173013
622032 512 0 24559579451654
622544 512 0 24559579730295
623056 512 0 24559580008935
623568 512 0 24559580287576
624080 512 0 24559580566217
624592 512 0 24559580844857
625104 512 0 24559581123498
625616 512 0 24559581402138
626128 512 0 24559581680779
626640 512 0 24559581959420
627152 512 0 24559582238060
627664 512 0 24559582516701
628176 512 0 24559582795341
628688 512 0 24559583073982
629200 512 0 24559583352622
629712 512 0 24559583631263
630224 512 0 24559583909904
630736 512 0 24559584188544
631248 512 0 24559584467185
631760 512 0 24559584745825
632272 512 0 24559585024466
632784 512 0 24559585303106
633296 512 0 24559585581747
633808 512 0 24559585860388
634320 512 0 24559586139028
634832 512 0 24559586417669
635344 512 0 24559586696309
635856 512 0 24559586974950
636368 512 0 24559587253590
636880 512 0 24559587532231
637392 512 0 24559587810872
637904 512 0 24559588089512
638416 512 0 24559588368153
638928 512 0 24559588646793
639440 512 0 24559588925433
639952 512 0 24559589204074
640464 512 0 24559589482715
640976 512 0 24559589761355
641488 512 0 24559590039996
642000 512 0 24559590318636
642512 512 0 24559590597277
643024 512 0 24559590875917
643536 512 0 24559591154558
644048 512 0 24559591433199
644560 512 0 24559591711839
645072 512 0 24559591990480
645584 512 0 24559592269120
646096 512 0 24559592547761
646608 512 0 24559592826401
647120 512 0 24559593105042
647632 512 0 24559593383683
648144 512 0 24559593662323
648656 512 0 24559593940964
649168 512 0 24559594219604
649680 512 0 24559594498245
650192 512 0 24559594776885
650704 512 0 24559595055526
651216 512 0 24559595334167
651728 512 0 24559595612807
652240 512 0 24559595891448
652752 512 0 24559596170088
653264 512 0 24559596448729
653776 512 0 24559596727370
654288 512 0 24559597006010
654800 512 0 24559597284651
655312 512 0 24559597563291
655824 512 0 24559597841931
656336 512 0 24559598120572
656848 512 0 24559598399213
657360 512 0 24559598677853
657872 512 0 24559598956494
658384 512 0 24559599235134
658896 512 0 24559599513775
659408 512 0 24559599792415
659920 512 0 24559600071056
660432 512 0 24559600349697
660944 512 0 24559600628337
661456 512 0 24559600906978
661968 512 0 24559601185618
662480 512 0 24559601464259
662992 512 0 24559601742899
663504 512 0 24559602021540
664016 512 0 24559602300181
664528 512 0 24559602578821
665040 512 0 24559602857462
665552 512 0 24559603136102
666064 512 0 24559603414743
666576 512 0 24559603693383
667088 512 0 24559603972024
667600 512 0 24559604250665
668112 512 0 24559604529305
668624 512 0 24559604807946
669136 512 0 24559605086586
669648 512 0 24559605365227
670160 512 0 24559605643867
670672 512 0 24559605922508
671184 512 0 24559606201149
671696 512 0 24559606479790
672208 512 0 24559606758430
672720 512 0 24559607037071
673232 512 0 24559607315712
673744 512 0 24559607594352
674256 512 0 24559607872993
674768 512 0 24559608151633
675280 512 0 24559608430274
675792 512 0 24559608708914
676304 512 0 24559608987555
676816 512 0 24559609266196
677328 512 0 24559609544836
677840 512 0 24559609823477
678352 512 0 24559610102117
678864 512 0 24559610380758
679376 512 0 24559610659399
679888 512 0 24559610938039
680400 512 0 24559611216680
680912 512 0 24559611495320
681424 512 0 24559611773961
681936 512 0 24559612052601
682448 512 0 24559612331242
682960 512 0 24559612609883
683472 512 0 24559612888523
683984 512 0 24559613167164
684496 512 0 24559613445804
685008 512 0 24559613724445
685520 512 0 24559614003085
686032 512 0 24559614281726
686544 512 0 24559614560367
687056 512 0 24559614839007
687568 512 0 24559615117648
688080 512 0 24559615396288
688592 512 0 24559615674928
689104 512 0 24559615953569
689616 512 0 24559616232210
690128 512 0 24559616510850
690640 512 0 24559616789491
691152 512 0 24559617068131
691664 512 0 24559617346772
692176 512 0 24559617625412
692688 512 0 24559617904053
693200 512 0 24559618182694
693712 512 0 24559618461334
694224 512 0 24559618739975
694736 512 0 24559619018615
695248 512 0 24559619297256
695760 512 0 24559619575896
696272 512 0 24559619854537
696784 512 0 24559620133178
697296 512 0 24559620411818
697808 512 0 24559620690459
698320 512 0 24559620969099
698832 512 0 24559621247740
699344 512 0 24559621526380
699856 512 0 24559621805021
700368 512 0 24559622083662
700880 512 0 24559622362302
701392 512 0 24559622640943
701904 512 0 24559622919583
702416 512 0 24559623198224
702928 512 0 24559623476864
703440 512 0 24559623755505
703952 512 0 24559624034146
704464 512 0 24559624312787
704976 512 0 24559624591427
705488 512 0 24559624870068
706000 512 0 24559625148709
706512 512 0 24559625427349
707024 512 0 24559625705990
707536 512 0 24559625984630
708048 512 0 24559626263271
708560 512 0 24559626541912
709072 512 0 24559626820552
709584 512 0 24559627099193
710096 512 0 24559627377833
710608 512 0 24559627656474
711120 512 0 24559627935114
711632 512 0 24559628213755
712144 512 0 24559628492396
712656 512 0 24559628771036
713168 512 0 24559629049677
972 512 0 24559635778775
1484 512 0 24559635906775
1996 512 0 24559636034775
2508 512 0 24559636162775
3020 512 0 24559636290775
3532 512 0 24559636418775
4044 512 0 24559636546775
4556 512 0 24559636674775
5068 512 0 24559636802775
5580 512 0 24559636930775
6092 512 0 24559637058775
6604 512 0 24559637186775
7116 512 0 24559637314775
7628 512 0 24559637442775
8140 512 0 24559637570775
8652 512 0 24559637698775
9164 512 0 24559637826775
9676 512 0 24559637954775
10188 512 0 24559638082775
10700 512 0 24559638210775
11212 512 0 24559638338775
11724 512 0 24559638466775
12236 512 0 24559638594775
12748 512 0 24559638722775
13260 512 0 24559638850775
13772 512 0 24559638978775
14284 512 0 24559639106775
14796 512 0 24559639234775
15308 512 0 24559639362775
15820 512 0 24559639490775
16332 512 0 24559639618775
16844 512 0 24559639746775
17356 512 0 24559639874775
17868 512 0 24559640002775
18380 512 0 24559640130775
18892 512 0 24559640258775
19404 512 0 24559640386775
19916 512 0 24559640514775
20428 512 0 24559640642775
20940 512 0 24559640770775
21452 512 0 24559640898775
21964 512 0 24559641026775
22476 512 0 24559641154775
22988 512 0 24559641282775
23500 512 0 24559641410775
24012 512 0 24559641538775
24524 512 0 24559641666775
25036 512 0 24559641794775
25548 512 0 24559641922775
26060 512 0 24559642050775
26572 512 0 24559642178775
27084 512 0 24559642306775
27596 512 0 24559642434775
28108 512 0 24559642562775
28620 512 0 24559642690775
29132 512 0 24559642818775
29644 512 0 24559642946775
30156 512 0 24559643074775
30668 512 0 24559643202775
31180 512 0 24559643330775
31692 512 0 24559643458775
32204 512 0 24559643586775
32716 512 0 24559643714803
33228 512 0 24559643842803
33740 512 0 24559643970804
34252 512 0 24559644098804
34764 512 0 24559644226804
35276 512 0 24559644354805
35788 512 0 24559644482805
36300 512 0 24559644610806
36812 512 0 24559644738806
37324 512 0 24559644866806
37836 512 0 24559644994807
38348 512 0 24559645122807
38860 512 0 24559645250807
39372 512 0 24559645378808
39884 512 0 24559645506808
40396 512 0 24559645634809
40908 512 0 24559645762809
41420 512 0 24559645890809
41932 512 0 24559646018810
42444 512 0 24559646146810
42956 512 0 24559646274810
43468 512 0 24559646402811
43980 512 0 24559646530811
44492 512 0 24559646658812
45004 512 0 24559646786812
45516 512 0 24559646914812
46028 512 0 24559647042813
46540 512 0 24559647170813
47052 512 0 24559647298813
47564 512 0 24559647426814
48076 512 0 24559647554814
48588 512 0 24559647682815
49100 512 0 24559647810824
49612 512 0 24559647938824
50124 512 0 24559648066825
50636 512 0 24559648194825
51148 512 0 24559648322826
51660 512 0 24559648450826
52172 512 0 24559648578827
52684 512 0 24559648706827
53196 512 0 24559648834828
53708 512 0 24559648962828
54220 512 0 24559649090829
54732 512 0 24559649218829
55244 512 0 24559649346830
55756 512 0 24559649474830
56268 512 0 24559649602831
56780 512 0 24559649730831
57292 512 0 24559649858832
57804 512 0 24559649986832
58316 512 0 24559650114833
58828 512 0 24559650242833
59340 512 0 24559650370834
59852 512 0 24559650498834
60364 512 0 24559650626835
60876 512 0 24559650754835
61388 512 0 24559650882836
61900 512 0 24559651010836
62412 512 0 24559651138836
62924 512 0 24559651266837
63436 512 0 24559651394837
63948 512 0 24559651522838
64460 512 0 24559651650838
64972 512 0 24559651778839
65484 512 0 24559651906840
65996 512 0 24559652034840
66508 512 0 24559652162841
67020 512 0 24559652290841
67532 512 0 24559652418842
68044 512 0 24559652546842
68556 512 0 24559652674843
69068 512 0 24559652802843
69580 512 0 24559652930844
70092 512 0 24559653058844
70604 512 0 24559653186845
71116 512 0 24559653314845
71628 512 0 24559653442846
72140 512 0 24559653570846
72652 512 0 24559653698847
73164 512 0 24559653826847
73676 512 0 24559653954848
74188 512 0 24559654082848
74700 512 0 24559654210849
75212 512 0 24559654338849
75724 512 0 24559654466850
76236 512 0 24559654594850
76748 512 0 24559654722851
77260 512 0 24559654850851
77772 512 0 24559654978852
78284 512 0 24559655106852
78796 512 0 24559655234853
79308 512 0 24559655362853
79820 512 0 24559655490854
80332 512 0 24559655618854
80844 512 0 24559655746855
81356 512 0 24559655874855
81868 512 0 24559656002857
82380 512 0 24559656130858
82892 512 0 24559656258858
83404 512 0 24559656386859
83916 512 0 24559656514859
84428 512 0 24559656642860
84940 512 0 24559656770860
85452 512 0 24559656898861
85964 512 0 24559657026861
86476 512 0 24559657154862
86988 512 0 24559657282863
87500 512 0 24559657410863
88012 512 0 24559657538864
88524 512 0 24559657666864
89036 512 0 24559657794865
89548 512 0 24559657922865
90060 512 0 24559658050866
90572 512 0 24559658178866
91084 512 0 24559658306867
91596 512 0 24559658434867
92108 512 0 24559658562868
92620 512 0 24559658690868
93132 512 0 24559658818869
93644 512 0 24559658946869
94156 512 0 24559659074870
94668 512 0 24559659202870
95180 512 0 24559659330871
95692 512 0 24559659458871
96204 512 0 24559659586872
96716 512 0 24559659714872
97228 512 0 24559659842873
97740 512 0 24559659970873
98252 512 0 24559660098873
98764 512 0 24559660226874
99276 512 0 24559660354874
99788 512 0 24559660482875
100300 512 0 24559660610875
100812 512 0 24559660738876
101324 512 0 24559660866876
101836 512 0 24559660994877
102348 512 0 24559661122877
102860 512 0 24559661250878
103372 512 0 24559661378878
103884 512 0 24559661506879
104396 512 0 24559661634879
104908 512 0 24559661762880
105420 512 0 24559661890880
105932 512 0 24559662018881
106444 512 0 24559662146881
106956 512 0 24559662274882
107468 512 0 24559662402882
107980 512 0 24559662530883
108492 512 0 24559662658883
109004 512 0 24559662786884
109516 512 0 24559662914884
110028 512 0 24559663042885
110540 512 0 24559663170885
111052 512 0 24559663298886
111564 512 0 24559663426886
112076 512 0 24559663554887
112588 512 0 24559663682887
113100 512 0 24559663810888
113612 512 0 24559663938888
114124 512 0 24559664066889
114636 512 0 24559664194891
115148 512 0 24559664322891
115660 512 0 24559664450892
116172 512 0 24559664578892
116684 512 0 24559664706893
117196 512 0 24559664834893
117708 512 0 24559664962894
118220 512 0 24559665090894
118732 512 0 24559665218895
119244 512 0 24559665346895
119756 512 0 24559665474896
120268 512 0 24559665602896
120780 512 0 24559665730897
121292 512 0 24559665858897
121804 512 0 24559665986898
122316 512 0 24559666114898
122828 512 0 24559666242899
123340 512 0 24559666370899
123852 512 0 24559666498900
124364 512 0 24559666626900
124876 512 0 24559666754901
125388 512 0 24559666882901
125900 512 0 24559667010902
126412 512 0 24559667138902
126924 512 0 24559667266903
127436 512 0 24559667394904
127948 512 0 24559667522904
128460 512 0 24559667650905
128972 512 0 24559667778905
129484 512 0 24559667906906
129996 512 0 24559668034906
130508 512 0 24559668162907
131020 512 0 24559668290906
131532 512 0 24559668418907
132044 512 0 24559668546907
132556 512 0 24559668674908
133068 512 0 24559668802908
133580 512 0 24559668930909
134092 512 0 24559669058909
134604 512 0 24559669186910
135116 512 0 24559669314911
135628 512 0 24559669442911
136140 512 0 24559669570912
136652 512 0 24559669698912
137164 512 0 24559669826913
137676 512 0 24559669954913
138188 512 0 24559670082914
138700 512 0 24559670210914
139212 512 0 24559670338915
139724 512 0 24559670466915
140236 512 0 24559670594916
140748 512 0 24559670722916
141260 512 0 24559670850917
141772 512 0 24559670978917
142284 512 0 24559671106918
142796 512 0 24559671234918
143308 512 0 24559671362919
143820 512 0 24559671490919
144332 512 0 24559671618920
144844 512 0 24559671746920
145356 512 0 24559671874921
145868 512 0 24559672002921
146380 512 0 24559672130922
146892 512 0 24559672258922
147404 512 0 24559672386924
147916 512 0 24559672514924
148428 512 0 24559672642925
148940 512 0 24559672770925
149452 512 0 24559672898926
149964 512 0 24559673026926
150476 512 0 24559673154927
150988 512 0 24559673282927
151500 512 0 24559673410928
152012 512 0 24559673538928
152524 512 0 24559673666929
153036 512 0 24559673794929
153548 512 0 24559673922930
154060 512 0 24559674050930
154572 512 0 24559674178931
155084 512 0 24559674306931
155596 512 0 24559674434932
156108 512 0 24559674562932
156620 512 0 24559674690933
157132 512 0 24559674818933
157644 512 0 24559674946934
158156 512 0 24559675074934
158668 512 0 24559675202935
159180 512 0 24559675330935
159692 512 0 24559675458936
160204 512 0 24559675586937
160716 512 0 24559675714937
161228 512 0 24559675842938
161740 512 0 24559675970938
162252 512 0 24559676098939
162764 512 0 24559676226939
163276 512 0 24559676354940
163788 512 0 24559676482939
164300 512 0 24559676610940
164812 512 0 24559676738940
165324 512 0 24559676866941
165836 512 0 24559676994941
166348 512 0 24559677122942
166860 512 0 24559677250942
167372 512 0 24559677378943
167884 512 0 24559677506944
168396 512 0 24559677634944
168908 512 0 24559677762945
169420 512 0 24559677890945
169932 512 0 24559678018946
170444 512 0 24559678146946
170956 512 0 24559678274947
171468 512 0 24559678402947
171980 512 0 24559678530948
172492 512 0 24559678658948
173004 512 0 24559678786949
173516 512 0 24559678914949
174028 512 0 24559679042950
174540 512 0 24559679170950
175052 512 0 24559679298951
175564 512 0 24559679426951
176076 512 0 24559679554952
176588 512 0 24559679682952
177100 512 0 24559679810953
177612 512 0 24559679938953
178124 512 0 24559680066954
178636 512 0 24559680194954
179148 512 0 24559680322955
179660 512 0 24559680450955
180172 512 0 24559680578957
180684 512 0 24559680706957
181196 512 0 24559680834958
181708 512 0 24559680962958
182220 512 0 24559681090959
182732 512 0 24559681218959
183244 512 0 24559681346960
183756 512 0 24559681474960
184268 512 0 24559681602961
184780 512 0 24559681730961
185292 512 0 24559681858962
185804 512 0 24559681986962
186316 512 0 24559682114963
186828 512 0 24559682242963
187340 512 0 24559682370964
187852 512 0 24559682498964
188364 512 0 24559682626965
188876 512 0 24559682754965
189388 512 0 24559682882966
189900 512 0 24559683010966
190412 512 0 24559683138967
190924 512 0 24559683266967
191436 512 0 24559683394968
191948 512 0 24559683522968
192460 512 0 24559683650969
192972 512 0 24559683778969
193484 512 0 24559683906970
193996 512 0 24559684034971
194508 512 0 24559684162971
195020 512 0 24559684290972
195532 512 0 24559684418972
196044 512 0 24559684546973
196556 512 0 24559684674972
197068 512 0 24559684802973
197580 512 0 24559684930973
198092 512 0 24559685058974
198604 512 0 24559685186974
199116 512 0 24559685314975
199628 512 0 24559685442975
200140 512 0 24559685570976
200652 512 0 24559685698976
201164 512 0 24559685826977
201676 512 0 24559685954978
202188 512 0 24559686082978
202700 512 0 24559686210979
203212 512 0 24559686338979
203724 512 0 24559686466980
204236 512 0 24559686594980
204748 512 0 24559686722981
205260 512 0 24559686850981
205772 512 0 24559686978982
206284 512 0 24559687106982
206796 512 0 24559687234983
207308 512 0 24559687362983
207820 512 0 24559687490984
208332 512 0 24559687618984
208844 512 0 24559687746985
209356 512 0 24559687874985
209868 512 0 24559688002986
210380 512 0 24559688130986
210892 512 0 24559688258987
211404 512 0 24559688386987
211916 512 0 24559688514988
212428 512 0 24559688642988
212940 512 0 24559688770988
213452 512 0 24559688898989
213964 512 0 24559689026989
214476 512 0 24559689154990
214988 512 0 24559689282990
215500 512 0 24559689410991
216012 512 0 24559689538991
216524 512 0 24559689666992
217036 512 0 24559689794992
217548 512 0 24559689922993
218060 512 0 24559690050993
218572 512 0 24559690178994
219084 512 0 24559690306994
219596 512 0 24559690434995
220108 512 0 24559690562995
220620 512 0 24559690690996
221132 512 0 24559690818996
221644 512 0 24559690946997
222156 512 0 24559691074997
222668 512 0 24559691202998
223180 512 0 24559691330998
223692 512 0 24559691458999
224204 512 0 24559691587000
224716 512 0 24559691715000
225228 512 0 24559691843001
225740 512 0 24559691971001
226252 512 0 24559692099002
226764 512 0 24559692227002
227276 512 0 24559692355003
227788 512 0 24559692483003
228300 512 0 24559692611004
228812 512 0 24559692739004
229324 512 0 24559692867004
229836 512 0 24559692995005
230348 512 0 24559693123005
230860 512 0 24559693251006
231372 512 0 24559693379006
231884 512 0 24559693507007
232396 512 0 24559693635007
232908 512 0 24559693763008
233420 512 0 24559693891008
233932 512 0 24559694019009
234444 512 0 24559694147009
234956 512 0 24559694275010
235468 512 0 24559694403010
235980 512 0 24559694531011
236492 512 0 24559694659011
237004 512 0 24559694787012
237516 512 0 24559694915012
238028 512 0 24559695043013
238540 512 0 24559695171013
239052 512 0 24559695299014
239564 512 0 24559695427014
240076 512 0 24559695555015
240588 512 0 24559695683015
241100 512 0 24559695811016
241612 512 0 24559695939016
242124 512 0 24559696067017
242636 512 0 24559696195017
243148 512 0 24559696323018
243660 512 0 24559696451018
244172 512 0 24559696579019
244684 512 0 24559696707019
245196 512 0 24559696835020
245708 512 0 24559696963021
246220 512 0 24559697091022
246732 512 0 24559697219022
247244 512 0 24559697347023
247756 512 0 24559697475023
248268 512 0 24559697603024
248780 512 0 24559697731024
249292 512 0 24559697859025
249804 512 0 24559697987025
250316 512 0 24559698115026
250828 512 0 24559698243027
251340 512 0 24559698371027
251852 512 0 24559698499028
252364 512 0 24559698627028
252876 512 0 24559698755029
253388 512 0 24559698883029
253900 512 0 24559699011030
254412 512 0 24559699139030
254924 512 0 24559699267031
255436 512 0 24559699395031
255948 512 0 24559699523032
256460 512 0 24559699651032
256972 512 0 24559699779033
257484 512 0 24559699907033
257996 512 0 24559700035034
258508 512 0 24559700163034
259020 512 0 24559700291035
259532 512 0 24559700419035
260044 512 0 24559700547036
260556 512 0 24559700675036
261068 512 0 24559700803037
261580 512 0 24559700931037
262092 512 0 24559701059037
262604 512 0 24559701187038
263116 512 0 24559701315038
263628 512 0 24559701443039
264140 512 0 24559701571039
264652 512 0 24559701699040
265164 512 0 24559701827040
265676 512 0 24559701955041
266188 512 0 24559702083041
266700 512 0 24559702211042
267212 512 0 24559702339042
267724 512 0 24559702467043
268236 512 0 24559702595043
268748 512 0 24559702723044
269260 512 0 24559702851045
269772 512 0 24559702979045
270284 512 0 24559703107046
270796 512 0 24559703235046
271308 512 0 24559703363047
271820 512 0 24559703491047
272332 512 0 24559703619048
272844 512 0 24559703747048
273356 512 0 24559703875049
273868 512 0 24559704003049
274380 512 0 24559704131050
274892 512 0 24559704259050
275404 512 0 24559704387051
275916 512 0 24559704515051
276428 512 0 24559704643052
276940 512 0 24559704771052
277452 512 0 24559704899053
277964 512 0 24559705027053
278476 512 0 24559705155054
278988 512 0 24559705283055
279500 512 0 24559705411055
280012 512 0 24559705539056
280524 512 0 24559705667056
281036 512 0 24559705795057
281548 512 0 24559705923057
282060 512 0 24559706051058
282572 512 0 24559706179059
283084 512 0 24559706307059
283596 512 0 24559706435060
284108 512 0 24559706563060
284620 512 0 24559706691061
285132 512 0 24559706819061
285644 512 0 24559706947062
286156 512 0 24559707075062
286668 512 0 24559707203063
287180 512 0 24559707331063
287692 512 0 24559707459064
288204 512 0 24559707587064
288716 512 0 24559707715065
289228 512 0 24559707843065
289740 512 0 24559707971066
290252 512 0 24559708099066
290764 512 0 24559708227067
291276 512 0 24559708355067
291788 512 0 24559708483068
292300 512 0 24559708611068
292812 512 0 24559708739069
293324 512 0 24559708867069
293836 512 0 24559708995070
294348 512 0 24559709123070
294860 512 0 24559709251070
295372 512 0 24559709379071
295884 512 0 24559709507071
296396 512 0 24559709635072
296908 512 0 24559709763072
297420 512 0 24559709891073
297932 512 0 24559710019073
298444 512 0 24559710147074
298956 512 0 24559710275074
299468 512 0 24559710403075
299980 512 0 24559710531075
300492 512 0 24559710659076
301004 512 0 24559710787077
301516 512 0 24559710915077
302028 512 0 24559711043078
302540 512 0 24559711171078
303052 512 0 24559711299079
303564 512 0 24559711427079
304076 512 0 24559711555080
304588 512 0 24559711683080
305100 512 0 24559711811081
305612 512 0 24559711939081
306124 512 0 24559712067082
306636 512 0 24559712195082
307148 512 0 24559712323083
307660 512 0 24559712451083
308172 512 0 24559712579084
308684 512 0 24559712707084
309196 512 0 24559712835085
309708 512 0 24559712963085
310220 512 0 24559713091086
310732 512 0 24559713219086
311244 512 0 24559713347087
311756 512 0 24559713475088
312268 512 0 24559713603088
312780 512 0 24559713731089
313292 512 0 24559713859089
313804 512 0 24559713987090
314316 512 0 24559714115091
314828 512 0 24559714243091
315340 512 0 24559714371092
315852 512 0 24559714499092
316364 512 0 24559714627093
316876 512 0 24559714755093
317388 512 0 24559714883094
317900 512 0 24559715011094
318412 512 0 24559715139095
318924 512 0 24559715267095
319436 512 0 24559715395096
319948 512 0 24559715523096
320460 512 0 24559715651097
320972 512 0 24559715779097
321484 512 0 24559715907098
321996 512 0 24559716035098
322508 512 0 24559716163099
323020 512 0 24559716291099
323532 512 0 24559716419100
324044 512 0 24559716547100
324556 512 0 24559716675101
325068 512 0 24559716803101
325580 512 0 24559716931102
326092 512 0 24559717059102
326604 512 0 24559717187103
327116 512 0 24559717315103
327628 512 0 24559717443103
328140 512 0 24559717571104
328652 512 0 24559717699104
329164 512 0 24559717827105
329676 512 0 24559717955105
330188 512 0 24559718083106
330700 512 0 24559718211106
331212 512 0 24559718339107
331724 512 0 24559718467107
332236 512 0 24559718595108
332748 512 0 24559718723108
333260 512 0 24559718851109
333772 512 0 24559718979110
334284 512 0 24559719107110
334796 512 0 24559719235111
335308 512 0 24559719363111
335820 512 0 24559719491112
336332 512 0 24559719619112
336844 512 0 24559719747113
337356 512 0 24559719875113
337868 512 0 24559720003114
338380 512 0 24559720131114
338892 512 0 24559720259115
339404 512 0 24559720387115
339916 512 0 24559720515116
340428 512 0 24559720643116
340940 512 0 24559720771117
341452 512 0 24559720899117
341964 512 0 24559721027118
342476 512 0 24559721155118
342988 512 0 24559721283119
343500 512 0 24559721411119
344012 512 0 24559721539120
344524 512 0 24559721667121
345036 512 0 24559721795121
345548 512 0 24559721923122
346060 512 0 24559722051122
346572 512 0 24559722179123
347084 512 0 24559722307124
347596 512 0 24559722435124
348108 512 0 24559722563125
348620 512 0 24559722691125
349132 512 0 24559722819126
349644 512 0 24559722947126
350156 512 0 24559723075127
350668 512 0 24559723203127
351180 512 0 24559723331128
351692 512 0 24559723459128
352204 512 0 24559723587129
352716 512 0 24559723715129
353228 512 0 24559723843130
353740 512 0 24559723971130
354252 512 0 24559724099131
354764 512 0 24559724227131
355276 512 0 24559724355132
355788 512 0 24559724483132
356300 512 0 24559724611133
356812 512 0 24559724739133
357324 512 0 24559724867134
357836 512 0 24559724995134
358348 512 0 24559725123135
358860 512 0 24559725251135
359372 512 0 24559725379136
359884 512 0 24559725507136
360396 512 0 24559725635136
360908 512 0 24559725763137
361420 512 0 24559725891137
361932 512 0 24559726019138
362444 512 0 24559726147138
362956 512 0 24559726275139
363468 512 0 24559726403139
363980 512 0 24559726531140
364492 512 0 24559726659140
365004 512 0 24559726787141
365516 512 0 24559726915142
366028 512 0 24559727043142
366540 512 0 24559727171143
367052 512 0 24559727299143
367564 512 0 24559727427144
368076 512 0 24559727555144
368588 512 0 24559727683145
369100 512 0 24559727811145
369612 512 0 24559727939146
370124 512 0 24559728067146
370636 512 0 24559728195147
371148 512 0 24559728323147
371660 512 0 24559728451148
372172 512 0 24559728579148
372684 512 0 24559728707149
373196 512 0 24559728835149
373708 512 0 24559728963150
374220 512 0 24559729091150
374732 512 0 24559729219151
375244 512 0 24559729347151
375756 512 0 24559729475152
376268 512 0 24559729603152
376780 512 0 24559729731153
377292 512 0 24559729859154
377804 512 0 24559729987154
378316 512 0 24559730115155
378828 512 0 24559730243155
379340 512 0 24559730371156
379852 512 0 24559730499157
380364 512 0 24559730627157
380876 512 0 24559730755158
381388 512 0 24559730883158
381900 512 0 24559731011159
382412 512 0 24559731139159
382924 512 0 24559731267160
383436 512 0 24559731395160
383948 512 0 24559731523161
384460 512 0 24559731651161
384972 512 0 24559731779162
385484 512 0 24559731907162
385996 512 0 24559732035163
386508 512 0 24559732163163
387020 512 0 24559732291164
387532 512 0 24559732419164
388044 512 0 24559732547165
388556 512 0 24559732675165
389068 512 0 24559732803166
389580 512 0 24559732931166
390092 512 0 24559733059167
390604 512 0 24559733187167
391116 512 0 24559733315168
391628 512 0 24559733443168
392140 512 0 24559733571169
392652 512 0 24559733699169
393164 512 0 24559733827169
393676 512 0 24559733955170
394188 512 0 24559734083170
394700 512 0 24559734211171
395212 512 0 24559734339171
395724 512 0 24559734467172
396236 512 0 24559734595172
396748 512 0 24559734723173
397260 512 0 24559734851173
397772 512 0 24559734979174
398284 512 0 24559735107175
398796 512 0 24559735235175
399308 512 0 24559735363176
399820 512 0 24559735491176
400332 512 0 24559735619177
400844 512 0 24559735747177
401356 512 0 24559735875178
401868 512 0 24559736003178
402380 512 0 24559736131179
402892 512 0 24559736259179
403404 512 0 24559736387180
403916 512 0 24559736515180
404428 512 0 24559736643181
404940 512 0 24559736771181
405452 512 0 24559736899182
405964 512 0 24559737027182
406476 512 0 24559737155183
406988 512 0 24559737283183
407500 512 0 24559737411184
408012 512 0 24559737539184
408524 512 0 24559737667185
409036 512 0 24559737795185
409548 512 0 24559737923186
410060 512 0 24559738051187
410572 512 0 24559738179187
411084 512 0 24559738307188
411596 512 0 24559738435189
412108 512 0 24559738563189
412620 512 0 24559738691190
413132 512 0 24559738819190
413644 512 0 24559738947191
414156 512 0 24559739075191
414668 512 0 24559739203192
415180 512 0 24559739331192
415692 512 0 24559739459193
416204 512 0 24559739587193
416716 512 0 24559739715194
417228 512 0 24559739843194
417740 512 0 24559739971195
418252 512 0 24559740099195
418764 512 0 24559740227196
419276 512 0 24559740355196
419788 512 0 24559740483197
420300 512 0 24559740611197
420812 512 0 24559740739198
421324 512 0 24559740867198
421836 512 0 24559740995199
422348 512 0 24559741123199
422860 512 0 24559741251200
423372 512 0 24559741379200
423884 512 0 24559741507201
424396 512 0 24559741635201
424908 512 0 24559741763202
425420 512 0 24559741891202
425932 512 0 24559742019202
426444 512 0 24559742147203
426956 512 0 24559742275203
427468 512 0 24559742403204
427980 512 0 24559742531204
428492 512 0 24559742659205
429004 512 0 24559742787205
429516 512 0 24559742915206
430028 512 0 24559743043207
430540 512 0 24559743171207
431052 512 0 24559743299208
431564 512 0 24559743427208
432076 512 0 24559743555209
432588 512 0 24559743683209
433100 512 0 24559743811210
433612 512 0 24559743939210
434124 512 0 24559744067211
434636 512 0 24559744195211
435148 512 0 24559744323212
435660 512 0 24559744451212
436172 512 0 24559744579213
436684 512 0 24559744707213
437196 512 0 24559744835214
437708 512 0 24559744963214
438220 512 0 24559745091215
438732 512 0 24559745219215
439244 512 0 24559745347216
439756 512 0 24559745475216
440268 512 0 24559745603217
440780 512 0 24559745731217
441292 512 0 24559745859218
441804 512 0 24559745987218
442316 512 0 24559746115219
442828 512 0 24559746243220
443340 512 0 24559746371220
443852 512 0 24559746499221
444364 512 0 24559746627222
444876 512 0 24559746755222
445388 512 0 24559746883223
445900 512 0 24559747011223
446412 512 0 24559747139224
446924 512 0 24559747267224
447436 512 0 24559747395225
447948 512 0 24559747523225
448460 512 0 24559747651226
448972 512 0 24559747779226
449484 512 0 24559747907227
449996 512 0 24559748035227
450508 512 0 24559748163228
451020 512 0 24559748291228
451532 512 0 24559748419229
452044 512 0 24559748547229
452556 512 0 24559748675230
453068 512 0 24559748803230
453580 512 0 24559748931231
454092 512 0 24559749059231
454604 512 0 24559749187232
455116 512 0 24559749315232
455628 512 0 24559749443233
456140 512 0 24559749571233
456652 512 0 24559749699234
457164 512 0 24559749827234
457676 512 0 24559749955235
458188 512 0 24559750083235
458700 512 0 24559750211235
459212 512 0 24559750339236
459724 512 0 24559750467236
460236 512 0 24559750595237
460748 512 0 24559750723237
461260 512 0 24559750851238
461772 512 0 24559750979238
462284 512 0 24559751107239
462796 512 0 24559751235240
463308 512 0 24559751363240
463820 512 0 24559751491241
464332 512 0 24559751619241
464844 512 0 24559751747242
465356 512 0 24559751875242
465868 512 0 24559752003243
466380 512 0 24559752131243
466892 512 0 24559752259244
467404 512 0 24559752387244
467916 512 0 24559752515245
468428 512 0 24559752643245
468940 512 0 24559752771246
469452 512 0 24559752899246
469964 512 0 24559753027247
470476 512 0 24559753155247
470988 512 0 24559753283248
471500 512 0 24559753411248
472012 512 0 24559753539249
472524 512 0 24559753667249
473036 512 0 24559753795250
473548 512 0 24559753923250
474060 512 0 24559754051251
474572 512 0 24559754179251
475084 512 0 24559754307252
475596 512 0 24559754435253
476108 512 0 24559754563253
476620 512 0 24559754691254
477132 512 0 24559754819255
477644 512 0 24559754947255
478156 512 0 24559755075256
478668 512 0 24559755203256
479180 512 0 24559755331257
479692 512 0 24559755459257
480204 512 0 24559755587258
480716 512 0 24559755715258
481228 512 0 24559755843259
481740 512 0 24559755971259
482252 512 0 24559756099260
482764 512 0 24559756227260
483276 512 0 24559756355261
483788 512 0 24559756483261
484300 512 0 24559756611262
484812 512 0 24559756739262
485324 512 0 24559756867263
485836 512 0 24559756995263
486348 512 0 24559757123264
486860 512 0 24559757251264
487372 512 0 24559757379265
487884 512 0 24559757507265
488396 512 0 24559757635266
488908 512 0 24559757763266
489420 512 0 24559757891267
489932 512 0 24559758019267
490444 512 0 24559758147268
490956 512 0 24559758275268
491468 512 0 24559758403270
491980 512 0 24559758531270
492492 512 0 24559758659271
493004 512 0 24559758787271
493516 512 0 24559758915272
494028 512 0 24559759043272
494540 512 0 24559759171273
495052 512 0 24559759299273
495564 512 0 24559759427274
496076 512 0 24559759555274
496588 512 0 24559759683275
497100 512 0 24559759811275
497612 512 0 24559759939276
498124 512 0 24559760067276
498636 512 0 24559760195277
499148 512 0 24559760323277
499660 512 0 24559760451278
500172 512 0 24559760579278
500684 512 0 24559760707279
501196 512 0 24559760835279
501708 512 0 24559760963280
502220 512 0 24559761091280
502732 512 0 24559761219281
503244 512 0 24559761347281
503756 512 0 24559761475282
504268 512 0 24559761603282
504780 512 0 24559761731283
505292 512 0 24559761859283
505804 512 0 24559761987284
506316 512 0 24559762115285
506828 512 0 24559762243285
507340 512 0 24559762371286
507852 512 0 24559762499285
508364 512 0 24559762627286
508876 512 0 24559762755286
509388 512 0 24559762883287
509900 512 0 24559763011288
510412 512 0 24559763139288
510924 512 0 24559763267289
511436 512 0 24559763395289
511948 512 0 24559763523290
512460 512 0 24559763651290
512972 512 0 24559763779291
513484 512 0 24559763907291
513996 512 0 24559764035292
514508 512 0 24559764163292
515020 512 0 24559764291293
515532 512 0 24559764419293
516044 512 0 24559764547294
516556 512 0 24559764675294
517068 512 0 24559764803295
517580 512 0 24559764931295
518092 512 0 24559765059296
518604 512 0 24559765187296
519116 512 0 24559765315297
519628 512 0 24559765443297
520140 512 0 24559765571298
520652 512 0 24559765699298
521164 512 0 24559765827299
521676 512 0 24559765955299
522188 512 0 24559766083300
522700 512 0 24559766211300
523212 512 0 24559766339301
523724 512 0 24559766467301
524236 512 0 24559766595302
524748 512 0 24559766723303
525260 512 0 24559766851304
525772 512 0 24559766979304
526284 512 0 24559767107305
526796 512 0 24559767235305
527308 512 0 24559767363306
527820 512 0 24559767491306
528332 512 0 24559767619307
528844 512 0 24559767747307
529356 512 0 24559767875308
529868 512 0 24559768003308
530380 512 0 24559768131309
530892 512 0 24559768259309
531404 512 0 24559768387310
531916 512 0 24559768515310
532428 512 0 24559768643311
532940 512 0 24559768771311
533452 512 0 24559768899312
533964 512 0 24559769027312
534476 512 0 24559769155313
534988 512 0 24559769283313
535500 512 0 24559769411314
536012 512 0 24559769539314
536524 512 0 24559769667315
537036 512 0 24559769795315
537548 512 0 24559769923316
538060 512 0 24559770051316
538572 512 0 24559770179317
539084 512 0 24559770307317
539596 512 0 24559770435318
540108 512 0 24559770563319
540620 512 0 24559770691318
541132 512 0 24559770819319
541644 512 0 24559770947319
542156 512 0 24559771075320
542668 512 0 24559771203321
543180 512 0 24559771331321
543692 512 0 24559771459322
544204 512 0 24559771587322
544716 512 0 24559771715323
545228 512 0 24559771843323
545740 512 0 24559771971324
546252 512 0 24559772099324
546764 512 0 24559772227325
547276 512 0 24559772355325
547788 512 0 24559772483326
548300 512 0 24559772611326
548812 512 0 24559772739327
549324 512 0 24559772867327
549836 512 0 24559772995328
550348 512 0 24559773123328
550860 512 0 24559773251329
551372 512 0 24559773379329
551884 512 0 24559773507330
552396 512 0 24559773635330
552908 512 0 24559773763331
553420 512 0 24559773891331
553932 512 0 24559774019332
554444 512 0 24559774147332
554956 512 0 24559774275333
555468 512 0 24559774403333
555980 512 0 24559774531334
556492 512 0 24559774659334
557004 512 0 24559774787335
557516 512 0 24559774915336
558028 512 0 24559775043337
558540 512 0 24559775171337
559052 512 0 24559775299338
559564 512 0 24559775427338
560076 512 0 24559775555339
560588 512 0 24559775683339
561100 512 0 24559775811340
561612 512 0 24559775939340
562124 512 0 24559776067341
562636 512 0 24559776195341
563148 512 0 24559776323342
563660 512 0 24559776451342
564172 512 0 24559776579343
564684 512 0 24559776707343
565196 512 0 24559776835344
565708 512 0 24559776963344
566220 512 0 24559777091345
566732 512 0 24559777219345
567244 512 0 24559777347346
567756 512 0 24559777475346
568268 512 0 24559777603347
568780 512 0 24559777731347
569292 512 0 24559777859348
569804 512 0 24559777987348
570316 512 0 24559778115349
570828 512 0 24559778243349
571340 512 0 24559778371350
571852 512 0 24559778499350
572364 512 0 24559778627351
572876 512 0 24559778755352
573388 512 0 24559778883353
573900 512 0 24559779011353
574412 512 0 24559779139354
574924 512 0 24559779267354
575436 512 0 24559779395355
575948 512 0 24559779523355
576460 512 0 24559779651356
576972 512 0 24559779779356
577484 512 0 24559779907357
577996 512 0 24559780035357
578508 512 0 24559780163358
579020 512 0 24559780291358
579532 512 0 24559780419359
580044 512 0 24559780547359
580556 512 0 24559780675360
581068 512 0 24559780803360
581580 512 0 24559780931361
582092 512 0 24559781059361
582604 512 0 24559781187362
583116 512 0 24559781315362
583628 512 0 24559781443363
584140 512 0 24559781571363
584652 512 0 24559781699364
585164 512 0 24559781827364
585676 512 0 24559781955365
586188 512 0 24559782083365
586700 512 0 24559782211366
587212 512 0 24559782339367
587724 512 0 24559782467367
588236 512 0 24559782595368
588748 512 0 24559782723368
589260 512 0 24559782851369
589772 512 0 24559782979368
590284 512 0 24559783107369
590796 512 0 24559783235370
591308 512 0 24559783363370
591820 512 0 24559783491371
592332 512 0 24559783619371
592844 512 0 24559783747372
593356 512 0 24559783875372
593868 512 0 24559784003373
594380 512 0 24559784131373
594892 512 0 24559784259374
595404 512 0 24559784387374
595916 512 0 24559784515375
596428 512 0 24559784643375
596940 512 0 24559784771376
597452 512 0 24559784899376
597964 512 0 24559785027377
598476 512 0 24559785155377
598988 512 0 24559785283378
599500 512 0 24559785411378
600012 512 0 24559785539379
600524 512 0 24559785667379
601036 512 0 24559785795380
601548 512 0 24559785923380
602060 512 0 24559786051381
602572 512 0 24559786179381
603084 512 0 24559786307382
603596 512 0 24559786435382
604108 512 0 24559786563383
604620 512 0 24559786691383
605132 512 0 24559786819384
605644 512 0 24559786947384
606156 512 0 24559787075386
606668 512 0 24559787203386
607180 512 0 24559787331387
607692 512 0 24559787459387
608204 512 0 24559787587388
608716 512 0 24559787715388
609228 512 0 24559787843389
609740 512 0 24559787971389
610252 512 0 24559788099390
610764 512 0 24559788227390
611276 512 0 24559788355391
611788 512 0 24559788483391
612300 512 0 24559788611392
612812 512 0 24559788739392
613324 512 0 24559788867393
613836 512 0 24559788995393
614348 512 0 24559789123394
614860 512 0 24559789251394
615372 512 0 24559789379395
615884 512 0 24559789507395
616396 512 0 24559789635396
616908 512 0 24559789763396
617420 512 0 24559789891397
617932 512 0 24559790019397
618444 512 0 24559790147398
618956 512 0 24559790275398
619468 512 0 24559790403399
619980 512 0 24559790531400
620492 512 0 24559790659400
621004 512 0 24559790787401
621516 512 0 24559790915401
622028 512 0 24559791043402
622540 512 0 24559791171403
623052 512 0 24559791299403
623564 512 0 24559791427404
624076 512 0 24559791555404
624588 512 0 24559791683405
625100 512 0 24559791811405
625612 512 0 24559791939406
626124 512 0 24559792067406
626636 512 0 24559792195407
627148 512 0 24559792323407
627660 512 0 24559792451408
628172 512 0 24559792579408
628684 512 0 24559792707409
629196 512 0 24559792835409
629708 512 0 24559792963410
630220 512 0 24559793091410
630732 512 0 24559793219411
631244 512 0 24559793347411
631756 512 0 24559793475412
632268 512 0 24559793603412
632780 512 0 24559793731413
633292 512 0 24559793859413
633804 512 0 24559793987414
634316 512 0 24559794115415
634828 512 0 24559794243415
635340 512 0 24559794371416
635852 512 0 24559794499416
636364 512 0 24559794627417
636876 512 0 24559794755417
637388 512 0 24559794883418
637900 512 0 24559795011418
638412 512 0 24559795139419
638924 512 0 24559795267419
639436 512 0 24559795395419
639948 512 0 24559795523420
640460 512 0 24559795651420
640972 512 0 24559795779421
641484 512 0 24559795907421
641996 512 0 24559796035422
642508 512 0 24559796163422
643020 512 0 24559796291423
643532 512 0 24559796419423
644044 512 0 24559796547424
644556 512 0 24559796675424
645068 512 0 24559796803425
645580 512 0 24559796931425
646092 512 0 24559797059426
646604 512 0 24559797187426
647116 512 0 24559797315427
647628 512 0 24559797443427
648140 512 0 24559797571428
648652 512 0 24559797699428
649164 512 0 24559797827429
649676 512 0 24559797955429
650188 512 0 24559798083430
650700 512 0 24559798211430
651212 512 0 24559798339431
651724 512 0 24559798467431
652236 512 0 24559798595432
652748 512 0 24559798723432
653260 512 0 24559798851433
653772 512 0 24559798979434
654284 512 0 24559799107434
654796 512 0 24559799235435
655308 512 0 24559799363436
655820 512 0 24559799491436
656332 512 0 24559799619437
656844 512 0 24559799747437
657356 512 0 24559799875438
657868 512 0 24559800003438
658380 512 0 24559800131439
658892 512 0 24559800259439
659404 512 0 24559800387440
659916 512 0 24559800515440
660428 512 0 24559800643441
660940 512 0 24559800771441
661452 512 0 24559800899442
661964 512 0 24559801027442
662476 512 0 24559801155443
662988 512 0 24559801283443
663500 512 0 24559801411444
664012 512 0 24559801539444
664524 512 0 24559801667445
665036 512 0 24559801795445
665548 512 0 24559801923446
666060 512 0 24559802051446
666572 512 0 24559802179447
667084 512 0 24559802307447
667596 512 0 24559802435448
668108 512 0 24559802563449
668620 512 0 24559802691449
669132 512 0 24559802819450
669644 512 0 24559802947450
670156 512 0 24559803075451
670668 512 0 24559803203451
671180 512 0 24559803331452
671692 512 0 24559803459451
672204 512 0 24559803587452
672716 512 0 24559803715453
673228 512 0 24559803843453
673740 512 0 24559803971454
674252 512 0 24559804099454
674764 512 0 24559804227455
675276 512 0 24559804355455
675788 512 0 24559804483456
676300 512 0 24559804611456
676812 512 0 24559804739457
677324 512 0 24559804867457
677836 512 0 24559804995458
678348 512 0 24559805123458
678860 512 0 24559805251459
679372 512 0 24559805379459
679884 512 0 24559805507460
680396 512 0 24559805635460
680908 512 0 24559805763461
681420 512 0 24559805891461
681932 512 0 24559806019462
682444 512 0 24559806147462
682956 512 0 24559806275463
683468 512 0 24559806403463
683980 512 0 24559806531464
684492 512 0 24559806659464
685004 512 0 24559806787465
685516 512 0 24559806915465
686028 512 0 24559807043466
686540 512 0 24559807171466
687052 512 0 24559807299467
687564 512 0 24559807427468
688076 512 0 24559807555469
688588 512 0 24559807683469
689100 512 0 24559807811470
689612 512 0 24559807939470
690124 512 0 24559808067471
690636 512 0 24559808195471
691148 512 0 24559808323472
691660 512 0 24559808451472
692172 512 0 24559808579473
692684 512 0 24559808707473
693196 512 0 24559808835474
693708 512 0 24559808963474
694220 512 0 24559809091475
694732 512 0 24559809219475
695244 512 0 24559809347476
695756 512 0 24559809475476
696268 512 0 24559809603477
696780 512 0 24559809731477
697292 512 0 24559809859478
697804 512 0 24559809987478
698316 512 0 24559810115479
698828 512 0 24559810243479
699340 512 0 24559810371480
699852 512 0 24559810499480
700364 512 0 24559810627481
700876 512 0 24559810755481
701388 512 0 24559810883482
701900 512 0 24559811011483
702412 512 0 24559811139483
702924 512 0 24559811267484
703436 512 0 24559811395484
703948 512 0 24559811523485
704460 512 0 24559811651486
704972 512 0 24559811779486
705484 512 0 24559811907487
705996 512 0 24559812035487
706508 512 0 24559812163488
707020 512 0 24559812291488
707532 512 0 24559812419489
708044 512 0 24559812547489
708556 512 0 24559812675490
709068 512 0 24559812803490
709580 512 0 24559812931491
710092 512 0 24559813059491
710604 512 0 24559813187492
711116 512 0 24559813315492
711628 512 0 24559813443493
712140 512 0 24559813571493
712652 512 0 24559813699494
713164 512 0 24559813827494
713676 512 0 24559813955495
714188 512 0 24559814083495
714700 512 0 24559814211496
715212 512 0 24559814339496
715724 512 0 24559814467497
716236 512 0 24559814595498
716748 512 0 24559814723498
717260 512 0 24559814851499
717772 512 0 24559814979499
718284 512 0 24559815107500
718796 512 0 24559815235500
719308 512 0 24559815363501
719820 512 0 24559815491501
720332 512 0 24559815619502
720844 512 0 24559815747502
721356 512 0 24559815875502
721868 512 0 24559816003503
722380 512 0 24559816131503
722892 512 0 24559816259504
723404 512 0 24559816387504
723916 512 0 24559816515505
724428 512 0 24559816643505
724940 512 0 24559816771506
725452 512 0 24559816899506
725964 512 0 24559817027507
726476 512 0 24559817155507
726988 512 0 24559817283508
727500 512 0 24559817411508
728012 512 0 24559817539509
728524 512 0 24559817667509
729036 512 0 24559817795510
729548 512 0 24559817923510
730060 512 0 24559818051511
730572 512 0 24559818179511
731084 512 0 24559818307512
731596 512 0 24559818435512
732108 512 0 24559818563513
732620 512 0 24559818691513
733132 512 0 24559818819514
733644 512 0 24559818947514
734156 512 0 24559819075515
734668 512 0 24559819203515
735180 512 0 24559819331516
735692 512 0 24559819459517
736204 512 0 24559819587517
736716 512 0 24559819715518
737228 512 0 24559819843519
737740 512 0 24559819971519
738252 512 0 24559820099520
738764 512 0 24559820227520
739276 512 0 24559820355521
739788 512 0 24559820483521
740300 512 0 24559820611522
740812 512 0 24559820739522
741324 512 0 24559820867523
741836 512 0 24559820995523
742348 512 0 24559821123524
742860 512 0 24559821251524
743372 512 0 24559821379525
743884 512 0 24559821507525
744396 512 0 24559821635526
744908 512 0 24559821763526
745420 512 0 24559821891527
745932 512 0 24559822019527
746444 512 0 24559822147528
746956 512 0 24559822275528
747468 512 0 24559822403529
747980 512 0 24559822531529
748492 512 0 24559822659530
749004 512 0 24559822787530
749516 512 0 24559822915531
750028 512 0 24559823043532
750540 512 0 24559823171532
751052 512 0 24559823299533
751564 512 0 24559823427533
752076 512 0 24559823555534
752588 512 0 24559823683534
753100 512 0 24559823811535
753612 512 0 24559823939536
754124 512 0 24559824067536
754636 512 0 24559824195537
755148 512 0 24559824323537
755660 512 0 24559824451538
756172 512 0 24559824579538
756684 512 0 24559824707539
757196 512 0 24559824835539
757708 512 0 24559824963540
758220 512 0 24559825091540
758732 512 0 24559825219541
759244 512 0 24559825347541
759756 512 0 24559825475542
760268 512 0 24559825603542
760780 512 0 24559825731543
761292 512 0 24559825859543
761804 512 0 24559825987544
762316 512 0 24559826115544
762828 512 0 24559826243545
763340 512 0 24559826371545
763852 512 0 24559826499546
764364 512 0 24559826627547
764876 512 0 24559826755547
765388 512 0 24559826883548
1064 512 0 24559833626824
1576 512 0 24559833905463
2088 512 0 24559834184103
2600 512 0 24559834462742
3112 512 0 24559834741382
3624 512 0 24559835020021
4136 512 0 24559835298660
4648 512 0 24559835577300
5160 512 0 24559835855939
5672 512 0 24559836134579
6184 512 0 24559836413218
6696 512 0 24559836691858
7208 512 0 24559836970497
7720 512 0 24559837249137
8232 512 0 24559837527776
8744 512 0 24559837806416
9256 512 0 24559838085055
9768 512 0 24559838363695
10280 512 0 24559838642334
10792 512 0 24559838920974
11304 512 0 24559839199613
11816 512 0 24559839478252
12328 512 0 24559839756892
12840 512 0 24559840035531
13352 512 0 24559840314171
13864 512 0 24559840592810
14376 512 0 24559840871450
14888 512 0 24559841150089
15400 512 0 24559841428729
15912 512 0 24559841707368
16424 512 0 24559841986008
16936 512 0 24559842264647
17448 512 0 24559842543287
17960 512 0 24559842821926
18472 512 0 24559843100566
18984 512 0 24559843379205
19496 512 0 24559843657845
20008 512 0 24559843936484
20520 512 0 24559844215123
21032 512 0 24559844493763
21544 512 0 24559844772402
22056 512 0 24559845051042
22568 512 0 24559845329681
23080 512 0 24559845608321
23592 512 0 24559845886960
24104 512 0 24559846165600
24616 512 0 24559846444239
25128 512 0 24559846722879
25640 512 0 24559847001518
26152 512 0 24559847280158
26664 512 0 24559847558797
27176 512 0 24559847837437
27688 512 0 24559848116076
28200 512 0 24559848394715
28712 512 0 24559848673355
29224 512 0 24559848951994
29736 512 0 24559849230634
30248 512 0 24559849509273
30760 512 0 24559849787913
31272 512 0 24559850066552
31784 512 0 24559850345192
32296 512 0 24559850623892
32808 512 0 24559850902532
33320 512 0 24559851181172
33832 512 0 24559851459813
34344 512 0 24559851738453
34856 512 0 24559852017093
35368 512 0 24559852295733
35880 512 0 24559852574374
36392 512 0 24559852853014
36904 512 0 24559853131654
37416 512 0 24559853410295
37928 512 0 24559853688935
38440 512 0 24559853967575
38952 512 0 24559854246215
39464 512 0 24559854524856
39976 512 0 24559854803496
40488 512 0 24559855082136
41000 512 0 24559855360777
41512 512 0 24559855639417
42024 512 0 24559855918057
42536 512 0 24559856196698
43048 512 0 24559856475338
43560 512 0 24559856753978
44072 512 0 24559857032618
44584 512 0 24559857311259
45096 512 0 24559857589899
45608 512 0 24559857868539
46120 512 0 24559858147180
46632 512 0 24559858425820
47144 512 0 24559858704460
47656 512 0 24559858983100
48168 512 0 24559859261741
48680 512 0 24559859540398
49192 512 0 24559859819038
49704 512 0 24559860097679
50216 512 0 24559860376319
50728 512 0 24559860654960
51240 512 0 24559860933600
51752 512 0 24559861212241
52264 512 0 24559861490881
52776 512 0 24559861769522
53288 512 0 24559862048162
53800 512 0 24559862326803
54312 512 0 24559862605444
54824 512 0 24559862884084
55336 512 0 24559863162725
55848 512 0 24559863441365
56360 512 0 24559863720006
56872 512 0 24559863998646
57384 512 0 24559864277287
57896 512 0 24559864555927
58408 512 0 24559864834568
58920 512 0 24559865113208
59432 512 0 24559865391849
59944 512 0 24559865670489
60456 512 0 24559865949130
60968 512 0 24559866227770
61480 512 0 24559866506411
61992 512 0 24559866785051
62504 512 0 24559867063692
63016 512 0 24559867342332
63528 512 0 24559867620973
64040 512 0 24559867899613
64552 512 0 24559868178254
65064 512 0 24559868456898
65576 512 0 24559868735539
66088 512 0 24559869014179
66600 512 0 24559869292820
67112 512 0 24559869571460
67624 512 0 24559869850101
68136 512 0 24559870128741
68648 512 0 24559870407382
69160 512 0 24559870686022
69672 512 0 24559870964663
70184 512 0 24559871243304
70696 512 0 24559871521944
71208 512 0 24559871800585
71720 512 0 24559872079225
72232 512 0 24559872357866
72744 512 0 24559872636506
73256 512 0 24559872915147
73768 512 0 24559873193787
74280 512 0 24559873472428
74792 512 0 24559873751069
75304 512 0 24559874029709
75816 512 0 24559874308350
76328 512 0 24559874586990
76840 512 0 24559874865631
77352 512 0 24559875144271
77864 512 0 24559875422912
78376 512 0 24559875701552
78888 512 0 24559875980193
79400 512 0 24559876258834
79912 512 0 24559876537474
80424 512 0 24559876816115
80936 512 0 24559877094755
81448 512 0 24559877373398
81960 512 0 24559877652038
82472 512 0 24559877930679
82984 512 0 24559878209319
83496 512 0 24559878487960
84008 512 0 24559878766600
84520 512 0 24559879045241
85032 512 0 24559879323882
85544 512 0 24559879602522
86056 512 0 24559879881163
86568 512 0 24559880159803
87080 512 0 24559880438444
87592 512 0 24559880717085
88104 512 0 24559880995725
88616 512 0 24559881274366
89128 512 0 24559881553006
89640 512 0 24559881831647
90152 512 0 24559882110287
90664 512 0 24559882388928
91176 512 0 24559882667569
91688 512 0 24559882946209
92200 512 0 24559883224850
92712 512 0 24559883503490
93224 512 0 24559883782131
93736 512 0 24559884060771
94248 512 0 24559884339412
94760 512 0 24559884618053
95272 512 0 24559884896693
95784 512 0 24559885175334
96296 512 0 24559885453974
96808 512 0 24559885732615
97320 512 0 24559886011255
97832 512 0 24559886289891
98344 512 0 24559886568531
98856 512 0 24559886847172
99368 512 0 24559887125813
99880 512 0 24559887404453
100392 512 0 24559887683094
100904 512 0 24559887961734
101416 512 0 24559888240375
101928 512 0 24559888519015
102440 512 0 24559888797656
102952 512 0 24559889076296
103464 512 0 24559889354937
103976 512 0 24559889633577
104488 512 0 24559889912218
105000 512 0 24559890190858
105512 512 0 24559890469499
106024 512 0 24559890748139
106536 512 0 24559891026780
107048 512 0 24559891305420
107560 512 0 24559891584061
108072 512 0 24559891862701
108584 512 0 24559892141342
109096 512 0 24559892419982
109608 512 0 24559892698623
110120 512 0 24559892977263
110632 512 0 24559893255904
111144 512 0 24559893534545
111656 512 0 24559893813185
112168 512 0 24559894091826
112680 512 0 24559894370466
113192 512 0 24559894649107
113704 512 0 24559894927747
114216 512 0 24559895206387
114728 512 0 24559895485027
115240 512 0 24559895763668
115752 512 0 24559896042308
116264 512 0 24559896320949
116776 512 0 24559896599589
117288 512 0 24559896878230
117800 512 0 24559897156870
118312 512 0 24559897435511
118824 512 0 24559897714151
119336 512 0 24559897992792
119848 512 0 24559898271432
120360 512 0 24559898550073
120872 512 0 24559898828713
121384 512 0 24559899107354
121896 512 0 24559899385994
122408 512 0 24559899664635
122920 512 0 24559899943275
123432 512 0 24559900221916
123944 512 0 24559900500556
124456 512 0 24559900779197
124968 512 0 24559901057837
125480 512 0 24559901336478
125992 512 0 24559901615118
126504 512 0 24559901893759
127016 512 0 24559902172399
127528 512 0 24559902451040
128040 512 0 24559902729680
128552 512 0 24559903008321
129064 512 0 24559903286961
129576 512 0 24559903565602
130088 512 0 24559903844242
130600 512 0 24559904122885
131112 512 0 24559904401526
131624 512 0 24559904680166
132136 512 0 24559904958807
132648 512 0 24559905237447
133160 512 0 24559905516088
133672 512 0 24559905794728
134184 512 0 24559906073369
134696 512 0 24559906352009
135208 512 0 24559906630650
135720 512 0 24559906909290
136232 512 0 24559907187931
136744 512 0 24559907466571
137256 512 0 24559907745212
137768 512 0 24559908023852
138280 512 0 24559908302493
138792 512 0 24559908581133
139304 512 0 24559908859774
139816 512 0 24559909138414
140328 512 0 24559909417055
140840 512 0 24559909695696
141352 512 0 24559909974336
141864 512 0 24559910252977
142376 512 0 24559910531617
142888 512 0 24559910810258
143400 512 0 24559911088898
143912 512 0 24559911367539
144424 512 0 24559911646179
144936 512 0 24559911924820
145448 512 0 24559912203460
145960 512 0 24559912482101
146472 512 0 24559912760741
146984 512 0 24559913039383
147496 512 0 24559913318024
148008 512 0 24559913596664
148520 512 0 24559913875305
149032 512 0 24559914153945
149544 512 0 24559914432586
150056 512 0 24559914711227
150568 512 0 24559914989867
151080 512 0 24559915268508
151592 512 0 24559915547148
152104 512 0 24559915825789
152616 512 0 24559916104429
153128 512 0 24559916383070
153640 512 0 24559916661710
154152 512 0 24559916940351
154664 512 0 24559917218991
155176 512 0 24559917497632
155688 512 0 24559917776272
156200 512 0 24559918054913
156712 512 0 24559918333553
157224 512 0 24559918612194
157736 512 0 24559918890835
158248 512 0 24559919169475
158760 512 0 24559919448116
159272 512 0 24559919726756
159784 512 0 24559920005397
160296 512 0 24559920284037
160808 512 0 24559920562678
161320 512 0 24559920841318
161832 512 0 24559921119959
162344 512 0 24559921398599
162856 512 0 24559921677240
163368 512 0 24559921955882
163880 512 0 24559922234522
164392 512 0 24559922513163
164904 512 0 24559922791803
165416 512 0 24559923070444
165928 512 0 24559923349084
166440 512 0 24559923627725
166952 512 0 24559923906365
167464 512 0 24559924185006
167976 512 0 24559924463646
168488 512 0 24559924742287
169000 512 0 24559925020928
169512 512 0 24559925299568
170024 512 0 24559925578209
170536 512 0 24559925856849
171048 512 0 24559926135490
171560 512 0 24559926414130
172072 512 0 24559926692771
172584 512 0 24559926971411
173096 512 0 24559927250052
173608 512 0 24559927528692
174120 512 0 24559927807333
174632 512 0 24559928085973
175144 512 0 24559928364614
175656 512 0 24559928643255
176168 512 0 24559928921895
176680 512 0 24559929200536
177192 512 0 24559929479176
177704 512 0 24559929757817
178216 512 0 24559930036457
178728 512 0 24559930315098
179240 512 0 24559930593738
179752 512 0 24559930872378
180264 512 0 24559931151019
180776 512 0 24559931429660
181288 512 0 24559931708300
181800 512 0 24559931986941
182312 512 0 24559932265581
182824 512 0 24559932544222
183336 512 0 24559932822862
183848 512 0 24559933101503
184360 512 0 24559933380143
184872 512 0 24559933658784
185384 512 0 24559933937424
185896 512 0 24559934216065
186408 512 0 24559934494705
186920 512 0 24559934773346
187432 512 0 24559935051987
187944 512 0 24559935330627
188456 512 0 24559935609268
188968 512 0 24559935887908
189480 512 0 24559936166549
189992 512 0 24559936445189
190504 512 0 24559936723830
191016 512 0 24559937002470
191528 512 0 24559937281111
192040 512 0 24559937559751
192552 512 0 24559937838392
193064 512 0 24559938117032
193576 512 0 24559938395673
194088 512 0 24559938674314
194600 512 0 24559938952954
195112 512 0 24559939231595
195624 512 0 24559939510235
196136 512 0 24559939788878
196648 512 0 24559940067518
197160 512 0 24559940346159
197672 512 0 24559940624800
198184 512 0 24559940903440
198696 512 0 24559941182081
199208 512 0 24559941460721
199720 512 0 24559941739362
200232 512 0 24559942018002
200744 512 0 24559942296643
201256 512 0 24559942575283
201768 512 0 24559942853924
202280 512 0 24559943132565
202792 512 0 24559943411205
203304 512 0 24559943689846
203816 512 0 24559943968486
204328 512 0 24559944247127
204840 512 0 24559944525767
205352 512 0 24559944804408
205864 512 0 24559945083048
206376 512 0 24559945361689
206888 512 0 24559945640330
207400 512 0 24559945918970
207912 512 0 24559946197611
208424 512 0 24559946476251
208936 512 0 24559946754892
209448 512 0 24559947033532
209960 512 0 24559947312173
210472 512 0 24559947590813
210984 512 0 24559947869454
211496 512 0 24559948148094
212008 512 0 24559948426735
212520 512 0 24559948705376
213032 512 0 24559948984017
213544 512 0 24559949262657
214056 512 0 24559949541298
214568 512 0 24559949819938
215080 512 0 24559950098579
215592 512 0 24559950377219
216104 512 0 24559950655860
216616 512 0 24559950934500
217128 512 0 24559951213141
217640 512 0 24559951491782
218152 512 0 24559951770422
218664 512 0 24559952049063
219176 512 0 24559952327703
219688 512 0 24559952606344
220200 512 0 24559952884984
220712 512 0 24559953163625
221224 512 0 24559953442265
221736 512 0 24559953720906
222248 512 0 24559953999547
222760 512 0 24559954278187
223272 512 0 24559954556828
223784 512 0 24559954835468
224296 512 0 24559955114109
224808 512 0 24559955392749
225320 512 0 24559955671390
225832 512 0 24559955950030
226344 512 0 24559956228671
226856 512 0 24559956507312
227368 512 0 24559956785952
227880 512 0 24559957064593
228392 512 0 24559957343233
228904 512 0 24559957621874
229416 512 0 24559957900515
229928 512 0 24559958179155
230440 512 0 24559958457796
230952 512 0 24559958736436
231464 512 0 24559959015077
231976 512 0 24559959293717
232488 512 0 24559959572358
233000 512 0 24559959850999
233512 512 0 24559960129639
234024 512 0 24559960408280
234536 512 0 24559960686920
235048 512 0 24559960965561
235560 512 0 24559961244201
236072 512 0 24559961522842
236584 512 0 24559961801482
237096 512 0 24559962080123
237608 512 0 24559962358764
238120 512 0 24559962637404
238632 512 0 24559962916045
239144 512 0 24559963194685
239656 512 0 24559963473326
240168 512 0 24559963751966
240680 512 0 24559964030607
241192 512 0 24559964309247
241704 512 0 24559964587888
242216 512 0 24559964866529
242728 512 0 24559965145169
243240 512 0 24559965423810
243752 512 0 24559965702450
244264 512 0 24559965981091
244776 512 0 24559966259731
245288 512 0 24559966538372
245800 512 0 24559966817013
246312 512 0 24559967095653
246824 512 0 24559967374294
247336 512 0 24559967652934
247848 512 0 24559967931575
248360 512 0 24559968210215
248872 512 0 24559968488856
249384 512 0 24559968767497
249896 512 0 24559969046137
250408 512 0 24559969324778
250920 512 0 24559969603418
251432 512 0 24559969882059
251944 512 0 24559970160699
252456 512 0 24559970439340
252968 512 0 24559970717980
253480 512 0 24559970996621
253992 512 0 24559971275262
254504 512 0 24559971553902
255016 512 0 24559971832543
255528 512 0 24559972111183
256040 512 0 24559972389824
256552 512 0 24559972668464
257064 512 0 24559972947105
257576 512 0 24559973225745
258088 512 0 24559973504386
258600 512 0 24559973783027
259112 512 0 24559974061667
259624 512 0 24559974340308
260136 512 0 24559974618948
260648 512 0 24559974897589
261160 512 0 24559975176229
261672 512 0 24559975454870
262184 512 0 24559975733511
262696 512 0 24559976012151
263208 512 0 24559976290792
263720 512 0 24559976569432
264232 512 0 24559976848073
264744 512 0 24559977126713
265256 512 0 24559977405354
265768 512 0 24559977683995
266280 512 0 24559977962635
266792 512 0 24559978241276
267304 512 0 24559978519916
267816 512 0 24559978798557
268328 512 0 24559979077197
268840 512 0 24559979355838
269352 512 0 24559979634478
269864 512 0 24559979913119
270376 512 0 24559980191760
270888 512 0 24559980470400
271400 512 0 24559980749041
271912 512 0 24559981027681
272424 512 0 24559981306322
272936 512 0 24559981584962
273448 512 0 24559981863603
273960 512 0 24559982142244
274472 512 0 24559982420884
274984 512 0 24559982699525
275496 512 0 24559982978165
276008 512 0 24559983256806
276520 512 0 24559983535446
277032 512 0 24559983814087
277544 512 0 24559984092727
278056 512 0 24559984371369
278568 512 0 24559984650010
279080 512 0 24559984928650
279592 512 0 24559985207291
280104 512 0 24559985485931
280616 512 0 24559985764572
281128 512 0 24559986043213
281640 512 0 24559986321853
282152 512 0 24559986600494
282664 512 0 24559986879134
283176 512 0 24559987157775
283688 512 0 24559987436415
284200 512 0 24559987715056
284712 512 0 24559987993697
285224 512 0 24559988272337
285736 512 0 24559988550978
286248 512 0 24559988829618
286760 512 0 24559989108259
287272 512 0 24559989386899
287784 512 0 24559989665540
288296 512 0 24559989944180
288808 512 0 24559990222821
289320 512 0 24559990501462
289832 512 0 24559990780102
290344 512 0 24559991058743
290856 512 0 24559991337383
291368 512 0 24559991616024
291880 512 0 24559991894664
292392 512 0 24559992173305
292904 512 0 24559992451946
293416 512 0 24559992730586
293928 512 0 24559993009227
294440 512 0 24559993287867
294952 512 0 24559993566508
295464 512 0 24559993845148
295976 512 0 24559994123789
296488 512 0 24559994402429
297000 512 0 24559994681070
297512 512 0 24559994959711
298024 512 0 24559995238351
298536 512 0 24559995516992
299048 512 0 24559995795632
299560 512 0 24559996074273
300072 512 0 24559996352913
300584 512 0 24559996631554
301096 512 0 24559996910195
301608 512 0 24559997188835
302120 512 0 24559997467476
302632 512 0 24559997746116
303144 512 0 24559998024757
303656 512 0 24559998303397
304168 512 0 24559998582038
304680 512 0 24559998860678
305192 512 0 24559999139319
305704 512 0 24559999417960
306216 512 0 24559999696600
306728 512 0 24559999975241
307240 512 0 24560000253881
307752 512 0 24560000532522
308264 512 0 24560000811162
308776 512 0 24560001089803
309288 512 0 24560001368444
309800 512 0 24560001647084
310312 512 0 24560001925725
310824 512 0 24560002204365
311336 512 0 24560002483006
311848 512 0 24560002761646
312360 512 0 24560003040287
312872 512 0 24560003318927
313384 512 0 24560003597568
313896 512 0 24560003876209
314408 512 0 24560004154849
314920 512 0 24560004433490
315432 512 0 24560004712130
315944 512 0 24560004990771
316456 512 0 24560005269411
316968 512 0 24560005548052
317480 512 0 24560005826693
317992 512 0 24560006105333
318504 512 0 24560006383974
319016 512 0 24560006662614
319528 512 0 24560006941255
320040 512 0 24560007219895
320552 512 0 24560007498536
321064 512 0 24560007777176
321576 512 0 24560008055817
322088 512 0 24560008334458
322600 512 0 24560008613098
323112 512 0 24560008891739
323624 512 0 24560009170379
324136 512 0 24560009449020
324648 512 0 24560009727660
325160 512 0 24560010006301
325672 512 0 24560010284942
326184 512 0 24560010563582
326696 512 0 24560010842223
327208 512 0 24560011120864
327720 512 0 24560011399505
328232 512 0 24560011678145
328744 512 0 24560011956786
329256 512 0 24560012235427
329768 512 0 24560012514067
330280 512 0 24560012792708
330792 512 0 24560013071348
331304 512 0 24560013349989
331816 512 0 24560013628629
332328 512 0 24560013907270
332840 512 0 24560014185911
333352 512 0 24560014464551
333864 512 0 24560014743192
334376 512 0 24560015021832
334888 512 0 24560015300473
335400 512 0 24560015579113
335912 512 0 24560015857754
336424 512 0 24560016136394
336936 512 0 24560016415035
337448 512 0 24560016693676
337960 512 0 24560016972316
338472 512 0 24560017250957
338984 512 0 24560017529597
339496 512 0 24560017808238
340008 512 0 24560018086878
340520 512 0 24560018365519
341032 512 0 24560018644160
341544 512 0 24560018922800
342056 512 0 24560019201441
342568 512 0 24560019480081
343080 512 0 24560019758722
343592 512 0 24560020037362
344104 512 0 24560020316003
344616 512 0 24560020594643
345128 512 0 24560020873284
345640 512 0 24560021151925
346152 512 0 24560021430565
346664 512 0 24560021709206
347176 512 0 24560021987846
347688 512 0 24560022266487
348200 512 0 24560022545127
348712 512 0 24560022823768
516 512 0 24560029361223
1028 512 0 24560029617223
1540 512 0 24560029873223
2052 512 0 24560030129223
2564 512 0 24560030385223
3076 512 0 24560030641223
3588 512 0 24560030897223
4100 512 0 24560031153223
4612 512 0 24560031409223
5124 512 0 24560031665223
5636 512 0 24560031921223
6148 512 0 24560032177223
6660 512 0 24560032433223
7172 512 0 24560032689223
7684 512 0 24560032945223
8196 512 0 24560033201223
8708 512 0 24560033457223
9220 512 0 24560033713223
9732 512 0 24560033969223
10244 512 0 24560034225223
10756 512 0 24560034481223
11268 512 0 24560034737223
11780 512 0 24560034993223
12292 512 0 24560035249223
12804 512 0 24560035505223
13316 512 0 24560035761223
13828 512 0 24560036017223
14340 512 0 24560036273223
14852 512 0 24560036529223
15364 512 0 24560036785223
15876 512 0 24560037041223
16388 512 0 24560037297223
16900 512 0 24560037553223
17412 512 0 24560037809223
17924 512 0 24560038065223
18436 512 0 24560038321223
18948 512 0 24560038577223
19460 512 0 24560038833223
19972 512 0 24560039089223
20484 512 0 24560039345223
20996 512 0 24560039601223
21508 512 0 24560039857223
22020 512 0 24560040113223
22532 512 0 24560040369223
23044 512 0 24560040625223
23556 512 0 24560040881223
24068 512 0 24560041137223
24580 512 0 24560041393223
25092 512 0 24560041649223
25604 512 0 24560041905223
26116 512 0 24560042161223
26628 512 0 24560042417223
27140 512 0 24560042673223
27652 512 0 24560042929223
28164 512 0 24560043185223
28676 512 0 24560043441223
29188 512 0 24560043697223
29700 512 0 24560043953223
30212 512 0 24560044209223
30724 512 0 24560044465223
31236 512 0 24560044721223
31748 512 0 24560044977223
32260 512 0 24560045233278
32772 512 0 24560045489279
33284 512 0 24560045745280
33796 512 0 24560046001281
34308 512 0 24560046257281
34820 512 0 24560046513282
35332 512 0 24560046769283
35844 512 0 24560047025284
36356 512 0 24560047281284
36868 512 0 24560047537285
37380 512 0 24560047793286
37892 512 0 24560048049287
38404 512 0 24560048305287
38916 512 0 24560048561288
39428 512 0 24560048817289
39940 512 0 24560049073290
40452 512 0 24560049329290
40964 512 0 24560049585291
41476 512 0 24560049841292
41988 512 0 24560050097293
42500 512 0 24560050353293
43012 512 0 24560050609294
43524 512 0 24560050865295
44036 512 0 24560051121296
44548 512 0 24560051377296
45060 512 0 24560051633297
45572 512 0 24560051889298
46084 512 0 24560052145299
46596 512 0 24560052401299
47108 512 0 24560052657300
47620 512 0 24560052913301
48132 512 0 24560053169302
48644 512 0 24560053425318
49156 512 0 24560053681319
49668 512 0 24560053937320
50180 512 0 24560054193321
50692 512 0 24560054449322
51204 512 0 24560054705323
51716 512 0 24560054961324
52228 512 0 24560055217325
52740 512 0 24560055473325
53252 512 0 24560055729326
53764 512 0 24560055985327
54276 512 0 24560056241328
54788 512 0 24560056497329
55300 512 0 24560056753330
55812 512 0 24560057009331
56324 512 0 24560057265332
56836 512 0 24560057521333
57348 512 0 24560057777334
57860 512 0 24560058033335
58372 512 0 24560058289336
58884 512 0 24560058545337
59396 512 0 24560058801338
59908 512 0 24560059057339
60420 512 0 24560059313340
60932 512 0 24560059569341
61444 512 0 24560059825342
61956 512 0 24560060081343
62468 512 0 24560060337344
62980 512 0 24560060593345
63492 512 0 24560060849346
64004 512 0 24560061105347
64516 512 0 24560061361348
65028 512 0 24560061617352
65540 512 0 24560061873353
66052 512 0 24560062129354
66564 512 0 24560062385355
67076 512 0 24560062641356
67588 512 0 24560062897357
68100 512 0 24560063153358
68612 512 0 24560063409359
69124 512 0 24560063665360
69636 512 0 24560063921361
70148 512 0 24560064177362
70660 512 0 24560064433363
71172 512 0 24560064689364
71684 512 0 24560064945365
72196 512 0 24560065201366
72708 512 0 24560065457367
73220 512 0 24560065713368
73732 512 0 24560065969369
74244 512 0 24560066225370
74756 512 0 24560066481371
75268 512 0 24560066737372
75780 512 0 24560066993373
76292 512 0 24560067249374
76804 512 0 24560067505375
77316 512 0 24560067761376
77828 512 0 24560068017377
78340 512 0 24560068273378
78852 512 0 24560068529379
79364 512 0 24560068785380
79876 512 0 24560069041381
80388 512 0 24560069297382
80900 512 0 24560069553383
81412 512 0 24560069809385
81924 512 0 24560070065386
82436 512 0 24560070321387
82948 512 0 24560070577388
83460 512 0 24560070833389
83972 512 0 24560071089391
84484 512 0 24560071345392
84996 512 0 24560071601393
85508 512 0 24560071857394
86020 512 0 24560072113395
86532 512 0 24560072369396
87044 512 0 24560072625397
87556 512 0 24560072881398
88068 512 0 24560073137399
88580 512 0 24560073393400
89092 512 0 24560073649401
89604 512 0 24560073905402
90116 512 0 24560074161403
90628 512 0 24560074417404
91140 512 0 24560074673405
91652 512 0 24560074929406
92164 512 0 24560075185407
92676 512 0 24560075441408
93188 512 0 24560075697409
93700 512 0 24560075953410
94212 512 0 24560076209411
94724 512 0 24560076465412
95236 512 0 24560076721413
95748 512 0 24560076977414
96260 512 0 24560077233415
96772 512 0 24560077489416
97284 512 0 24560077745417
97796 512 0 24560078001417
98308 512 0 24560078257418
98820 512 0 24560078513419
99332 512 0 24560078769420
99844 512 0 24560079025421
100356 512 0 24560079281422
100868 512 0 24560079537423
101380 512 0 24560079793424
101892 512 0 24560080049425
102404 512 0 24560080305426
102916 512 0 24560080561427
103428 512 0 24560080817428
103940 512 0 24560081073429
104452 512 0 24560081329430
104964 512 0 24560081585431
105476 512 0 24560081841432
105988 512 0 24560082097433
106500 512 0 24560082353434
107012 512 0 24560082609435
107524 512 0 24560082865436
108036 512 0 24560083121437
108548 512 0 24560083377438
109060 512 0 24560083633439
109572 512 0 24560083889440
110084 512 0 24560084145441
110596 512 0 24560084401442
111108 512 0 24560084657443
111620 512 0 24560084913444
112132 512 0 24560085169445
112644 512 0 24560085425446
113156 512 0 24560085681447
113668 512 0 24560085937448
114180 512 0 24560086193449
114692 512 0 24560086449450
115204 512 0 24560086705451
115716 512 0 24560086961452
116228 512 0 24560087217453
116740 512 0 24560087473454
117252 512 0 24560087729455
117764 512 0 24560087985456
118276 512 0 24560088241457
118788 512 0 24560088497458
119300 512 0 24560088753459
119812 512 0 24560089009460
120324 512 0 24560089265461
120836 512 0 24560089521462
121348 512 0 24560089777463
121860 512 0 24560090033464
122372 512 0 24560090289465
122884 512 0 24560090545466
123396 512 0 24560090801467
123908 512 0 24560091057468
124420 512 0 24560091313469
124932 512 0 24560091569470
125444 512 0 24560091825471
125956 512 0 24560092081472
126468 512 0 24560092337473
126980 512 0 24560092593474
127492 512 0 24560092849475
128004 512 0 24560093105476
128516 512 0 24560093361477
129028 512 0 24560093617478
129540 512 0 24560093873479
130052 512 0 24560094129480
130564 512 0 24560094385481
131076 512 0 24560094641482
131588 512 0 24560094897483
132100 512 0 24560095153484
132612 512 0 24560095409485
133124 512 0 24560095665486
133636 512 0 24560095921487
134148 512 0 24560096177488
134660 512 0 24560096433489
135172 512 0 24560096689490
135684 512 0 24560096945491
136196 512 0 24560097201492
136708 512 0 24560097457493
137220 512 0 24560097713494
137732 512 0 24560097969495
138244 512 0 24560098225496
138756 512 0 24560098481497
139268 512 0 24560098737498
139780 512 0 24560098993499
140292 512 0 24560099249500
140804 512 0 24560099505501
141316 512 0 24560099761502
141828 512 0 24560100017503
142340 512 0 24560100273504
142852 512 0 24560100529505
143364 512 0 24560100785506
143876 512 0 24560101041507
144388 512 0 24560101297508
144900 512 0 24560101553509
145412 512 0 24560101809510
145924 512 0 24560102065511
146436 512 0 24560102321512
146948 512 0 24560102577513
147460 512 0 24560102833514
147972 512 0 24560103089515
148484 512 0 24560103345516
148996 512 0 24560103601517
149508 512 0 24560103857518
150020 512 0 24560104113519
150532 512 0 24560104369520
151044 512 0 24560104625521
151556 512 0 24560104881522
152068 512 0 24560105137523
152580 512 0 24560105393524
153092 512 0 24560105649525
153604 512 0 24560105905526
154116 512 0 24560106161527
154628 512 0 24560106417528
155140 512 0 24560106673529
155652 512 0 24560106929530
156164 512 0 24560107185531
156676 512 0 24560107441532
157188 512 0 24560107697533
157700 512 0 24560107953534
158212 512 0 24560108209535
158724 512 0 24560108465536
159236 512 0 24560108721537
159748 512 0 24560108977538
160260 512 0 24560109233539
160772 512 0 24560109489540
161284 512 0 24560109745541
161796 512 0 24560110001542
162308 512 0 24560110257543
162820 512 0 24560110513544
163332 512 0 24560110769546
163844 512 0 24560111025547
164356 512 0 24560111281548
164868 512 0 24560111537549
165380 512 0 24560111793550
165892 512 0 24560112049551
166404 512 0 24560112305552
166916 512 0 24560112561553
167428 512 0 24560112817554
167940 512 0 24560113073555
168452 512 0 24560113329556
168964 512 0 24560113585557
169476 512 0 24560113841558
169988 512 0 24560114097559
170500 512 0 24560114353560
171012 512 0 24560114609561
171524 512 0 24560114865562
172036 512 0 24560115121563
172548 512 0 24560115377564
173060 512 0 24560115633565
173572 512 0 24560115889566
174084 512 0 24560116145567
174596 512 0 24560116401568
175108 512 0 24560116657570
175620 512 0 24560116913571
176132 512 0 24560117169572
176644 512 0 24560117425573
177156 512 0 24560117681574
177668 512 0 24560117937575
178180 512 0 24560118193576
178692 512 0 24560118449577
179204 512 0 24560118705578
179716 512 0 24560118961579
180228 512 0 24560119217580
180740 512 0 24560119473581
181252 512 0 24560119729583
181764 512 0 24560119985584
182276 512 0 24560120241585
182788 512 0 24560120497586
183300 512 0 24560120753587
183812 512 0 24560121009588
184324 512 0 24560121265589
184836 512 0 24560121521590
185348 512 0 24560121777591
185860 512 0 24560122033592
186372 512 0 24560122289593
186884 512 0 24560122545594
187396 512 0 24560122801595
187908 512 0 24560123057596
188420 512 0 24560123313597
188932 512 0 24560123569598
189444 512 0 24560123825599
189956 512 0 24560124081600
190468 512 0 24560124337601
190980 512 0 24560124593602
191492 512 0 24560124849603
192004 512 0 24560125105604
192516 512 0 24560125361605
193028 512 0 24560125617606
193540 512 0 24560125873607
194052 512 0 24560126129608
194564 512 0 24560126385609
195076 512 0 24560126641610
195588 512 0 24560126897611
196100 512 0 24560127153613
196612 512 0 24560127409614
197124 512 0 24560127665615
197636 512 0 24560127921616
198148 512 0 24560128177617
198660 512 0 24560128433618
199172 512 0 24560128689619
199684 512 0 24560128945620
200196 512 0 24560129201621
200708 512 0 24560129457622
201220 512 0 24560129713623
201732 512 0 24560129969624
202244 512 0 24560130225625
202756 512 0 24560130481626
203268 512 0 24560130737627
203780 512 0 24560130993628
204292 512 0 24560131249629
204804 512 0 24560131505630
205316 512 0 24560131761631
205828 512 0 24560132017632
206340 512 0 24560132273633
206852 512 0 24560132529634
207364 512 0 24560132785635
207876 512 0 24560133041636
208388 512 0 24560133297637
208900 512 0 24560133553638
209412 512 0 24560133809639
209924 512 0 24560134065640
210436 512 0 24560134321641
210948 512 0 24560134577642
211460 512 0 24560134833643
211972 512 0 24560135089644
212484 512 0 24560135345646
212996 512 0 24560135601647
213508 512 0 24560135857648
214020 512 0 24560136113649
214532 512 0 24560136369650
215044 512 0 24560136625651
215556 512 0 24560136881652
216068 512 0 24560137137653
216580 512 0 24560137393654
217092 512 0 24560137649655
217604 512 0 24560137905656
218116 512 0 24560138161657
218628 512 0 24560138417658
219140 512 0 24560138673659
219652 512 0 24560138929660
220164 512 0 24560139185661
220676 512 0 24560139441662
221188 512 0 24560139697663
221700 512 0 24560139953664
222212 512 0 24560140209665
222724 512 0 24560140465666
223236 512 0 24560140721667
223748 512 0 24560140977668
224260 512 0 24560141233669
224772 512 0 24560141489670
225284 512 0 24560141745671
225796 512 0 24560142001672
226308 512 0 24560142257673
226820 512 0 24560142513674
227332 512 0 24560142769675
227844 512 0 24560143025676
228356 512 0 24560143281677
228868 512 0 24560143537679
229380 512 0 24560143793680
229892 512 0 24560144049681
230404 512 0 24560144305682
230916 512 0 24560144561683
231428 512 0 24560144817684
231940 512 0 24560145073685
232452 512 0 24560145329686
232964 512 0 24560145585687
233476 512 0 24560145841688
233988 512 0 24560146097689
234500 512 0 24560146353690
235012 512 0 24560146609691
235524 512 0 24560146865692
236036 512 0 24560147121693
236548 512 0 24560147377694
237060 512 0 24560147633695
237572 512 0 24560147889696
238084 512 0 24560148145697
238596 512 0 24560148401698
239108 512 0 24560148657699
239620 512 0 24560148913700
240132 512 0 24560149169701
240644 512 0 24560149425702
241156 512 0 24560149681703
241668 512 0 24560149937704
242180 512 0 24560150193705
242692 512 0 24560150449706
243204 512 0 24560150705707
243716 512 0 24560150961708
244228 512 0 24560151217709
244740 512 0 24560151473711
245252 512 0 24560151729712
245764 512 0 24560151985713
246276 512 0 24560152241714
246788 512 0 24560152497715
247300 512 0 24560152753716
247812 512 0 24560153009717
248324 512 0 24560153265718
248836 512 0 24560153521719
249348 512 0 24560153777720
249860 512 0 24560154033721
250372 512 0 24560154289722
250884 512 0 24560154545723
251396 512 0 24560154801724
251908 512 0 24560155057725
252420 512 0 24560155313726
252932 512 0 24560155569727
253444 512 0 24560155825728
253956 512 0 24560156081729
254468 512 0 24560156337730
254980 512 0 24560156593731
255492 512 0 24560156849732
256004 512 0 24560157105733
256516 512 0 24560157361734
257028 512 0 24560157617735
257540 512 0 24560157873736
258052 512 0 24560158129737
258564 512 0 24560158385738
259076 512 0 24560158641740
259588 512 0 24560158897741
260100 512 0 24560159153742
260612 512 0 24560159409743
261124 512 0 24560159665744
261636 512 0 24560159921746
262148 512 0 24560160177747
262660 512 0 24560160433748
263172 512 0 24560160689749
263684 512 0 24560160945750
264196 512 0 24560161201751
264708 512 0 24560161457752
265220 512 0 24560161713753
265732 512 0 24560161969754
266244 512 0 24560162225755
266756 512 0 24560162481756
267268 512 0 24560162737757
267780 512 0 24560162993758
268292 512 0 24560163249759
268804 512 0 24560163505760
269316 512 0 24560163761761
269828 512 0 24560164017762
270340 512 0 24560164273763
270852 512 0 24560164529764
271364 512 0 24560164785765
271876 512 0 24560165041767
272388 512 0 24560165297768
272900 512 0 24560165553769
273412 512 0 24560165809770
273924 512 0 24560166065771
274436 512 0 24560166321772
274948 512 0 24560166577773
275460 512 0 24560166833774
275972 512 0 24560167089775
276484 512 0 24560167345776
276996 512 0 24560167601777
277508 512 0 24560167857778
278020 512 0 24560168113779
278532 512 0 24560168369780
279044 512 0 24560168625781
279556 512 0 24560168881782
280068 512 0 24560169137783
280580 512 0 24560169393784
281092 512 0 24560169649785
281604 512 0 24560169905786
282116 512 0 24560170161787
282628 512 0 24560170417788
283140 512 0 24560170673789
283652 512 0 24560170929790
284164 512 0 24560171185791
284676 512 0 24560171441792
285188 512 0 24560171697793
285700 512 0 24560171953794
286212 512 0 24560172209795
286724 512 0 24560172465796
287236 512 0 24560172721797
287748 512 0 24560172977798
288260 512 0 24560173233800
288772 512 0 24560173489801
289284 512 0 24560173745802
289796 512 0 24560174001803
290308 512 0 24560174257804
290820 512 0 24560174513805
291332 512 0 24560174769806
291844 512 0 24560175025807
292356 512 0 24560175281808
292868 512 0 24560175537809
293380 512 0 24560175793810
293892 512 0 24560176049811
294404 512 0 24560176305812
294916 512 0 24560176561813
295428 512 0 24560176817814
295940 512 0 24560177073815
296452 512 0 24560177329816
296964 512 0 24560177585817
297476 512 0 24560177841818
297988 512 0 24560178097819
298500 512 0 24560178353820
299012 512 0 24560178609821
299524 512 0 24560178865822
300036 512 0 24560179121823
300548 512 0 24560179377824
301060 512 0 24560179633825
301572 512 0 24560179889826
302084 512 0 24560180145827
302596 512 0 24560180401828
303108 512 0 24560180657829
303620 512 0 24560180913830
304132 512 0 24560181169832
304644 512 0 24560181425833
305156 512 0 24560181681834
305668 512 0 24560181937835
306180 512 0 24560182193836
306692 512 0 24560182449837
307204 512 0 24560182705838
307716 512 0 24560182961839
308228 512 0 24560183217840
308740 512 0 24560183473841
309252 512 0 24560183729842
309764 512 0 24560183985843
310276 512 0 24560184241844
310788 512 0 24560184497845
311300 512 0 24560184753846
311812 512 0 24560185009847
312324 512 0 24560185265848
312836 512 0 24560185521849
313348 512 0 24560185777850
313860 512 0 24560186033851
314372 512 0 24560186289852
314884 512 0 24560186545853
315396 512 0 24560186801854
315908 512 0 24560187057855
316420 512 0 24560187313856
316932 512 0 24560187569857
317444 512 0 24560187825858
317956 512 0 24560188081859
318468 512 0 24560188337860
318980 512 0 24560188593861
319492 512 0 24560188849862
320004 512 0 24560189105863
320516 512 0 24560189361865
321028 512 0 24560189617866
321540 512 0 24560189873867
322052 512 0 24560190129868
322564 512 0 24560190385869
323076 512 0 24560190641870
323588 512 0 24560190897871
324100 512 0 24560191153872
324612 512 0 24560191409873
325124 512 0 24560191665874
325636 512 0 24560191921875
326148 512 0 24560192177876
326660 512 0 24560192433877
327172 512 0 24560192689878
327684 512 0 24560192945879
328196 512 0 24560193201880
328708 512 0 24560193457881
329220 512 0 24560193713882
329732 512 0 24560193969883
330244 512 0 24560194225884
330756 512 0 24560194481885
331268 512 0 24560194737886
331780 512 0 24560194993887
332292 512 0 24560195249888
332804 512 0 24560195505889
333316 512 0 24560195761890
333828 512 0 24560196017891
334340 512 0 24560196273892
334852 512 0 24560196529893
335364 512 0 24560196785894
335876 512 0 24560197041895
336388 512 0 24560197297896
336900 512 0 24560197553898
337412 512 0 24560197809899
337924 512 0 24560198065900
338436 512 0 24560198321901
338948 512 0 24560198577902
339460 512 0 24560198833903
339972 512 0 24560199089904
340484 512 0 24560199345905
340996 512 0 24560199601906
341508 512 0 24560199857907
342020 512 0 24560200113908
342532 512 0 24560200369909
343044 512 0 24560200625910
343556 512 0 24560200881911
344068 512 0 24560201137912
344580 512 0 24560201393913
345092 512 0 24560201649914
345604 512 0 24560201905915
346116 512 0 24560202161916
346628 512 0 24560202417917
347140 512 0 24560202673918
347652 512 0 24560202929919
348164 512 0 24560203185920
348676 512 0 24560203441921
349188 512 0 24560203697922
349700 512 0 24560203953923
350212 512 0 24560204209924
350724 512 0 24560204465925
351236 512 0 24560204721926
351748 512 0 24560204977927
352260 512 0 24560205233928
352772 512 0 24560205489929
353284 512 0 24560205745931
353796 512 0 24560206001932
354308 512 0 24560206257933
354820 512 0 24560206513934
355332 512 0 24560206769935
355844 512 0 24560207025936
356356 512 0 24560207281937
356868 512 0 24560207537938
357380 512 0 24560207793939
357892 512 0 24560208049940
358404 512 0 24560208305941
358916 512 0 24560208561942
359428 512 0 24560208817943
359940 512 0 24560209073945
360452 512 0 24560209329946
360964 512 0 24560209585947
361476 512 0 24560209841948
361988 512 0 24560210097949
362500 512 0 24560210353950
363012 512 0 24560210609951
363524 512 0 24560210865952
364036 512 0 24560211121953
364548 512 0 24560211377954
365060 512 0 24560211633955
365572 512 0 24560211889956
366084 512 0 24560212145957
366596 512 0 24560212401958
367108 512 0 24560212657960
367620 512 0 24560212913961
368132 512 0 24560213169962
368644 512 0 24560213425963
369156 512 0 24560213681964
369668 512 0 24560213937965
370180 512 0 24560214193966
370692 512 0 24560214449967
371204 512 0 24560214705968
371716 512 0 24560214961969
372228 512 0 24560215217970
372740 512 0 24560215473971
373252 512 0 24560215729972
373764 512 0 24560215985973
374276 512 0 24560216241974
374788 512 0 24560216497975
375300 512 0 24560216753976
375812 512 0 24560217009977
376324 512 0 24560217265978
376836 512 0 24560217521979
377348 512 0 24560217777980
377860 512 0 24560218033981
378372 512 0 24560218289982
378884 512 0 24560218545983
379396 512 0 24560218801984
379908 512 0 24560219057985
380420 512 0 24560219313986
380932 512 0 24560219569987
381444 512 0 24560219825988
381956 512 0 24560220081989
382468 512 0 24560220337990
382980 512 0 24560220593991
383492 512 0 24560220849993
384004 512 0 24560221105994
384516 512 0 24560221361995
385028 512 0 24560221617996
385540 512 0 24560221873997
386052 512 0 24560222129998
386564 512 0 24560222385999
387076 512 0 24560222642000
387588 512 0 24560222898001
388100 512 0 24560223154002
388612 512 0 24560223410003
389124 512 0 24560223666004
389636 512 0 24560223922005
390148 512 0 24560224178006
390660 512 0 24560224434007
391172 512 0 24560224690008
391684 512 0 24560224946009
392196 512 0 24560225202010
392708 512 0 24560225458011
393220 512 0 24560225714012
393732 512 0 24560225970013
394244 512 0 24560226226014
394756 512 0 24560226482015
395268 512 0 24560226738016
395780 512 0 24560226994017
396292 512 0 24560227250018
396804 512 0 24560227506019
397316 512 0 24560227762020
397828 512 0 24560228018021
398340 512 0 24560228274022
398852 512 0 24560228530023
399364 512 0 24560228786024
399876 512 0 24560229042025
400388 512 0 24560229298027
400900 512 0 24560229554028
401412 512 0 24560229810029
401924 512 0 24560230066030
402436 512 0 24560230322031
402948 512 0 24560230578032
403460 512 0 24560230834033
403972 512 0 24560231090034
404484 512 0 24560231346035
404996 512 0 24560231602036
405508 512 0 24560231858037
406020 512 0 24560232114038
406532 512 0 24560232370039
407044 512 0 24560232626040
407556 512 0 24560232882041
408068 512 0 24560233138042
408580 512 0 24560233394043
409092 512 0 24560233650045
409604 512 0 24560233906046
410116 512 0 24560234162047
410628 512 0 24560234418048
411140 512 0 24560234674049
411652 512 0 24560234930050
412164 512 0 24560235186051
412676 512 0 24560235442052
413188 512 0 24560235698053
413700 512 0 24560235954054
414212 512 0 24560236210055
414724 512 0 24560236466057
415236 512 0 24560236722058
415748 512 0 24560236978059
416260 512 0 24560237234060
416772 512 0 24560237490061
417284 512 0 24560237746062
417796 512 0 24560238002063
418308 512 0 24560238258064
418820 512 0 24560238514065
419332 512 0 24560238770066
419844 512 0 24560239026067
420356 512 0 24560239282068
420868 512 0 24560239538069
421380 512 0 24560239794070
421892 512 0 24560240050071
422404 512 0 24560240306072
422916 512 0 24560240562073
423428 512 0 24560240818074
423940 512 0 24560241074075
424452 512 0 24560241330076
424964 512 0 24560241586077
425476 512 0 24560241842078
425988 512 0 24560242098079
426500 512 0 24560242354080
427012 512 0 24560242610081
427524 512 0 24560242866082
428036 512 0 24560243122083
428548 512 0 24560243378084
429060 512 0 24560243634085
429572 512 0 24560243890086
430084 512 0 24560244146087
430596 512 0 24560244402088
431108 512 0 24560244658090
431620 512 0 24560244914091
432132 512 0 24560245170092
432644 512 0 24560245426093
433156 512 0 24560245682094
433668 512 0 24560245938095
434180 512 0 24560246194096
434692 512 0 24560246450097
435204 512 0 24560246706098
435716 512 0 24560246962099
436228 512 0 24560247218100
436740 512 0 24560247474101
437252 512 0 24560247730102
437764 512 0 24560247986103
438276 512 0 24560248242104
438788 512 0 24560248498105
439300 512 0 24560248754106
439812 512 0 24560249010107
440324 512 0 24560249266108
440836 512 0 24560249522109
441348 512 0 24560249778110
441860 512 0 24560250034111
442372 512 0 24560250290112
442884 512 0 24560250546113
443396 512 0 24560250802114
443908 512 0 24560251058115
444420 512 0 24560251314116
444932 512 0 24560251570117
445444 512 0 24560251826118
445956 512 0 24560252082119
446468 512 0 24560252338120
446980 512 0 24560252594121
447492 512 0 24560252850122
448004 512 0 24560253106124
448516 512 0 24560253362125
449028 512 0 24560253618126
449540 512 0 24560253874127
450052 512 0 24560254130128
450564 512 0 24560254386129
451076 512 0 24560254642130
451588 512 0 24560254898131
452100 512 0 24560255154132
452612 512 0 24560255410133
453124 512 0 24560255666134
453636 512 0 24560255922135
454148 512 0 24560256178136
454660 512 0 24560256434137
455172 512 0 24560256690138
455684 512 0 24560256946139
456196 512 0 24560257202140
456708 512 0 24560257458141
457220 512 0 24560257714142
457732 512 0 24560257970143
458244 512 0 24560258226145
458756 512 0 24560258482146
459268 512 0 24560258738147
459780 512 0 24560258994148
460292 512 0 24560259250149
460804 512 0 24560259506150
461316 512 0 24560259762151
461828 512 0 24560260018152
462340 512 0 24560260274153
462852 512 0 24560260530155
463364 512 0 24560260786156
463876 512 0 24560261042157
464388 512 0 24560261298158
464900 512 0 24560261554159
465412 512 0 24560261810160
465924 512 0 24560262066161
466436 512 0 24560262322162
466948 512 0 24560262578163
467460 512 0 24560262834164
467972 512 0 24560263090165
468484 512 0 24560263346166
468996 512 0 24560263602167
469508 512 0 24560263858168
470020 512 0 24560264114169
470532 512 0 24560264370170
471044 512 0 24560264626171
471556 512 0 24560264882172
472068 512 0 24560265138173
472580 512 0 24560265394174
473092 512 0 24560265650175
473604 512 0 24560265906176
474116 512 0 24560266162177
474628 512 0 24560266418178
475140 512 0 24560266674179
475652 512 0 24560266930180
476164 512 0 24560267186181
476676 512 0 24560267442182
477188 512 0 24560267698183
477700 512 0 24560267954184
478212 512 0 24560268210185
478724 512 0 24560268466186
479236 512 0 24560268722187
479748 512 0 24560268978189
480260 512 0 24560269234190
480772 512 0 24560269490191
481284 512 0 24560269746192
481796 512 0 24560270002193
482308 512 0 24560270258194
482820 512 0 24560270514195
483332 512 0 24560270770196
483844 512 0 24560271026197
484356 512 0 24560271282198
484868 512 0 24560271538199
485380 512 0 24560271794200
485892 512 0 24560272050201
486404 512 0 24560272306202
486916 512 0 24560272562203
487428 512 0 24560272818204
487940 512 0 24560273074205
488452 512 0 24560273330206
488964 512 0 24560273586207
489476 512 0 24560273842208
489988 512 0 24560274098209
490500 512 0 24560274354210
491012 512 0 24560274610211
491524 512 0 24560274866212
492036 512 0 24560275122213
492548 512 0 24560275378214
493060 512 0 24560275634215
493572 512 0 24560275890216
494084 512 0 24560276146217
494596 512 0 24560276402218
495108 512 0 24560276658219
495620 512 0 24560276914220
496132 512 0 24560277170222
496644 512 0 24560277426223
497156 512 0 24560277682224
497668 512 0 24560277938225
498180 512 0 24560278194226
498692 512 0 24560278450227
499204 512 0 24560278706228
499716 512 0 24560278962229
500228 512 0 24560279218230
500740 512 0 24560279474231
501252 512 0 24560279730232
501764 512 0 24560279986233
502276 512 0 24560280242234
502788 512 0 24560280498235
503300 512 0 24560280754236
503812 512 0 24560281010237
504324 512 0 24560281266238
504836 512 0 24560281522239
505348 512 0 24560281778240
505860 512 0 24560282034241
506372 512 0 24560282290242
506884 512 0 24560282546243
507396 512 0 24560282802245
507908 512 0 24560283058246
508420 512 0 24560283314247
508932 512 0 24560283570248
509444 512 0 24560283826249
509956 512 0 24560284082250
510468 512 0 24560284338251
510980 512 0 24560284594252
511492 512 0 24560284850254
512004 512 0 24560285106255
512516 512 0 24560285362256
513028 512 0 24560285618257
513540 512 0 24560285874258
514052 512 0 24560286130259
514564 512 0 24560286386260
515076 512 0 24560286642261
515588 512 0 24560286898262
516100 512 0 24560287154263
516612 512 0 24560287410264
517124 512 0 24560287666265
517636 512 0 24560287922266
518148 512 0 24560288178267
518660 512 0 24560288434268
519172 512 0 24560288690269
519684 512 0 24560288946270
520196 512 0 24560289202271
520708 512 0 24560289458272
521220 512 0 24560289714273
521732 512 0 24560289970274
522244 512 0 24560290226275
522756 512 0 24560290482276
523268 512 0 24560290738277
523780 512 0 24560290994278
524292 512 0 24560291250279
524804 512 0 24560291506280
525316 512 0 24560291762281
525828 512 0 24560292018282
526340 512 0 24560292274283
526852 512 0 24560292530284
527364 512 0 24560292786285
527876 512 0 24560293042287
528388 512 0 24560293298288
528900 512 0 24560293554289
529412 512 0 24560293810290
529924 512 0 24560294066291
530436 512 0 24560294322292
530948 512 0 24560294578293
531460 512 0 24560294834294
531972 512 0 24560295090295
532484 512 0 24560295346296
532996 512 0 24560295602297
533508 512 0 24560295858298
534020 512 0 24560296114299
534532 512 0 24560296370300
535044 512 0 24560296626301
535556 512 0 24560296882302
536068 512 0 24560297138303
536580 512 0 24560297394304
537092 512 0 24560297650305
537604 512 0 24560297906306
538116 512 0 24560298162307
538628 512 0 24560298418308
539140 512 0 24560298674309
539652 512 0 24560298930310
540164 512 0 24560299186312
540676 512 0 24560299442313
541188 512 0 24560299698314
541700 512 0 24560299954315
542212 512 0 24560300210316
542724 512 0 24560300466317
543236 512 0 24560300722319
543748 512 0 24560300978320
544260 512 0 24560301234321
544772 512 0 24560301490322
545284 512 0 24560301746323
545796 512 0 24560302002324
546308 512 0 24560302258325
546820 512 0 24560302514326
547332 512 0 24560302770327
547844 512 0 24560303026328
548356 512 0 24560303282329
548868 512 0 24560303538330
549380 512 0 24560303794331
549892 512 0 24560304050332
550404 512 0 24560304306333
550916 512 0 24560304562334
551428 512 0 24560304818335
551940 512 0 24560305074336
552452 512 0 24560305330337
552964 512 0 24560305586338
553476 512 0 24560305842339
553988 512 0 24560306098340
554500 512 0 24560306354341
555012 512 0 24560306610342
555524 512 0 24560306866343
556036 512 0 24560307122345
556548 512 0 24560307378345
557060 512 0 24560307634346
557572 512 0 24560307890347
558084 512 0 24560308146348
558596 512 0 24560308402349
559108 512 0 24560308658350
559620 512 0 24560308914351
560132 512 0 24560309170353
560644 512 0 24560309426354
561156 512 0 24560309682355
561668 512 0 24560309938356
562180 512 0 24560310194357
562692 512 0 24560310450358
563204 512 0 24560310706359
563716 512 0 24560310962360
564228 512 0 24560311218361
564740 512 0 24560311474362
565252 512 0 24560311730363
565764 512 0 24560311986364
566276 512 0 24560312242365
566788 512 0 24560312498366
567300 512 0 24560312754367
567812 512 0 24560313010368
568324 512 0 24560313266369
568836 512 0 24560313522370
569348 512 0 24560313778371
569860 512 0 24560314034372
570372 512 0 24560314290373
570884 512 0 24560314546374
571396 512 0 24560314802375
571908 512 0 24560315058376
572420 512 0 24560315314377
572932 512 0 24560315570378
573444 512 0 24560315826379
573956 512 0 24560316082380
574468 512 0 24560316338381
574980 512 0 24560316594382
575492 512 0 24560316850383
576004 512 0 24560317106384
576516 512 0 24560317362385
577028 512 0 24560317618387
577540 512 0 24560317874388
578052 512 0 24560318130389
578564 512 0 24560318386390
579076 512 0 24560318642391
579588 512 0 24560318898392
580100 512 0 24560319154393
580612 512 0 24560319410394
581124 512 0 24560319666395
581636 512 0 24560319922396
582148 512 0 24560320178397
582660 512 0 24560320434398
583172 512 0 24560320690399
583684 512 0 24560320946400
584196 512 0 24560321202401
584708 512 0 24560321458402
585220 512 0 24560321714403
585732 512 0 24560321970404
586244 512 0 24560322226405
586756 512 0 24560322482406
587268 512 0 24560322738407
587780 512 0 24560322994408
588292 512 0 24560323250409
588804 512 0 24560323506410
589316 512 0 24560323762412
589828 512 0 24560324018413
590340 512 0 24560324274414
590852 512 0 24560324530415
591364 512 0 24560324786416
591876 512 0 24560325042417
592388 512 0 24560325298419
592900 512 0 24560325554420
593412 512 0 24560325810421
593924 512 0 24560326066422
594436 512 0 24560326322423
594948 512 0 24560326578424
595460 512 0 24560326834425
595972 512 0 24560327090426
596484 512 0 24560327346427
596996 512 0 24560327602428
597508 512 0 24560327858429
598020 512 0 24560328114430
598532 512 0 24560328370431
599044 512 0 24560328626432
599556 512 0 24560328882433
600068 512 0 24560329138434
600580 512 0 24560329394435
601092 512 0 24560329650436
601604 512 0 24560329906437
602116 512 0 24560330162438
602628 512 0 24560330418439
603140 512 0 24560330674440
603652 512 0 24560330930441
604164 512 0 24560331186442
604676 512 0 24560331442444
605188 512 0 24560331698445
605700 512 0 24560331954446
606212 512 0 24560332210447
606724 512 0 24560332466448
607236 512 0 24560332722449
607748 512 0 24560332978451
608260 512 0 24560333234452
608772 512 0 24560333490453
609284 512 0 24560333746454
609796 512 0 24560334002455
610308 512 0 24560334258456
610820 512 0 24560334514457
611332 512 0 24560334770458
611844 512 0 24560335026459
612356 512 0 24560335282460
612868 512 0 24560335538461
613380 512 0 24560335794462
613892 512 0 24560336050463
614404 512 0 24560336306464
614916 512 0 24560336562465
615428 512 0 24560336818466
615940 512 0 24560337074467
616452 512 0 24560337330468
616964 512 0 24560337586469
617476 512 0 24560337842470
617988 512 0 24560338098471
618500 512 0 24560338354472
619012 512 0 24560338610473
619524 512 0 24560338866475
620036 512 0 24560339122476
620548 512 0 24560339378477
621060 512 0 24560339634478
621572 512 0 24560339890479
622084 512 0 24560340146480
622596 512 0 24560340402481
623108 512 0 24560340658483
623620 512 0 24560340914484
624132 512 0 24560341170485
624644 512 0 24560341426486
625156 512 0 24560341682487
625668 512 0 24560341938488
626180 512 0 24560342194489
626692 512 0 24560342450490
627204 512 0 24560342706491
627716 512 0 24560342962492
628228 512 0 24560343218493
628740 512 0 24560343474494
629252 512 0 24560343730495
629764 512 0 24560343986496
630276 512 0 24560344242497
630788 512 0 24560344498498
631300 512 0 24560344754499
631812 512 0 24560345010500
632324 512 0 24560345266501
632836 512 0 24560345522502
633348 512 0 24560345778503
633860 512 0 24560346034504
634372 512 0 24560346290506
634884 512 0 24560346546507
635396 512 0 24560346802508
635908 512 0 24560347058509
636420 512 0 24560347314510
636932 512 0 24560347570511
637444 512 0 24560347826512
637956 512 0 24560348082513
638468 512 0 24560348338514
638980 512 0 24560348594516
639492 512 0 24560348850517
640004 512 0 24560349106518
640516 512 0 24560349362519
641028 512 0 24560349618520
641540 512 0 24560349874521
642052 512 0 24560350130522
642564 512 0 24560350386523
643076 512 0 24560350642524
643588 512 0 24560350898525
644100 512 0 24560351154526
644612 512 0 24560351410527
645124 512 0 24560351666528
645636 512 0 24560351922529
646148 512 0 24560352178530
646660 512 0 24560352434531
647172 512 0 24560352690532
647684 512 0 24560352946533
648196 512 0 24560353202534
648708 512 0 24560353458535
649220 512 0 24560353714536
649732 512 0 24560353970538
650244 512 0 24560354226539
650756 512 0 24560354482540
651268 512 0 24560354738541
651780 512 0 24560354994542
652292 512 0 24560355250543
652804 512 0 24560355506544
653316 512 0 24560355762545
653828 512 0 24560356018546
654340 512 0 24560356274547
654852 512 0 24560356530549
655364 512 0 24560356786550
655876 512 0 24560357042551
656388 512 0 24560357298552
656900 512 0 24560357554553
657412 512 0 24560357810554
657924 512 0 24560358066555
658436 512 0 24560358322556
658948 512 0 24560358578557
659460 512 0 24560358834558
659972 512 0 24560359090559
660484 512 0 24560359346560
660996 512 0 24560359602561
661508 512 0 24560359858562
662020 512 0 24560360114563
662532 512 0 24560360370564
663044 512 0 24560360626565
663556 512 0 24560360882566
664068 512 0 24560361138567
664580 512 0 24560361394568
665092 512 0 24560361650569
665604 512 0 24560361906571
666116 512 0 24560362162572
666628 512 0 24560362418573
667140 512 0 24560362674574
667652 512 0 24560362930575
668164 512 0 24560363186576
668676 512 0 24560363442577
669188 512 0 24560363698578
669700 512 0 24560363954579
670212 512 0 24560364210580
670724 512 0 24560364466581
671236 512 0 24560364722583
671748 512 0 24560364978584
672260 512 0 24560365234585
672772 512 0 24560365490586
673284 512 0 24560365746587
673796 512 0 24560366002588
674308 512 0 24560366258589
674820 512 0 24560366514590
675332 512 0 24560366770591
675844 512 0 24560367026592
676356 512 0 24560367282593
676868 512 0 24560367538594
677380 512 0 24560367794595
677892 512 0 24560368050596
678404 512 0 24560368306597
678916 512 0 24560368562598
679428 512 0 24560368818599
679940 512 0 24560369074600
680452 512 0 24560369330601
680964 512 0 24560369586603
681476 512 0 24560369842604
681988 512 0 24560370098605
682500 512 0 24560370354606
683012 512 0 24560370610607
683524 512 0 24560370866608
684036 512 0 24560371122609
684548 512 0 24560371378610
685060 512 0 24560371634611
685572 512 0 24560371890612
686084 512 0 24560372146613
686596 512 0 24560372402614
687108 512 0 24560372658615
687620 512 0 24560372914617
688132 512 0 24560373170618
688644 512 0 24560373426619
689156 512 0 24560373682620
689668 512 0 24560373938621
690180 512 0 24560374194622
690692 512 0 24560374450623
691204 512 0 24560374706624
691716 512 0 24560374962625
692228 512 0 24560375218626
692740 512 0 24560375474627
693252 512 0 24560375730628
693764 512 0 24560375986629
694276 512 0 24560376242630
694788 512 0 24560376498631
695300 512 0 24560376754632
695812 512 0 24560377010633
696324 512 0 24560377266634
696836 512 0 24560377522636
697348 512 0 24560377778637
697860 512 0 24560378034638
698372 512 0 24560378290639
698884 512 0 24560378546640
699396 512 0 24560378802641
699908 512 0 24560379058642
700420 512 0 24560379314643
700932 512 0 24560379570644
701444 512 0 24560379826645
701956 512 0 24560380082646
702468 512 0 24560380338647
702980 512 0 24560380594648
703492 512 0 24560380850649
704004 512 0 24560381106651
704516 512 0 24560381362652
705028 512 0 24560381618653
705540 512 0 24560381874654
706052 512 0 24560382130655
706564 512 0 24560382386656
707076 512 0 24560382642657
707588 512 0 24560382898658
708100 512 0 24560383154659
708612 512 0 24560383410660
709124 512 0 24560383666661
709636 512 0 24560383922662
710148 512 0 24560384178663
710660 512 0 24560384434664
711172 512 0 24560384690665
711684 512 0 24560384946666
712196 512 0 24560385202667
712708 512 0 24560385458669
713220 512 0 24560385714670
713732 512 0 24560385970671
714244 512 0 24560386226672
714756 512 0 24560386482673
715268 512 0 24560386738674
715780 512 0 24560386994675
716292 512 0 24560387250676
716804 512 0 24560387506677
717316 512 0 24560387762678
717828 512 0 24560388018679
718340 512 0 24560388274680
718852 512 0 24560388530681
719364 512 0 24560388786682
719876 512 0 24560389042683
720388 512 0 24560389298685
720900 512 0 24560389554686
721412 512 0 24560389810687
721924 512 0 24560390066688
722436 512 0 24560390322689
722948 512 0 24560390578690
723460 512 0 24560390834691
723972 512 0 24560391090692
724484 512 0 24560391346693
724996 512 0 24560391602694
725508 512 0 24560391858695
726020 512 0 24560392114696
726532 512 0 24560392370697
727044 512 0 24560392626698
727556 512 0 24560392882699
728068 512 0 24560393138700
728580 512 0 24560393394702
729092 512 0 24560393650703
729604 512 0 24560393906704
730116 512 0 24560394162705
730628 512 0 24560394418706
731140 512 0 24560394674707
731652 512 0 24560394930708
732164 512 0 24560395186709
732676 512 0 24560395442710
733188 512 0 24560395698711
733700 512 0 24560395954712
734212 512 0 24560396210713
734724 512 0 24560396466714
735236 512 0 24560396722715
735748 512 0 24560396978716
736260 512 0 24560397234717
736772 512 0 24560397490719
737284 512 0 24560397746720
737796 512 0 24560398002721
738308 512 0 24560398258722
738820 512 0 24560398514723
739332 512 0 24560398770724
739844 512 0 24560399026725
740356 512 0 24560399282726
740868 512 0 24560399538727
741380 512 0 24560399794728
741892 512 0 24560400050729
742404 512 0 24560400306730
742916 512 0 24560400562731
743428 512 0 24560400818732
743940 512 0 24560401074733
744452 512 0 24560401330735
744964 512 0 24560401586736
745476 512 0 24560401842737
745988 512 0 24560402098738
746500 512 0 24560402354739
747012 512 0 24560402610740
747524 512 0 24560402866741
748036 512 0 24560403122742
748548 512 0 24560403378743
749060 512 0 24560403634744
749572 512 0 24560403890745
750084 512 0 24560404146746
750596 512 0 24560404402747
751108 512 0 24560404658748
751620 512 0 24560404914749
752132 512 0 24560405170750
752644 512 0 24560405426751
753156 512 0 24560405682753
753668 512 0 24560405938754
754180 512 0 24560406194755
754692 512 0 24560406450756
755204 512 0 24560406706757
755716 512 0 24560406962758
756228 512 0 24560407218759
756740 512 0 24560407474760
757252 512 0 24560407730761
757764 512 0 24560407986762
758276 512 0 24560408242763
758788 512 0 24560408498764
759300 512 0 24560408754765
759812 512 0 24560409010766
760324 512 0 24560409266767
760836 512 0 24560409522769
761348 512 0 24560409778770
761860 512 0 24560410034771
762372 512 0 24560410290772
762884 512 0 24560410546773
763396 512 0 24560410802774
763908 512 0 24560411058775
764420 512 0 24560411314776
764932 512 0 24560411570777
765444 512 0 24560411826778
765956 512 0 24560412082779
766468 512 0 24560412338780
766980 512 0 24560412594781
767492 512 0 24560412850782
768004 512 0 24560413106783
768516 512 0 24560413362784
769028 512 0 24560413618785
769540 512 0 24560413874787
770052 512 0 24560414130788
770564 512 0 24560414386789
771076 512 0 24560414642790
771588 512 0 24560414898791
772100 512 0 24560415154792
772612 512 0 24560415410793
773124 512 0 24560415666794
773636 512 0 24560415922795
774148 512 0 24560416178796
774660 512 0 24560416434797
676 512 0 24560422510530
1188 512 0 24560422789170
1700 512 0 24560423067809
2212 512 0 24560423346449
2724 512 0 24560423625088
3236 512 0 24560423903728
3748 512 0 24560424182367
4260 512 0 24560424461006
4772 512 0 24560424739646
5284 512 0 24560425018285
5796 512 0 24560425296925
6308 512 0 24560425575564
6820 512 0 24560425854204
7332 512 0 24560426132843
7844 512 0 24560426411483
8356 512 0 24560426690122
8868 512 0 24560426968762
9380 512 0 24560427247401
9892 512 0 24560427526041
10404 512 0 24560427804680
10916 512 0 24560428083320
11428 512 0 24560428361959
11940 512 0 24560428640598
12452 512 0 24560428919238
12964 512 0 24560429197877
13476 512 0 24560429476517
13988 512 0 24560429755156
14500 512 0 24560430033796
15012 512 0 24560430312435
15524 512 0 24560430591075
16036 512 0 24560430869714
16548 512 0 24560431148354
17060 512 0 24560431426993
17572 512 0 24560431705633
18084 512 0 24560431984272
18596 512 0 24560432262912
19108 512 0 24560432541551
19620 512 0 24560432820191
20132 512 0 24560433098830
20644 512 0 24560433377469
21156 512 0 24560433656109
21668 512 0 24560433934748
22180 512 0 24560434213388
22692 512 0 24560434492027
23204 512 0 24560434770667
23716 512 0 24560435049306
24228 512 0 24560435327946
24740 512 0 24560435606585
25252 512 0 24560435885225
25764 512 0 24560436163864
26276 512 0 24560436442504
26788 512 0 24560436721143
27300 512 0 24560436999783
27812 512 0 24560437278422
28324 512 0 24560437557061
28836 512 0 24560437835701
29348 512 0 24560438114340
29860 512 0 24560438392980
30372 512 0 24560438671619
30884 512 0 24560438950259
31396 512 0 24560439228898
31908 512 0 24560439507538
32420 512 0 24560439786240
32932 512 0 24560440064880
33444 512 0 24560440343520
33956 512 0 24560440622161
34468 512 0 24560440900801
34980 512 0 24560441179441
35492 512 0 24560441458082
36004 512 0 24560441736722
36516 512 0 24560442015362
37028 512 0 24560442294002
37540 512 0 24560442572643
38052 512 0 24560442851283
38564 512 0 24560443129923
39076 512 0 24560443408564
39588 512 0 24560443687204
40100 512 0 24560443965844
40612 512 0 24560444244485
41124 512 0 24560444523125
41636 512 0 24560444801765
42148 512 0 24560445080406
42660 512 0 24560445359046
43172 512 0 24560445637686
43684 512 0 24560445916327
44196 512 0 24560446194967
44708 512 0 24560446473607
45220 512 0 24560446752247
45732 512 0 24560447030888
46244 512 0 24560447309528
46756 512 0 24560447588168
47268 512 0 24560447866809
47780 512 0 24560448145449
48292 512 0 24560448424089
48804 512 0 24560448702747
49316 512 0 24560448981388
49828 512 0 24560449260028
50340 512 0 24560449538669
50852 512 0 24560449817309
51364 512 0 24560450095950
51876 512 0 24560450374590
52388 512 0 24560450653231
52900 512 0 24560450931871
53412 512 0 24560451210512
53924 512 0 24560451489152
54436 512 0 24560451767793
54948 512 0 24560452046434
55460 512 0 24560452325074
55972 512 0 24560452603715
56484 512 0 24560452882355
56996 512 0 24560453160996
57508 512 0 24560453439636
58020 512 0 24560453718277
58532 512 0 24560453996917
59044 512 0 24560454275558
59556 512 0 24560454554198
60068 512 0 24560454832839
60580 512 0 24560455111480
61092 512 0 24560455390120
61604 512 0 24560455668761
62116 512 0 24560455947401
62628 512 0 24560456226042
63140 512 0 24560456504682
63652 512 0 24560456783323
64164 512 0 24560457061963
64676 512 0 24560457340604
65188 512 0 24560457619248
65700 512 0 24560457897889
66212 512 0 24560458176529
66724 512 0 24560458455170
67236 512 0 24560458733811
67748 512 0 24560459012451
68260 512 0 24560459291092
68772 512 0 24560459569732
69284 512 0 24560459848373
69796 512 0 24560460127014
70308 512 0 24560460405654
70820 512 0 24560460684295
71332 512 0 24560460962935
71844 512 0 24560461241576
72356 512 0 24560461520216
72868 512 0 24560461798857
73380 512 0 24560462077498
73892 512 0 24560462356138
74404 512 0 24560462634779
74916 512 0 24560462913419
75428 512 0 24560463192060
75940 512 0 24560463470701
76452 512 0 24560463749341
76964 512 0 24560464027982
77476 512 0 24560464306622
77988 512 0 24560464585263
78500 512 0 24560464863903
79012 512 0 24560465142544
79524 512 0 24560465421185
80036 512 0 24560465699825
80548 512 0 24560465978466
81060 512 0 24560466257106
81572 512 0 24560466535747
82084 512 0 24560466814388
82596 512 0 24560467093029
83108 512 0 24560467371669
83620 512 0 24560467650310
84132 512 0 24560467928950
84644 512 0 24560468207591
85156 512 0 24560468486231
85668 512 0 24560468764872
86180 512 0 24560469043513
86692 512 0 24560469322153
87204 512 0 24560469600794
87716 512 0 24560469879434
88228 512 0 24560470158075
88740 512 0 24560470436716
89252 512 0 24560470715356
89764 512 0 24560470993997
90276 512 0 24560471272637
90788 512 0 24560471551278
91300 512 0 24560471829919
91812 512 0 24560472108559
92324 512 0 24560472387200
92836 512 0 24560472665840
93348 512 0 24560472944481
93860 512 0 24560473223122
94372 512 0 24560473501762
94884 512 0 24560473780403
95396 512 0 24560474059043
95908 512 0 24560474337684
96420 512 0 24560474616324
96932 512 0 24560474894965
97444 512 0 24560475173606
97956 512 0 24560475452237
98468 512 0 24560475730878
98980 512 0 24560476009518
99492 512 0 24560476288159
100004 512 0 24560476566799
100516 512 0 24560476845440
101028 512 0 24560477124080
101540 512 0 24560477402721
102052 512 0 24560477681361
102564 512 0 24560477960002
103076 512 0 24560478238642
103588 512 0 24560478517283
104100 512 0 24560478795923
104612 512 0 24560479074564
105124 512 0 24560479353204
105636 512 0 24560479631845
106148 512 0 24560479910485
106660 512 0 24560480189126
107172 512 0 24560480467766
107684 512 0 24560480746407
108196 512 0 24560481025047
108708 512 0 24560481303688
109220 512 0 24560481582328
109732 512 0 24560481860969
110244 512 0 24560482139609
110756 512 0 24560482418250
111268 512 0 24560482696890
111780 512 0 24560482975531
112292 512 0 24560483254171
112804 512 0 24560483532812
113316 512 0 24560483811452
113828 512 0 24560484090093
114340 512 0 24560484368728
114852 512 0 24560484647368
115364 512 0 24560484926008
115876 512 0 24560485204649
116388 512 0 24560485483289
116900 512 0 24560485761930
117412 512 0 24560486040570
117924 512 0 24560486319211
118436 512 0 24560486597851
118948 512 0 24560486876491
119460 512 0 24560487155132
119972 512 0 24560487433772
120484 512 0 24560487712413
120996 512 0 24560487991053
121508 512 0 24560488269694
122020 512 0 24560488548334
122532 512 0 24560488826975
123044 512 0 24560489105615
123556 512 0 24560489384255
124068 512 0 24560489662896
124580 512 0 24560489941536
125092 512 0 24560490220177
125604 512 0 24560490498817
126116 512 0 24560490777458
126628 512 0 24560491056098
127140 512 0 24560491334738
127652 512 0 24560491613379
128164 512 0 24560491892019
128676 512 0 24560492170660
129188 512 0 24560492449300
129700 512 0 24560492727941
130212 512 0 24560493006581
130724 512 0 24560493285223
131236 512 0 24560493563863
131748 512 0 24560493842504
132260 512 0 24560494121144
132772 512 0 24560494399785
133284 512 0 24560494678425
133796 512 0 24560494957065
134308 512 0 24560495235706
134820 512 0 24560495514346
135332 512 0 24560495792987
135844 512 0 24560496071627
136356 512 0 24560496350268
136868 512 0 24560496628908
137380 512 0 24560496907549
137892 512 0 24560497186189
138404 512 0 24560497464829
138916 512 0 24560497743470
139428 512 0 24560498022110
139940 512 0 24560498300751
140452 512 0 24560498579391
140964 512 0 24560498858032
141476 512 0 24560499136672
141988 512 0 24560499415313
142500 512 0 24560499693953
143012 512 0 24560499972593
143524 512 0 24560500251234
144036 512 0 24560500529874
144548 512 0 24560500808515
145060 512 0 24560501087155
145572 512 0 24560501365796
146084 512 0 24560501644436
146596 512 0 24560501923077
147108 512 0 24560502201720
147620 512 0 24560502480361
148132 512 0 24560502759001
148644 512 0 24560503037642
149156 512 0 24560503316282
149668 512 0 24560503594923
150180 512 0 24560503873563
150692 512 0 24560504152204
151204 512 0 24560504430844
151716 512 0 24560504709485
152228 512 0 24560504988125
152740 512 0 24560505266766
153252 512 0 24560505545406
153764 512 0 24560505824047
154276 512 0 24560506102687
154788 512 0 24560506381327
155300 512 0 24560506659968
155812 512 0 24560506938608
156324 512 0 24560507217249
156836 512 0 24560507495889
157348 512 0 24560507774530
157860 512 0 24560508053170
158372 512 0 24560508331811
158884 512 0 24560508610451
159396 512 0 24560508889092
159908 512 0 24560509167732
160420 512 0 24560509446373
160932 512 0 24560509725013
161444 512 0 24560510003654
161956 512 0 24560510282294
162468 512 0 24560510560934
162980 512 0 24560510839575
163492 512 0 24560511118219
164004 512 0 24560511396860
164516 512 0 24560511675500
165028 512 0 24560511954141
165540 512 0 24560512232781
166052 512 0 24560512511422
166564 512 0 24560512790062
167076 512 0 24560513068703
167588 512 0 24560513347343
168100 512 0 24560513625984
168612 512 0 24560513904624
169124 512 0 24560514183265
169636 512 0 24560514461905
170148 512 0 24560514740546
170660 512 0 24560515019186
171172 512 0 24560515297827
171684 512 0 24560515576467
172196 512 0 24560515855108
172708 512 0 24560516133748
173220 512 0 24560516412389
173732 512 0 24560516691029
174244 512 0 24560516969670
174756 512 0 24560517248310
175268 512 0 24560517526951
175780 512 0 24560517805591
176292 512 0 24560518084231
176804 512 0 24560518362872
177316 512 0 24560518641512
177828 512 0 24560518920153
178340 512 0 24560519198793
178852 512 0 24560519477434
179364 512 0 24560519756074
179876 512 0 24560520034718
180388 512 0 24560520313358
180900 512 0 24560520591999
181412 512 0 24560520870639
181924 512 0 24560521149280
182436 512 0 24560521427920
182948 512 0 24560521706561
183460 512 0 24560521985201
183972 512 0 24560522263842
184484 512 0 24560522542482
184996 512 0 24560522821123
185508 512 0 24560523099763
186020 512 0 24560523378404
186532 512 0 24560523657044
187044 512 0 24560523935685
187556 512 0 24560524214325
188068 512 0 24560524492966
188580 512 0 24560524771606
189092 512 0 24560525050247
189604 512 0 24560525328887
190116 512 0 24560525607528
190628 512 0 24560525886168
191140 512 0 24560526164809
191652 512 0 24560526443449
192164 512 0 24560526722090
192676 512 0 24560527000731
193188 512 0 24560527279371
193700 512 0 24560527558012
194212 512 0 24560527836652
194724 512 0 24560528115293
195236 512 0 24560528393933
195748 512 0 24560528672574
196260 512 0 24560528951216
196772 512 0 24560529229857
197284 512 0 24560529508497
197796 512 0 24560529787138
198308 512 0 24560530065778
198820 512 0 24560530344419
199332 512 0 24560530623059
199844 512 0 24560530901700
200356 512 0 24560531180340
200868 512 0 24560531458981
201380 512 0 24560531737621
201892 512 0 24560532016262
202404 512 0 24560532294902
202916 512 0 24560532573543
203428 512 0 24560532852184
203940 512 0 24560533130824
204452 512 0 24560533409465
204964 512 0 24560533688105
205476 512 0 24560533966746
205988 512 0 24560534245386
206500 512 0 24560534524027
207012 512 0 24560534802667
207524 512 0 24560535081308
208036 512 0 24560535359948
208548 512 0 24560535638589
209060 512 0 24560535917229
209572 512 0 24560536195870
210084 512 0 24560536474510
210596 512 0 24560536753151
211108 512 0 24560537031791
211620 512 0 24560537310432
212132 512 0 24560537589072
212644 512 0 24560537867715
213156 512 0 24560538146355
213668 512 0 24560538424996
214180 512 0 24560538703636
214692 512 0 24560538982277
215204 512 0 24560539260917
215716 512 0 24560539539558
216228 512 0 24560539818198
216740 512 0 24560540096839
217252 512 0 24560540375479
217764 512 0 24560540654120
218276 512 0 24560540932760
218788 512 0 24560541211401
219300 512 0 24560541490041
219812 512 0 24560541768682
220324 512 0 24560542047323
220836 512 0 24560542325963
221348 512 0 24560542604604
221860 512 0 24560542883244
222372 512 0 24560543161885
222884 512 0 24560543440525
223396 512 0 24560543719166
223908 512 0 24560543997806
224420 512 0 24560544276447
224932 512 0 24560544555087
225444 512 0 24560544833728
225956 512 0 24560545112368
226468 512 0 24560545391009
226980 512 0 24560545669649
227492 512 0 24560545948290
228004 512 0 24560546226931
228516 512 0 24560546505571
229028 512 0 24560546784214
229540 512 0 24560547062855
230052 512 0 24560547341495
230564 512 0 24560547620136
231076 512 0 24560547898776
231588 512 0 24560548177417
232100 512 0 24560548456057
232612 512 0 24560548734698
233124 512 0 24560549013338
233636 512 0 24560549291979
234148 512 0 24560549570619
234660 512 0 24560549849260
235172 512 0 24560550127901
235684 512 0 24560550406541
236196 512 0 24560550685182
236708 512 0 24560550963822
237220 512 0 24560551242463
237732 512 0 24560551521103
238244 512 0 24560551799744
238756 512 0 24560552078384
239268 512 0 24560552357025
239780 512 0 24560552635666
240292 512 0 24560552914306
240804 512 0 24560553192947
241316 512 0 24560553471587
241828 512 0 24560553750228
242340 512 0 24560554028868
242852 512 0 24560554307509
243364 512 0 24560554586149
243876 512 0 24560554864790
244388 512 0 24560555143430
244900 512 0 24560555422071
245412 512 0 24560555700713
245924 512 0 24560555979354
246436 512 0 24560556257995
246948 512 0 24560556536635
247460 512 0 24560556815276
247972 512 0 24560557093916
248484 512 0 24560557372557
248996 512 0 24560557651197
249508 512 0 24560557929838
250020 512 0 24560558208478
250532 512 0 24560558487119
251044 512 0 24560558765760
251556 512 0 24560559044400
252068 512 0 24560559323041
252580 512 0 24560559601681
253092 512 0 24560559880322
253604 512 0 24560560158962
254116 512 0 24560560437603
254628 512 0 24560560716243
255140 512 0 24560560994884
255652 512 0 24560561273525
256164 512 0 24560561552165
256676 512 0 24560561830806
257188 512 0 24560562109446
257700 512 0 24560562388087
258212 512 0 24560562666727
258724 512 0 24560562945368
259236 512 0 24560563224008
259748 512 0 24560563502649
260260 512 0 24560563781290
260772 512 0 24560564059930
261284 512 0 24560564338571
261796 512 0 24560564617211
262308 512 0 24560564895852
262820 512 0 24560565174493
263332 512 0 24560565453133
263844 512 0 24560565731774
264356 512 0 24560566010414
264868 512 0 24560566289055
265380 512 0 24560566567695
265892 512 0 24560566846336
266404 512 0 24560567124976
266916 512 0 24560567403617
267428 512 0 24560567682258
267940 512 0 24560567960898
268452 512 0 24560568239539
268964 512 0 24560568518179
269476 512 0 24560568796820
269988 512 0 24560569075460
270500 512 0 24560569354101
271012 512 0 24560569632741
271524 512 0 24560569911382
272036 512 0 24560570190023
272548 512 0 24560570468663
273060 512 0 24560570747304
273572 512 0 24560571025944
274084 512 0 24560571304585
274596 512 0 24560571583225
275108 512 0 24560571861866
275620 512 0 24560572140506
276132 512 0 24560572419147
276644 512 0 24560572697788
277156 512 0 24560572976428
277668 512 0 24560573255069
278180 512 0 24560573533711
278692 512 0 24560573812351
279204 512 0 24560574090992
279716 512 0 24560574369632
280228 512 0 24560574648273
280740 512 0 24560574926913
281252 512 0 24560575205554
281764 512 0 24560575484194
282276 512 0 24560575762835
282788 512 0 24560576041476
283300 512 0 24560576320116
283812 512 0 24560576598757
284324 512 0 24560576877397
284836 512 0 24560577156038
285348 512 0 24560577434678
285860 512 0 24560577713319
286372 512 0 24560577991960
286884 512 0 24560578270600
287396 512 0 24560578549241
287908 512 0 24560578827881
288420 512 0 24560579106522
288932 512 0 24560579385162
289444 512 0 24560579663803
289956 512 0 24560579942443
290468 512 0 24560580221084
290980 512 0 24560580499725
291492 512 0 24560580778365
292004 512 0 24560581057006
292516 512 0 24560581335646
293028 512 0 24560581614287
293540 512 0 24560581892927
294052 512 0 24560582171568
294564 512 0 24560582450209
295076 512 0 24560582728849
295588 512 0 24560583007490
296100 512 0 24560583286130
296612 512 0 24560583564771
297124 512 0 24560583843411
297636 512 0 24560584122052
298148 512 0 24560584400692
298660 512 0 24560584679333
299172 512 0 24560584957974
299684 512 0 24560585236614
300196 512 0 24560585515255
300708 512 0 24560585793895
301220 512 0 24560586072536
301732 512 0 24560586351176
302244 512 0 24560586629817
302756 512 0 24560586908458
303268 512 0 24560587187098
303780 512 0 24560587465739
304292 512 0 24560587744379
304804 512 0 24560588023020
305316 512 0 24560588301660
305828 512 0 24560588580301
306340 512 0 24560588858941
306852 512 0 24560589137582
307364 512 0 24560589416223
307876 512 0 24560589694863
308388 512 0 24560589973504
308900 512 0 24560590252144
309412 512 0 24560590530785
309924 512 0 24560590809425
310436 512 0 24560591088066
310948 512 0 24560591366707
311460 512 0 24560591645347
311972 512 0 24560591923988
312484 512 0 24560592202628
312996 512 0 24560592481269
313508 512 0 24560592759909
314020 512 0 24560593038550
314532 512 0 24560593317190
315044 512 0 24560593595831
315556 512 0 24560593874472
316068 512 0 24560594153112
316580 512 0 24560594431753
317092 512 0 24560594710393
317604 512 0 24560594989034
318116 512 0 24560595267674
318628 512 0 24560595546315
319140 512 0 24560595824956
319652 512 0 24560596103596
320164 512 0 24560596382237
320676 512 0 24560596660877
321188 512 0 24560596939518
321700 512 0 24560597218158
322212 512 0 24560597496799
322724 512 0 24560597775439
323236 512 0 24560598054080
323748 512 0 24560598332721
324260 512 0 24560598611361
324772 512 0 24560598890002
325284 512 0 24560599168642
325796 512 0 24560599447283
326308 512 0 24560599725923
326820 512 0 24560600004564
327332 512 0 24560600283205
327844 512 0 24560600561845
328356 512 0 24560600840486
328868 512 0 24560601119126
329380 512 0 24560601397767
329892 512 0 24560601676407
330404 512 0 24560601955048
330916 512 0 24560602233688
331428 512 0 24560602512329
331940 512 0 24560602790970
332452 512 0 24560603069610
332964 512 0 24560603348251
333476 512 0 24560603626891
333988 512 0 24560603905532
334500 512 0 24560604184172
335012 512 0 24560604462813
335524 512 0 24560604741454
336036 512 0 24560605020094
336548 512 0 24560605298735
337060 512 0 24560605577375
337572 512 0 24560605856016
338084 512 0 24560606134656
338596 512 0 24560606413297
339108 512 0 24560606691937
339620 512 0 24560606970578
340132 512 0 24560607249219
340644 512 0 24560607527859
341156 512 0 24560607806500
341668 512 0 24560608085140
342180 512 0 24560608363781
342692 512 0 24560608642421
343204 512 0 24560608921062
343716 512 0 24560609199704
344228 512 0 24560609478344
344740 512 0 24560609756985
345252 512 0 24560610035625
345764 512 0 24560610314266
346276 512 0 24560610592906
346788 512 0 24560610871547
347300 512 0 24560611150188
347812 512 0 24560611428828
348324 512 0 24560611707469
348836 512 0 24560611986109
349348 512 0 24560612264750
349860 512 0 24560612543390
350372 512 0 24560612822031
350884 512 0 24560613100672
351396 512 0 24560613379312
716 512 0 24560620006733
1228 512 0 24560620262733
1740 512 0 24560620518733
2252 512 0 24560620774733
2764 512 0 24560621030733
3276 512 0 24560621286733
3788 512 0 24560621542733
4300 512 0 24560621798733
4812 512 0 24560622054733
5324 512 0 24560622310733
5836 512 0 24560622566733
6348 512 0 24560622822733
6860 512 0 24560623078733
7372 512 0 24560623334733
7884 512 0 24560623590733
8396 512 0 24560623846733
8908 512 0 24560624102733
9420 512 0 24560624358733
9932 512 0 24560624614733
10444 512 0 24560624870733
10956 512 0 24560625126733
11468 512 0 24560625382733
11980 512 0 24560625638733
12492 512 0 24560625894733
13004 512 0 24560626150733
13516 512 0 24560626406733
14028 512 0 24560626662733
14540 512 0 24560626918733
15052 512 0 24560627174733
15564 512 0 24560627430733
16076 512 0 24560627686733
16588 512 0 24560627942733
17100 512 0 24560628198733
17612 512 0 24560628454733
18124 512 0 24560628710733
18636 512 0 24560628966733
19148 512 0 24560629222733
19660 512 0 24560629478733
20172 512 0 24560629734733
20684 512 0 24560629990733
21196 512 0 24560630246733
21708 512 0 24560630502733
22220 512 0 24560630758733
22732 512 0 24560631014733
23244 512 0 24560631270733
23756 512 0 24560631526733
24268 512 0 24560631782733
24780 512 0 24560632038733
25292 512 0 24560632294733
25804 512 0 24560632550733
26316 512 0 24560632806733
26828 512 0 24560633062733
27340 512 0 24560633318733
27852 512 0 24560633574733
28364 512 0 24560633830733
28876 512 0 24560634086733
29388 512 0 24560634342733
29900 512 0 24560634598733
30412 512 0 24560634854733
30924 512 0 24560635110733
31436 512 0 24560635366733
31948 512 0 24560635622733
32460 512 0 24560635878789
32972 512 0 24560636134789
33484 512 0 24560636390790
33996 512 0 24560636646791
34508 512 0 24560636902792
35020 512 0 24560637158792
35532 512 0 24560637414793
36044 512 0 24560637670794
36556 512 0 24560637926795
37068 512 0 24560638182795
37580 512 0 24560638438796
38092 512 0 24560638694797
38604 512 0 24560638950798
39116 512 0 24560639206798
39628 512 0 24560639462799
40140 512 0 24560639718800
40652 512 0 24560639974801
41164 512 0 24560640230801
41676 512 0 24560640486802
42188 512 0 24560640742803
42700 512 0 24560640998804
43212 512 0 24560641254804
43724 512 0 24560641510805
44236 512 0 24560641766806
44748 512 0 24560642022807
45260 512 0 24560642278807
45772 512 0 24560642534808
46284 512 0 24560642790809
46796 512 0 24560643046810
47308 512 0 24560643302810
47820 512 0 24560643558811
48332 512 0 24560643814812
48844 512 0 24560644070828
49356 512 0 24560644326829
49868 512 0 24560644582830
50380 512 0 24560644838831
50892 512 0 24560645094832
51404 512 0 24560645350833
51916 512 0 24560645606834
52428 512 0 24560645862835
52940 512 0 24560646118836
53452 512 0 24560646374837
53964 512 0 24560646630838
54476 512 0 24560646886839
54988 512 0 24560647142840
55500 512 0 24560647398841
56012 512 0 24560647654842
56524 512 0 24560647910843
57036 512 0 24560648166844
57548 512 0 24560648422845
58060 512 0 24560648678845
58572 512 0 24560648934846
59084 512 0 24560649190847
59596 512 0 24560649446848
60108 512 0 24560649702849
60620 512 0 24560649958850
61132 512 0 24560650214851
61644 512 0 24560650470852
62156 512 0 24560650726853
62668 512 0 24560650982854
63180 512 0 24560651238855
63692 512 0 24560651494856
64204 512 0 24560651750857
64716 512 0 24560652006858
65228 512 0 24560652262862
65740 512 0 24560652518863
66252 512 0 24560652774864
66764 512 0 24560653030865
67276 512 0 24560653286866
67788 512 0 24560653542867
68300 512 0 24560653798868
68812 512 0 24560654054869
69324 512 0 24560654310870
69836 512 0 24560654566871
70348 512 0 24560654822872
70860 512 0 24560655078873
71372 512 0 24560655334874
71884 512 0 24560655590875
72396 512 0 24560655846876
72908 512 0 24560656102877
73420 512 0 24560656358878
73932 512 0 24560656614879
74444 512 0 24560656870880
74956 512 0 24560657126881
75468 512 0 24560657382882
75980 512 0 24560657638883
76492 512 0 24560657894884
77004 512 0 24560658150885
77516 512 0 24560658406886
78028 512 0 24560658662887
78540 512 0 24560658918888
79052 512 0 24560659174889
79564 512 0 24560659430890
80076 512 0 24560659686891
80588 512 0 24560659942892
81100 512 0 24560660198893
81612 512 0 24560660454896
82124 512 0 24560660710897
82636 512 0 24560660966898
83148 512 0 24560661222899
83660 512 0 24560661478900
84172 512 0 24560661734901
84684 512 0 24560661990902
85196 512 0 24560662246903
85708 512 0 24560662502904
86220 512 0 24560662758905
86732 512 0 24560663014906
87244 512 0 24560663270907
87756 512 0 24560663526908
88268 512 0 24560663782909
88780 512 0 24560664038910
89292 512 0 24560664294911
89804 512 0 24560664550912
90316 512 0 24560664806913
90828 512 0 24560665062914
91340 512 0 24560665318915
91852 512 0 24560665574916
92364 512 0 24560665830917
92876 512 0 24560666086918
93388 512 0 24560666342919
93900 512 0 24560666598920
94412 512 0 24560666854921
94924 512 0 24560667110922
95436 512 0 24560667366923
95948 512 0 24560667622924
96460 512 0 24560667878925
96972 512 0 24560668134926
97484 512 0 24560668390927
97996 512 0 24560668646928
98508 512 0 24560668902929
99020 512 0 24560669158930
99532 512 0 24560669414931
100044 512 0 24560669670932
100556 512 0 24560669926933
101068 512 0 24560670182934
101580 512 0 24560670438935
102092 512 0 24560670694936
102604 512 0 24560670950937
103116 512 0 24560671206938
103628 512 0 24560671462939
104140 512 0 24560671718940
104652 512 0 24560671974941
105164 512 0 24560672230942
105676 512 0 24560672486943
106188 512 0 24560672742944
106700 512 0 24560672998945
107212 512 0 24560673254946
107724 512 0 24560673510947
108236 512 0 24560673766948
108748 512 0 24560674022949
109260 512 0 24560674278950
109772 512 0 24560674534951
110284 512 0 24560674790952
110796 512 0 24560675046953
111308 512 0 24560675302954
111820 512 0 24560675558955
112332 512 0 24560675814956
112844 512 0 24560676070957
113356 512 0 24560676326958
113868 512 0 24560676582959
114380 512 0 24560676838960
114892 512 0 24560677094961
115404 512 0 24560677350962
115916 512 0 24560677606963
116428 512 0 24560677862964
116940 512 0 24560678118965
117452 512 0 24560678374966
117964 512 0 24560678630967
118476 512 0 24560678886968
118988 512 0 24560679142969
119500 512 0 24560679398970
120012 512 0 24560679654971
120524 512 0 24560679910972
121036 512 0 24560680166973
121548 512 0 24560680422974
122060 512 0 24560680678975
122572 512 0 24560680934976
123084 512 0 24560681190977
123596 512 0 24560681446978
124108 512 0 24560681702979
124620 512 0 24560681958980
125132 512 0 24560682214981
125644 512 0 24560682470982
126156 512 0 24560682726983
126668 512 0 24560682982984
127180 512 0 24560683238985
127692 512 0 24560683494986
128204 512 0 24560683750987
128716 512 0 24560684006988
129228 512 0 24560684262989
129740 512 0 24560684518990
130252 512 0 24560684774991
130764 512 0 24560685030993
131276 512 0 24560685286994
131788 512 0 24560685542995
132300 512 0 24560685798996
132812 512 0 24560686054997
133324 512 0 24560686310998
133836 512 0 24560686566999
134348 512 0 24560686823000
134860 512 0 24560687079001
135372 512 0 24560687335002
135884 512 0 24560687591003
136396 512 0 24560687847004
136908 512 0 24560688103005
137420 512 0 24560688359006
137932 512 0 24560688615007
138444 512 0 24560688871008
138956 512 0 24560689127009
139468 512 0 24560689383010
139980 512 0 24560689639011
140492 512 0 24560689895012
141004 512 0 24560690151013
141516 512 0 24560690407014
142028 512 0 24560690663015
142540 512 0 24560690919016
143052 512 0 24560691175017
143564 512 0 24560691431018
144076 512 0 24560691687019
144588 512 0 24560691943020
145100 512 0 24560692199021
145612 512 0 24560692455022
146124 512 0 24560692711023
146636 512 0 24560692967024
147148 512 0 24560693223026
147660 512 0 24560693479027
148172 512 0 24560693735028
148684 512 0 24560693991029
149196 512 0 24560694247030
149708 512 0 24560694503031
150220 512 0 24560694759032
150732 512 0 24560695015033
151244 512 0 24560695271034
151756 512 0 24560695527035
152268 512 0 24560695783036
152780 512 0 24560696039037
153292 512 0 24560696295038
153804 512 0 24560696551039
154316 512 0 24560696807040
154828 512 0 24560697063041
155340 512 0 24560697319042
155852 512 0 24560697575043
156364 512 0 24560697831044
156876 512 0 24560698087045
157388 512 0 24560698343046
157900 512 0 24560698599047
158412 512 0 24560698855048
158924 512 0 24560699111049
159436 512 0 24560699367050
159948 512 0 24560699623051
160460 512 0 24560699879052
160972 512 0 24560700135053
161484 512 0 24560700391054
161996 512 0 24560700647055
162508 512 0 24560700903056
163020 512 0 24560701159057
163532 512 0 24560701415059
164044 512 0 24560701671060
164556 512 0 24560701927061
165068 512 0 24560702183062
165580 512 0 24560702439063
166092 512 0 24560702695064
166604 512 0 24560702951065
167116 512 0 24560703207066
167628 512 0 24560703463067
168140 512 0 24560703719068
168652 512 0 24560703975069
169164 512 0 24560704231070
169676 512 0 24560704487071
170188 512 0 24560704743072
170700 512 0 24560704999073
171212 512 0 24560705255074
171724 512 0 24560705511075
172236 512 0 24560705767076
172748 512 0 24560706023077
173260 512 0 24560706279078
173772 512 0 24560706535079
174284 512 0 24560706791080
174796 512 0 24560707047081
175308 512 0 24560707303082
175820 512 0 24560707559083
176332 512 0 24560707815084
176844 512 0 24560708071086
177356 512 0 24560708327087
177868 512 0 24560708583088
178380 512 0 24560708839089
178892 512 0 24560709095090
179404 512 0 24560709351091
179916 512 0 24560709607093
180428 512 0 24560709863094
180940 512 0 24560710119095
181452 512 0 24560710375096
181964 512 0 24560710631097
182476 512 0 24560710887098
182988 512 0 24560711143100
183500 512 0 24560711399101
184012 512 0 24560711655102
184524 512 0 24560711911103
185036 512 0 24560712167104
185548 512 0 24560712423105
186060 512 0 24560712679106
186572 512 0 24560712935107
187084 512 0 24560713191108
187596 512 0 24560713447109
188108 512 0 24560713703110
188620 512 0 24560713959111
189132 512 0 24560714215112
189644 512 0 24560714471113
190156 512 0 24560714727114
190668 512 0 24560714983115
191180 512 0 24560715239116
191692 512 0 24560715495117
192204 512 0 24560715751118
192716 512 0 24560716007119
193228 512 0 24560716263120
193740 512 0 24560716519121
194252 512 0 24560716775122
194764 512 0 24560717031123
195276 512 0 24560717287124
195788 512 0 24560717543125
196300 512 0 24560717799126
196812 512 0 24560718055127
197324 512 0 24560718311128
197836 512 0 24560718567129
198348 512 0 24560718823130
198860 512 0 24560719079132
199372 512 0 24560719335133
199884 512 0 24560719591134
200396 512 0 24560719847135
200908 512 0 24560720103136
201420 512 0 24560720359137
201932 512 0 24560720615138
202444 512 0 24560720871139
202956 512 0 24560721127140
203468 512 0 24560721383141
203980 512 0 24560721639142
204492 512 0 24560721895143
205004 512 0 24560722151144
205516 512 0 24560722407145
206028 512 0 24560722663146
206540 512 0 24560722919147
207052 512 0 24560723175148
207564 512 0 24560723431149
208076 512 0 24560723687150
208588 512 0 24560723943151
209100 512 0 24560724199152
209612 512 0 24560724455153
210124 512 0 24560724711154
210636 512 0 24560724967155
211148 512 0 24560725223156
211660 512 0 24560725479157
212172 512 0 24560725735158
212684 512 0 24560725991161
213196 512 0 24560726247162
213708 512 0 24560726503163
214220 512 0 24560726759164
214732 512 0 24560727015165
215244 512 0 24560727271166
215756 512 0 24560727527167
216268 512 0 24560727783168
216780 512 0 24560728039169
217292 512 0 24560728295170
217804 512 0 24560728551171
218316 512 0 24560728807172
218828 512 0 24560729063173
219340 512 0 24560729319174
219852 512 0 24560729575175
220364 512 0 24560729831176
220876 512 0 24560730087177
221388 512 0 24560730343178
221900 512 0 24560730599179
222412 512 0 24560730855180
222924 512 0 24560731111181
223436 512 0 24560731367182
223948 512 0 24560731623183
224460 512 0 24560731879184
224972 512 0 24560732135186
225484 512 0 24560732391187
225996 512 0 24560732647188
226508 512 0 24560732903189
227020 512 0 24560733159190
227532 512 0 24560733415191
228044 512 0 24560733671192
228556 512 0 24560733927193
229068 512 0 24560734183195
229580 512 0 24560734439196
230092 512 0 24560734695197
230604 512 0 24560734951198
231116 512 0 24560735207199
231628 512 0 24560735463200
232140 512 0 24560735719201
232652 512 0 24560735975202
233164 512 0 24560736231203
233676 512 0 24560736487204
234188 512 0 24560736743205
234700 512 0 24560736999206
235212 512 0 24560737255207
235724 512 0 24560737511208
236236 512 0 24560737767209
236748 512 0 24560738023210
237260 512 0 24560738279212
237772 512 0 24560738535213
238284 512 0 24560738791214
238796 512 0 24560739047215
239308 512 0 24560739303216
239820 512 0 24560739559217
240332 512 0 24560739815218
240844 512 0 24560740071219
241356 512 0 24560740327220
241868 512 0 24560740583221
242380 512 0 24560740839222
242892 512 0 24560741095223
243404 512 0 24560741351224
243916 512 0 24560741607225
244428 512 0 24560741863226
244940 512 0 24560742119227
245452 512 0 24560742375228
245964 512 0 24560742631229
246476 512 0 24560742887230
246988 512 0 24560743143231
247500 512 0 24560743399232
248012 512 0 24560743655233
248524 512 0 24560743911234
249036 512 0 24560744167235
249548 512 0 24560744423236
250060 512 0 24560744679237
250572 512 0 24560744935238
251084 512 0 24560745191239
251596 512 0 24560745447240
252108 512 0 24560745703241
252620 512 0 24560745959242
253132 512 0 24560746215243
253644 512 0 24560746471244
254156 512 0 24560746727245
254668 512 0 24560746983246
255180 512 0 24560747239247
255692 512 0 24560747495249
256204 512 0 24560747751250
256716 512 0 24560748007251
257228 512 0 24560748263252
257740 512 0 24560748519253
258252 512 0 24560748775254
258764 512 0 24560749031255
259276 512 0 24560749287256
259788 512 0 24560749543257
260300 512 0 24560749799258
260812 512 0 24560750055259
261324 512 0 24560750311260
261836 512 0 24560750567262
262348 512 0 24560750823263
262860 512 0 24560751079264
263372 512 0 24560751335265
263884 512 0 24560751591266
264396 512 0 24560751847267
264908 512 0 24560752103268
265420 512 0 24560752359269
265932 512 0 24560752615270
266444 512 0 24560752871271
266956 512 0 24560753127272
267468 512 0 24560753383273
267980 512 0 24560753639274
268492 512 0 24560753895275
269004 512 0 24560754151276
269516 512 0 24560754407277
270028 512 0 24560754663278
270540 512 0 24560754919279
271052 512 0 24560755175281
271564 512 0 24560755431282
272076 512 0 24560755687283
272588 512 0 24560755943284
273100 512 0 24560756199285
273612 512 0 24560756455286
274124 512 0 24560756711287
274636 512 0 24560756967288
275148 512 0 24560757223289
275660 512 0 24560757479290
276172 512 0 24560757735291
276684 512 0 24560757991292
277196 512 0 24560758247293
277708 512 0 24560758503294
278220 512 0 24560758759296
278732 512 0 24560759015297
279244 512 0 24560759271298
279756 512 0 24560759527299
280268 512 0 24560759783300
280780 512 0 24560760039301
281292 512 0 24560760295302
281804 512 0 24560760551303
282316 512 0 24560760807304
282828 512 0 24560761063305
283340 512 0 24560761319306
283852 512 0 24560761575307
284364 512 0 24560761831308
284876 512 0 24560762087309
285388 512 0 24560762343310
285900 512 0 24560762599311
286412 512 0 24560762855313
286924 512 0 24560763111314
287436 512 0 24560763367315
287948 512 0 24560763623316
288460 512 0 24560763879317
288972 512 0 24560764135318
289484 512 0 24560764391319
289996 512 0 24560764647320
290508 512 0 24560764903321
291020 512 0 24560765159322
291532 512 0 24560765415323
292044 512 0 24560765671324
292556 512 0 24560765927325
293068 512 0 24560766183326
293580 512 0 24560766439327
294092 512 0 24560766695328
294604 512 0 24560766951330
295116 512 0 24560767207331
295628 512 0 24560767463332
296140 512 0 24560767719333
296652 512 0 24560767975334
297164 512 0 24560768231335
297676 512 0 24560768487336
298188 512 0 24560768743337
298700 512 0 24560768999338
299212 512 0 24560769255339
299724 512 0 24560769511340
300236 512 0 24560769767341
300748 512 0 24560770023342
301260 512 0 24560770279343
301772 512 0 24560770535345
302284 512 0 24560770791346
302796 512 0 24560771047347
303308 512 0 24560771303348
303820 512 0 24560771559349
304332 512 0 24560771815350
304844 512 0 24560772071351
305356 512 0 24560772327352
305868 512 0 24560772583353
306380 512 0 24560772839354
306892 512 0 24560773095355
307404 512 0 24560773351356
307916 512 0 24560773607357
308428 512 0 24560773863358
308940 512 0 24560774119359
309452 512 0 24560774375360
309964 512 0 24560774631361
310476 512 0 24560774887362
310988 512 0 24560775143363
311500 512 0 24560775399364
312012 512 0 24560775655365
312524 512 0 24560775911366
313036 512 0 24560776167367
313548 512 0 24560776423368
314060 512 0 24560776679369
314572 512 0 24560776935370
315084 512 0 24560777191371
315596 512 0 24560777447372
316108 512 0 24560777703373
316620 512 0 24560777959374
317132 512 0 24560778215375
317644 512 0 24560778471376
318156 512 0 24560778727377
318668 512 0 24560778983379
319180 512 0 24560779239380
319692 512 0 24560779495381
320204 512 0 24560779751382
320716 512 0 24560780007383
321228 512 0 24560780263384
321740 512 0 24560780519385
322252 512 0 24560780775386
322764 512 0 24560781031387
323276 512 0 24560781287388
323788 512 0 24560781543389
324300 512 0 24560781799390
324812 512 0 24560782055391
325324 512 0 24560782311392
325836 512 0 24560782567393
326348 512 0 24560782823394
326860 512 0 24560783079395
327372 512 0 24560783335397
327884 512 0 24560783591398
328396 512 0 24560783847399
328908 512 0 24560784103400
329420 512 0 24560784359401
329932 512 0 24560784615402
330444 512 0 24560784871403
330956 512 0 24560785127404
331468 512 0 24560785383405
331980 512 0 24560785639406
332492 512 0 24560785895407
333004 512 0 24560786151408
333516 512 0 24560786407409
334028 512 0 24560786663410
334540 512 0 24560786919412
335052 512 0 24560787175413
335564 512 0 24560787431414
336076 512 0 24560787687415
336588 512 0 24560787943416
337100 512 0 24560788199417
337612 512 0 24560788455418
338124 512 0 24560788711419
338636 512 0 24560788967420
339148 512 0 24560789223421
339660 512 0 24560789479422
340172 512 0 24560789735423
340684 512 0 24560789991424
341196 512 0 24560790247425
341708 512 0 24560790503426
342220 512 0 24560790759427
342732 512 0 24560791015428
343244 512 0 24560791271429
343756 512 0 24560791527431
344268 512 0 24560791783432
344780 512 0 24560792039433
345292 512 0 24560792295434
345804 512 0 24560792551435
346316 512 0 24560792807436
346828 512 0 24560793063437
347340 512 0 24560793319438
347852 512 0 24560793575439
348364 512 0 24560793831440
348876 512 0 24560794087441
349388 512 0 24560794343442
349900 512 0 24560794599444
350412 512 0 24560794855445
350924 512 0 24560795111446
351436 512 0 24560795367447
351948 512 0 24560795623448
352460 512 0 24560795879449
352972 512 0 24560796135450
353484 512 0 24560796391451
353996 512 0 24560796647452
354508 512 0 24560796903453
355020 512 0 24560797159454
355532 512 0 24560797415455
356044 512 0 24560797671456
356556 512 0 24560797927457
357068 512 0 24560798183458
357580 512 0 24560798439459
358092 512 0 24560798695460
358604 512 0 24560798951461
359116 512 0 24560799207462
359628 512 0 24560799463463
360140 512 0 24560799719465
360652 512 0 24560799975466
361164 512 0 24560800231467
361676 512 0 24560800487468
362188 512 0 24560800743469
362700 512 0 24560800999470
363212 512 0 24560801255471
363724 512 0 24560801511472
364236 512 0 24560801767473
364748 512 0 24560802023474
365260 512 0 24560802279475
365772 512 0 24560802535477
366284 512 0 24560802791478
366796 512 0 24560803047479
367308 512 0 24560803303480
367820 512 0 24560803559481
368332 512 0 24560803815482
368844 512 0 24560804071483
369356 512 0 24560804327484
369868 512 0 24560804583485
370380 512 0 24560804839486
370892 512 0 24560805095487
371404 512 0 24560805351488
371916 512 0 24560805607489
372428 512 0 24560805863490
372940 512 0 24560806119491
373452 512 0 24560806375492
373964 512 0 24560806631493
374476 512 0 24560806887494
374988 512 0 24560807143495
375500 512 0 24560807399496
376012 512 0 24560807655498
376524 512 0 24560807911498
377036 512 0 24560808167499
377548 512 0 24560808423500
378060 512 0 24560808679501
378572 512 0 24560808935502
379084 512 0 24560809191503
379596 512 0 24560809447504
380108 512 0 24560809703505
380620 512 0 24560809959506
381132 512 0 24560810215507
381644 512 0 24560810471508
382156 512 0 24560810727509
382668 512 0 24560810983510
383180 512 0 24560811239512
383692 512 0 24560811495513
384204 512 0 24560811751514
384716 512 0 24560812007515
385228 512 0 24560812263516
385740 512 0 24560812519517
386252 512 0 24560812775518
386764 512 0 24560813031519
387276 512 0 24560813287520
387788 512 0 24560813543521
388300 512 0 24560813799522
388812 512 0 24560814055523
389324 512 0 24560814311524
389836 512 0 24560814567525
390348 512 0 24560814823526
390860 512 0 24560815079527
391372 512 0 24560815335528
391884 512 0 24560815591529
392396 512 0 24560815847530
392908 512 0 24560816103532
393420 512 0 24560816359533
393932 512 0 24560816615534
394444 512 0 24560816871535
394956 512 0 24560817127536
395468 512 0 24560817383537
395980 512 0 24560817639538
396492 512 0 24560817895539
397004 512 0 24560818151540
397516 512 0 24560818407541
398028 512 0 24560818663542
398540 512 0 24560818919544
399052 512 0 24560819175545
399564 512 0 24560819431546
400076 512 0 24560819687547
400588 512 0 24560819943548
401100 512 0 24560820199549
401612 512 0 24560820455550
402124 512 0 24560820711551
402636 512 0 24560820967552
403148 512 0 24560821223553
403660 512 0 24560821479554
404172 512 0 24560821735555
404684 512 0 24560821991556
405196 512 0 24560822247557
405708 512 0 24560822503558
406220 512 0 24560822759559
406732 512 0 24560823015560
407244 512 0 24560823271561
407756 512 0 24560823527562
408268 512 0 24560823783563
408780 512 0 24560824039564
409292 512 0 24560824295566
409804 512 0 24560824551567
410316 512 0 24560824807568
410828 512 0 24560825063569
411340 512 0 24560825319570
411852 512 0 24560825575571
412364 512 0 24560825831572
412876 512 0 24560826087573
413388 512 0 24560826343574
413900 512 0 24560826599575
414412 512 0 24560826855577
414924 512 0 24560827111578
415436 512 0 24560827367579
415948 512 0 24560827623580
416460 512 0 24560827879581
416972 512 0 24560828135582
417484 512 0 24560828391583
417996 512 0 24560828647584
418508 512 0 24560828903585
419020 512 0 24560829159586
419532 512 0 24560829415587
420044 512 0 24560829671588
420556 512 0 24560829927589
421068 512 0 24560830183590
421580 512 0 24560830439591
422092 512 0 24560830695592
422604 512 0 24560830951593
423116 512 0 24560831207594
423628 512 0 24560831463595
424140 512 0 24560831719596
424652 512 0 24560831975598
425164 512 0 24560832231599
425676 512 0 24560832487600
426188 512 0 24560832743601
426700 512 0 24560832999602
427212 512 0 24560833255603
427724 512 0 24560833511604
428236 512 0 24560833767605
428748 512 0 24560834023606
429260 512 0 24560834279607
429772 512 0 24560834535608
430284 512 0 24560834791610
430796 512 0 24560835047611
431308 512 0 24560835303612
431820 512 0 24560835559613
432332 512 0 24560835815614
432844 512 0 24560836071615
433356 512 0 24560836327616
433868 512 0 24560836583617
434380 512 0 24560836839618
434892 512 0 24560837095619
435404 512 0 24560837351620
435916 512 0 24560837607621
436428 512 0 24560837863622
436940 512 0 24560838119623
437452 512 0 24560838375624
437964 512 0 24560838631625
438476 512 0 24560838887626
438988 512 0 24560839143627
439500 512 0 24560839399628
440012 512 0 24560839655629
440524 512 0 24560839911631
441036 512 0 24560840167632
441548 512 0 24560840423633
442060 512 0 24560840679634
442572 512 0 24560840935635
443084 512 0 24560841191636
443596 512 0 24560841447637
444108 512 0 24560841703638
444620 512 0 24560841959639
445132 512 0 24560842215640
445644 512 0 24560842471641
446156 512 0 24560842727642
446668 512 0 24560842983644
447180 512 0 24560843239645
447692 512 0 24560843495646
448204 512 0 24560843751647
448716 512 0 24560844007648
449228 512 0 24560844263649
449740 512 0 24560844519650
450252 512 0 24560844775651
450764 512 0 24560845031652
451276 512 0 24560845287653
451788 512 0 24560845543654
452300 512 0 24560845799655
452812 512 0 24560846055656
453324 512 0 24560846311657
453836 512 0 24560846567658
454348 512 0 24560846823659
454860 512 0 24560847079660
455372 512 0 24560847335661
455884 512 0 24560847591662
456396 512 0 24560847847664
456908 512 0 24560848103665
457420 512 0 24560848359666
457932 512 0 24560848615667
458444 512 0 24560848871668
458956 512 0 24560849127669
459468 512 0 24560849383670
459980 512 0 24560849639671
460492 512 0 24560849895672
461004 512 0 24560850151673
461516 512 0 24560850407674
462028 512 0 24560850663675
462540 512 0 24560850919677
463052 512 0 24560851175678
463564 512 0 24560851431679
464076 512 0 24560851687680
464588 512 0 24560851943681
465100 512 0 24560852199682
465612 512 0 24560852455683
466124 512 0 24560852711684
466636 512 0 24560852967685
467148 512 0 24560853223686
467660 512 0 24560853479687
468172 512 0 24560853735688
468684 512 0 24560853991689
469196 512 0 24560854247690
469708 512 0 24560854503691
470220 512 0 24560854759692
470732 512 0 24560855015693
471244 512 0 24560855271694
471756 512 0 24560855527695
472268 512 0 24560855783697
472780 512 0 24560856039698
473292 512 0 24560856295699
473804 512 0 24560856551700
474316 512 0 24560856807701
474828 512 0 24560857063701
475340 512 0 24560857319702
475852 512 0 24560857575703
476364 512 0 24560857831704
476876 512 0 24560858087705
477388 512 0 24560858343706
477900 512 0 24560858599707
478412 512 0 24560858855708
478924 512 0 24560859111709
479436 512 0 24560859367710
479948 512 0 24560859623712
480460 512 0 24560859879713
480972 512 0 24560860135714
481484 512 0 24560860391715
481996 512 0 24560860647716
482508 512 0 24560860903717
483020 512 0 24560861159718
483532 512 0 24560861415719
484044 512 0 24560861671720
484556 512 0 24560861927721
485068 512 0 24560862183722
485580 512 0 24560862439723
486092 512 0 24560862695724
486604 512 0 24560862951725
487116 512 0 24560863207726
487628 512 0 24560863463727
488140 512 0 24560863719728
488652 512 0 24560863975729
489164 512 0 24560864231730
489676 512 0 24560864487732
490188 512 0 24560864743733
490700 512 0 24560864999734
491212 512 0 24560865255735
491724 512 0 24560865511736
492236 512 0 24560865767737
492748 512 0 24560866023738
493260 512 0 24560866279739
493772 512 0 24560866535740
494284 512 0 24560866791741
494796 512 0 24560867047742
495308 512 0 24560867303743
495820 512 0 24560867559745
496332 512 0 24560867815746
496844 512 0 24560868071747
497356 512 0 24560868327748
497868 512 0 24560868583749
498380 512 0 24560868839750
498892 512 0 24560869095751
499404 512 0 24560869351752
499916 512 0 24560869607753
500428 512 0 24560869863754
500940 512 0 24560870119755
501452 512 0 24560870375756
501964 512 0 24560870631757
502476 512 0 24560870887758
502988 512 0 24560871143759
503500 512 0 24560871399760
504012 512 0 24560871655761
504524 512 0 24560871911762
505036 512 0 24560872167763
505548 512 0 24560872423765
506060 512 0 24560872679766
506572 512 0 24560872935767
507084 512 0 24560873191768
507596 512 0 24560873447769
508108 512 0 24560873703770
508620 512 0 24560873959771
509132 512 0 24560874215772
509644 512 0 24560874471773
510156 512 0 24560874727774
510668 512 0 24560874983775
511180 512 0 24560875239776
511692 512 0 24560875495778
512204 512 0 24560875751779
512716 512 0 24560876007780
513228 512 0 24560876263781
513740 512 0 24560876519782
514252 512 0 24560876775783
514764 512 0 24560877031784
515276 512 0 24560877287785
515788 512 0 24560877543786
516300 512 0 24560877799787
516812 512 0 24560878055788
517324 512 0 24560878311789
517836 512 0 24560878567790
518348 512 0 24560878823791
518860 512 0 24560879079792
519372 512 0 24560879335793
519884 512 0 24560879591794
520396 512 0 24560879847795
520908 512 0 24560880103796
521420 512 0 24560880359798
521932 512 0 24560880615799
522444 512 0 24560880871800
522956 512 0 24560881127801
523468 512 0 24560881383802
523980 512 0 24560881639803
524492 512 0 24560881895804
525004 512 0 24560882151805
525516 512 0 24560882407806
526028 512 0 24560882663807
526540 512 0 24560882919808
527052 512 0 24560883175809
527564 512 0 24560883431810
528076 512 0 24560883687812
528588 512 0 24560883943813
529100 512 0 24560884199814
529612 512 0 24560884455815
530124 512 0 24560884711816
530636 512 0 24560884967817
531148 512 0 24560885223818
531660 512 0 24560885479819
532172 512 0 24560885735820
532684 512 0 24560885991821
533196 512 0 24560886247822
533708 512 0 24560886503823
534220 512 0 24560886759824
534732 512 0 24560887015825
535244 512 0 24560887271826
535756 512 0 24560887527827
536268 512 0 24560887783828
536780 512 0 24560888039829
537292 512 0 24560888295831
537804 512 0 24560888551832
538316 512 0 24560888807833
538828 512 0 24560889063834
539340 512 0 24560889319835
539852 512 0 24560889575836
540364 512 0 24560889831837
540876 512 0 24560890087838
541388 512 0 24560890343839
541900 512 0 24560890599840
542412 512 0 24560890855841
542924 512 0 24560891111842
543436 512 0 24560891367843
543948 512 0 24560891623845
544460 512 0 24560891879846
544972 512 0 24560892135847
545484 512 0 24560892391848
545996 512 0 24560892647849
546508 512 0 24560892903850
547020 512 0 24560893159851
547532 512 0 24560893415852
548044 512 0 24560893671853
548556 512 0 24560893927854
549068 512 0 24560894183855
549580 512 0 24560894439856
550092 512 0 24560894695857
550604 512 0 24560894951858
551116 512 0 24560895207859
551628 512 0 24560895463860
552140 512 0 24560895719861
552652 512 0 24560895975862
553164 512 0 24560896231864
553676 512 0 24560896487865
554188 512 0 24560896743866
554700 512 0 24560896999867
555212 512 0 24560897255868
555724 512 0 24560897511869
556236 512 0 24560897767870
556748 512 0 24560898023871
557260 512 0 24560898279872
557772 512 0 24560898535873
558284 512 0 24560898791874
558796 512 0 24560899047875
559308 512 0 24560899303876
559820 512 0 24560899559877
560332 512 0 24560899815879
560844 512 0 24560900071880
561356 512 0 24560900327881
561868 512 0 24560900583882
562380 512 0 24560900839883
562892 512 0 24560901095884
563404 512 0 24560901351885
563916 512 0 24560901607886
564428 512 0 24560901863887
564940 512 0 24560902119888
565452 512 0 24560902375889
565964 512 0 24560902631890
566476 512 0 24560902887891
566988 512 0 24560903143892
567500 512 0 24560903399893
568012 512 0 24560903655894
568524 512 0 24560903911895
569036 512 0 24560904167897
569548 512 0 24560904423898
570060 512 0 24560904679899
570572 512 0 24560904935900
571084 512 0 24560905191901
571596 512 0 24560905447902
572108 512 0 24560905703903
572620 512 0 24560905959904
573132 512 0 24560906215905
573644 512 0 24560906471906
574156 512 0 24560906727907
574668 512 0 24560906983908
575180 512 0 24560907239909
575692 512 0 24560907495910
576204 512 0 24560907751912
576716 512 0 24560908007913
577228 512 0 24560908263914
577740 512 0 24560908519915
578252 512 0 24560908775916
578764 512 0 24560909031917
579276 512 0 24560909287918
579788 512 0 24560909543919
580300 512 0 24560909799920
580812 512 0 24560910055921
581324 512 0 24560910311922
581836 512 0 24560910567923
582348 512 0 24560910823924
582860 512 0 24560911079925
583372 512 0 24560911335926
583884 512 0 24560911591927
584396 512 0 24560911847928
584908 512 0 24560912103929
585420 512 0 24560912359931
585932 512 0 24560912615932
586444 512 0 24560912871933
586956 512 0 24560913127934
587468 512 0 24560913383935
587980 512 0 24560913639936
588492 512 0 24560913895937
589004 512 0 24560914151938
589516 512 0 24560914407939
590028 512 0 24560914663940
590540 512 0 24560914919941
591052 512 0 24560915175942
591564 512 0 24560915431943
592076 512 0 24560915687944
592588 512 0 24560915943946
593100 512 0 24560916199947
593612 512 0 24560916455948
594124 512 0 24560916711949
594636 512 0 24560916967950
595148 512 0 24560917223951
595660 512 0 24560917479952
596172 512 0 24560917735953
596684 512 0 24560917991954
597196 512 0 24560918247955
597708 512 0 24560918503956
598220 512 0 24560918759957
598732 512 0 24560919015958
599244 512 0 24560919271959
599756 512 0 24560919527960
600268 512 0 24560919783961
600780 512 0 24560920039962
601292 512 0 24560920295964
601804 512 0 24560920551965
602316 512 0 24560920807966
602828 512 0 24560921063967
603340 512 0 24560921319968
603852 512 0 24560921575969
604364 512 0 24560921831970
604876 512 0 24560922087971
605388 512 0 24560922343972
605900 512 0 24560922599973
606412 512 0 24560922855974
606924 512 0 24560923111975
607436 512 0 24560923367976
607948 512 0 24560923623977
608460 512 0 24560923879979
608972 512 0 24560924135980
609484 512 0 24560924391981
609996 512 0 24560924647982
610508 512 0 24560924903983
611020 512 0 24560925159984
611532 512 0 24560925415985
612044 512 0 24560925671986
612556 512 0 24560925927987
613068 512 0 24560926183988
613580 512 0 24560926439989
614092 512 0 24560926695990
614604 512 0 24560926951991
615116 512 0 24560927207992
615628 512 0 24560927463993
616140 512 0 24560927719994
616652 512 0 24560927975995
617164 512 0 24560928231996
617676 512 0 24560928487998
618188 512 0 24560928743999
618700 512 0 24560929000000
619212 512 0 24560929256001
619724 512 0 24560929512002
620236 512 0 24560929768003
620748 512 0 24560930024004
621260 512 0 24560930280005
621772 512 0 24560930536006
622284 512 0 24560930792007
622796 512 0 24560931048008
623308 512 0 24560931304009
623820 512 0 24560931560010
624332 512 0 24560931816011
624844 512 0 24560932072013
625356 512 0 24560932328014
625868 512 0 24560932584015
626380 512 0 24560932840016
626892 512 0 24560933096017
627404 512 0 24560933352018
627916 512 0 24560933608019
628428 512 0 24560933864020
628940 512 0 24560934120021
629452 512 0 24560934376022
629964 512 0 24560934632023
630476 512 0 24560934888024
630988 512 0 24560935144025
631500 512 0 24560935400026
632012 512 0 24560935656027
632524 512 0 24560935912028
633036 512 0 24560936168029
633548 512 0 24560936424031
634060 512 0 24560936680032
634572 512 0 24560936936033
635084 512 0 24560937192034
635596 512 0 24560937448035
636108 512 0 24560937704036
636620 512 0 24560937960037
637132 512 0 24560938216038
637644 512 0 24560938472039
638156 512 0 24560938728040
638668 512 0 24560938984042
639180 512 0 24560939240043
639692 512 0 24560939496044
640204 512 0 24560939752046
640716 512 0 24560940008047
641228 512 0 24560940264048
641740 512 0 24560940520049
642252 512 0 24560940776050
642764 512 0 24560941032051
643276 512 0 24560941288052
643788 512 0 24560941544053
644300 512 0 24560941800054
644812 512 0 24560942056055
645324 512 0 24560942312056
645836 512 0 24560942568057
646348 512 0 24560942824058
646860 512 0 24560943080059
647372 512 0 24560943336060
647884 512 0 24560943592061
648396 512 0 24560943848063
648908 512 0 24560944104064
649420 512 0 24560944360065
649932 512 0 24560944616066
650444 512 0 24560944872067
650956 512 0 24560945128068
651468 512 0 24560945384069
651980 512 0 24560945640070
652492 512 0 24560945896071
653004 512 0 24560946152072
653516 512 0 24560946408073
654028 512 0 24560946664074
654540 512 0 24560946920075
655052 512 0 24560947176076
655564 512 0 24560947432077
656076 512 0 24560947688078
656588 512 0 24560947944080
657100 512 0 24560948200081
657612 512 0 24560948456082
658124 512 0 24560948712083
658636 512 0 24560948968084
659148 512 0 24560949224085
659660 512 0 24560949480086
660172 512 0 24560949736087
660684 512 0 24560949992088
661196 512 0 24560950248089
661708 512 0 24560950504090
662220 512 0 24560950760091
662732 512 0 24560951016092
663244 512 0 24560951272093
663756 512 0 24560951528094
664268 512 0 24560951784095
664780 512 0 24560952040097
665292 512 0 24560952296098
665804 512 0 24560952552099
666316 512 0 24560952808100
666828 512 0 24560953064101
667340 512 0 24560953320102
667852 512 0 24560953576103
668364 512 0 24560953832104
668876 512 0 24560954088105
669388 512 0 24560954344106
669900 512 0 24560954600107
670412 512 0 24560954856108
670924 512 0 24560955112109
671436 512 0 24560955368110
671948 512 0 24560955624111
672460 512 0 24560955880112
672972 512 0 24560956136114
673484 512 0 24560956392115
673996 512 0 24560956648116
674508 512 0 24560956904117
675020 512 0 24560957160118
675532 512 0 24560957416119
676044 512 0 24560957672120
676556 512 0 24560957928121
677068 512 0 24560958184122
677580 512 0 24560958440123
678092 512 0 24560958696124
678604 512 0 24560958952125
679116 512 0 24560959208126
679628 512 0 24560959464127
680140 512 0 24560959720128
680652 512 0 24560959976129
681164 512 0 24560960232131
681676 512 0 24560960488132
682188 512 0 24560960744133
682700 512 0 24560961000134
683212 512 0 24560961256135
683724 512 0 24560961512136
684236 512 0 24560961768137
684748 512 0 24560962024138
685260 512 0 24560962280139
685772 512 0 24560962536140
686284 512 0 24560962792141
686796 512 0 24560963048142
687308 512 0 24560963304143
687820 512 0 24560963560144
688332 512 0 24560963816145
688844 512 0 24560964072146
689356 512 0 24560964328148
689868 512 0 24560964584149
690380 512 0 24560964840150
690892 512 0 24560965096151
691404 512 0 24560965352152
691916 512 0 24560965608153
692428 512 0 24560965864154
692940 512 0 24560966120155
693452 512 0 24560966376156
693964 512 0 24560966632157
694476 512 0 24560966888158
694988 512 0 24560967144159
695500 512 0 24560967400160
696012 512 0 24560967656161
696524 512 0 24560967912162
697036 512 0 24560968168163
697548 512 0 24560968424165
698060 512 0 24560968680166
698572 512 0 24560968936167
699084 512 0 24560969192168
699596 512 0 24560969448169
700108 512 0 24560969704170
700620 512 0 24560969960171
701132 512 0 24560970216172
701644 512 0 24560970472173
702156 512 0 24560970728174
702668 512 0 24560970984175
703180 512 0 24560971240176
703692 512 0 24560971496177
704204 512 0 24560971752178
704716 512 0 24560972008179
705228 512 0 24560972264180
705740 512 0 24560972520182
706252 512 0 24560972776183
706764 512 0 24560973032184
707276 512 0 24560973288185
707788 512 0 24560973544186
708300 512 0 24560973800187
708812 512 0 24560974056188
709324 512 0 24560974312189
709836 512 0 24560974568190
710348 512 0 24560974824191
710860 512 0 24560975080192
711372 512 0 24560975336193
711884 512 0 24560975592194
712396 512 0 24560975848195
712908 512 0 24560976104196
713420 512 0 24560976360197
713932 512 0 24560976616199
714444 512 0 24560976872200
714956 512 0 24560977128201
715468 512 0 24560977384202
715980 512 0 24560977640203
716492 512 0 24560977896204
717004 512 0 24560978152205
717516 512 0 24560978408206
718028 512 0 24560978664207
718540 512 0 24560978920208
719052 512 0 24560979176209
719564 512 0 24560979432210
720076 512 0 24560979688211
720588 512 0 24560979944212
721100 512 0 24560980200213
721612 512 0 24560980456214
722124 512 0 24560980712216
722636 512 0 24560980968217
723148 512 0 24560981224218
723660 512 0 24560981480219
724172 512 0 24560981736220
724684 512 0 24560981992221
725196 512 0 24560982248222
725708 512 0 24560982504223
726220 512 0 24560982760224
726732 512 0 24560983016225
727244 512 0 24560983272226
727756 512 0 24560983528227
728268 512 0 24560983784228
728780 512 0 24560984040229
729292 512 0 24560984296230
729804 512 0 24560984552231
730316 512 0 24560984808233
730828 512 0 24560985064234
731340 512 0 24560985320235
731852 512 0 24560985576236
732364 512 0 24560985832237
732876 512 0 24560986088238
733388 512 0 24560986344239
733900 512 0 24560986600240
734412 512 0 24560986856241
734924 512 0 24560987112242
735436 512 0 24560987368243
735948 512 0 24560987624244
736460 512 0 24560987880245
736972 512 0 24560988136247
737484 512 0 24560988392249
737996 512 0 24560988648250
738508 512 0 24560988904251
739020 512 0 24560989160252
739532 512 0 24560989416253
740044 512 0 24560989672254
740556 512 0 24560989928255
741068 512 0 24560990184256
741580 512 0 24560990440257
742092 512 0 24560990696258
742604 512 0 24560990952259
743116 512 0 24560991208260
743628 512 0 24560991464261
744140 512 0 24560991720262
744652 512 0 24560991976263
745164 512 0 24560992232264
745676 512 0 24560992488266
746188 512 0 24560992744267
746700 512 0 24560993000268
747212 512 0 24560993256269
747724 512 0 24560993512270
748236 512 0 24560993768271
748748 512 0 24560994024272
749260 512 0 24560994280273
749772 512 0 24560994536274
750284 512 0 24560994792275
750796 512 0 24560995048276
751308 512 0 24560995304277
751820 512 0 24560995560278
752332 512 0 24560995816279
752844 512 0 24560996072280
753356 512 0 24560996328281
753868 512 0 24560996584283
754380 512 0 24560996840284
754892 512 0 24560997096285
755404 512 0 24560997352286
755916 512 0 24560997608287
756428 512 0 24560997864288
756940 512 0 24560998120289
757452 512 0 24560998376290
757964 512 0 24560998632291
758476 512 0 24560998888292
758988 512 0 24560999144293
759500 512 0 24560999400294
760012 512 0 24560999656295
760524 512 0 24560999912296
761036 512 0 24561000168297
761548 512 0 24561000424298
762060 512 0 24561000680300
762572 512 0 24561000936301
763084 512 0 24561001192302
763596 512 0 24561001448303
764108 512 0 24561001704304
764620 512 0 24561001960305
765132 512 0 24561002216306
765644 512 0 24561002472307
766156 512 0 24561002728308
766668 512 0 24561002984309
767180 512 0 24561003240310
767692 512 0 24561003496311
768204 512 0 24561003752312
768716 512 0 24561004008313
769228 512 0 24561004264314
769740 512 0 24561004520315
770252 512 0 24561004776316
770764 512 0 24561005032318
771276 512 0 24561005288319
771788 512 0 24561005544320
772300 512 0 24561005800321
772812 512 0 24561006056322
773324 512 0 24561006312323
773836 512 0 24561006568324
774348 512 0 24561006824325
774860 512 0 24561007080326
775372 512 0 24561007336327
775884 512 0 24561007592328
776396 512 0 24561007848329
776908 512 0 24561008104330
777420 512 0 24561008360331
777932 512 0 24561008616332
778444 512 0 24561008872334
778956 512 0 24561009128335
779468 512 0 24561009384336
779980 512 0 24561009640337
780492 512 0 24561009896338
781004 512 0 24561010152339
781516 512 0 24561010408340
782028 512 0 24561010664341
782540 512 0 24561010920342
783052 512 0 24561011176343
783564 512 0 24561011432344
784076 512 0 24561011688345
784588 512 0 24561011944346
785100 512 0 24561012200347
785612 512 0 24561012456348
786124 512 0 24561012712351
786636 512 0 24561012968352
787148 512 0 24561013224353
787660 512 0 24561013480354
788172 512 0 24561013736355
788684 512 0 24561013992356
789196 512 0 24561014248357
789708 512 0 24561014504358
790220 512 0 24561014760359
790732 512 0 24561015016360
791244 512 0 24561015272361
791756 512 0 24561015528362
792268 512 0 24561015784363
792780 512 0 24561016040364
793292 512 0 24561016296365
793804 512 0 24561016552367
794316 512 0 24561016808368
794828 512 0 24561017064369
795340 512 0 24561017320370
795852 512 0 24561017576371
796364 512 0 24561017832372
796876 512 0 24561018088373
797388 512 0 24561018344374
797900 512 0 24561018600375
798412 512 0 24561018856376
798924 512 0 24561019112377
799436 512 0 24561019368378
799948 512 0 24561019624379
800460 512 0 24561019880380
800972 512 0 24561020136381
801484 512 0 24561020392383
801996 512 0 24561020648384
802508 512 0 24561020904385
803020 512 0 24561021160386
803532 512 0 24561021416387
804044 512 0 24561021672388
804556 512 0 24561021928389
805068 512 0 24561022184390
805580 512 0 24561022440391
806092 512 0 24561022696392
806604 512 0 24561022952393
807116 512 0 24561023208394
807628 512 0 24561023464395
