280 512 0 24685967360682
792 512 0 24685967488682
1304 512 0 24685967616682
1816 512 0 24685967744682
2328 512 0 24685967872682
2840 512 0 24685968000682
3352 512 0 24685968128682
3864 512 0 24685968256682
4376 512 0 24685968384682
4888 512 0 24685968512682
5400 512 0 24685968640682
5912 512 0 24685968768682
6424 512 0 24685968896682
6936 512 0 24685969024682
7448 512 0 24685969152682
7960 512 0 24685969280682
8472 512 0 24685969408682
8984 512 0 24685969536682
9496 512 0 24685969664682
10008 512 0 24685969792682
10520 512 0 24685969920682
11032 512 0 24685970048682
11544 512 0 24685970176682
12056 512 0 24685970304682
12568 512 0 24685970432682
13080 512 0 24685970560682
13592 512 0 24685970688682
14104 512 0 24685970816682
14616 512 0 24685970944682
15128 512 0 24685971072682
15640 512 0 24685971200682
16152 512 0 24685971328682
16664 512 0 24685971456682
17176 512 0 24685971584682
17688 512 0 24685971712682
18200 512 0 24685971840682
18712 512 0 24685971968682
19224 512 0 24685972096682
19736 512 0 24685972224682
20248 512 0 24685972352682
20760 512 0 24685972480682
21272 512 0 24685972608682
21784 512 0 24685972736682
22296 512 0 24685972864682
22808 512 0 24685972992682
23320 512 0 24685973120682
23832 512 0 24685973248682
24344 512 0 24685973376682
24856 512 0 24685973504682
25368 512 0 24685973632682
25880 512 0 24685973760682
26392 512 0 24685973888682
26904 512 0 24685974016682
27416 512 0 24685974144682
27928 512 0 24685974272682
28440 512 0 24685974400682
28952 512 0 24685974528682
29464 512 0 24685974656682
29976 512 0 24685974784682
30488 512 0 24685974912682
31000 512 0 24685975040682
31512 512 0 24685975168682
32024 512 0 24685975296682
32536 512 0 24685975424682
33048 512 0 24685975552682
33560 512 0 24685975680682
34072 512 0 24685975808682
34584 512 0 24685975936682
35096 512 0 24685976064682
35608 512 0 24685976192682
36120 512 0 24685976320682
36632 512 0 24685976448682
37144 512 0 24685976576682
37656 512 0 24685976704682
38168 512 0 24685976832682
38680 512 0 24685976960682
39192 512 0 24685977088682
39704 512 0 24685977216682
40216 512 0 24685977344682
40728 512 0 24685977472682
41240 512 0 24685977600682
41752 512 0 24685977728682
42264 512 0 24685977856682
42776 512 0 24685977984682
43288 512 0 24685978112682
43800 512 0 24685978240682
44312 512 0 24685978368682
44824 512 0 24685978496682
45336 512 0 24685978624682
45848 512 0 24685978752682
46360 512 0 24685978880682
46872 512 0 24685979008682
47384 512 0 24685979136682
47896 512 0 24685979264682
48408 512 0 24685979392682
48920 512 0 24685979520682
49432 512 0 24685979648682
49944 512 0 24685979776682
50456 512 0 24685979904682
50968 512 0 24685980032682
51480 512 0 24685980160682
51992 512 0 24685980288682
52504 512 0 24685980416682
53016 512 0 24685980544682
53528 512 0 24685980672682
54040 512 0 24685980800682
54552 512 0 24685980928682
55064 512 0 24685981056682
55576 512 0 24685981184682
56088 512 0 24685981312682
56600 512 0 24685981440682
57112 512 0 24685981568682
57624 512 0 24685981696682
58136 512 0 24685981824682
58648 512 0 24685981952682
59160 512 0 24685982080682
59672 512 0 24685982208682
60184 512 0 24685982336682
60696 512 0 24685982464682
61208 512 0 24685982592682
61720 512 0 24685982720682
62232 512 0 24685982848682
62744 512 0 24685982976682
63256 512 0 24685983104682
63768 512 0 24685983232682
64280 512 0 24685983360682
64792 512 0 24685983488682
65304 512 0 24685983616682
65816 512 0 24685983744682
66328 512 0 24685983872682
66840 512 0 24685984000682
67352 512 0 24685984128682
67864 512 0 24685984256682
68376 512 0 24685984384682
68888 512 0 24685984512682
69400 512 0 24685984640682
69912 512 0 24685984768682
70424 512 0 24685984896682
70936 512 0 24685985024682
71448 512 0 24685985152682
71960 512 0 24685985280682
72472 512 0 24685985408682
72984 512 0 24685985536682
73496 512 0 24685985664682
74008 512 0 24685985792682
74520 512 0 24685985920682
75032 512 0 24685986048682
75544 512 0 24685986176682
76056 512 0 24685986304682
76568 512 0 24685986432682
77080 512 0 24685986560682
77592 512 0 24685986688682
78104 512 0 24685986816682
78616 512 0 24685986944682
79128 512 0 24685987072682
79640 512 0 24685987200682
80152 512 0 24685987328682
80664 512 0 24685987456682
81176 512 0 24685987584682
81688 512 0 24685987712682
82200 512 0 24685987840682
82712 512 0 24685987968682
83224 512 0 24685988096682
83736 512 0 24685988224682
84248 512 0 24685988352682
84760 512 0 24685988480682
85272 512 0 24685988608682
85784 512 0 24685988736682
86296 512 0 24685988864682
86808 512 0 24685988992682
87320 512 0 24685989120682
87832 512 0 24685989248682
88344 512 0 24685989376682
88856 512 0 24685989504682
89368 512 0 24685989632682
89880 512 0 24685989760682
90392 512 0 24685989888682
90904 512 0 24685990016682
91416 512 0 24685990144682
91928 512 0 24685990272682
92440 512 0 24685990400682
92952 512 0 24685990528682
93464 512 0 24685990656682
93976 512 0 24685990784682
94488 512 0 24685990912682
95000 512 0 24685991040682
95512 512 0 24685991168682
96024 512 0 24685991296682
96536 512 0 24685991424682
97048 512 0 24685991552682
97560 512 0 24685991680682
98072 512 0 24685991808682
98584 512 0 24685991936682
99096 512 0 24685992064682
99608 512 0 24685992192682
100120 512 0 24685992320682
100632 512 0 24685992448682
101144 512 0 24685992576682
101656 512 0 24685992704682
102168 512 0 24685992832682
102680 512 0 24685992960682
103192 512 0 24685993088682
103704 512 0 24685993216682
104216 512 0 24685993344682
104728 512 0 24685993472682
105240 512 0 24685993600682
105752 512 0 24685993728682
106264 512 0 24685993856682
106776 512 0 24685993984682
107288 512 0 24685994112682
107800 512 0 24685994240682
108312 512 0 24685994368682
108824 512 0 24685994496682
109336 512 0 24685994624682
109848 512 0 24685994752682
110360 512 0 24685994880682
110872 512 0 24685995008682
111384 512 0 24685995136682
111896 512 0 24685995264682
112408 512 0 24685995392682
112920 512 0 24685995520682
113432 512 0 24685995648682
113944 512 0 24685995776682
114456 512 0 24685995904682
114968 512 0 24685996032682
115480 512 0 24685996160682
115992 512 0 24685996288682
116504 512 0 24685996416682
117016 512 0 24685996544682
117528 512 0 24685996672682
118040 512 0 24685996800682
118552 512 0 24685996928682
119064 512 0 24685997056682
119576 512 0 24685997184682
120088 512 0 24685997312682
120600 512 0 24685997440682
121112 512 0 24685997568682
121624 512 0 24685997696682
122136 512 0 24685997824682
122648 512 0 24685997952682
123160 512 0 24685998080682
123672 512 0 24685998208682
124184 512 0 24685998336682
124696 512 0 24685998464682
125208 512 0 24685998592682
125720 512 0 24685998720682
126232 512 0 24685998848682
126744 512 0 24685998976682
127256 512 0 24685999104682
127768 512 0 24685999232682
128280 512 0 24685999360682
128792 512 0 24685999488682
129304 512 0 24685999616682
129816 512 0 24685999744682
130328 512 0 24685999872682
130840 512 0 24686000000682
131352 512 0 24686000128682
131864 512 0 24686000256682
132376 512 0 24686000384682
132888 512 0 24686000512682
133400 512 0 24686000640682
133912 512 0 24686000768682
134424 512 0 24686000896682
134936 512 0 24686001024682
135448 512 0 24686001152682
135960 512 0 24686001280682
136472 512 0 24686001408682
136984 512 0 24686001536682
137496 512 0 24686001664682
138008 512 0 24686001792682
138520 512 0 24686001920682
139032 512 0 24686002048682
139544 512 0 24686002176682
140056 512 0 24686002304682
140568 512 0 24686002432682
141080 512 0 24686002560682
141592 512 0 24686002688682
142104 512 0 24686002816682
142616 512 0 24686002944682
143128 512 0 24686003072682
143640 512 0 24686003200682
144152 512 0 24686003328682
144664 512 0 24686003456682
145176 512 0 24686003584682
145688 512 0 24686003712682
146200 512 0 24686003840682
146712 512 0 24686003968682
147224 512 0 24686004096682
147736 512 0 24686004224682
148248 512 0 24686004352682
148760 512 0 24686004480682
149272 512 0 24686004608682
149784 512 0 24686004736682
150296 512 0 24686004864682
150808 512 0 24686004992682
151320 512 0 24686005120682
151832 512 0 24686005248682
152344 512 0 24686005376682
152856 512 0 24686005504682
153368 512 0 24686005632682
153880 512 0 24686005760682
154392 512 0 24686005888682
154904 512 0 24686006016682
155416 512 0 24686006144682
155928 512 0 24686006272682
156440 512 0 24686006400682
156952 512 0 24686006528682
157464 512 0 24686006656682
157976 512 0 24686006784682
158488 512 0 24686006912682
159000 512 0 24686007040682
159512 512 0 24686007168682
160024 512 0 24686007296682
160536 512 0 24686007424682
161048 512 0 24686007552682
161560 512 0 24686007680682
162072 512 0 24686007808682
162584 512 0 24686007936682
163096 512 0 24686008064682
163608 512 0 24686008192686
164120 512 0 24686008320686
164632 512 0 24686008448686
165144 512 0 24686008576686
165656 512 0 24686008704686
166168 512 0 24686008832686
166680 512 0 24686008960686
167192 512 0 24686009088686
167704 512 0 24686009216686
168216 512 0 24686009344686
168728 512 0 24686009472686
169240 512 0 24686009600686
169752 512 0 24686009728686
170264 512 0 24686009856686
170776 512 0 24686009984686
171288 512 0 24686010112686
171800 512 0 24686010240686
172312 512 0 24686010368686
172824 512 0 24686010496686
173336 512 0 24686010624686
173848 512 0 24686010752686
174360 512 0 24686010880686
174872 512 0 24686011008686
175384 512 0 24686011136686
175896 512 0 24686011264686
176408 512 0 24686011392686
176920 512 0 24686011520686
177432 512 0 24686011648686
177944 512 0 24686011776686
178456 512 0 24686011904686
178968 512 0 24686012032686
179480 512 0 24686012160686
179992 512 0 24686012288708
180504 512 0 24686012416708
181016 512 0 24686012544708
181528 512 0 24686012672708
182040 512 0 24686012800709
182552 512 0 24686012928709
183064 512 0 24686013056709
183576 512 0 24686013184709
184088 512 0 24686013312709
184600 512 0 24686013440709
185112 512 0 24686013568710
185624 512 0 24686013696710
186136 512 0 24686013824710
186648 512 0 24686013952710
187160 512 0 24686014080710
187672 512 0 24686014208710
188184 512 0 24686014336711
188696 512 0 24686014464711
189208 512 0 24686014592711
189720 512 0 24686014720711
190232 512 0 24686014848711
190744 512 0 24686014976711
191256 512 0 24686015104711
191768 512 0 24686015232712
192280 512 0 24686015360712
192792 512 0 24686015488712
193304 512 0 24686015616712
193816 512 0 24686015744712
194328 512 0 24686015872712
194840 512 0 24686016000713
195352 512 0 24686016128713
195864 512 0 24686016256713
196376 512 0 24686016384729
196888 512 0 24686016512729
197400 512 0 24686016640730
197912 512 0 24686016768730
198424 512 0 24686016896730
198936 512 0 24686017024730
199448 512 0 24686017152731
199960 512 0 24686017280731
200472 512 0 24686017408731
200984 512 0 24686017536732
201496 512 0 24686017664732
202008 512 0 24686017792732
202520 512 0 24686017920732
203032 512 0 24686018048733
203544 512 0 24686018176733
204056 512 0 24686018304733
204568 512 0 24686018432733
205080 512 0 24686018560734
205592 512 0 24686018688734
206104 512 0 24686018816734
206616 512 0 24686018944734
207128 512 0 24686019072735
207640 512 0 24686019200735
208152 512 0 24686019328735
208664 512 0 24686019456735
209176 512 0 24686019584736
209688 512 0 24686019712736
210200 512 0 24686019840736
210712 512 0 24686019968736
211224 512 0 24686020096737
211736 512 0 24686020224737
212248 512 0 24686020352737
212760 512 0 24686020480748
213272 512 0 24686020608749
213784 512 0 24686020736749
214296 512 0 24686020864749
214808 512 0 24686020992750
215320 512 0 24686021120750
215832 512 0 24686021248750
216344 512 0 24686021376751
216856 512 0 24686021504751
217368 512 0 24686021632751
217880 512 0 24686021760752
218392 512 0 24686021888752
218904 512 0 24686022016752
219416 512 0 24686022144753
219928 512 0 24686022272753
220440 512 0 24686022400753
220952 512 0 24686022528754
221464 512 0 24686022656754
221976 512 0 24686022784754
222488 512 0 24686022912755
223000 512 0 24686023040755
223512 512 0 24686023168755
224024 512 0 24686023296756
224536 512 0 24686023424756
225048 512 0 24686023552756
225560 512 0 24686023680757
226072 512 0 24686023808757
226584 512 0 24686023936757
227096 512 0 24686024064757
227608 512 0 24686024192758
228120 512 0 24686024320758
228632 512 0 24686024448758
229144 512 0 24686024576768
229656 512 0 24686024704769
230168 512 0 24686024832769
230680 512 0 24686024960769
231192 512 0 24686025088770
231704 512 0 24686025216770
232216 512 0 24686025344770
232728 512 0 24686025472771
233240 512 0 24686025600771
233752 512 0 24686025728772
234264 512 0 24686025856772
234776 512 0 24686025984772
235288 512 0 24686026112773
235800 512 0 24686026240773
236312 512 0 24686026368774
236824 512 0 24686026496774
237336 512 0 24686026624774
237848 512 0 24686026752775
238360 512 0 24686026880775
238872 512 0 24686027008776
239384 512 0 24686027136776
239896 512 0 24686027264776
240408 512 0 24686027392777
240920 512 0 24686027520777
241432 512 0 24686027648777
241944 512 0 24686027776778
242456 512 0 24686027904778
242968 512 0 24686028032779
243480 512 0 24686028160779
243992 512 0 24686028288779
244504 512 0 24686028416780
245016 512 0 24686028544780
245528 512 0 24686028672789
246040 512 0 24686028800789
246552 512 0 24686028928790
247064 512 0 24686029056790
247576 512 0 24686029184791
248088 512 0 24686029312791
248600 512 0 24686029440791
249112 512 0 24686029568792
249624 512 0 24686029696792
250136 512 0 24686029824793
250648 512 0 24686029952793
251160 512 0 24686030080794
251672 512 0 24686030208794
252184 512 0 24686030336795
252696 512 0 24686030464795
253208 512 0 24686030592795
253720 512 0 24686030720796
254232 512 0 24686030848796
254744 512 0 24686030976797
255256 512 0 24686031104797
255768 512 0 24686031232798
256280 512 0 24686031360798
256792 512 0 24686031488798
257304 512 0 24686031616799
257816 512 0 24686031744799
258328 512 0 24686031872800
258840 512 0 24686032000800
259352 512 0 24686032128801
259864 512 0 24686032256801
260376 512 0 24686032384802
260888 512 0 24686032512802
261400 512 0 24686032640802
261912 512 0 24686032768807
262424 512 0 24686032896808
262936 512 0 24686033024808
263448 512 0 24686033152809
263960 512 0 24686033280809
264472 512 0 24686033408809
264984 512 0 24686033536810
265496 512 0 24686033664810
266008 512 0 24686033792811
266520 512 0 24686033920811
267032 512 0 24686034048812
267544 512 0 24686034176812
268056 512 0 24686034304813
268568 512 0 24686034432813
269080 512 0 24686034560814
269592 512 0 24686034688814
270104 512 0 24686034816814
270616 512 0 24686034944815
271128 512 0 24686035072815
271640 512 0 24686035200816
272152 512 0 24686035328816
272664 512 0 24686035456817
273176 512 0 24686035584817
273688 512 0 24686035712818
274200 512 0 24686035840818
274712 512 0 24686035968818
275224 512 0 24686036096819
275736 512 0 24686036224819
276248 512 0 24686036352820
276760 512 0 24686036480820
277272 512 0 24686036608821
277784 512 0 24686036736821
278296 512 0 24686036864826
278808 512 0 24686036992826
279320 512 0 24686037120826
279832 512 0 24686037248827
280344 512 0 24686037376827
280856 512 0 24686037504828
281368 512 0 24686037632828
281880 512 0 24686037760829
282392 512 0 24686037888829
282904 512 0 24686038016830
283416 512 0 24686038144830
283928 512 0 24686038272831
284440 512 0 24686038400831
284952 512 0 24686038528832
285464 512 0 24686038656832
285976 512 0 24686038784832
286488 512 0 24686038912833
287000 512 0 24686039040833
287512 512 0 24686039168834
288024 512 0 24686039296834
288536 512 0 24686039424835
289048 512 0 24686039552835
289560 512 0 24686039680836
290072 512 0 24686039808836
290584 512 0 24686039936837
291096 512 0 24686040064837
291608 512 0 24686040192838
292120 512 0 24686040320838
292632 512 0 24686040448838
293144 512 0 24686040576839
293656 512 0 24686040704839
294168 512 0 24686040832840
294680 512 0 24686040960844
295192 512 0 24686041088844
295704 512 0 24686041216845
296216 512 0 24686041344845
296728 512 0 24686041472846
297240 512 0 24686041600846
297752 512 0 24686041728847
298264 512 0 24686041856847
298776 512 0 24686041984848
299288 512 0 24686042112848
299800 512 0 24686042240849
300312 512 0 24686042368849
300824 512 0 24686042496850
301336 512 0 24686042624850
301848 512 0 24686042752850
302360 512 0 24686042880851
302872 512 0 24686043008851
303384 512 0 24686043136852
303896 512 0 24686043264852
304408 512 0 24686043392853
304920 512 0 24686043520853
305432 512 0 24686043648854
305944 512 0 24686043776854
306456 512 0 24686043904855
306968 512 0 24686044032855
307480 512 0 24686044160856
307992 512 0 24686044288856
308504 512 0 24686044416857
309016 512 0 24686044544857
309528 512 0 24686044672858
310040 512 0 24686044800858
310552 512 0 24686044928859
311064 512 0 24686045056862
311576 512 0 24686045184863
312088 512 0 24686045312863
312600 512 0 24686045440864
313112 512 0 24686045568864
313624 512 0 24686045696865
314136 512 0 24686045824865
314648 512 0 24686045952866
315160 512 0 24686046080866
315672 512 0 24686046208866
316184 512 0 24686046336867
316696 512 0 24686046464867
317208 512 0 24686046592868
317720 512 0 24686046720868
318232 512 0 24686046848869
318744 512 0 24686046976869
319256 512 0 24686047104870
319768 512 0 24686047232870
320280 512 0 24686047360871
320792 512 0 24686047488871
321304 512 0 24686047616872
321816 512 0 24686047744872
322328 512 0 24686047872873
322840 512 0 24686048000873
323352 512 0 24686048128874
323864 512 0 24686048256874
324376 512 0 24686048384875
324888 512 0 24686048512875
325400 512 0 24686048640876
325912 512 0 24686048768876
326424 512 0 24686048896877
326936 512 0 24686049024877
327448 512 0 24686049152880
327960 512 0 24686049280881
328472 512 0 24686049408881
328984 512 0 24686049536882
329496 512 0 24686049664882
330008 512 0 24686049792883
330520 512 0 24686049920883
331032 512 0 24686050048884
331544 512 0 24686050176884
332056 512 0 24686050304885
332568 512 0 24686050432885
333080 512 0 24686050560886
333592 512 0 24686050688886
334104 512 0 24686050816887
334616 512 0 24686050944887
335128 512 0 24686051072888
335640 512 0 24686051200888
336152 512 0 24686051328889
336664 512 0 24686051456889
337176 512 0 24686051584890
337688 512 0 24686051712890
338200 512 0 24686051840891
338712 512 0 24686051968891
339224 512 0 24686052096892
339736 512 0 24686052224892
340248 512 0 24686052352893
340760 512 0 24686052480893
341272 512 0 24686052608894
341784 512 0 24686052736894
342296 512 0 24686052864895
342808 512 0 24686052992895
343320 512 0 24686053120896
343832 512 0 24686053248900
344344 512 0 24686053376900
344856 512 0 24686053504901
345368 512 0 24686053632901
345880 512 0 24686053760902
346392 512 0 24686053888902
346904 512 0 24686054016903
347416 512 0 24686054144903
347928 512 0 24686054272904
348440 512 0 24686054400904
348952 512 0 24686054528905
349464 512 0 24686054656905
349976 512 0 24686054784906
350488 512 0 24686054912906
351000 512 0 24686055040907
351512 512 0 24686055168907
352024 512 0 24686055296908
352536 512 0 24686055424908
353048 512 0 24686055552909
353560 512 0 24686055680909
354072 512 0 24686055808910
354584 512 0 24686055936910
355096 512 0 24686056064911
355608 512 0 24686056192911
356120 512 0 24686056320912
356632 512 0 24686056448912
357144 512 0 24686056576913
357656 512 0 24686056704913
358168 512 0 24686056832914
358680 512 0 24686056960914
359192 512 0 24686057088915
359704 512 0 24686057216915
360216 512 0 24686057344918
360728 512 0 24686057472918
361240 512 0 24686057600919
361752 512 0 24686057728919
362264 512 0 24686057856920
362776 512 0 24686057984920
363288 512 0 24686058112921
363800 512 0 24686058240921
364312 512 0 24686058368922
364824 512 0 24686058496923
365336 512 0 24686058624923
365848 512 0 24686058752924
366360 512 0 24686058880924
366872 512 0 24686059008925
367384 512 0 24686059136925
367896 512 0 24686059264926
368408 512 0 24686059392926
368920 512 0 24686059520927
369432 512 0 24686059648927
369944 512 0 24686059776928
370456 512 0 24686059904928
370968 512 0 24686060032929
371480 512 0 24686060160929
371992 512 0 24686060288930
372504 512 0 24686060416930
373016 512 0 24686060544931
373528 512 0 24686060672931
374040 512 0 24686060800932
374552 512 0 24686060928932
375064 512 0 24686061056933
375576 512 0 24686061184933
376088 512 0 24686061312934
376600 512 0 24686061440936
377112 512 0 24686061568937
377624 512 0 24686061696937
378136 512 0 24686061824938
378648 512 0 24686061952938
379160 512 0 24686062080939
379672 512 0 24686062208939
380184 512 0 24686062336940
380696 512 0 24686062464940
381208 512 0 24686062592941
381720 512 0 24686062720941
382232 512 0 24686062848942
382744 512 0 24686062976942
383256 512 0 24686063104943
383768 512 0 24686063232943
384280 512 0 24686063360944
384792 512 0 24686063488944
385304 512 0 24686063616945
385816 512 0 24686063744945
386328 512 0 24686063872946
386840 512 0 24686064000946
387352 512 0 24686064128947
387864 512 0 24686064256947
388376 512 0 24686064384948
388888 512 0 24686064512948
389400 512 0 24686064640949
389912 512 0 24686064768949
390424 512 0 24686064896950
390936 512 0 24686065024950
391448 512 0 24686065152951
391960 512 0 24686065280951
392472 512 0 24686065408952
392984 512 0 24686065536954
393496 512 0 24686065664955
394008 512 0 24686065792955
394520 512 0 24686065920956
395032 512 0 24686066048956
395544 512 0 24686066176957
396056 512 0 24686066304957
396568 512 0 24686066432958
397080 512 0 24686066560958
397592 512 0 24686066688959
398104 512 0 24686066816959
398616 512 0 24686066944960
399128 512 0 24686067072960
399640 512 0 24686067200961
400152 512 0 24686067328962
400664 512 0 24686067456962
401176 512 0 24686067584963
401688 512 0 24686067712963
402200 512 0 24686067840964
402712 512 0 24686067968964
403224 512 0 24686068096965
403736 512 0 24686068224965
404248 512 0 24686068352966
404760 512 0 24686068480966
405272 512 0 24686068608967
405784 512 0 24686068736967
406296 512 0 24686068864968
406808 512 0 24686068992968
407320 512 0 24686069120969
407832 512 0 24686069248969
408344 512 0 24686069376970
408856 512 0 24686069504970
409368 512 0 24686069632972
409880 512 0 24686069760973
410392 512 0 24686069888973
410904 512 0 24686070016974
411416 512 0 24686070144975
411928 512 0 24686070272975
412440 512 0 24686070400976
412952 512 0 24686070528976
413464 512 0 24686070656977
413976 512 0 24686070784977
414488 512 0 24686070912978
415000 512 0 24686071040978
415512 512 0 24686071168979
416024 512 0 24686071296979
416536 512 0 24686071424980
417048 512 0 24686071552980
417560 512 0 24686071680981
418072 512 0 24686071808981
418584 512 0 24686071936982
419096 512 0 24686072064982
419608 512 0 24686072192983
420120 512 0 24686072320983
420632 512 0 24686072448984
421144 512 0 24686072576984
421656 512 0 24686072704985
422168 512 0 24686072832985
422680 512 0 24686072960986
423192 512 0 24686073088987
423704 512 0 24686073216987
424216 512 0 24686073344988
424728 512 0 24686073472988
425240 512 0 24686073600989
425752 512 0 24686073728992
426264 512 0 24686073856992
426776 512 0 24686073984993
427288 512 0 24686074112993
427800 512 0 24686074240994
428312 512 0 24686074368994
428824 512 0 24686074496995
429336 512 0 24686074624995
429848 512 0 24686074752996
430360 512 0 24686074880996
430872 512 0 24686075008997
431384 512 0 24686075136997
431896 512 0 24686075264998
432408 512 0 24686075392999
432920 512 0 24686075520999
433432 512 0 24686075649000
433944 512 0 24686075777000
434456 512 0 24686075905001
434968 512 0 24686076033001
435480 512 0 24686076161002
435992 512 0 24686076289002
436504 512 0 24686076417003
437016 512 0 24686076545003
437528 512 0 24686076673004
438040 512 0 24686076801004
438552 512 0 24686076929005
439064 512 0 24686077057005
439576 512 0 24686077185006
440088 512 0 24686077313006
440600 512 0 24686077441007
441112 512 0 24686077569008
441624 512 0 24686077697008
442136 512 0 24686077825010
442648 512 0 24686077953010
443160 512 0 24686078081011
443672 512 0 24686078209011
444184 512 0 24686078337012
444696 512 0 24686078465012
445208 512 0 24686078593013
445720 512 0 24686078721013
446232 512 0 24686078849014
446744 512 0 24686078977015
447256 512 0 24686079105015
447768 512 0 24686079233016
448280 512 0 24686079361016
448792 512 0 24686079489017
449304 512 0 24686079617017
449816 512 0 24686079745018
450328 512 0 24686079873018
450840 512 0 24686080001019
451352 512 0 24686080129019
451864 512 0 24686080257020
452376 512 0 24686080385020
452888 512 0 24686080513021
453400 512 0 24686080641021
453912 512 0 24686080769022
454424 512 0 24686080897023
454936 512 0 24686081025023
455448 512 0 24686081153024
455960 512 0 24686081281024
456472 512 0 24686081409025
456984 512 0 24686081537025
457496 512 0 24686081665026
458008 512 0 24686081793026
458520 512 0 24686081921028
459032 512 0 24686082049028
459544 512 0 24686082177029
460056 512 0 24686082305029
460568 512 0 24686082433030
461080 512 0 24686082561031
461592 512 0 24686082689031
462104 512 0 24686082817032
462616 512 0 24686082945032
463128 512 0 24686083073033
463640 512 0 24686083201033
464152 512 0 24686083329034
464664 512 0 24686083457034
465176 512 0 24686083585035
465688 512 0 24686083713035
466200 512 0 24686083841036
466712 512 0 24686083969036
467224 512 0 24686084097037
467736 512 0 24686084225038
468248 512 0 24686084353038
468760 512 0 24686084481039
469272 512 0 24686084609039
469784 512 0 24686084737040
470296 512 0 24686084865040
470808 512 0 24686084993041
471320 512 0 24686085121041
471832 512 0 24686085249042
472344 512 0 24686085377042
472856 512 0 24686085505043
473368 512 0 24686085633043
473880 512 0 24686085761044
474392 512 0 24686085889044
474904 512 0 24686086017046
475416 512 0 24686086145046
475928 512 0 24686086273047
476440 512 0 24686086401048
476952 512 0 24686086529048
477464 512 0 24686086657049
477976 512 0 24686086785049
478488 512 0 24686086913050
479000 512 0 24686087041050
479512 512 0 24686087169051
480024 512 0 24686087297051
480536 512 0 24686087425052
481048 512 0 24686087553052
481560 512 0 24686087681053
482072 512 0 24686087809053
482584 512 0 24686087937054
483096 512 0 24686088065055
483608 512 0 24686088193055
484120 512 0 24686088321056
484632 512 0 24686088449056
485144 512 0 24686088577057
485656 512 0 24686088705057
486168 512 0 24686088833058
486680 512 0 24686088961058
487192 512 0 24686089089059
487704 512 0 24686089217059
488216 512 0 24686089345060
488728 512 0 24686089473060
489240 512 0 24686089601061
489752 512 0 24686089729062
490264 512 0 24686089857062
490776 512 0 24686089985063
491288 512 0 24686090113064
491800 512 0 24686090241065
492312 512 0 24686090369065
492824 512 0 24686090497066
493336 512 0 24686090625066
493848 512 0 24686090753067
494360 512 0 24686090881067
494872 512 0 24686091009068
495384 512 0 24686091137068
495896 512 0 24686091265069
496408 512 0 24686091393069
496920 512 0 24686091521070
497432 512 0 24686091649071
497944 512 0 24686091777071
498456 512 0 24686091905072
498968 512 0 24686092033072
499480 512 0 24686092161073
499992 512 0 24686092289073
500504 512 0 24686092417074
501016 512 0 24686092545074
501528 512 0 24686092673075
502040 512 0 24686092801075
502552 512 0 24686092929076
503064 512 0 24686093057076
503576 512 0 24686093185077
504088 512 0 24686093313078
504600 512 0 24686093441078
505112 512 0 24686093569079
505624 512 0 24686093697079
506136 512 0 24686093825080
506648 512 0 24686093953080
507160 512 0 24686094081081
507672 512 0 24686094209083
508184 512 0 24686094337084
508696 512 0 24686094465084
509208 512 0 24686094593085
509720 512 0 24686094721085
510232 512 0 24686094849086
510744 512 0 24686094977086
511256 512 0 24686095105087
511768 512 0 24686095233088
512280 512 0 24686095361088
512792 512 0 24686095489089
513304 512 0 24686095617089
513816 512 0 24686095745090
514328 512 0 24686095873090
514840 512 0 24686096001091
515352 512 0 24686096129091
515864 512 0 24686096257092
516376 512 0 24686096385092
516888 512 0 24686096513093
517400 512 0 24686096641094
517912 512 0 24686096769094
518424 512 0 24686096897095
518936 512 0 24686097025095
519448 512 0 24686097153096
519960 512 0 24686097281096
520472 512 0 24686097409097
520984 512 0 24686097537097
521496 512 0 24686097665098
522008 512 0 24686097793098
522520 512 0 24686097921099
523032 512 0 24686098049100
523544 512 0 24686098177100
524056 512 0 24686098305101
524568 512 0 24686098433102
525080 512 0 24686098561102
525592 512 0 24686098689103
526104 512 0 24686098817103
526616 512 0 24686098945104
527128 512 0 24686099073105
527640 512 0 24686099201105
528152 512 0 24686099329106
528664 512 0 24686099457106
529176 512 0 24686099585107
529688 512 0 24686099713107
530200 512 0 24686099841108
530712 512 0 24686099969108
531224 512 0 24686100097109
531736 512 0 24686100225109
532248 512 0 24686100353110
532760 512 0 24686100481111
533272 512 0 24686100609111
533784 512 0 24686100737112
534296 512 0 24686100865112
534808 512 0 24686100993113
535320 512 0 24686101121113
535832 512 0 24686101249114
536344 512 0 24686101377114
536856 512 0 24686101505115
537368 512 0 24686101633115
537880 512 0 24686101761116
538392 512 0 24686101889117
538904 512 0 24686102017117
539416 512 0 24686102145118
539928 512 0 24686102273118
540440 512 0 24686102401119
540952 512 0 24686102529120
541464 512 0 24686102657120
541976 512 0 24686102785121
542488 512 0 24686102913122
543000 512 0 24686103041122
543512 512 0 24686103169123
544024 512 0 24686103297123
544536 512 0 24686103425124
545048 512 0 24686103553124
545560 512 0 24686103681125
546072 512 0 24686103809125
546584 512 0 24686103937126
547096 512 0 24686104065126
547608 512 0 24686104193127
548120 512 0 24686104321128
548632 512 0 24686104449128
549144 512 0 24686104577129
549656 512 0 24686104705129
550168 512 0 24686104833130
550680 512 0 24686104961130
551192 512 0 24686105089131
551704 512 0 24686105217131
552216 512 0 24686105345132
552728 512 0 24686105473132
553240 512 0 24686105601133
553752 512 0 24686105729134
554264 512 0 24686105857134
554776 512 0 24686105985135
555288 512 0 24686106113135
555800 512 0 24686106241136
556312 512 0 24686106369136
556824 512 0 24686106497137
557336 512 0 24686106625138
557848 512 0 24686106753138
558360 512 0 24686106881139
558872 512 0 24686107009140
559384 512 0 24686107137140
559896 512 0 24686107265141
560408 512 0 24686107393141
560920 512 0 24686107521142
561432 512 0 24686107649142
561944 512 0 24686107777143
562456 512 0 24686107905143
562968 512 0 24686108033144
563480 512 0 24686108161145
563992 512 0 24686108289145
564504 512 0 24686108417146
565016 512 0 24686108545146
565528 512 0 24686108673147
566040 512 0 24686108801147
566552 512 0 24686108929148
567064 512 0 24686109057148
567576 512 0 24686109185149
568088 512 0 24686109313149
568600 512 0 24686109441150
569112 512 0 24686109569151
569624 512 0 24686109697151
570136 512 0 24686109825152
570648 512 0 24686109953152
571160 512 0 24686110081153
571672 512 0 24686110209153
572184 512 0 24686110337154
572696 512 0 24686110465154
573208 512 0 24686110593156
573720 512 0 24686110721157
574232 512 0 24686110849158
574744 512 0 24686110977158
575256 512 0 24686111105159
575768 512 0 24686111233159
576280 512 0 24686111361160
576792 512 0 24686111489160
577304 512 0 24686111617161
577816 512 0 24686111745161
578328 512 0 24686111873162
578840 512 0 24686112001163
579352 512 0 24686112129163
579864 512 0 24686112257164
580376 512 0 24686112385164
580888 512 0 24686112513165
581400 512 0 24686112641165
581912 512 0 24686112769166
582424 512 0 24686112897166
582936 512 0 24686113025167
583448 512 0 24686113153168
583960 512 0 24686113281168
584472 512 0 24686113409169
584984 512 0 24686113537169
585496 512 0 24686113665170
586008 512 0 24686113793170
586520 512 0 24686113921171
587032 512 0 24686114049171
587544 512 0 24686114177172
588056 512 0 24686114305173
588568 512 0 24686114433173
589080 512 0 24686114561174
589592 512 0 24686114689175
590104 512 0 24686114817175
590616 512 0 24686114945176
591128 512 0 24686115073176
591640 512 0 24686115201177
592152 512 0 24686115329177
592664 512 0 24686115457178
593176 512 0 24686115585178
593688 512 0 24686115713179
594200 512 0 24686115841180
594712 512 0 24686115969180
595224 512 0 24686116097181
595736 512 0 24686116225181
596248 512 0 24686116353182
596760 512 0 24686116481182
597272 512 0 24686116609183
597784 512 0 24686116737183
598296 512 0 24686116865184
598808 512 0 24686116993185
599320 512 0 24686117121185
599832 512 0 24686117249186
600344 512 0 24686117377186
600856 512 0 24686117505187
601368 512 0 24686117633187
601880 512 0 24686117761188
602392 512 0 24686117889188
602904 512 0 24686118017189
603416 512 0 24686118145190
603928 512 0 24686118273190
604440 512 0 24686118401191
604952 512 0 24686118529191
605464 512 0 24686118657192
605976 512 0 24686118785193
606488 512 0 24686118913193
607000 512 0 24686119041194
607512 512 0 24686119169194
608024 512 0 24686119297195
608536 512 0 24686119425195
609048 512 0 24686119553196
609560 512 0 24686119681196
610072 512 0 24686119809197
610584 512 0 24686119937198
611096 512 0 24686120065198
611608 512 0 24686120193199
612120 512 0 24686120321199
612632 512 0 24686120449200
613144 512 0 24686120577200
613656 512 0 24686120705201
614168 512 0 24686120833201
614680 512 0 24686120961202
615192 512 0 24686121089203
615704 512 0 24686121217203
616216 512 0 24686121345204
616728 512 0 24686121473204
617240 512 0 24686121601205
617752 512 0 24686121729205
618264 512 0 24686121857206
618776 512 0 24686121985206
619288 512 0 24686122113207
619800 512 0 24686122241208
620312 512 0 24686122369208
620824 512 0 24686122497209
621336 512 0 24686122625209
621848 512 0 24686122753210
622360 512 0 24686122881211
622872 512 0 24686123009211
623384 512 0 24686123137212
623896 512 0 24686123265212
624408 512 0 24686123393213
624920 512 0 24686123521213
625432 512 0 24686123649214
625944 512 0 24686123777214
626456 512 0 24686123905215
626968 512 0 24686124033216
627480 512 0 24686124161216
627992 512 0 24686124289217
628504 512 0 24686124417217
629016 512 0 24686124545218
629528 512 0 24686124673218
630040 512 0 24686124801219
630552 512 0 24686124929219
631064 512 0 24686125057220
631576 512 0 24686125185221
632088 512 0 24686125313221
632600 512 0 24686125441222
633112 512 0 24686125569222
633624 512 0 24686125697223
634136 512 0 24686125825223
634648 512 0 24686125953224
635160 512 0 24686126081224
635672 512 0 24686126209225
636184 512 0 24686126337226
636696 512 0 24686126465226
637208 512 0 24686126593227
637720 512 0 24686126721227
638232 512 0 24686126849228
638744 512 0 24686126977229
639256 512 0 24686127105229
639768 512 0 24686127233230
640280 512 0 24686127361230
640792 512 0 24686127489231
641304 512 0 24686127617231
641816 512 0 24686127745232
642328 512 0 24686127873232
642840 512 0 24686128001233
643352 512 0 24686128129234
643864 512 0 24686128257234
644376 512 0 24686128385235
644888 512 0 24686128513235
645400 512 0 24686128641236
645912 512 0 24686128769236
646424 512 0 24686128897237
646936 512 0 24686129025237
647448 512 0 24686129153238
647960 512 0 24686129281239
648472 512 0 24686129409239
648984 512 0 24686129537240
649496 512 0 24686129665240
650008 512 0 24686129793241
650520 512 0 24686129921241
651032 512 0 24686130049242
651544 512 0 24686130177243
652056 512 0 24686130305243
652568 512 0 24686130433244
653080 512 0 24686130561244
653592 512 0 24686130689245
654104 512 0 24686130817245
654616 512 0 24686130945246
655128 512 0 24686131073248
655640 512 0 24686131201248
656152 512 0 24686131329249
656664 512 0 24686131457249
657176 512 0 24686131585250
657688 512 0 24686131713250
658200 512 0 24686131841251
658712 512 0 24686131969252
659224 512 0 24686132097252
659736 512 0 24686132225253
660248 512 0 24686132353253
660760 512 0 24686132481254
661272 512 0 24686132609254
661784 512 0 24686132737255
662296 512 0 24686132865256
662808 512 0 24686132993256
663320 512 0 24686133121257
663832 512 0 24686133249257
664344 512 0 24686133377258
664856 512 0 24686133505258
665368 512 0 24686133633259
665880 512 0 24686133761259
666392 512 0 24686133889260
666904 512 0 24686134017261
667416 512 0 24686134145261
667928 512 0 24686134273262
668440 512 0 24686134401262
668952 512 0 24686134529263
669464 512 0 24686134657263
669976 512 0 24686134785264
670488 512 0 24686134913265
671000 512 0 24686135041265
671512 512 0 24686135169266
672024 512 0 24686135297266
672536 512 0 24686135425267
673048 512 0 24686135553267
673560 512 0 24686135681268
674072 512 0 24686135809269
674584 512 0 24686135937269
675096 512 0 24686136065270
675608 512 0 24686136193270
676120 512 0 24686136321271
676632 512 0 24686136449271
677144 512 0 24686136577272
677656 512 0 24686136705272
678168 512 0 24686136833273
678680 512 0 24686136961274
679192 512 0 24686137089274
679704 512 0 24686137217275
680216 512 0 24686137345275
680728 512 0 24686137473276
681240 512 0 24686137601276
681752 512 0 24686137729277
682264 512 0 24686137857277
682776 512 0 24686137985278
683288 512 0 24686138113279
683800 512 0 24686138241279
684312 512 0 24686138369280
684824 512 0 24686138497280
685336 512 0 24686138625281
685848 512 0 24686138753281
686360 512 0 24686138881282
686872 512 0 24686139009283
687384 512 0 24686139137283
687896 512 0 24686139265284
688408 512 0 24686139393284
688920 512 0 24686139521285
689432 512 0 24686139649285
689944 512 0 24686139777286
690456 512 0 24686139905287
690968 512 0 24686140033287
691480 512 0 24686140161288
691992 512 0 24686140289288
692504 512 0 24686140417289
693016 512 0 24686140545289
693528 512 0 24686140673290
694040 512 0 24686140801290
694552 512 0 24686140929291
695064 512 0 24686141057292
695576 512 0 24686141185292
696088 512 0 24686141313293
696600 512 0 24686141441293
697112 512 0 24686141569294
697624 512 0 24686141697294
698136 512 0 24686141825295
698648 512 0 24686141953295
699160 512 0 24686142081296
699672 512 0 24686142209297
700184 512 0 24686142337297
700696 512 0 24686142465298
701208 512 0 24686142593298
701720 512 0 24686142721299
702232 512 0 24686142849299
702744 512 0 24686142977300
703256 512 0 24686143105301
703768 512 0 24686143233301
704280 512 0 24686143361302
704792 512 0 24686143489302
705304 512 0 24686143617303
705816 512 0 24686143745303
706328 512 0 24686143873304
706840 512 0 24686144001305
707352 512 0 24686144129305
707864 512 0 24686144257306
708376 512 0 24686144385306
708888 512 0 24686144513307
709400 512 0 24686144641307
709912 512 0 24686144769308
710424 512 0 24686144897308
710936 512 0 24686145025309
711448 512 0 24686145153310
711960 512 0 24686145281310
712472 512 0 24686145409311
712984 512 0 24686145537311
713496 512 0 24686145665312
714008 512 0 24686145793312
714520 512 0 24686145921313
715032 512 0 24686146049313
715544 512 0 24686146177314
716056 512 0 24686146305315
716568 512 0 24686146433315
717080 512 0 24686146561316
717592 512 0 24686146689316
718104 512 0 24686146817317
718616 512 0 24686146945317
719128 512 0 24686147073318
719640 512 0 24686147201319
720152 512 0 24686147329319
720664 512 0 24686147457321
721176 512 0 24686147585321
721688 512 0 24686147713322
722200 512 0 24686147841323
722712 512 0 24686147969323
723224 512 0 24686148097324
723736 512 0 24686148225324
724248 512 0 24686148353325
724760 512 0 24686148481325
725272 512 0 24686148609326
725784 512 0 24686148737326
726296 512 0 24686148865327
726808 512 0 24686148993328
727320 512 0 24686149121328
727832 512 0 24686149249329
728344 512 0 24686149377329
728856 512 0 24686149505330
729368 512 0 24686149633330
729880 512 0 24686149761331
730392 512 0 24686149889332
730904 512 0 24686150017332
731416 512 0 24686150145333
731928 512 0 24686150273333
732440 512 0 24686150401334
732952 512 0 24686150529334
733464 512 0 24686150657335
733976 512 0 24686150785335
734488 512 0 24686150913336
735000 512 0 24686151041337
735512 512 0 24686151169337
736024 512 0 24686151297338
736536 512 0 24686151425338
737048 512 0 24686151553339
737560 512 0 24686151681339
738072 512 0 24686151809340
738584 512 0 24686151937340
739096 512 0 24686152065341
739608 512 0 24686152193342
740120 512 0 24686152321342
740632 512 0 24686152449343
741144 512 0 24686152577343
741656 512 0 24686152705344
742168 512 0 24686152833344
742680 512 0 24686152961345
743192 512 0 24686153089346
743704 512 0 24686153217346
744216 512 0 24686153345347
744728 512 0 24686153473347
745240 512 0 24686153601348
745752 512 0 24686153729348
746264 512 0 24686153857349
746776 512 0 24686153985350
747288 512 0 24686154113350
747800 512 0 24686154241351
748312 512 0 24686154369351
748824 512 0 24686154497352
749336 512 0 24686154625352
749848 512 0 24686154753353
750360 512 0 24686154881353
750872 512 0 24686155009354
751384 512 0 24686155137355
751896 512 0 24686155265355
752408 512 0 24686155393356
752920 512 0 24686155521356
753432 512 0 24686155649357
753944 512 0 24686155777357
754456 512 0 24686155905358
754968 512 0 24686156033358
755480 512 0 24686156161359
755992 512 0 24686156289360
756504 512 0 24686156417360
757016 512 0 24686156545361
757528 512 0 24686156673361
758040 512 0 24686156801362
758552 512 0 24686156929362
759064 512 0 24686157057363
759576 512 0 24686157185364
760088 512 0 24686157313364
760600 512 0 24686157441365
761112 512 0 24686157569365
761624 512 0 24686157697366
762136 512 0 24686157825366
762648 512 0 24686157953367
763160 512 0 24686158081368
763672 512 0 24686158209368
764184 512 0 24686158337369
764696 512 0 24686158465369
765208 512 0 24686158593370
765720 512 0 24686158721370
766232 512 0 24686158849371
766744 512 0 24686158977371
767256 512 0 24686159105372
767768 512 0 24686159233373
768280 512 0 24686159361373
768792 512 0 24686159489374
769304 512 0 24686159617374
769816 512 0 24686159745375
770328 512 0 24686159873375
770840 512 0 24686160001376
771352 512 0 24686160129376
771864 512 0 24686160257377
772376 512 0 24686160385378
772888 512 0 24686160513378
773400 512 0 24686160641379
773912 512 0 24686160769379
774424 512 0 24686160897380
774936 512 0 24686161025380
775448 512 0 24686161153381
775960 512 0 24686161281382
776472 512 0 24686161409382
776984 512 0 24686161537383
777496 512 0 24686161665383
778008 512 0 24686161793384
778520 512 0 24686161921384
779032 512 0 24686162049385
779544 512 0 24686162177386
780056 512 0 24686162305386
780568 512 0 24686162433387
781080 512 0 24686162561387
781592 512 0 24686162689388
782104 512 0 24686162817388
782616 512 0 24686162945389
783128 512 0 24686163073389
783640 512 0 24686163201390
784152 512 0 24686163329391
784664 512 0 24686163457391
785176 512 0 24686163585392
785688 512 0 24686163713392
786200 512 0 24686163841394
786712 512 0 24686163969394
787224 512 0 24686164097395
787736 512 0 24686164225396
788248 512 0 24686164353396
788760 512 0 24686164481397
789272 512 0 24686164609397
789784 512 0 24686164737398
790296 512 0 24686164865398
790808 512 0 24686164993399
791320 512 0 24686165121400
791832 512 0 24686165249400
792344 512 0 24686165377401
792856 512 0 24686165505401
793368 512 0 24686165633402
793880 512 0 24686165761402
794392 512 0 24686165889403
794904 512 0 24686166017404
795416 512 0 24686166145404
795928 512 0 24686166273405
796440 512 0 24686166401405
796952 512 0 24686166529406
797464 512 0 24686166657406
797976 512 0 24686166785407
798488 512 0 24686166913407
799000 512 0 24686167041408
799512 512 0 24686167169409
800024 512 0 24686167297409
800536 512 0 24686167425410
801048 512 0 24686167553410
801560 512 0 24686167681411
802072 512 0 24686167809411
802584 512 0 24686167937412
803096 512 0 24686168065412
803608 512 0 24686168193413
804120 512 0 24686168321414
804632 512 0 24686168449414
805144 512 0 24686168577415
805656 512 0 24686168705415
806168 512 0 24686168833416
806680 512 0 24686168961416
807192 512 0 24686169089417
807704 512 0 24686169217418
808216 512 0 24686169345418
808728 512 0 24686169473419
809240 512 0 24686169601419
809752 512 0 24686169729420
810264 512 0 24686169857420
810776 512 0 24686169985421
811288 512 0 24686170113422
811800 512 0 24686170241422
812312 512 0 24686170369423
812824 512 0 24686170497423
813336 512 0 24686170625424
813848 512 0 24686170753424
814360 512 0 24686170881425
814872 512 0 24686171009425
815384 512 0 24686171137426
815896 512 0 24686171265427
816408 512 0 24686171393427
816920 512 0 24686171521428
817432 512 0 24686171649428
817944 512 0 24686171777429
818456 512 0 24686171905429
818968 512 0 24686172033430
819480 512 0 24686172161430
819992 512 0 24686172289431
820504 512 0 24686172417432
821016 512 0 24686172545432
821528 512 0 24686172673433
822040 512 0 24686172801433
822552 512 0 24686172929434
823064 512 0 24686173057434
823576 512 0 24686173185435
824088 512 0 24686173313436
824600 512 0 24686173441436
825112 512 0 24686173569437
825624 512 0 24686173697437
826136 512 0 24686173825438
826648 512 0 24686173953438
827160 512 0 24686174081439
827672 512 0 24686174209439
828184 512 0 24686174337440
828696 512 0 24686174465441
829208 512 0 24686174593441
829720 512 0 24686174721442
830232 512 0 24686174849442
830744 512 0 24686174977443
831256 512 0 24686175105443
831768 512 0 24686175233444
972 512 0 24686181564160
1484 512 0 24686181842799
1996 512 0 24686182121439
2508 512 0 24686182400078
3020 512 0 24686182678717
3532 512 0 24686182957357
4044 512 0 24686183235996
4556 512 0 24686183514636
5068 512 0 24686183793275
5580 512 0 24686184071915
6092 512 0 24686184350554
6604 512 0 24686184629194
7116 512 0 24686184907833
7628 512 0 24686185186473
8140 512 0 24686185465112
8652 512 0 24686185743752
9164 512 0 24686186022391
9676 512 0 24686186301031
10188 512 0 24686186579670
10700 512 0 24686186858310
11212 512 0 24686187136949
11724 512 0 24686187415588
12236 512 0 24686187694228
12748 512 0 24686187972867
13260 512 0 24686188251507
13772 512 0 24686188530146
14284 512 0 24686188808786
14796 512 0 24686189087425
15308 512 0 24686189366065
15820 512 0 24686189644704
16332 512 0 24686189923344
16844 512 0 24686190201983
17356 512 0 24686190480623
17868 512 0 24686190759262
18380 512 0 24686191037902
18892 512 0 24686191316541
19404 512 0 24686191595180
19916 512 0 24686191873820
20428 512 0 24686192152459
20940 512 0 24686192431099
21452 512 0 24686192709738
21964 512 0 24686192988378
22476 512 0 24686193267017
22988 512 0 24686193545657
23500 512 0 24686193824296
24012 512 0 24686194102936
24524 512 0 24686194381575
25036 512 0 24686194660215
25548 512 0 24686194938854
26060 512 0 24686195217494
26572 512 0 24686195496133
27084 512 0 24686195774773
27596 512 0 24686196053412
28108 512 0 24686196332051
28620 512 0 24686196610691
29132 512 0 24686196889330
29644 512 0 24686197167970
30156 512 0 24686197446609
30668 512 0 24686197725249
31180 512 0 24686198003888
31692 512 0 24686198282528
32204 512 0 24686198561167
32716 512 0 24686198839875
33228 512 0 24686199118515
33740 512 0 24686199397156
34252 512 0 24686199675796
34764 512 0 24686199954436
35276 512 0 24686200233077
35788 512 0 24686200511717
36300 512 0 24686200790358
36812 512 0 24686201068998
37324 512 0 24686201347638
37836 512 0 24686201626279
38348 512 0 24686201904919
38860 512 0 24686202183559
39372 512 0 24686202462200
39884 512 0 24686202740840
40396 512 0 24686203019481
40908 512 0 24686203298121
41420 512 0 24686203576761
41932 512 0 24686203855402
42444 512 0 24686204134042
42956 512 0 24686204412682
43468 512 0 24686204691323
43980 512 0 24686204969963
44492 512 0 24686205248604
45004 512 0 24686205527244
45516 512 0 24686205805884
46028 512 0 24686206084525
46540 512 0 24686206363165
47052 512 0 24686206641806
47564 512 0 24686206920446
48076 512 0 24686207199086
48588 512 0 24686207477727
49100 512 0 24686207756384
49612 512 0 24686208035025
50124 512 0 24686208313665
50636 512 0 24686208592306
51148 512 0 24686208870947
51660 512 0 24686209149587
52172 512 0 24686209428228
52684 512 0 24686209706868
53196 512 0 24686209985509
53708 512 0 24686210264150
54220 512 0 24686210542790
54732 512 0 24686210821431
55244 512 0 24686211100071
55756 512 0 24686211378712
56268 512 0 24686211657353
56780 512 0 24686211935993
57292 512 0 24686212214634
57804 512 0 24686212493275
58316 512 0 24686212771915
58828 512 0 24686213050556
59340 512 0 24686213329196
59852 512 0 24686213607837
60364 512 0 24686213886478
60876 512 0 24686214165118
61388 512 0 24686214443759
61900 512 0 24686214722399
62412 512 0 24686215001040
62924 512 0 24686215279681
63436 512 0 24686215558321
63948 512 0 24686215836962
64460 512 0 24686216115602
64972 512 0 24686216394243
65484 512 0 24686216672887
65996 512 0 24686216951528
66508 512 0 24686217230169
67020 512 0 24686217508809
67532 512 0 24686217787450
68044 512 0 24686218066091
68556 512 0 24686218344731
69068 512 0 24686218623372
69580 512 0 24686218902013
70092 512 0 24686219180653
70604 512 0 24686219459294
71116 512 0 24686219737934
71628 512 0 24686220016575
72140 512 0 24686220295216
72652 512 0 24686220573856
73164 512 0 24686220852497
73676 512 0 24686221131138
74188 512 0 24686221409778
74700 512 0 24686221688419
75212 512 0 24686221967060
75724 512 0 24686222245700
76236 512 0 24686222524341
76748 512 0 24686222802982
77260 512 0 24686223081622
77772 512 0 24686223360263
78284 512 0 24686223638904
78796 512 0 24686223917544
79308 512 0 24686224196185
79820 512 0 24686224474826
80332 512 0 24686224753466
80844 512 0 24686225032107
81356 512 0 24686225310747
81868 512 0 24686225589391
82380 512 0 24686225868032
82892 512 0 24686226146673
83404 512 0 24686226425313
83916 512 0 24686226703954
84428 512 0 24686226982595
84940 512 0 24686227261236
85452 512 0 24686227539876
85964 512 0 24686227818517
86476 512 0 24686228097158
86988 512 0 24686228375798
87500 512 0 24686228654439
88012 512 0 24686228933080
88524 512 0 24686229211720
89036 512 0 24686229490361
89548 512 0 24686229769002
90060 512 0 24686230047642
90572 512 0 24686230326283
91084 512 0 24686230604924
91596 512 0 24686230883564
92108 512 0 24686231162205
92620 512 0 24686231440846
93132 512 0 24686231719486
93644 512 0 24686231998127
94156 512 0 24686232276768
94668 512 0 24686232555409
95180 512 0 24686232834049
95692 512 0 24686233112690
96204 512 0 24686233391331
96716 512 0 24686233669971
97228 512 0 24686233948612
97740 512 0 24686234227253
98252 512 0 24686234505891
98764 512 0 24686234784531
99276 512 0 24686235063172
99788 512 0 24686235341812
100300 512 0 24686235620453
100812 512 0 24686235899094
101324 512 0 24686236177734
101836 512 0 24686236456375
102348 512 0 24686236735016
102860 512 0 24686237013656
103372 512 0 24686237292297
103884 512 0 24686237570938
104396 512 0 24686237849578
104908 512 0 24686238128219
105420 512 0 24686238406860
105932 512 0 24686238685500
106444 512 0 24686238964141
106956 512 0 24686239242782
107468 512 0 24686239521422
107980 512 0 24686239800063
108492 512 0 24686240078704
109004 512 0 24686240357344
109516 512 0 24686240635985
110028 512 0 24686240914626
110540 512 0 24686241193266
111052 512 0 24686241471907
111564 512 0 24686241750548
112076 512 0 24686242029188
112588 512 0 24686242307829
113100 512 0 24686242586469
113612 512 0 24686242865110
114124 512 0 24686243143751
114636 512 0 24686243422392
115148 512 0 24686243701032
115660 512 0 24686243979673
116172 512 0 24686244258313
116684 512 0 24686244536954
117196 512 0 24686244815595
117708 512 0 24686245094235
118220 512 0 24686245372876
118732 512 0 24686245651517
119244 512 0 24686245930157
119756 512 0 24686246208798
120268 512 0 24686246487439
120780 512 0 24686246766079
121292 512 0 24686247044720
121804 512 0 24686247323361
122316 512 0 24686247602001
122828 512 0 24686247880642
123340 512 0 24686248159283
123852 512 0 24686248437923
124364 512 0 24686248716564
124876 512 0 24686248995205
125388 512 0 24686249273845
125900 512 0 24686249552486
126412 512 0 24686249831127
126924 512 0 24686250109767
127436 512 0 24686250388408
127948 512 0 24686250667049
128460 512 0 24686250945689
128972 512 0 24686251224330
129484 512 0 24686251502971
129996 512 0 24686251781611
130508 512 0 24686252060252
131020 512 0 24686252338893
131532 512 0 24686252617533
132044 512 0 24686252896174
132556 512 0 24686253174815
133068 512 0 24686253453455
133580 512 0 24686253732096
134092 512 0 24686254010736
134604 512 0 24686254289377
135116 512 0 24686254568018
135628 512 0 24686254846658
136140 512 0 24686255125299
136652 512 0 24686255403940
137164 512 0 24686255682580
137676 512 0 24686255961221
138188 512 0 24686256239862
138700 512 0 24686256518502
139212 512 0 24686256797143
139724 512 0 24686257075784
140236 512 0 24686257354424
140748 512 0 24686257633065
141260 512 0 24686257911706
141772 512 0 24686258190346
142284 512 0 24686258468987
142796 512 0 24686258747628
143308 512 0 24686259026268
143820 512 0 24686259304909
144332 512 0 24686259583550
144844 512 0 24686259862190
145356 512 0 24686260140831
145868 512 0 24686260419472
146380 512 0 24686260698112
146892 512 0 24686260976753
147404 512 0 24686261255394
147916 512 0 24686261534034
148428 512 0 24686261812675
148940 512 0 24686262091316
149452 512 0 24686262369956
149964 512 0 24686262648597
150476 512 0 24686262927237
150988 512 0 24686263205878
151500 512 0 24686263484519
152012 512 0 24686263763159
152524 512 0 24686264041800
153036 512 0 24686264320441
153548 512 0 24686264599081
154060 512 0 24686264877722
154572 512 0 24686265156363
155084 512 0 24686265435003
155596 512 0 24686265713644
156108 512 0 24686265992285
156620 512 0 24686266270925
157132 512 0 24686266549566
157644 512 0 24686266828207
158156 512 0 24686267106847
158668 512 0 24686267385488
159180 512 0 24686267664129
159692 512 0 24686267942769
160204 512 0 24686268221410
160716 512 0 24686268500051
161228 512 0 24686268778691
161740 512 0 24686269057332
162252 512 0 24686269335973
162764 512 0 24686269614613
163276 512 0 24686269893254
163788 512 0 24686270171896
164300 512 0 24686270450536
164812 512 0 24686270729177
165324 512 0 24686271007818
165836 512 0 24686271286458
166348 512 0 24686271565099
166860 512 0 24686271843740
167372 512 0 24686272122380
167884 512 0 24686272401021
168396 512 0 24686272679662
168908 512 0 24686272958302
169420 512 0 24686273236943
169932 512 0 24686273515584
170444 512 0 24686273794224
170956 512 0 24686274072865
171468 512 0 24686274351506
171980 512 0 24686274630146
172492 512 0 24686274908787
173004 512 0 24686275187428
173516 512 0 24686275466068
174028 512 0 24686275744709
174540 512 0 24686276023350
175052 512 0 24686276301990
175564 512 0 24686276580631
176076 512 0 24686276859272
176588 512 0 24686277137912
177100 512 0 24686277416553
177612 512 0 24686277695194
178124 512 0 24686277973834
178636 512 0 24686278252475
179148 512 0 24686278531116
179660 512 0 24686278809756
180172 512 0 24686279088397
180684 512 0 24686279367037
181196 512 0 24686279645678
181708 512 0 24686279924319
182220 512 0 24686280202959
182732 512 0 24686280481600
183244 512 0 24686280760241
183756 512 0 24686281038881
184268 512 0 24686281317522
184780 512 0 24686281596163
185292 512 0 24686281874803
185804 512 0 24686282153444
186316 512 0 24686282432085
186828 512 0 24686282710725
187340 512 0 24686282989366
187852 512 0 24686283268007
188364 512 0 24686283546647
188876 512 0 24686283825288
189388 512 0 24686284103929
189900 512 0 24686284382569
190412 512 0 24686284661210
190924 512 0 24686284939851
191436 512 0 24686285218491
191948 512 0 24686285497132
192460 512 0 24686285775773
192972 512 0 24686286054413
193484 512 0 24686286333054
193996 512 0 24686286611695
194508 512 0 24686286890335
195020 512 0 24686287168976
195532 512 0 24686287447617
196044 512 0 24686287726257
196556 512 0 24686288004898
197068 512 0 24686288283538
197580 512 0 24686288562179
198092 512 0 24686288840820
198604 512 0 24686289119460
199116 512 0 24686289398101
199628 512 0 24686289676742
200140 512 0 24686289955382
200652 512 0 24686290234023
201164 512 0 24686290512664
201676 512 0 24686290791304
202188 512 0 24686291069945
202700 512 0 24686291348586
203212 512 0 24686291627226
203724 512 0 24686291905867
204236 512 0 24686292184508
204748 512 0 24686292463148
205260 512 0 24686292741789
205772 512 0 24686293020430
206284 512 0 24686293299070
206796 512 0 24686293577711
207308 512 0 24686293856352
207820 512 0 24686294134992
208332 512 0 24686294413633
208844 512 0 24686294692274
209356 512 0 24686294970914
209868 512 0 24686295249555
210380 512 0 24686295528196
210892 512 0 24686295806836
211404 512 0 24686296085477
211916 512 0 24686296364118
212428 512 0 24686296642758
212940 512 0 24686296921400
213452 512 0 24686297200041
213964 512 0 24686297478681
214476 512 0 24686297757322
214988 512 0 24686298035963
215500 512 0 24686298314603
216012 512 0 24686298593244
216524 512 0 24686298871885
217036 512 0 24686299150525
217548 512 0 24686299429166
218060 512 0 24686299707807
218572 512 0 24686299986447
219084 512 0 24686300265088
219596 512 0 24686300543729
220108 512 0 24686300822369
220620 512 0 24686301101010
221132 512 0 24686301379651
221644 512 0 24686301658291
222156 512 0 24686301936932
222668 512 0 24686302215573
223180 512 0 24686302494213
223692 512 0 24686302772854
224204 512 0 24686303051495
224716 512 0 24686303330135
225228 512 0 24686303608776
225740 512 0 24686303887417
226252 512 0 24686304166057
226764 512 0 24686304444698
227276 512 0 24686304723339
227788 512 0 24686305001979
228300 512 0 24686305280620
228812 512 0 24686305559261
229324 512 0 24686305837901
229836 512 0 24686306116541
230348 512 0 24686306395182
230860 512 0 24686306673823
231372 512 0 24686306952463
231884 512 0 24686307231104
232396 512 0 24686307509745
232908 512 0 24686307788385
233420 512 0 24686308067026
233932 512 0 24686308345667
234444 512 0 24686308624307
234956 512 0 24686308902948
235468 512 0 24686309181589
235980 512 0 24686309460229
236492 512 0 24686309738870
237004 512 0 24686310017511
237516 512 0 24686310296151
238028 512 0 24686310574792
238540 512 0 24686310853433
239052 512 0 24686311132073
239564 512 0 24686311410714
240076 512 0 24686311689355
240588 512 0 24686311967995
241100 512 0 24686312246636
241612 512 0 24686312525277
242124 512 0 24686312803917
242636 512 0 24686313082558
243148 512 0 24686313361199
243660 512 0 24686313639839
244172 512 0 24686313918480
244684 512 0 24686314197121
245196 512 0 24686314475761
245708 512 0 24686314754402
246220 512 0 24686315033042
246732 512 0 24686315311683
247244 512 0 24686315590324
247756 512 0 24686315868964
248268 512 0 24686316147605
248780 512 0 24686316426246
249292 512 0 24686316704886
249804 512 0 24686316983527
250316 512 0 24686317262168
250828 512 0 24686317540808
251340 512 0 24686317819449
251852 512 0 24686318098090
252364 512 0 24686318376730
252876 512 0 24686318655371
253388 512 0 24686318934012
253900 512 0 24686319212652
254412 512 0 24686319491293
254924 512 0 24686319769934
255436 512 0 24686320048574
255948 512 0 24686320327215
256460 512 0 24686320605856
256972 512 0 24686320884496
257484 512 0 24686321163137
257996 512 0 24686321441778
258508 512 0 24686321720418
259020 512 0 24686321999059
259532 512 0 24686322277700
260044 512 0 24686322556340
260556 512 0 24686322834981
261068 512 0 24686323113622
261580 512 0 24686323392262
262092 512 0 24686323670904
262604 512 0 24686323949544
263116 512 0 24686324228185
263628 512 0 24686324506826
264140 512 0 24686324785466
264652 512 0 24686325064107
265164 512 0 24686325342748
265676 512 0 24686325621388
266188 512 0 24686325900029
266700 512 0 24686326178670
267212 512 0 24686326457310
267724 512 0 24686326735951
268236 512 0 24686327014592
268748 512 0 24686327293232
269260 512 0 24686327571873
269772 512 0 24686327850514
270284 512 0 24686328129154
270796 512 0 24686328407795
271308 512 0 24686328686436
271820 512 0 24686328965076
272332 512 0 24686329243717
272844 512 0 24686329522358
273356 512 0 24686329800998
273868 512 0 24686330079639
274380 512 0 24686330358280
274892 512 0 24686330636920
275404 512 0 24686330915561
275916 512 0 24686331194202
276428 512 0 24686331472842
276940 512 0 24686331751483
277452 512 0 24686332030124
277964 512 0 24686332308764
278476 512 0 24686332587405
278988 512 0 24686332866045
279500 512 0 24686333144686
280012 512 0 24686333423327
280524 512 0 24686333701967
281036 512 0 24686333980608
281548 512 0 24686334259249
282060 512 0 24686334537889
282572 512 0 24686334816530
283084 512 0 24686335095171
283596 512 0 24686335373811
284108 512 0 24686335652452
284620 512 0 24686335931093
285132 512 0 24686336209733
285644 512 0 24686336488374
286156 512 0 24686336767015
286668 512 0 24686337045655
287180 512 0 24686337324296
287692 512 0 24686337602937
288204 512 0 24686337881577
288716 512 0 24686338160218
289228 512 0 24686338438859
289740 512 0 24686338717499
290252 512 0 24686338996140
290764 512 0 24686339274781
291276 512 0 24686339553421
291788 512 0 24686339832062
292300 512 0 24686340110703
292812 512 0 24686340389343
293324 512 0 24686340667984
293836 512 0 24686340946625
294348 512 0 24686341225265
294860 512 0 24686341503906
295372 512 0 24686341782546
295884 512 0 24686342061187
296396 512 0 24686342339828
296908 512 0 24686342618468
297420 512 0 24686342897109
297932 512 0 24686343175750
298444 512 0 24686343454390
298956 512 0 24686343733031
299468 512 0 24686344011672
299980 512 0 24686344290312
300492 512 0 24686344568953
301004 512 0 24686344847594
301516 512 0 24686345126234
302028 512 0 24686345404875
302540 512 0 24686345683516
303052 512 0 24686345962156
303564 512 0 24686346240797
304076 512 0 24686346519438
304588 512 0 24686346798078
305100 512 0 24686347076719
305612 512 0 24686347355360
306124 512 0 24686347634000
306636 512 0 24686347912641
307148 512 0 24686348191282
307660 512 0 24686348469922
308172 512 0 24686348748563
308684 512 0 24686349027204
309196 512 0 24686349305844
309708 512 0 24686349584485
310220 512 0 24686349863126
310732 512 0 24686350141766
311244 512 0 24686350420407
311756 512 0 24686350699047
312268 512 0 24686350977688
312780 512 0 24686351256329
313292 512 0 24686351534969
313804 512 0 24686351813610
314316 512 0 24686352092251
314828 512 0 24686352370891
315340 512 0 24686352649532
315852 512 0 24686352928173
316364 512 0 24686353206813
316876 512 0 24686353485454
317388 512 0 24686353764095
317900 512 0 24686354042735
318412 512 0 24686354321376
318924 512 0 24686354600017
319436 512 0 24686354878657
319948 512 0 24686355157298
320460 512 0 24686355435939
320972 512 0 24686355714579
321484 512 0 24686355993220
321996 512 0 24686356271861
322508 512 0 24686356550501
323020 512 0 24686356829142
323532 512 0 24686357107783
324044 512 0 24686357386423
324556 512 0 24686357665064
325068 512 0 24686357943705
325580 512 0 24686358222345
326092 512 0 24686358500986
326604 512 0 24686358779627
327116 512 0 24686359058267
327628 512 0 24686359336909
328140 512 0 24686359615550
328652 512 0 24686359894190
329164 512 0 24686360172831
329676 512 0 24686360451471
330188 512 0 24686360730112
330700 512 0 24686361008753
331212 512 0 24686361287393
331724 512 0 24686361566034
332236 512 0 24686361844675
332748 512 0 24686362123315
333260 512 0 24686362401956
333772 512 0 24686362680597
334284 512 0 24686362959237
334796 512 0 24686363237878
335308 512 0 24686363516519
335820 512 0 24686363795159
336332 512 0 24686364073800
336844 512 0 24686364352441
337356 512 0 24686364631081
337868 512 0 24686364909722
338380 512 0 24686365188363
2188 512 0 24686372034188
2700 512 0 24686372162188
3212 512 0 24686372290188
3724 512 0 24686372418188
4236 512 0 24686372546188
4748 512 0 24686372674188
5260 512 0 24686372802188
5772 512 0 24686372930188
6284 512 0 24686373058188
6796 512 0 24686373186188
7308 512 0 24686373314188
7820 512 0 24686373442188
8332 512 0 24686373570188
8844 512 0 24686373698188
9356 512 0 24686373826188
9868 512 0 24686373954188
10380 512 0 24686374082188
10892 512 0 24686374210188
11404 512 0 24686374338188
11916 512 0 24686374466188
12428 512 0 24686374594188
12940 512 0 24686374722188
13452 512 0 24686374850188
13964 512 0 24686374978188
14476 512 0 24686375106188
14988 512 0 24686375234188
15500 512 0 24686375362188
16012 512 0 24686375490188
16524 512 0 24686375618188
17036 512 0 24686375746188
17548 512 0 24686375874188
18060 512 0 24686376002188
18572 512 0 24686376130188
19084 512 0 24686376258188
19596 512 0 24686376386188
20108 512 0 24686376514188
20620 512 0 24686376642188
21132 512 0 24686376770188
21644 512 0 24686376898188
22156 512 0 24686377026188
22668 512 0 24686377154188
23180 512 0 24686377282188
23692 512 0 24686377410188
24204 512 0 24686377538188
24716 512 0 24686377666188
25228 512 0 24686377794188
25740 512 0 24686377922188
26252 512 0 24686378050188
26764 512 0 24686378178188
27276 512 0 24686378306188
27788 512 0 24686378434188
28300 512 0 24686378562188
28812 512 0 24686378690188
29324 512 0 24686378818188
29836 512 0 24686378946188
30348 512 0 24686379074188
30860 512 0 24686379202188
31372 512 0 24686379330188
31884 512 0 24686379458188
32396 512 0 24686379586217
32908 512 0 24686379714218
33420 512 0 24686379842218
33932 512 0 24686379970219
34444 512 0 24686380098219
34956 512 0 24686380226219
35468 512 0 24686380354220
35980 512 0 24686380482220
36492 512 0 24686380610221
37004 512 0 24686380738221
37516 512 0 24686380866221
38028 512 0 24686380994222
38540 512 0 24686381122222
39052 512 0 24686381250223
39564 512 0 24686381378223
40076 512 0 24686381506223
40588 512 0 24686381634224
41100 512 0 24686381762224
41612 512 0 24686381890225
42124 512 0 24686382018225
42636 512 0 24686382146225
43148 512 0 24686382274226
43660 512 0 24686382402226
44172 512 0 24686382530227
44684 512 0 24686382658227
45196 512 0 24686382786227
45708 512 0 24686382914228
46220 512 0 24686383042228
46732 512 0 24686383170229
47244 512 0 24686383298229
47756 512 0 24686383426229
48268 512 0 24686383554230
48780 512 0 24686383682239
49292 512 0 24686383810240
49804 512 0 24686383938240
50316 512 0 24686384066241
50828 512 0 24686384194241
51340 512 0 24686384322242
51852 512 0 24686384450242
52364 512 0 24686384578243
52876 512 0 24686384706243
53388 512 0 24686384834244
53900 512 0 24686384962245
54412 512 0 24686385090245
54924 512 0 24686385218246
55436 512 0 24686385346246
55948 512 0 24686385474247
56460 512 0 24686385602247
56972 512 0 24686385730248
57484 512 0 24686385858248
57996 512 0 24686385986249
58508 512 0 24686386114249
59020 512 0 24686386242250
59532 512 0 24686386370250
60044 512 0 24686386498251
60556 512 0 24686386626251
61068 512 0 24686386754252
61580 512 0 24686386882252
62092 512 0 24686387010253
62604 512 0 24686387138253
63116 512 0 24686387266254
63628 512 0 24686387394254
64140 512 0 24686387522255
64652 512 0 24686387650255
65164 512 0 24686387778258
65676 512 0 24686387906258
66188 512 0 24686388034259
66700 512 0 24686388162260
67212 512 0 24686388290260
67724 512 0 24686388418261
68236 512 0 24686388546261
68748 512 0 24686388674262
69260 512 0 24686388802262
69772 512 0 24686388930263
70284 512 0 24686389058263
70796 512 0 24686389186264
71308 512 0 24686389314264
71820 512 0 24686389442265
72332 512 0 24686389570266
72844 512 0 24686389698266
73356 512 0 24686389826267
73868 512 0 24686389954267
74380 512 0 24686390082268
74892 512 0 24686390210268
75404 512 0 24686390338269
75916 512 0 24686390466269
76428 512 0 24686390594270
76940 512 0 24686390722270
77452 512 0 24686390850271
77964 512 0 24686390978271
78476 512 0 24686391106272
78988 512 0 24686391234273
79500 512 0 24686391362273
80012 512 0 24686391490274
80524 512 0 24686391618274
81036 512 0 24686391746275
81548 512 0 24686391874276
82060 512 0 24686392002277
82572 512 0 24686392130277
83084 512 0 24686392258278
83596 512 0 24686392386278
84108 512 0 24686392514279
84620 512 0 24686392642280
85132 512 0 24686392770280
85644 512 0 24686392898281
86156 512 0 24686393026281
86668 512 0 24686393154282
87180 512 0 24686393282282
87692 512 0 24686393410283
88204 512 0 24686393538283
88716 512 0 24686393666284
89228 512 0 24686393794285
89740 512 0 24686393922285
90252 512 0 24686394050286
90764 512 0 24686394178286
91276 512 0 24686394306287
91788 512 0 24686394434287
92300 512 0 24686394562288
92812 512 0 24686394690288
93324 512 0 24686394818289
93836 512 0 24686394946290
94348 512 0 24686395074290
94860 512 0 24686395202291
95372 512 0 24686395330291
95884 512 0 24686395458292
96396 512 0 24686395586292
96908 512 0 24686395714293
97420 512 0 24686395842293
97932 512 0 24686395970293
98444 512 0 24686396098293
98956 512 0 24686396226294
99468 512 0 24686396354295
99980 512 0 24686396482295
100492 512 0 24686396610296
101004 512 0 24686396738296
101516 512 0 24686396866297
102028 512 0 24686396994297
102540 512 0 24686397122298
103052 512 0 24686397250298
103564 512 0 24686397378299
104076 512 0 24686397506299
104588 512 0 24686397634300
105100 512 0 24686397762301
105612 512 0 24686397890301
106124 512 0 24686398018302
106636 512 0 24686398146302
107148 512 0 24686398274303
107660 512 0 24686398402303
108172 512 0 24686398530304
108684 512 0 24686398658304
109196 512 0 24686398786305
109708 512 0 24686398914305
110220 512 0 24686399042306
110732 512 0 24686399170306
111244 512 0 24686399298307
111756 512 0 24686399426308
112268 512 0 24686399554308
112780 512 0 24686399682309
113292 512 0 24686399810309
113804 512 0 24686399938310
114316 512 0 24686400066311
114828 512 0 24686400194312
115340 512 0 24686400322312
115852 512 0 24686400450313
116364 512 0 24686400578313
116876 512 0 24686400706314
117388 512 0 24686400834315
117900 512 0 24686400962315
118412 512 0 24686401090316
118924 512 0 24686401218316
119436 512 0 24686401346317
119948 512 0 24686401474317
120460 512 0 24686401602318
120972 512 0 24686401730318
121484 512 0 24686401858319
121996 512 0 24686401986320
122508 512 0 24686402114320
123020 512 0 24686402242321
123532 512 0 24686402370321
124044 512 0 24686402498322
124556 512 0 24686402626322
125068 512 0 24686402754323
125580 512 0 24686402882323
126092 512 0 24686403010324
126604 512 0 24686403138325
127116 512 0 24686403266325
127628 512 0 24686403394326
128140 512 0 24686403522326
128652 512 0 24686403650327
129164 512 0 24686403778327
129676 512 0 24686403906328
130188 512 0 24686404034328
130700 512 0 24686404162323
131212 512 0 24686404290324
131724 512 0 24686404418324
132236 512 0 24686404546325
132748 512 0 24686404674325
133260 512 0 24686404802326
133772 512 0 24686404930326
134284 512 0 24686405058327
134796 512 0 24686405186327
135308 512 0 24686405314328
135820 512 0 24686405442328
136332 512 0 24686405570329
136844 512 0 24686405698329
137356 512 0 24686405826330
137868 512 0 24686405954330
138380 512 0 24686406082331
138892 512 0 24686406210331
139404 512 0 24686406338332
139916 512 0 24686406466332
140428 512 0 24686406594333
140940 512 0 24686406722333
141452 512 0 24686406850334
141964 512 0 24686406978334
142476 512 0 24686407106335
142988 512 0 24686407234336
143500 512 0 24686407362336
144012 512 0 24686407490337
144524 512 0 24686407618337
145036 512 0 24686407746338
145548 512 0 24686407874338
146060 512 0 24686408002339
146572 512 0 24686408130339
147084 512 0 24686408258333
147596 512 0 24686408386333
148108 512 0 24686408514334
148620 512 0 24686408642334
149132 512 0 24686408770335
149644 512 0 24686408898335
150156 512 0 24686409026336
150668 512 0 24686409154336
151180 512 0 24686409282337
151692 512 0 24686409410337
152204 512 0 24686409538338
152716 512 0 24686409666338
153228 512 0 24686409794338
153740 512 0 24686409922339
154252 512 0 24686410050339
154764 512 0 24686410178340
155276 512 0 24686410306340
155788 512 0 24686410434341
156300 512 0 24686410562341
156812 512 0 24686410690342
157324 512 0 24686410818342
157836 512 0 24686410946343
158348 512 0 24686411074343
158860 512 0 24686411202344
159372 512 0 24686411330344
159884 512 0 24686411458345
160396 512 0 24686411586345
160908 512 0 24686411714346
161420 512 0 24686411842346
161932 512 0 24686411970346
162444 512 0 24686412098347
162956 512 0 24686412226347
163468 512 0 24686412354343
163980 512 0 24686412482343
164492 512 0 24686412610344
165004 512 0 24686412738344
165516 512 0 24686412866345
166028 512 0 24686412994345
166540 512 0 24686413122345
167052 512 0 24686413250346
167564 512 0 24686413378346
168076 512 0 24686413506347
168588 512 0 24686413634347
169100 512 0 24686413762348
169612 512 0 24686413890348
170124 512 0 24686414018349
170636 512 0 24686414146349
171148 512 0 24686414274349
171660 512 0 24686414402350
172172 512 0 24686414530350
172684 512 0 24686414658351
173196 512 0 24686414786351
173708 512 0 24686414914352
174220 512 0 24686415042352
174732 512 0 24686415170352
175244 512 0 24686415298353
175756 512 0 24686415426353
176268 512 0 24686415554354
176780 512 0 24686415682354
177292 512 0 24686415810355
177804 512 0 24686415938355
178316 512 0 24686416066356
178828 512 0 24686416194356
179340 512 0 24686416322356
179852 512 0 24686416450359
180364 512 0 24686416578360
180876 512 0 24686416706360
181388 512 0 24686416834361
181900 512 0 24686416962361
182412 512 0 24686417090362
182924 512 0 24686417218362
183436 512 0 24686417346362
183948 512 0 24686417474363
184460 512 0 24686417602363
184972 512 0 24686417730364
185484 512 0 24686417858364
185996 512 0 24686417986365
186508 512 0 24686418114365
187020 512 0 24686418242366
187532 512 0 24686418370366
188044 512 0 24686418498367
188556 512 0 24686418626367
189068 512 0 24686418754367
189580 512 0 24686418882368
190092 512 0 24686419010368
190604 512 0 24686419138369
191116 512 0 24686419266369
191628 512 0 24686419394370
192140 512 0 24686419522370
192652 512 0 24686419650371
193164 512 0 24686419778371
193676 512 0 24686419906372
194188 512 0 24686420034372
194700 512 0 24686420162372
195212 512 0 24686420290373
195724 512 0 24686420418373
196236 512 0 24686420546377
196748 512 0 24686420674377
197260 512 0 24686420802378
197772 512 0 24686420930378
198284 512 0 24686421058379
198796 512 0 24686421186379
199308 512 0 24686421314380
199820 512 0 24686421442380
200332 512 0 24686421570381
200844 512 0 24686421698381
201356 512 0 24686421826382
201868 512 0 24686421954382
202380 512 0 24686422082383
202892 512 0 24686422210383
203404 512 0 24686422338383
203916 512 0 24686422466384
204428 512 0 24686422594384
204940 512 0 24686422722385
205452 512 0 24686422850385
205964 512 0 24686422978386
206476 512 0 24686423106386
206988 512 0 24686423234387
207500 512 0 24686423362387
208012 512 0 24686423490388
208524 512 0 24686423618388
209036 512 0 24686423746389
209548 512 0 24686423874389
210060 512 0 24686424002390
210572 512 0 24686424130390
211084 512 0 24686424258391
211596 512 0 24686424386391
212108 512 0 24686424514392
212620 512 0 24686424642393
213132 512 0 24686424770394
213644 512 0 24686424898394
214156 512 0 24686425026394
214668 512 0 24686425154395
215180 512 0 24686425282395
215692 512 0 24686425410396
216204 512 0 24686425538396
216716 512 0 24686425666397
217228 512 0 24686425794397
217740 512 0 24686425922398
218252 512 0 24686426050398
218764 512 0 24686426178399
219276 512 0 24686426306399
219788 512 0 24686426434400
220300 512 0 24686426562400
220812 512 0 24686426690401
221324 512 0 24686426818401
221836 512 0 24686426946402
222348 512 0 24686427074402
222860 512 0 24686427202403
223372 512 0 24686427330403
223884 512 0 24686427458404
224396 512 0 24686427586404
224908 512 0 24686427714405
225420 512 0 24686427842405
225932 512 0 24686427970406
226444 512 0 24686428098406
226956 512 0 24686428226406
227468 512 0 24686428354407
227980 512 0 24686428482407
228492 512 0 24686428610408
229004 512 0 24686428738412
229516 512 0 24686428866412
230028 512 0 24686428994413
230540 512 0 24686429122413
231052 512 0 24686429250414
231564 512 0 24686429378414
232076 512 0 24686429506415
232588 512 0 24686429634415
233100 512 0 24686429762416
233612 512 0 24686429890416
234124 512 0 24686430018417
234636 512 0 24686430146417
235148 512 0 24686430274418
235660 512 0 24686430402418
236172 512 0 24686430530419
236684 512 0 24686430658419
237196 512 0 24686430786420
237708 512 0 24686430914420
238220 512 0 24686431042421
238732 512 0 24686431170421
239244 512 0 24686431298422
239756 512 0 24686431426422
240268 512 0 24686431554423
240780 512 0 24686431682423
241292 512 0 24686431810424
241804 512 0 24686431938424
242316 512 0 24686432066425
242828 512 0 24686432194425
243340 512 0 24686432322426
243852 512 0 24686432450426
244364 512 0 24686432578427
244876 512 0 24686432706427
245388 512 0 24686432834429
245900 512 0 24686432962429
246412 512 0 24686433090430
246924 512 0 24686433218430
247436 512 0 24686433346431
247948 512 0 24686433474431
248460 512 0 24686433602432
248972 512 0 24686433730432
249484 512 0 24686433858433
249996 512 0 24686433986433
250508 512 0 24686434114434
251020 512 0 24686434242435
251532 512 0 24686434370435
252044 512 0 24686434498436
252556 512 0 24686434626436
253068 512 0 24686434754437
253580 512 0 24686434882437
254092 512 0 24686435010438
254604 512 0 24686435138438
255116 512 0 24686435266439
255628 512 0 24686435394439
256140 512 0 24686435522440
256652 512 0 24686435650440
257164 512 0 24686435778441
257676 512 0 24686435906441
258188 512 0 24686436034442
258700 512 0 24686436162442
259212 512 0 24686436290443
259724 512 0 24686436418443
260236 512 0 24686436546444
260748 512 0 24686436674444
261260 512 0 24686436802445
261772 512 0 24686436930446
262284 512 0 24686437058446
262796 512 0 24686437186447
263308 512 0 24686437314448
263820 512 0 24686437442448
264332 512 0 24686437570449
264844 512 0 24686437698449
265356 512 0 24686437826450
265868 512 0 24686437954450
266380 512 0 24686438082451
266892 512 0 24686438210451
267404 512 0 24686438338452
267916 512 0 24686438466452
268428 512 0 24686438594453
268940 512 0 24686438722453
269452 512 0 24686438850454
269964 512 0 24686438978454
270476 512 0 24686439106455
270988 512 0 24686439234455
271500 512 0 24686439362456
272012 512 0 24686439490456
272524 512 0 24686439618457
273036 512 0 24686439746457
273548 512 0 24686439874458
274060 512 0 24686440002458
274572 512 0 24686440130459
275084 512 0 24686440258459
275596 512 0 24686440386460
276108 512 0 24686440514460
276620 512 0 24686440642461
277132 512 0 24686440770461
277644 512 0 24686440898462
278156 512 0 24686441026464
278668 512 0 24686441154465
279180 512 0 24686441282465
279692 512 0 24686441410466
280204 512 0 24686441538466
280716 512 0 24686441666467
281228 512 0 24686441794467
281740 512 0 24686441922468
282252 512 0 24686442050468
282764 512 0 24686442178469
283276 512 0 24686442306469
283788 512 0 24686442434470
284300 512 0 24686442562470
284812 512 0 24686442690471
285324 512 0 24686442818471
285836 512 0 24686442946472
286348 512 0 24686443074472
286860 512 0 24686443202473
287372 512 0 24686443330473
287884 512 0 24686443458474
288396 512 0 24686443586474
288908 512 0 24686443714475
289420 512 0 24686443842475
289932 512 0 24686443970476
290444 512 0 24686444098477
290956 512 0 24686444226477
291468 512 0 24686444354478
291980 512 0 24686444482478
292492 512 0 24686444610479
293004 512 0 24686444738479
293516 512 0 24686444866480
294028 512 0 24686444994480
294540 512 0 24686445122482
295052 512 0 24686445250483
295564 512 0 24686445378483
296076 512 0 24686445506484
296588 512 0 24686445634484
297100 512 0 24686445762485
297612 512 0 24686445890485
298124 512 0 24686446018486
298636 512 0 24686446146486
299148 512 0 24686446274487
299660 512 0 24686446402487
300172 512 0 24686446530488
300684 512 0 24686446658489
301196 512 0 24686446786489
301708 512 0 24686446914490
302220 512 0 24686447042490
302732 512 0 24686447170491
303244 512 0 24686447298491
303756 512 0 24686447426492
304268 512 0 24686447554492
304780 512 0 24686447682493
305292 512 0 24686447810493
305804 512 0 24686447938494
306316 512 0 24686448066494
306828 512 0 24686448194495
307340 512 0 24686448322495
307852 512 0 24686448450496
308364 512 0 24686448578496
308876 512 0 24686448706497
309388 512 0 24686448834497
309900 512 0 24686448962498
310412 512 0 24686449090498
310924 512 0 24686449218500
311436 512 0 24686449346501
311948 512 0 24686449474501
312460 512 0 24686449602502
312972 512 0 24686449730503
313484 512 0 24686449858503
313996 512 0 24686449986504
314508 512 0 24686450114504
315020 512 0 24686450242505
315532 512 0 24686450370505
316044 512 0 24686450498506
316556 512 0 24686450626506
317068 512 0 24686450754507
317580 512 0 24686450882507
318092 512 0 24686451010508
318604 512 0 24686451138508
319116 512 0 24686451266509
319628 512 0 24686451394509
320140 512 0 24686451522510
320652 512 0 24686451650510
321164 512 0 24686451778511
321676 512 0 24686451906511
322188 512 0 24686452034512
322700 512 0 24686452162512
323212 512 0 24686452290513
323724 512 0 24686452418514
324236 512 0 24686452546514
324748 512 0 24686452674515
325260 512 0 24686452802515
325772 512 0 24686452930516
326284 512 0 24686453058516
326796 512 0 24686453186517
327308 512 0 24686453314517
327820 512 0 24686453442518
328332 512 0 24686453570518
328844 512 0 24686453698519
329356 512 0 24686453826520
329868 512 0 24686453954520
330380 512 0 24686454082521
330892 512 0 24686454210521
331404 512 0 24686454338522
331916 512 0 24686454466522
332428 512 0 24686454594523
332940 512 0 24686454722523
333452 512 0 24686454850524
333964 512 0 24686454978524
334476 512 0 24686455106525
334988 512 0 24686455234525
335500 512 0 24686455362526
336012 512 0 24686455490526
336524 512 0 24686455618527
337036 512 0 24686455746527
337548 512 0 24686455874528
338060 512 0 24686456002528
338572 512 0 24686456130529
339084 512 0 24686456258530
339596 512 0 24686456386530
340108 512 0 24686456514531
340620 512 0 24686456642531
341132 512 0 24686456770532
341644 512 0 24686456898532
342156 512 0 24686457026533
342668 512 0 24686457154533
343180 512 0 24686457282534
343692 512 0 24686457410536
344204 512 0 24686457538536
344716 512 0 24686457666537
345228 512 0 24686457794537
345740 512 0 24686457922538
346252 512 0 24686458050538
346764 512 0 24686458178539
347276 512 0 24686458306539
347788 512 0 24686458434540
348300 512 0 24686458562540
348812 512 0 24686458690541
349324 512 0 24686458818541
349836 512 0 24686458946542
350348 512 0 24686459074542
350860 512 0 24686459202543
351372 512 0 24686459330543
351884 512 0 24686459458544
352396 512 0 24686459586545
352908 512 0 24686459714545
353420 512 0 24686459842546
353932 512 0 24686459970546
354444 512 0 24686460098547
354956 512 0 24686460226547
355468 512 0 24686460354548
355980 512 0 24686460482548
356492 512 0 24686460610549
357004 512 0 24686460738549
357516 512 0 24686460866550
358028 512 0 24686460994550
358540 512 0 24686461122551
359052 512 0 24686461250551
359564 512 0 24686461378552
360076 512 0 24686461506553
360588 512 0 24686461634553
361100 512 0 24686461762554
361612 512 0 24686461890554
362124 512 0 24686462018555
362636 512 0 24686462146555
363148 512 0 24686462274556
363660 512 0 24686462402556
364172 512 0 24686462530557
364684 512 0 24686462658557
365196 512 0 24686462786558
365708 512 0 24686462914558
366220 512 0 24686463042559
366732 512 0 24686463170559
367244 512 0 24686463298560
367756 512 0 24686463426560
368268 512 0 24686463554561
368780 512 0 24686463682562
369292 512 0 24686463810562
369804 512 0 24686463938563
370316 512 0 24686464066563
370828 512 0 24686464194564
371340 512 0 24686464322564
371852 512 0 24686464450565
372364 512 0 24686464578565
372876 512 0 24686464706566
373388 512 0 24686464834566
373900 512 0 24686464962567
374412 512 0 24686465090567
374924 512 0 24686465218568
375436 512 0 24686465346568
375948 512 0 24686465474569
376460 512 0 24686465602571
376972 512 0 24686465730571
377484 512 0 24686465858572
377996 512 0 24686465986572
378508 512 0 24686466114573
379020 512 0 24686466242573
379532 512 0 24686466370574
380044 512 0 24686466498574
380556 512 0 24686466626575
381068 512 0 24686466754575
381580 512 0 24686466882576
382092 512 0 24686467010577
382604 512 0 24686467138577
383116 512 0 24686467266578
383628 512 0 24686467394578
384140 512 0 24686467522579
384652 512 0 24686467650579
385164 512 0 24686467778580
385676 512 0 24686467906580
386188 512 0 24686468034581
386700 512 0 24686468162581
387212 512 0 24686468290582
387724 512 0 24686468418582
388236 512 0 24686468546583
388748 512 0 24686468674583
389260 512 0 24686468802584
389772 512 0 24686468930585
390284 512 0 24686469058585
390796 512 0 24686469186586
391308 512 0 24686469314586
391820 512 0 24686469442587
392332 512 0 24686469570587
392844 512 0 24686469698589
393356 512 0 24686469826589
393868 512 0 24686469954590
394380 512 0 24686470082590
394892 512 0 24686470210591
395404 512 0 24686470338591
395916 512 0 24686470466592
396428 512 0 24686470594593
396940 512 0 24686470722593
397452 512 0 24686470850594
397964 512 0 24686470978594
398476 512 0 24686471106595
398988 512 0 24686471234595
399500 512 0 24686471362596
400012 512 0 24686471490596
400524 512 0 24686471618597
401036 512 0 24686471746597
401548 512 0 24686471874598
402060 512 0 24686472002598
402572 512 0 24686472130599
403084 512 0 24686472258599
403596 512 0 24686472386600
404108 512 0 24686472514601
404620 512 0 24686472642601
405132 512 0 24686472770602
405644 512 0 24686472898602
406156 512 0 24686473026603
406668 512 0 24686473154603
407180 512 0 24686473282604
407692 512 0 24686473410604
408204 512 0 24686473538605
408716 512 0 24686473666605
409228 512 0 24686473794606
409740 512 0 24686473922606
410252 512 0 24686474050607
410764 512 0 24686474178607
411276 512 0 24686474306608
411788 512 0 24686474434608
412300 512 0 24686474562609
412812 512 0 24686474690609
413324 512 0 24686474818610
413836 512 0 24686474946611
414348 512 0 24686475074611
414860 512 0 24686475202612
415372 512 0 24686475330612
415884 512 0 24686475458613
416396 512 0 24686475586613
416908 512 0 24686475714614
417420 512 0 24686475842614
417932 512 0 24686475970615
418444 512 0 24686476098615
418956 512 0 24686476226616
419468 512 0 24686476354616
419980 512 0 24686476482617
420492 512 0 24686476610618
421004 512 0 24686476738618
421516 512 0 24686476866619
422028 512 0 24686476994619
422540 512 0 24686477122620
423052 512 0 24686477250620
423564 512 0 24686477378621
424076 512 0 24686477506621
424588 512 0 24686477634622
425100 512 0 24686477762622
425612 512 0 24686477890624
426124 512 0 24686478018624
426636 512 0 24686478146625
427148 512 0 24686478274625
427660 512 0 24686478402626
428172 512 0 24686478530627
428684 512 0 24686478658627
429196 512 0 24686478786628
429708 512 0 24686478914628
430220 512 0 24686479042629
430732 512 0 24686479170629
431244 512 0 24686479298630
431756 512 0 24686479426630
432268 512 0 24686479554631
432780 512 0 24686479682631
433292 512 0 24686479810632
433804 512 0 24686479938632
434316 512 0 24686480066633
434828 512 0 24686480194634
435340 512 0 24686480322634
435852 512 0 24686480450635
436364 512 0 24686480578635
436876 512 0 24686480706636
437388 512 0 24686480834636
437900 512 0 24686480962637
438412 512 0 24686481090637
438924 512 0 24686481218638
439436 512 0 24686481346638
439948 512 0 24686481474639
440460 512 0 24686481602639
440972 512 0 24686481730640
441484 512 0 24686481858641
441996 512 0 24686481986642
442508 512 0 24686482114642
443020 512 0 24686482242643
443532 512 0 24686482370644
444044 512 0 24686482498644
444556 512 0 24686482626645
445068 512 0 24686482754645
445580 512 0 24686482882646
446092 512 0 24686483010646
446604 512 0 24686483138647
447116 512 0 24686483266647
447628 512 0 24686483394648
448140 512 0 24686483522648
448652 512 0 24686483650649
449164 512 0 24686483778649
449676 512 0 24686483906650
450188 512 0 24686484034651
450700 512 0 24686484162651
451212 512 0 24686484290652
451724 512 0 24686484418652
452236 512 0 24686484546653
452748 512 0 24686484674653
453260 512 0 24686484802654
453772 512 0 24686484930654
454284 512 0 24686485058655
454796 512 0 24686485186655
455308 512 0 24686485314656
455820 512 0 24686485442656
456332 512 0 24686485570657
456844 512 0 24686485698658
457356 512 0 24686485826658
457868 512 0 24686485954659
458380 512 0 24686486082660
458892 512 0 24686486210661
459404 512 0 24686486338661
459916 512 0 24686486466662
460428 512 0 24686486594662
460940 512 0 24686486722663
461452 512 0 24686486850663
461964 512 0 24686486978664
462476 512 0 24686487106664
462988 512 0 24686487234665
463500 512 0 24686487362665
464012 512 0 24686487490666
464524 512 0 24686487618666
465036 512 0 24686487746667
465548 512 0 24686487874668
466060 512 0 24686488002668
466572 512 0 24686488130669
467084 512 0 24686488258669
467596 512 0 24686488386670
468108 512 0 24686488514670
468620 512 0 24686488642671
469132 512 0 24686488770671
469644 512 0 24686488898672
470156 512 0 24686489026672
470668 512 0 24686489154673
471180 512 0 24686489282674
471692 512 0 24686489410674
472204 512 0 24686489538675
472716 512 0 24686489666675
473228 512 0 24686489794676
473740 512 0 24686489922676
474252 512 0 24686490050677
474764 512 0 24686490178677
475276 512 0 24686490306677
475788 512 0 24686490434678
476300 512 0 24686490562679
476812 512 0 24686490690679
477324 512 0 24686490818680
477836 512 0 24686490946680
478348 512 0 24686491074681
478860 512 0 24686491202681
479372 512 0 24686491330682
479884 512 0 24686491458682
480396 512 0 24686491586683
480908 512 0 24686491714683
481420 512 0 24686491842684
481932 512 0 24686491970685
482444 512 0 24686492098685
482956 512 0 24686492226686
483468 512 0 24686492354686
483980 512 0 24686492482687
484492 512 0 24686492610687
485004 512 0 24686492738688
485516 512 0 24686492866688
486028 512 0 24686492994689
486540 512 0 24686493122689
487052 512 0 24686493250690
487564 512 0 24686493378690
488076 512 0 24686493506691
488588 512 0 24686493634692
489100 512 0 24686493762692
489612 512 0 24686493890693
490124 512 0 24686494018693
490636 512 0 24686494146694
491148 512 0 24686494274695
491660 512 0 24686494402696
492172 512 0 24686494530696
492684 512 0 24686494658697
493196 512 0 24686494786697
493708 512 0 24686494914698
494220 512 0 24686495042698
494732 512 0 24686495170699
495244 512 0 24686495298699
495756 512 0 24686495426700
496268 512 0 24686495554700
496780 512 0 24686495682701
497292 512 0 24686495810702
497804 512 0 24686495938702
498316 512 0 24686496066703
498828 512 0 24686496194703
499340 512 0 24686496322704
499852 512 0 24686496450704
500364 512 0 24686496578705
500876 512 0 24686496706705
501388 512 0 24686496834706
501900 512 0 24686496962706
502412 512 0 24686497090707
502924 512 0 24686497218708
503436 512 0 24686497346708
503948 512 0 24686497474709
504460 512 0 24686497602709
504972 512 0 24686497730710
505484 512 0 24686497858710
505996 512 0 24686497986711
506508 512 0 24686498114711
507020 512 0 24686498242712
507532 512 0 24686498370713
508044 512 0 24686498498714
508556 512 0 24686498626714
509068 512 0 24686498754715
509580 512 0 24686498882715
510092 512 0 24686499010716
510604 512 0 24686499138716
511116 512 0 24686499266717
511628 512 0 24686499394717
512140 512 0 24686499522718
512652 512 0 24686499650719
513164 512 0 24686499778719
513676 512 0 24686499906720
514188 512 0 24686500034720
514700 512 0 24686500162721
515212 512 0 24686500290721
515724 512 0 24686500418722
516236 512 0 24686500546722
516748 512 0 24686500674723
517260 512 0 24686500802723
517772 512 0 24686500930724
518284 512 0 24686501058725
518796 512 0 24686501186725
519308 512 0 24686501314726
519820 512 0 24686501442726
520332 512 0 24686501570727
520844 512 0 24686501698727
521356 512 0 24686501826728
521868 512 0 24686501954728
522380 512 0 24686502082729
522892 512 0 24686502210729
523404 512 0 24686502338730
523916 512 0 24686502466730
524428 512 0 24686502594731
524940 512 0 24686502722731
525452 512 0 24686502850732
525964 512 0 24686502978732
526476 512 0 24686503106733
526988 512 0 24686503234733
527500 512 0 24686503362734
528012 512 0 24686503490734
528524 512 0 24686503618735
529036 512 0 24686503746735
529548 512 0 24686503874736
530060 512 0 24686504002737
530572 512 0 24686504130737
531084 512 0 24686504258738
531596 512 0 24686504386738
532108 512 0 24686504514739
532620 512 0 24686504642739
533132 512 0 24686504770740
533644 512 0 24686504898740
534156 512 0 24686505026741
534668 512 0 24686505154741
535180 512 0 24686505282742
535692 512 0 24686505410743
536204 512 0 24686505538743
536716 512 0 24686505666744
537228 512 0 24686505794744
537740 512 0 24686505922745
538252 512 0 24686506050745
538764 512 0 24686506178746
539276 512 0 24686506306746
539788 512 0 24686506434747
540300 512 0 24686506562748
540812 512 0 24686506690749
541324 512 0 24686506818749
541836 512 0 24686506946750
542348 512 0 24686507074750
542860 512 0 24686507202751
543372 512 0 24686507330751
543884 512 0 24686507458752
544396 512 0 24686507586752
544908 512 0 24686507714753
545420 512 0 24686507842754
545932 512 0 24686507970754
546444 512 0 24686508098755
546956 512 0 24686508226755
547468 512 0 24686508354756
547980 512 0 24686508482756
548492 512 0 24686508610757
549004 512 0 24686508738757
549516 512 0 24686508866758
550028 512 0 24686508994758
550540 512 0 24686509122759
551052 512 0 24686509250760
551564 512 0 24686509378760
552076 512 0 24686509506761
552588 512 0 24686509634761
553100 512 0 24686509762762
553612 512 0 24686509890762
554124 512 0 24686510018763
554636 512 0 24686510146763
555148 512 0 24686510274764
555660 512 0 24686510402764
556172 512 0 24686510530765
556684 512 0 24686510658766
557196 512 0 24686510786767
557708 512 0 24686510914767
558220 512 0 24686511042768
558732 512 0 24686511170768
559244 512 0 24686511298769
559756 512 0 24686511426769
560268 512 0 24686511554770
560780 512 0 24686511682771
561292 512 0 24686511810771
561804 512 0 24686511938772
562316 512 0 24686512066772
562828 512 0 24686512194773
563340 512 0 24686512322773
563852 512 0 24686512450774
564364 512 0 24686512578774
564876 512 0 24686512706775
565388 512 0 24686512834775
565900 512 0 24686512962776
566412 512 0 24686513090777
566924 512 0 24686513218777
567436 512 0 24686513346778
567948 512 0 24686513474778
568460 512 0 24686513602779
568972 512 0 24686513730779
569484 512 0 24686513858780
569996 512 0 24686513986780
570508 512 0 24686514114781
571020 512 0 24686514242781
571532 512 0 24686514370782
572044 512 0 24686514498783
572556 512 0 24686514626783
573068 512 0 24686514754784
573580 512 0 24686514882785
574092 512 0 24686515010785
574604 512 0 24686515138786
575116 512 0 24686515266786
575628 512 0 24686515394787
576140 512 0 24686515522787
576652 512 0 24686515650788
577164 512 0 24686515778789
577676 512 0 24686515906789
578188 512 0 24686516034790
578700 512 0 24686516162790
579212 512 0 24686516290791
579724 512 0 24686516418791
580236 512 0 24686516546792
580748 512 0 24686516674792
581260 512 0 24686516802793
581772 512 0 24686516930794
582284 512 0 24686517058794
582796 512 0 24686517186795
583308 512 0 24686517314795
583820 512 0 24686517442796
584332 512 0 24686517570796
584844 512 0 24686517698797
585356 512 0 24686517826797
585868 512 0 24686517954798
586380 512 0 24686518082798
586892 512 0 24686518210799
587404 512 0 24686518338800
587916 512 0 24686518466800
588428 512 0 24686518594801
588940 512 0 24686518722801
589452 512 0 24686518850801
589964 512 0 24686518978802
590476 512 0 24686519106802
590988 512 0 24686519234803
591500 512 0 24686519362803
592012 512 0 24686519490804
592524 512 0 24686519618804
593036 512 0 24686519746805
593548 512 0 24686519874805
594060 512 0 24686520002806
594572 512 0 24686520130807
595084 512 0 24686520258807
595596 512 0 24686520386808
596108 512 0 24686520514808
596620 512 0 24686520642809
597132 512 0 24686520770809
597644 512 0 24686520898810
598156 512 0 24686521026810
598668 512 0 24686521154811
599180 512 0 24686521282812
599692 512 0 24686521410812
600204 512 0 24686521538813
600716 512 0 24686521666813
601228 512 0 24686521794814
601740 512 0 24686521922814
602252 512 0 24686522050815
602764 512 0 24686522178815
603276 512 0 24686522306816
603788 512 0 24686522434816
604300 512 0 24686522562817
604812 512 0 24686522690818
605324 512 0 24686522818818
605836 512 0 24686522946819
606348 512 0 24686523074820
606860 512 0 24686523202820
607372 512 0 24686523330821
607884 512 0 24686523458821
608396 512 0 24686523586822
608908 512 0 24686523714822
609420 512 0 24686523842823
609932 512 0 24686523970824
610444 512 0 24686524098824
610956 512 0 24686524226825
611468 512 0 24686524354825
611980 512 0 24686524482826
612492 512 0 24686524610826
613004 512 0 24686524738827
613516 512 0 24686524866827
614028 512 0 24686524994828
614540 512 0 24686525122828
615052 512 0 24686525250829
615564 512 0 24686525378830
616076 512 0 24686525506830
616588 512 0 24686525634831
617100 512 0 24686525762831
617612 512 0 24686525890832
618124 512 0 24686526018832
618636 512 0 24686526146833
619148 512 0 24686526274833
619660 512 0 24686526402834
620172 512 0 24686526530835
620684 512 0 24686526658835
621196 512 0 24686526786836
621708 512 0 24686526914836
622220 512 0 24686527042837
622732 512 0 24686527170838
623244 512 0 24686527298838
623756 512 0 24686527426839
624268 512 0 24686527554839
624780 512 0 24686527682840
625292 512 0 24686527810841
625804 512 0 24686527938841
626316 512 0 24686528066842
626828 512 0 24686528194842
627340 512 0 24686528322843
627852 512 0 24686528450843
628364 512 0 24686528578844
628876 512 0 24686528706844
629388 512 0 24686528834845
629900 512 0 24686528962845
630412 512 0 24686529090846
630924 512 0 24686529218847
631436 512 0 24686529346847
631948 512 0 24686529474848
632460 512 0 24686529602848
632972 512 0 24686529730849
633484 512 0 24686529858849
633996 512 0 24686529986850
634508 512 0 24686530114850
635020 512 0 24686530242851
635532 512 0 24686530370852
636044 512 0 24686530498852
636556 512 0 24686530626853
637068 512 0 24686530754853
637580 512 0 24686530882854
638092 512 0 24686531010854
638604 512 0 24686531138855
639116 512 0 24686531266856
639628 512 0 24686531394856
640140 512 0 24686531522857
640652 512 0 24686531650857
641164 512 0 24686531778858
641676 512 0 24686531906859
642188 512 0 24686532034859
642700 512 0 24686532162860
643212 512 0 24686532290860
643724 512 0 24686532418861
644236 512 0 24686532546861
644748 512 0 24686532674862
645260 512 0 24686532802862
645772 512 0 24686532930863
646284 512 0 24686533058864
646796 512 0 24686533186864
647308 512 0 24686533314865
647820 512 0 24686533442865
648332 512 0 24686533570866
648844 512 0 24686533698866
649356 512 0 24686533826867
649868 512 0 24686533954867
650380 512 0 24686534082868
650892 512 0 24686534210868
651404 512 0 24686534338869
651916 512 0 24686534466870
652428 512 0 24686534594870
652940 512 0 24686534722871
653452 512 0 24686534850871
653964 512 0 24686534978872
654476 512 0 24686535106872
654988 512 0 24686535234872
655500 512 0 24686535362873
656012 512 0 24686535490873
656524 512 0 24686535618874
657036 512 0 24686535746874
657548 512 0 24686535874875
658060 512 0 24686536002875
658572 512 0 24686536130876
659084 512 0 24686536258877
659596 512 0 24686536386877
660108 512 0 24686536514878
660620 512 0 24686536642878
661132 512 0 24686536770879
661644 512 0 24686536898879
662156 512 0 24686537026880
662668 512 0 24686537154880
663180 512 0 24686537282881
663692 512 0 24686537410882
664204 512 0 24686537538882
664716 512 0 24686537666883
665228 512 0 24686537794883
665740 512 0 24686537922884
666252 512 0 24686538050884
666764 512 0 24686538178885
667276 512 0 24686538306885
667788 512 0 24686538434886
668300 512 0 24686538562886
668812 512 0 24686538690887
669324 512 0 24686538818888
669836 512 0 24686538946888
670348 512 0 24686539074889
670860 512 0 24686539202889
671372 512 0 24686539330890
671884 512 0 24686539458891
672396 512 0 24686539586891
672908 512 0 24686539714892
673420 512 0 24686539842892
673932 512 0 24686539970893
674444 512 0 24686540098894
674956 512 0 24686540226894
675468 512 0 24686540354895
675980 512 0 24686540482895
676492 512 0 24686540610896
677004 512 0 24686540738896
677516 512 0 24686540866897
678028 512 0 24686540994897
678540 512 0 24686541122898
679052 512 0 24686541250898
679564 512 0 24686541378899
680076 512 0 24686541506900
680588 512 0 24686541634900
681100 512 0 24686541762901
681612 512 0 24686541890901
682124 512 0 24686542018902
682636 512 0 24686542146902
683148 512 0 24686542274903
683660 512 0 24686542402903
684172 512 0 24686542530904
684684 512 0 24686542658905
685196 512 0 24686542786905
685708 512 0 24686542914906
686220 512 0 24686543042906
686732 512 0 24686543170907
687244 512 0 24686543298907
687756 512 0 24686543426908
688268 512 0 24686543554909
688780 512 0 24686543682909
689292 512 0 24686543810910
689804 512 0 24686543938910
690316 512 0 24686544066911
690828 512 0 24686544194912
691340 512 0 24686544322912
691852 512 0 24686544450913
692364 512 0 24686544578913
692876 512 0 24686544706914
693388 512 0 24686544834914
693900 512 0 24686544962915
694412 512 0 24686545090915
694924 512 0 24686545218916
695436 512 0 24686545346917
695948 512 0 24686545474917
696460 512 0 24686545602918
696972 512 0 24686545730918
697484 512 0 24686545858919
697996 512 0 24686545986919
698508 512 0 24686546114920
699020 512 0 24686546242920
699532 512 0 24686546370921
700044 512 0 24686546498922
700556 512 0 24686546626922
701068 512 0 24686546754923
701580 512 0 24686546882923
702092 512 0 24686547010924
702604 512 0 24686547138924
703116 512 0 24686547266925
703628 512 0 24686547394925
704140 512 0 24686547522926
704652 512 0 24686547650927
705164 512 0 24686547778927
705676 512 0 24686547906928
706188 512 0 24686548034929
706700 512 0 24686548162929
707212 512 0 24686548290930
707724 512 0 24686548418930
708236 512 0 24686548546931
708748 512 0 24686548674931
709260 512 0 24686548802932
709772 512 0 24686548930932
710284 512 0 24686549058933
710796 512 0 24686549186933
711308 512 0 24686549314934
711820 512 0 24686549442935
712332 512 0 24686549570935
712844 512 0 24686549698936
713356 512 0 24686549826936
713868 512 0 24686549954937
714380 512 0 24686550082937
714892 512 0 24686550210938
715404 512 0 24686550338938
715916 512 0 24686550466939
716428 512 0 24686550594940
716940 512 0 24686550722940
717452 512 0 24686550850941
717964 512 0 24686550978941
718476 512 0 24686551106942
718988 512 0 24686551234942
719500 512 0 24686551362943
720012 512 0 24686551490943
720524 512 0 24686551618943
721036 512 0 24686551746944
721548 512 0 24686551874944
722060 512 0 24686552002945
722572 512 0 24686552130945
723084 512 0 24686552258946
723596 512 0 24686552386947
724108 512 0 24686552514947
724620 512 0 24686552642948
725132 512 0 24686552770948
725644 512 0 24686552898949
726156 512 0 24686553026949
726668 512 0 24686553154950
727180 512 0 24686553282950
727692 512 0 24686553410951
728204 512 0 24686553538951
728716 512 0 24686553666952
729228 512 0 24686553794953
729740 512 0 24686553922953
730252 512 0 24686554050954
730764 512 0 24686554178954
731276 512 0 24686554306955
731788 512 0 24686554434955
732300 512 0 24686554562956
732812 512 0 24686554690956
733324 512 0 24686554818957
733836 512 0 24686554946958
734348 512 0 24686555074958
734860 512 0 24686555202959
735372 512 0 24686555330959
735884 512 0 24686555458960
736396 512 0 24686555586960
736908 512 0 24686555714961
737420 512 0 24686555842962
737932 512 0 24686555970962
738444 512 0 24686556098963
738956 512 0 24686556226963
739468 512 0 24686556354964
739980 512 0 24686556482965
740492 512 0 24686556610965
741004 512 0 24686556738966
741516 512 0 24686556866966
742028 512 0 24686556994967
742540 512 0 24686557122967
743052 512 0 24686557250968
743564 512 0 24686557378968
744076 512 0 24686557506969
744588 512 0 24686557634970
745100 512 0 24686557762970
745612 512 0 24686557890971
746124 512 0 24686558018971
746636 512 0 24686558146972
747148 512 0 24686558274972
747660 512 0 24686558402973
748172 512 0 24686558530973
748684 512 0 24686558658974
749196 512 0 24686558786975
749708 512 0 24686558914975
750220 512 0 24686559042976
750732 512 0 24686559170976
751244 512 0 24686559298977
751756 512 0 24686559426977
752268 512 0 24686559554978
752780 512 0 24686559682978
753292 512 0 24686559810979
753804 512 0 24686559938980
754316 512 0 24686560066980
754828 512 0 24686560194981
755340 512 0 24686560322982
755852 512 0 24686560450982
756364 512 0 24686560578983
756876 512 0 24686560706983
757388 512 0 24686560834984
757900 512 0 24686560962984
758412 512 0 24686561090985
758924 512 0 24686561218985
759436 512 0 24686561346986
759948 512 0 24686561474986
760460 512 0 24686561602987
760972 512 0 24686561730988
761484 512 0 24686561858988
761996 512 0 24686561986989
762508 512 0 24686562114989
763020 512 0 24686562242990
763532 512 0 24686562370990
764044 512 0 24686562498991
764556 512 0 24686562626991
765068 512 0 24686562754992
765580 512 0 24686562882993
766092 512 0 24686563010993
766604 512 0 24686563138994
767116 512 0 24686563266994
767628 512 0 24686563394995
768140 512 0 24686563522995
768652 512 0 24686563650996
500 512 0 24686570289763
1012 512 0 24686570568402
1524 512 0 24686570847042
2036 512 0 24686571125681
2548 512 0 24686571404321
3060 512 0 24686571682960
3572 512 0 24686571961600
4084 512 0 24686572240239
4596 512 0 24686572518879
5108 512 0 24686572797518
5620 512 0 24686573076158
6132 512 0 24686573354797
6644 512 0 24686573633436
7156 512 0 24686573912076
7668 512 0 24686574190715
8180 512 0 24686574469355
8692 512 0 24686574747994
9204 512 0 24686575026634
9716 512 0 24686575305273
10228 512 0 24686575583913
10740 512 0 24686575862552
11252 512 0 24686576141192
11764 512 0 24686576419831
12276 512 0 24686576698471
12788 512 0 24686576977110
13300 512 0 24686577255750
13812 512 0 24686577534389
14324 512 0 24686577813029
14836 512 0 24686578091668
15348 512 0 24686578370307
15860 512 0 24686578648947
16372 512 0 24686578927586
16884 512 0 24686579206226
17396 512 0 24686579484865
17908 512 0 24686579763505
18420 512 0 24686580042144
18932 512 0 24686580320784
19444 512 0 24686580599423
19956 512 0 24686580878063
20468 512 0 24686581156702
20980 512 0 24686581435342
21492 512 0 24686581713981
22004 512 0 24686581992621
22516 512 0 24686582271260
23028 512 0 24686582549899
23540 512 0 24686582828539
24052 512 0 24686583107178
24564 512 0 24686583385818
25076 512 0 24686583664457
25588 512 0 24686583943097
26100 512 0 24686584221736
26612 512 0 24686584500376
27124 512 0 24686584779015
27636 512 0 24686585057655
28148 512 0 24686585336294
28660 512 0 24686585614934
29172 512 0 24686585893573
29684 512 0 24686586172213
30196 512 0 24686586450852
30708 512 0 24686586729492
31220 512 0 24686587008131
31732 512 0 24686587286770
32244 512 0 24686587565410
32756 512 0 24686587844116
33268 512 0 24686588122756
33780 512 0 24686588401397
34292 512 0 24686588680037
34804 512 0 24686588958677
35316 512 0 24686589237318
35828 512 0 24686589515958
36340 512 0 24686589794598
36852 512 0 24686590073239
37364 512 0 24686590351879
37876 512 0 24686590630519
38388 512 0 24686590909160
38900 512 0 24686591187800
39412 512 0 24686591466441
39924 512 0 24686591745081
40436 512 0 24686592023721
40948 512 0 24686592302362
41460 512 0 24686592581002
41972 512 0 24686592859642
42484 512 0 24686593138283
42996 512 0 24686593416923
43508 512 0 24686593695563
44020 512 0 24686593974204
44532 512 0 24686594252844
45044 512 0 24686594531484
45556 512 0 24686594810125
46068 512 0 24686595088765
46580 512 0 24686595367406
47092 512 0 24686595646046
47604 512 0 24686595924686
48116 512 0 24686596203327
48628 512 0 24686596481967
49140 512 0 24686596760624
49652 512 0 24686597039265
50164 512 0 24686597317905
50676 512 0 24686597596546
51188 512 0 24686597875186
51700 512 0 24686598153827
52212 512 0 24686598432467
52724 512 0 24686598711108
53236 512 0 24686598989749
53748 512 0 24686599268389
54260 512 0 24686599547030
54772 512 0 24686599825670
55284 512 0 24686600104311
55796 512 0 24686600382952
56308 512 0 24686600661592
56820 512 0 24686600940233
57332 512 0 24686601218873
57844 512 0 24686601497514
58356 512 0 24686601776154
58868 512 0 24686602054795
59380 512 0 24686602333436
59892 512 0 24686602612076
60404 512 0 24686602890717
60916 512 0 24686603169357
61428 512 0 24686603447998
61940 512 0 24686603726639
62452 512 0 24686604005279
62964 512 0 24686604283920
63476 512 0 24686604562560
63988 512 0 24686604841201
64500 512 0 24686605119841
65012 512 0 24686605398482
65524 512 0 24686605677126
66036 512 0 24686605955767
66548 512 0 24686606234407
67060 512 0 24686606513048
67572 512 0 24686606791689
68084 512 0 24686607070329
68596 512 0 24686607348970
69108 512 0 24686607627611
69620 512 0 24686607906251
70132 512 0 24686608184892
70644 512 0 24686608463532
71156 512 0 24686608742173
71668 512 0 24686609020814
72180 512 0 24686609299454
72692 512 0 24686609578095
73204 512 0 24686609856735
73716 512 0 24686610135376
74228 512 0 24686610414017
74740 512 0 24686610692657
75252 512 0 24686610971298
75764 512 0 24686611249939
76276 512 0 24686611528579
76788 512 0 24686611807220
77300 512 0 24686612085860
77812 512 0 24686612364501
78324 512 0 24686612643142
78836 512 0 24686612921782
79348 512 0 24686613200423
79860 512 0 24686613479064
80372 512 0 24686613757704
80884 512 0 24686614036345
81396 512 0 24686614314985
81908 512 0 24686614593629
82420 512 0 24686614872270
82932 512 0 24686615150911
83444 512 0 24686615429551
83956 512 0 24686615708192
84468 512 0 24686615986833
84980 512 0 24686616265473
85492 512 0 24686616544114
86004 512 0 24686616822754
86516 512 0 24686617101395
87028 512 0 24686617380036
87540 512 0 24686617658676
88052 512 0 24686617937317
88564 512 0 24686618215958
89076 512 0 24686618494598
89588 512 0 24686618773239
90100 512 0 24686619051880
90612 512 0 24686619330520
91124 512 0 24686619609161
91636 512 0 24686619887802
92148 512 0 24686620166442
92660 512 0 24686620445083
93172 512 0 24686620723724
93684 512 0 24686621002364
94196 512 0 24686621281005
94708 512 0 24686621559646
95220 512 0 24686621838286
95732 512 0 24686622116927
96244 512 0 24686622395568
96756 512 0 24686622674208
97268 512 0 24686622952849
97780 512 0 24686623231490
98292 512 0 24686623510127
98804 512 0 24686623788768
99316 512 0 24686624067409
99828 512 0 24686624346049
100340 512 0 24686624624690
100852 512 0 24686624903330
101364 512 0 24686625181971
101876 512 0 24686625460612
102388 512 0 24686625739252
102900 512 0 24686626017893
103412 512 0 24686626296534
103924 512 0 24686626575174
104436 512 0 24686626853815
104948 512 0 24686627132455
105460 512 0 24686627411096
105972 512 0 24686627689737
106484 512 0 24686627968377
106996 512 0 24686628247018
107508 512 0 24686628525659
108020 512 0 24686628804299
108532 512 0 24686629082940
109044 512 0 24686629361580
109556 512 0 24686629640221
110068 512 0 24686629918862
110580 512 0 24686630197502
111092 512 0 24686630476143
111604 512 0 24686630754784
112116 512 0 24686631033424
112628 512 0 24686631312065
113140 512 0 24686631590705
113652 512 0 24686631869346
114164 512 0 24686632147987
114676 512 0 24686632426626
115188 512 0 24686632705266
115700 512 0 24686632983907
116212 512 0 24686633262548
116724 512 0 24686633541188
117236 512 0 24686633819829
117748 512 0 24686634098469
118260 512 0 24686634377110
118772 512 0 24686634655751
119284 512 0 24686634934391
119796 512 0 24686635213032
120308 512 0 24686635491673
120820 512 0 24686635770313
121332 512 0 24686636048954
121844 512 0 24686636327594
122356 512 0 24686636606235
122868 512 0 24686636884876
123380 512 0 24686637163516
123892 512 0 24686637442157
124404 512 0 24686637720797
124916 512 0 24686637999438
125428 512 0 24686638278079
125940 512 0 24686638556719
126452 512 0 24686638835360
126964 512 0 24686639114000
127476 512 0 24686639392641
127988 512 0 24686639671282
128500 512 0 24686639949922
129012 512 0 24686640228563
129524 512 0 24686640507203
130036 512 0 24686640785844
130548 512 0 24686641064485
131060 512 0 24686641343127
131572 512 0 24686641621768
132084 512 0 24686641900408
132596 512 0 24686642179049
133108 512 0 24686642457690
133620 512 0 24686642736330
134132 512 0 24686643014971
134644 512 0 24686643293612
135156 512 0 24686643572252
135668 512 0 24686643850893
136180 512 0 24686644129533
136692 512 0 24686644408174
137204 512 0 24686644686815
137716 512 0 24686644965455
138228 512 0 24686645244096
138740 512 0 24686645522737
139252 512 0 24686645801377
139764 512 0 24686646080018
140276 512 0 24686646358658
140788 512 0 24686646637299
141300 512 0 24686646915940
141812 512 0 24686647194580
142324 512 0 24686647473221
142836 512 0 24686647751861
143348 512 0 24686648030502
143860 512 0 24686648309143
144372 512 0 24686648587783
144884 512 0 24686648866424
145396 512 0 24686649145065
145908 512 0 24686649423705
146420 512 0 24686649702346
146932 512 0 24686649980986
147444 512 0 24686650259627
147956 512 0 24686650538268
148468 512 0 24686650816908
148980 512 0 24686651095549
149492 512 0 24686651374190
150004 512 0 24686651652830
150516 512 0 24686651931471
151028 512 0 24686652210112
151540 512 0 24686652488752
152052 512 0 24686652767393
152564 512 0 24686653046033
153076 512 0 24686653324674
153588 512 0 24686653603315
154100 512 0 24686653881955
154612 512 0 24686654160596
155124 512 0 24686654439237
155636 512 0 24686654717877
156148 512 0 24686654996518
156660 512 0 24686655275158
157172 512 0 24686655553799
157684 512 0 24686655832440
158196 512 0 24686656111080
158708 512 0 24686656389721
159220 512 0 24686656668362
159732 512 0 24686656947002
160244 512 0 24686657225643
160756 512 0 24686657504283
161268 512 0 24686657782924
161780 512 0 24686658061565
162292 512 0 24686658340205
162804 512 0 24686658618846
163316 512 0 24686658897487
163828 512 0 24686659176127
164340 512 0 24686659454768
164852 512 0 24686659733409
165364 512 0 24686660012049
165876 512 0 24686660290690
166388 512 0 24686660569330
166900 512 0 24686660847971
167412 512 0 24686661126612
167924 512 0 24686661405252
168436 512 0 24686661683893
168948 512 0 24686661962534
169460 512 0 24686662241174
169972 512 0 24686662519815
170484 512 0 24686662798455
170996 512 0 24686663077096
171508 512 0 24686663355737
172020 512 0 24686663634377
172532 512 0 24686663913018
173044 512 0 24686664191658
173556 512 0 24686664470299
174068 512 0 24686664748940
174580 512 0 24686665027580
175092 512 0 24686665306221
175604 512 0 24686665584862
176116 512 0 24686665863502
176628 512 0 24686666142143
177140 512 0 24686666420783
177652 512 0 24686666699424
178164 512 0 24686666978065
178676 512 0 24686667256705
179188 512 0 24686667535346
179700 512 0 24686667813987
180212 512 0 24686668092629
180724 512 0 24686668371269
181236 512 0 24686668649910
181748 512 0 24686668928550
182260 512 0 24686669207191
182772 512 0 24686669485832
183284 512 0 24686669764472
183796 512 0 24686670043113
184308 512 0 24686670321754
184820 512 0 24686670600394
185332 512 0 24686670879035
185844 512 0 24686671157675
186356 512 0 24686671436316
186868 512 0 24686671714957
187380 512 0 24686671993597
187892 512 0 24686672272238
188404 512 0 24686672550879
188916 512 0 24686672829519
189428 512 0 24686673108160
189940 512 0 24686673386801
190452 512 0 24686673665441
190964 512 0 24686673944082
191476 512 0 24686674222722
191988 512 0 24686674501363
192500 512 0 24686674780004
193012 512 0 24686675058644
193524 512 0 24686675337285
194036 512 0 24686675615926
194548 512 0 24686675894566
195060 512 0 24686676173207
195572 512 0 24686676451847
196084 512 0 24686676730488
196596 512 0 24686677009129
197108 512 0 24686677287769
197620 512 0 24686677566410
198132 512 0 24686677845050
198644 512 0 24686678123691
199156 512 0 24686678402332
199668 512 0 24686678680972
200180 512 0 24686678959613
200692 512 0 24686679238254
201204 512 0 24686679516894
201716 512 0 24686679795535
202228 512 0 24686680074175
202740 512 0 24686680352816
203252 512 0 24686680631457
203764 512 0 24686680910097
204276 512 0 24686681188738
204788 512 0 24686681467379
205300 512 0 24686681746019
205812 512 0 24686682024660
206324 512 0 24686682303300
206836 512 0 24686682581941
207348 512 0 24686682860582
207860 512 0 24686683139222
208372 512 0 24686683417863
208884 512 0 24686683696504
209396 512 0 24686683975144
209908 512 0 24686684253785
210420 512 0 24686684532425
210932 512 0 24686684811066
211444 512 0 24686685089707
211956 512 0 24686685368347
212468 512 0 24686685646988
212980 512 0 24686685925630
213492 512 0 24686686204270
214004 512 0 24686686482911
214516 512 0 24686686761552
215028 512 0 24686687040192
215540 512 0 24686687318833
216052 512 0 24686687597474
216564 512 0 24686687876114
217076 512 0 24686688154755
217588 512 0 24686688433395
218100 512 0 24686688712036
218612 512 0 24686688990677
219124 512 0 24686689269317
219636 512 0 24686689547958
220148 512 0 24686689826599
220660 512 0 24686690105239
221172 512 0 24686690383880
221684 512 0 24686690662521
222196 512 0 24686690941161
222708 512 0 24686691219802
223220 512 0 24686691498442
223732 512 0 24686691777083
224244 512 0 24686692055724
224756 512 0 24686692334364
225268 512 0 24686692613005
225780 512 0 24686692891646
226292 512 0 24686693170286
226804 512 0 24686693448927
227316 512 0 24686693727568
227828 512 0 24686694006208
228340 512 0 24686694284849
228852 512 0 24686694563489
229364 512 0 24686694842131
229876 512 0 24686695120772
230388 512 0 24686695399412
230900 512 0 24686695678053
231412 512 0 24686695956693
231924 512 0 24686696235334
232436 512 0 24686696513975
232948 512 0 24686696792615
233460 512 0 24686697071256
233972 512 0 24686697349897
234484 512 0 24686697628537
234996 512 0 24686697907178
235508 512 0 24686698185819
236020 512 0 24686698464459
236532 512 0 24686698743100
237044 512 0 24686699021740
237556 512 0 24686699300381
238068 512 0 24686699579022
238580 512 0 24686699857662
239092 512 0 24686700136303
239604 512 0 24686700414944
240116 512 0 24686700693584
240628 512 0 24686700972225
241140 512 0 24686701250866
241652 512 0 24686701529506
242164 512 0 24686701808147
242676 512 0 24686702086788
243188 512 0 24686702365428
243700 512 0 24686702644069
244212 512 0 24686702922709
244724 512 0 24686703201350
245236 512 0 24686703479991
245748 512 0 24686703758631
246260 512 0 24686704037271
246772 512 0 24686704315912
247284 512 0 24686704594553
247796 512 0 24686704873193
248308 512 0 24686705151834
248820 512 0 24686705430475
249332 512 0 24686705709115
249844 512 0 24686705987756
250356 512 0 24686706266396
250868 512 0 24686706545037
251380 512 0 24686706823678
251892 512 0 24686707102318
252404 512 0 24686707380959
252916 512 0 24686707659600
253428 512 0 24686707938240
253940 512 0 24686708216881
254452 512 0 24686708495522
254964 512 0 24686708774162
255476 512 0 24686709052803
255988 512 0 24686709331443
256500 512 0 24686709610084
257012 512 0 24686709888725
257524 512 0 24686710167365
258036 512 0 24686710446006
258548 512 0 24686710724647
259060 512 0 24686711003287
259572 512 0 24686711281928
260084 512 0 24686711560569
260596 512 0 24686711839209
261108 512 0 24686712117850
261620 512 0 24686712396490
262132 512 0 24686712675132
262644 512 0 24686712953772
263156 512 0 24686713232413
263668 512 0 24686713511054
264180 512 0 24686713789694
264692 512 0 24686714068335
265204 512 0 24686714346976
265716 512 0 24686714625616
266228 512 0 24686714904257
266740 512 0 24686715182898
267252 512 0 24686715461538
267764 512 0 24686715740179
268276 512 0 24686716018819
268788 512 0 24686716297460
269300 512 0 24686716576101
269812 512 0 24686716854741
270324 512 0 24686717133382
270836 512 0 24686717412023
271348 512 0 24686717690663
271860 512 0 24686717969304
272372 512 0 24686718247945
272884 512 0 24686718526585
273396 512 0 24686718805226
273908 512 0 24686719083867
274420 512 0 24686719362507
274932 512 0 24686719641148
275444 512 0 24686719919788
275956 512 0 24686720198429
276468 512 0 24686720477070
276980 512 0 24686720755710
277492 512 0 24686721034351
278004 512 0 24686721312992
278516 512 0 24686721591633
279028 512 0 24686721870274
279540 512 0 24686722148914
280052 512 0 24686722427555
280564 512 0 24686722706195
281076 512 0 24686722984836
281588 512 0 24686723263477
282100 512 0 24686723542117
282612 512 0 24686723820758
283124 512 0 24686724099399
283636 512 0 24686724378039
284148 512 0 24686724656680
284660 512 0 24686724935321
285172 512 0 24686725213961
285684 512 0 24686725492602
286196 512 0 24686725771242
286708 512 0 24686726049883
287220 512 0 24686726328524
287732 512 0 24686726607164
288244 512 0 24686726885805
288756 512 0 24686727164446
289268 512 0 24686727443086
289780 512 0 24686727721727
290292 512 0 24686728000368
290804 512 0 24686728279008
291316 512 0 24686728557649
291828 512 0 24686728836290
292340 512 0 24686729114930
292852 512 0 24686729393571
293364 512 0 24686729672211
293876 512 0 24686729950852
294388 512 0 24686730229493
294900 512 0 24686730508133
295412 512 0 24686730786773
295924 512 0 24686731065414
296436 512 0 24686731344055
296948 512 0 24686731622695
297460 512 0 24686731901336
297972 512 0 24686732179977
298484 512 0 24686732458617
298996 512 0 24686732737258
299508 512 0 24686733015899
300020 512 0 24686733294539
300532 512 0 24686733573180
301044 512 0 24686733851820
301556 512 0 24686734130461
302068 512 0 24686734409102
302580 512 0 24686734687742
303092 512 0 24686734966383
303604 512 0 24686735245024
304116 512 0 24686735523664
304628 512 0 24686735802305
305140 512 0 24686736080946
305652 512 0 24686736359586
306164 512 0 24686736638227
306676 512 0 24686736916868
307188 512 0 24686737195508
307700 512 0 24686737474149
308212 512 0 24686737752789
308724 512 0 24686738031430
309236 512 0 24686738310071
309748 512 0 24686738588711
310260 512 0 24686738867352
310772 512 0 24686739145993
311284 512 0 24686739424634
311796 512 0 24686739703275
312308 512 0 24686739981915
312820 512 0 24686740260556
313332 512 0 24686740539196
313844 512 0 24686740817837
314356 512 0 24686741096478
314868 512 0 24686741375118
315380 512 0 24686741653759
315892 512 0 24686741932400
316404 512 0 24686742211040
316916 512 0 24686742489681
317428 512 0 24686742768322
317940 512 0 24686743046962
318452 512 0 24686743325603
318964 512 0 24686743604243
319476 512 0 24686743882884
319988 512 0 24686744161525
320500 512 0 24686744440165
321012 512 0 24686744718806
321524 512 0 24686744997447
322036 512 0 24686745276087
322548 512 0 24686745554728
323060 512 0 24686745833369
323572 512 0 24686746112009
324084 512 0 24686746390650
324596 512 0 24686746669291
325108 512 0 24686746947931
325620 512 0 24686747226572
326132 512 0 24686747505212
326644 512 0 24686747783853
327156 512 0 24686748062494
327668 512 0 24686748341135
328180 512 0 24686748619776
328692 512 0 24686748898416
329204 512 0 24686749177057
329716 512 0 24686749455697
330228 512 0 24686749734338
330740 512 0 24686750012979
331252 512 0 24686750291619
331764 512 0 24686750570260
332276 512 0 24686750848901
332788 512 0 24686751127541
333300 512 0 24686751406182
333812 512 0 24686751684823
4216 512 0 24686757105305
4728 512 0 24686757233305
5240 512 0 24686757361305
5752 512 0 24686757489305
6264 512 0 24686757617305
6776 512 0 24686757745305
7288 512 0 24686757873305
7800 512 0 24686758001305
8312 512 0 24686758129305
8824 512 0 24686758257305
9336 512 0 24686758385305
9848 512 0 24686758513305
10360 512 0 24686758641305
10872 512 0 24686758769305
11384 512 0 24686758897305
11896 512 0 24686759025305
12408 512 0 24686759153305
12920 512 0 24686759281305
13432 512 0 24686759409305
13944 512 0 24686759537305
14456 512 0 24686759665305
14968 512 0 24686759793305
15480 512 0 24686759921305
15992 512 0 24686760049305
16504 512 0 24686760177305
17016 512 0 24686760305305
17528 512 0 24686760433305
18040 512 0 24686760561305
18552 512 0 24686760689305
19064 512 0 24686760817305
19576 512 0 24686760945305
20088 512 0 24686761073305
20600 512 0 24686761201305
21112 512 0 24686761329305
21624 512 0 24686761457305
22136 512 0 24686761585305
22648 512 0 24686761713305
23160 512 0 24686761841305
23672 512 0 24686761969305
24184 512 0 24686762097305
24696 512 0 24686762225305
25208 512 0 24686762353305
25720 512 0 24686762481305
26232 512 0 24686762609305
26744 512 0 24686762737305
27256 512 0 24686762865305
27768 512 0 24686762993305
28280 512 0 24686763121305
28792 512 0 24686763249305
29304 512 0 24686763377305
29816 512 0 24686763505305
30328 512 0 24686763633305
30840 512 0 24686763761305
31352 512 0 24686763889305
31864 512 0 24686764017305
32376 512 0 24686764145334
32888 512 0 24686764273335
33400 512 0 24686764401335
33912 512 0 24686764529336
34424 512 0 24686764657336
34936 512 0 24686764785336
35448 512 0 24686764913337
35960 512 0 24686765041337
36472 512 0 24686765169338
36984 512 0 24686765297338
37496 512 0 24686765425338
38008 512 0 24686765553339
38520 512 0 24686765681339
39032 512 0 24686765809340
39544 512 0 24686765937340
40056 512 0 24686766065340
40568 512 0 24686766193341
41080 512 0 24686766321341
41592 512 0 24686766449342
42104 512 0 24686766577342
42616 512 0 24686766705342
43128 512 0 24686766833343
43640 512 0 24686766961343
44152 512 0 24686767089344
44664 512 0 24686767217344
45176 512 0 24686767345344
45688 512 0 24686767473345
46200 512 0 24686767601345
46712 512 0 24686767729346
47224 512 0 24686767857346
47736 512 0 24686767985346
48248 512 0 24686768113347
48760 512 0 24686768241355
49272 512 0 24686768369355
49784 512 0 24686768497356
50296 512 0 24686768625356
50808 512 0 24686768753357
51320 512 0 24686768881357
51832 512 0 24686769009358
52344 512 0 24686769137358
52856 512 0 24686769265359
53368 512 0 24686769393359
53880 512 0 24686769521360
54392 512 0 24686769649360
54904 512 0 24686769777361
55416 512 0 24686769905361
55928 512 0 24686770033362
56440 512 0 24686770161362
56952 512 0 24686770289363
57464 512 0 24686770417363
57976 512 0 24686770545364
58488 512 0 24686770673364
59000 512 0 24686770801365
59512 512 0 24686770929365
60024 512 0 24686771057366
60536 512 0 24686771185366
61048 512 0 24686771313367
61560 512 0 24686771441367
62072 512 0 24686771569368
62584 512 0 24686771697368
63096 512 0 24686771825369
63608 512 0 24686771953369
64120 512 0 24686772081369
64632 512 0 24686772209370
65144 512 0 24686772337374
65656 512 0 24686772465374
66168 512 0 24686772593375
66680 512 0 24686772721375
67192 512 0 24686772849376
67704 512 0 24686772977376
68216 512 0 24686773105377
68728 512 0 24686773233377
69240 512 0 24686773361378
69752 512 0 24686773489378
70264 512 0 24686773617379
70776 512 0 24686773745379
71288 512 0 24686773873380
71800 512 0 24686774001380
72312 512 0 24686774129381
72824 512 0 24686774257382
73336 512 0 24686774385382
73848 512 0 24686774513383
74360 512 0 24686774641383
74872 512 0 24686774769384
75384 512 0 24686774897384
75896 512 0 24686775025385
76408 512 0 24686775153385
76920 512 0 24686775281386
77432 512 0 24686775409386
77944 512 0 24686775537387
78456 512 0 24686775665387
78968 512 0 24686775793388
79480 512 0 24686775921388
79992 512 0 24686776049389
80504 512 0 24686776177389
81016 512 0 24686776305390
81528 512 0 24686776433391
82040 512 0 24686776561391
82552 512 0 24686776689392
83064 512 0 24686776817392
83576 512 0 24686776945393
84088 512 0 24686777073393
84600 512 0 24686777201394
85112 512 0 24686777329394
85624 512 0 24686777457395
86136 512 0 24686777585395
86648 512 0 24686777713396
87160 512 0 24686777841396
87672 512 0 24686777969397
88184 512 0 24686778097397
88696 512 0 24686778225398
89208 512 0 24686778353399
89720 512 0 24686778481399
90232 512 0 24686778609400
90744 512 0 24686778737400
91256 512 0 24686778865401
91768 512 0 24686778993401
92280 512 0 24686779121402
92792 512 0 24686779249402
93304 512 0 24686779377403
93816 512 0 24686779505403
94328 512 0 24686779633404
94840 512 0 24686779761404
95352 512 0 24686779889405
95864 512 0 24686780017405
96376 512 0 24686780145406
96888 512 0 24686780273407
97400 512 0 24686780401407
97912 512 0 24686780529409
98424 512 0 24686780657410
98936 512 0 24686780785410
99448 512 0 24686780913411
99960 512 0 24686781041411
100472 512 0 24686781169412
100984 512 0 24686781297412
101496 512 0 24686781425413
102008 512 0 24686781553413
102520 512 0 24686781681414
103032 512 0 24686781809415
103544 512 0 24686781937415
104056 512 0 24686782065416
104568 512 0 24686782193416
105080 512 0 24686782321417
105592 512 0 24686782449417
106104 512 0 24686782577418
106616 512 0 24686782705418
107128 512 0 24686782833419
107640 512 0 24686782961419
108152 512 0 24686783089420
108664 512 0 24686783217421
109176 512 0 24686783345421
109688 512 0 24686783473422
110200 512 0 24686783601422
110712 512 0 24686783729423
111224 512 0 24686783857423
111736 512 0 24686783985424
112248 512 0 24686784113424
112760 512 0 24686784241425
113272 512 0 24686784369425
113784 512 0 24686784497426
114296 512 0 24686784625426
114808 512 0 24686784753426
115320 512 0 24686784881427
115832 512 0 24686785009427
116344 512 0 24686785137428
116856 512 0 24686785265429
117368 512 0 24686785393429
117880 512 0 24686785521430
118392 512 0 24686785649430
118904 512 0 24686785777431
119416 512 0 24686785905431
119928 512 0 24686786033432
120440 512 0 24686786161432
120952 512 0 24686786289433
121464 512 0 24686786417433
121976 512 0 24686786545434
122488 512 0 24686786673434
123000 512 0 24686786801435
123512 512 0 24686786929436
124024 512 0 24686787057436
124536 512 0 24686787185437
125048 512 0 24686787313437
125560 512 0 24686787441438
126072 512 0 24686787569438
126584 512 0 24686787697439
127096 512 0 24686787825439
127608 512 0 24686787953440
128120 512 0 24686788081440
128632 512 0 24686788209441
129144 512 0 24686788337441
129656 512 0 24686788465442
130168 512 0 24686788593443
130680 512 0 24686788721444
131192 512 0 24686788849445
131704 512 0 24686788977445
132216 512 0 24686789105446
132728 512 0 24686789233446
133240 512 0 24686789361447
133752 512 0 24686789489447
134264 512 0 24686789617448
134776 512 0 24686789745448
135288 512 0 24686789873449
135800 512 0 24686790001449
136312 512 0 24686790129450
136824 512 0 24686790257451
137336 512 0 24686790385451
137848 512 0 24686790513452
138360 512 0 24686790641452
138872 512 0 24686790769453
139384 512 0 24686790897453
139896 512 0 24686791025454
140408 512 0 24686791153454
140920 512 0 24686791281455
141432 512 0 24686791409455
141944 512 0 24686791537456
142456 512 0 24686791665457
142968 512 0 24686791793457
143480 512 0 24686791921458
143992 512 0 24686792049458
144504 512 0 24686792177459
145016 512 0 24686792305459
145528 512 0 24686792433460
146040 512 0 24686792561460
146552 512 0 24686792689461
147064 512 0 24686792817461
147576 512 0 24686792945461
148088 512 0 24686793073462
148600 512 0 24686793201463
149112 512 0 24686793329463
149624 512 0 24686793457464
150136 512 0 24686793585464
150648 512 0 24686793713465
151160 512 0 24686793841465
151672 512 0 24686793969466
152184 512 0 24686794097466
152696 512 0 24686794225467
153208 512 0 24686794353467
153720 512 0 24686794481468
154232 512 0 24686794609468
154744 512 0 24686794737469
155256 512 0 24686794865470
155768 512 0 24686794993470
156280 512 0 24686795121471
156792 512 0 24686795249471
157304 512 0 24686795377472
157816 512 0 24686795505472
158328 512 0 24686795633473
158840 512 0 24686795761473
159352 512 0 24686795889474
159864 512 0 24686796017474
160376 512 0 24686796145475
160888 512 0 24686796273476
161400 512 0 24686796401476
161912 512 0 24686796529477
162424 512 0 24686796657477
162936 512 0 24686796785478
163448 512 0 24686796913479
163960 512 0 24686797041480
164472 512 0 24686797169480
164984 512 0 24686797297481
165496 512 0 24686797425481
166008 512 0 24686797553482
166520 512 0 24686797681482
167032 512 0 24686797809483
167544 512 0 24686797937483
168056 512 0 24686798065484
168568 512 0 24686798193485
169080 512 0 24686798321485
169592 512 0 24686798449486
170104 512 0 24686798577486
170616 512 0 24686798705487
171128 512 0 24686798833487
171640 512 0 24686798961488
172152 512 0 24686799089488
172664 512 0 24686799217489
173176 512 0 24686799345489
173688 512 0 24686799473490
174200 512 0 24686799601491
174712 512 0 24686799729491
175224 512 0 24686799857492
175736 512 0 24686799985492
176248 512 0 24686800113493
176760 512 0 24686800241493
177272 512 0 24686800369494
177784 512 0 24686800497494
178296 512 0 24686800625495
178808 512 0 24686800753495
179320 512 0 24686800881496
179832 512 0 24686801009496
180344 512 0 24686801137496
180856 512 0 24686801265497
181368 512 0 24686801393498
181880 512 0 24686801521498
182392 512 0 24686801649499
182904 512 0 24686801777499
183416 512 0 24686801905500
183928 512 0 24686802033500
184440 512 0 24686802161501
184952 512 0 24686802289501
185464 512 0 24686802417502
185976 512 0 24686802545502
186488 512 0 24686802673503
187000 512 0 24686802801504
187512 512 0 24686802929504
188024 512 0 24686803057505
188536 512 0 24686803185505
189048 512 0 24686803313506
189560 512 0 24686803441506
190072 512 0 24686803569507
190584 512 0 24686803697507
191096 512 0 24686803825508
191608 512 0 24686803953508
192120 512 0 24686804081509
192632 512 0 24686804209510
193144 512 0 24686804337510
193656 512 0 24686804465511
194168 512 0 24686804593511
194680 512 0 24686804721512
195192 512 0 24686804849512
195704 512 0 24686804977513
196216 512 0 24686805105514
196728 512 0 24686805233515
197240 512 0 24686805361515
197752 512 0 24686805489516
198264 512 0 24686805617516
198776 512 0 24686805745517
199288 512 0 24686805873517
199800 512 0 24686806001518
200312 512 0 24686806129518
200824 512 0 24686806257519
201336 512 0 24686806385520
201848 512 0 24686806513520
202360 512 0 24686806641521
202872 512 0 24686806769521
203384 512 0 24686806897522
203896 512 0 24686807025522
204408 512 0 24686807153523
204920 512 0 24686807281523
205432 512 0 24686807409524
205944 512 0 24686807537525
206456 512 0 24686807665525
206968 512 0 24686807793526
207480 512 0 24686807921526
207992 512 0 24686808049527
208504 512 0 24686808177527
209016 512 0 24686808305528
209528 512 0 24686808433528
210040 512 0 24686808561529
210552 512 0 24686808689529
211064 512 0 24686808817530
211576 512 0 24686808945531
212088 512 0 24686809073531
212600 512 0 24686809201531
213112 512 0 24686809329532
213624 512 0 24686809457532
214136 512 0 24686809585533
214648 512 0 24686809713533
215160 512 0 24686809841534
215672 512 0 24686809969534
216184 512 0 24686810097535
216696 512 0 24686810225535
217208 512 0 24686810353536
217720 512 0 24686810481536
218232 512 0 24686810609537
218744 512 0 24686810737538
219256 512 0 24686810865538
219768 512 0 24686810993539
220280 512 0 24686811121539
220792 512 0 24686811249540
221304 512 0 24686811377540
221816 512 0 24686811505541
222328 512 0 24686811633541
222840 512 0 24686811761542
223352 512 0 24686811889542
223864 512 0 24686812017543
224376 512 0 24686812145543
224888 512 0 24686812273544
225400 512 0 24686812401545
225912 512 0 24686812529545
226424 512 0 24686812657546
226936 512 0 24686812785546
227448 512 0 24686812913547
227960 512 0 24686813041547
228472 512 0 24686813169548
228984 512 0 24686813297549
229496 512 0 24686813425550
230008 512 0 24686813553550
230520 512 0 24686813681551
231032 512 0 24686813809551
231544 512 0 24686813937552
232056 512 0 24686814065552
232568 512 0 24686814193553
233080 512 0 24686814321554
233592 512 0 24686814449554
234104 512 0 24686814577555
234616 512 0 24686814705555
235128 512 0 24686814833556
235640 512 0 24686814961556
236152 512 0 24686815089557
236664 512 0 24686815217557
237176 512 0 24686815345558
237688 512 0 24686815473558
238200 512 0 24686815601559
238712 512 0 24686815729560
239224 512 0 24686815857560
239736 512 0 24686815985561
240248 512 0 24686816113561
240760 512 0 24686816241562
241272 512 0 24686816369562
241784 512 0 24686816497563
242296 512 0 24686816625563
242808 512 0 24686816753564
243320 512 0 24686816881564
243832 512 0 24686817009565
244344 512 0 24686817137566
244856 512 0 24686817265566
245368 512 0 24686817393566
245880 512 0 24686817521567
246392 512 0 24686817649567
246904 512 0 24686817777568
247416 512 0 24686817905568
247928 512 0 24686818033569
248440 512 0 24686818161569
248952 512 0 24686818289570
249464 512 0 24686818417570
249976 512 0 24686818545571
250488 512 0 24686818673571
251000 512 0 24686818801572
251512 512 0 24686818929573
252024 512 0 24686819057573
252536 512 0 24686819185574
253048 512 0 24686819313574
253560 512 0 24686819441575
254072 512 0 24686819569575
254584 512 0 24686819697576
255096 512 0 24686819825576
255608 512 0 24686819953577
256120 512 0 24686820081577
256632 512 0 24686820209578
257144 512 0 24686820337579
257656 512 0 24686820465579
258168 512 0 24686820593580
258680 512 0 24686820721580
259192 512 0 24686820849581
259704 512 0 24686820977581
260216 512 0 24686821105582
260728 512 0 24686821233582
261240 512 0 24686821361583
261752 512 0 24686821489584
262264 512 0 24686821617585
262776 512 0 24686821745585
263288 512 0 24686821873586
263800 512 0 24686822001586
264312 512 0 24686822129587
264824 512 0 24686822257587
265336 512 0 24686822385588
265848 512 0 24686822513588
266360 512 0 24686822641589
266872 512 0 24686822769590
267384 512 0 24686822897590
267896 512 0 24686823025591
268408 512 0 24686823153591
268920 512 0 24686823281592
269432 512 0 24686823409592
269944 512 0 24686823537593
270456 512 0 24686823665593
270968 512 0 24686823793594
271480 512 0 24686823921594
271992 512 0 24686824049595
272504 512 0 24686824177596
273016 512 0 24686824305596
273528 512 0 24686824433597
274040 512 0 24686824561597
274552 512 0 24686824689598
275064 512 0 24686824817598
275576 512 0 24686824945599
276088 512 0 24686825073599
276600 512 0 24686825201600
277112 512 0 24686825329600
277624 512 0 24686825457601
278136 512 0 24686825585601
278648 512 0 24686825713602
279160 512 0 24686825841602
279672 512 0 24686825969603
280184 512 0 24686826097603
280696 512 0 24686826225604
281208 512 0 24686826353604
281720 512 0 24686826481605
282232 512 0 24686826609605
282744 512 0 24686826737606
283256 512 0 24686826865606
283768 512 0 24686826993607
284280 512 0 24686827121608
284792 512 0 24686827249608
285304 512 0 24686827377609
285816 512 0 24686827505609
286328 512 0 24686827633610
286840 512 0 24686827761610
287352 512 0 24686827889611
287864 512 0 24686828017611
288376 512 0 24686828145612
288888 512 0 24686828273612
289400 512 0 24686828401613
289912 512 0 24686828529614
290424 512 0 24686828657614
290936 512 0 24686828785615
291448 512 0 24686828913615
291960 512 0 24686829041616
292472 512 0 24686829169616
292984 512 0 24686829297617
293496 512 0 24686829425617
294008 512 0 24686829553618
294520 512 0 24686829681618
295032 512 0 24686829809619
295544 512 0 24686829937619
296056 512 0 24686830065620
296568 512 0 24686830193620
297080 512 0 24686830321621
297592 512 0 24686830449621
298104 512 0 24686830577622
298616 512 0 24686830705622
299128 512 0 24686830833623
299640 512 0 24686830961623
300152 512 0 24686831089624
300664 512 0 24686831217624
301176 512 0 24686831345625
301688 512 0 24686831473626
302200 512 0 24686831601626
302712 512 0 24686831729627
303224 512 0 24686831857627
303736 512 0 24686831985628
304248 512 0 24686832113628
304760 512 0 24686832241629
305272 512 0 24686832369629
305784 512 0 24686832497630
306296 512 0 24686832625630
306808 512 0 24686832753631
307320 512 0 24686832881632
307832 512 0 24686833009632
308344 512 0 24686833137633
308856 512 0 24686833265633
309368 512 0 24686833393634
309880 512 0 24686833521634
310392 512 0 24686833649635
310904 512 0 24686833777636
311416 512 0 24686833905637
311928 512 0 24686834033637
312440 512 0 24686834161638
312952 512 0 24686834289638
313464 512 0 24686834417639
313976 512 0 24686834545639
314488 512 0 24686834673640
315000 512 0 24686834801640
315512 512 0 24686834929641
316024 512 0 24686835057641
316536 512 0 24686835185642
317048 512 0 24686835313643
317560 512 0 24686835441643
318072 512 0 24686835569644
318584 512 0 24686835697644
319096 512 0 24686835825645
319608 512 0 24686835953645
320120 512 0 24686836081646
320632 512 0 24686836209646
321144 512 0 24686836337647
321656 512 0 24686836465647
322168 512 0 24686836593648
322680 512 0 24686836721649
323192 512 0 24686836849649
323704 512 0 24686836977650
324216 512 0 24686837105650
324728 512 0 24686837233651
325240 512 0 24686837361651
325752 512 0 24686837489652
326264 512 0 24686837617652
326776 512 0 24686837745653
327288 512 0 24686837873653
327800 512 0 24686838001654
328312 512 0 24686838129654
328824 512 0 24686838257655
329336 512 0 24686838385655
329848 512 0 24686838513656
330360 512 0 24686838641656
330872 512 0 24686838769657
331384 512 0 24686838897657
331896 512 0 24686839025658
332408 512 0 24686839153658
332920 512 0 24686839281659
333432 512 0 24686839409660
333944 512 0 24686839537660
334456 512 0 24686839665661
334968 512 0 24686839793661
335480 512 0 24686839921662
335992 512 0 24686840049662
336504 512 0 24686840177663
337016 512 0 24686840305663
337528 512 0 24686840433664
338040 512 0 24686840561664
338552 512 0 24686840689665
339064 512 0 24686840817665
339576 512 0 24686840945666
340088 512 0 24686841073667
340600 512 0 24686841201667
341112 512 0 24686841329668
341624 512 0 24686841457668
342136 512 0 24686841585669
342648 512 0 24686841713669
343160 512 0 24686841841670
343672 512 0 24686841969671
344184 512 0 24686842097672
344696 512 0 24686842225672
345208 512 0 24686842353673
345720 512 0 24686842481673
346232 512 0 24686842609674
346744 512 0 24686842737674
347256 512 0 24686842865675
347768 512 0 24686842993675
348280 512 0 24686843121676
348792 512 0 24686843249676
349304 512 0 24686843377677
349816 512 0 24686843505678
350328 512 0 24686843633678
350840 512 0 24686843761679
351352 512 0 24686843889679
351864 512 0 24686844017680
352376 512 0 24686844145680
352888 512 0 24686844273681
353400 512 0 24686844401681
353912 512 0 24686844529682
354424 512 0 24686844657682
354936 512 0 24686844785683
355448 512 0 24686844913684
355960 512 0 24686845041684
356472 512 0 24686845169685
356984 512 0 24686845297685
357496 512 0 24686845425686
358008 512 0 24686845553686
358520 512 0 24686845681687
359032 512 0 24686845809687
359544 512 0 24686845937688
360056 512 0 24686846065688
360568 512 0 24686846193689
361080 512 0 24686846321689
361592 512 0 24686846449690
362104 512 0 24686846577690
362616 512 0 24686846705691
363128 512 0 24686846833691
363640 512 0 24686846961692
364152 512 0 24686847089692
364664 512 0 24686847217693
365176 512 0 24686847345693
365688 512 0 24686847473694
366200 512 0 24686847601695
366712 512 0 24686847729695
367224 512 0 24686847857696
367736 512 0 24686847985696
368248 512 0 24686848113697
368760 512 0 24686848241697
369272 512 0 24686848369698
369784 512 0 24686848497698
370296 512 0 24686848625699
370808 512 0 24686848753699
371320 512 0 24686848881700
371832 512 0 24686849009701
372344 512 0 24686849137701
372856 512 0 24686849265702
373368 512 0 24686849393702
373880 512 0 24686849521703
374392 512 0 24686849649703
374904 512 0 24686849777704
375416 512 0 24686849905704
375928 512 0 24686850033705
376440 512 0 24686850161706
376952 512 0 24686850289707
377464 512 0 24686850417707
377976 512 0 24686850545708
378488 512 0 24686850673708
379000 512 0 24686850801709
379512 512 0 24686850929709
380024 512 0 24686851057710
380536 512 0 24686851185710
381048 512 0 24686851313711
381560 512 0 24686851441712
382072 512 0 24686851569712
382584 512 0 24686851697713
383096 512 0 24686851825713
383608 512 0 24686851953714
384120 512 0 24686852081714
384632 512 0 24686852209715
385144 512 0 24686852337715
385656 512 0 24686852465716
386168 512 0 24686852593716
386680 512 0 24686852721717
387192 512 0 24686852849718
387704 512 0 24686852977718
388216 512 0 24686853105719
388728 512 0 24686853233719
389240 512 0 24686853361720
389752 512 0 24686853489720
390264 512 0 24686853617721
390776 512 0 24686853745721
391288 512 0 24686853873722
391800 512 0 24686854001722
392312 512 0 24686854129723
392824 512 0 24686854257723
393336 512 0 24686854385724
393848 512 0 24686854513724
394360 512 0 24686854641725
394872 512 0 24686854769725
395384 512 0 24686854897726
395896 512 0 24686855025726
396408 512 0 24686855153727
396920 512 0 24686855281727
397432 512 0 24686855409728
397944 512 0 24686855537728
398456 512 0 24686855665729
398968 512 0 24686855793730
399480 512 0 24686855921730
399992 512 0 24686856049731
400504 512 0 24686856177731
401016 512 0 24686856305732
401528 512 0 24686856433732
402040 512 0 24686856561733
402552 512 0 24686856689733
403064 512 0 24686856817734
403576 512 0 24686856945734
404088 512 0 24686857073735
404600 512 0 24686857201736
405112 512 0 24686857329736
405624 512 0 24686857457737
406136 512 0 24686857585737
406648 512 0 24686857713738
407160 512 0 24686857841738
407672 512 0 24686857969739
408184 512 0 24686858097739
408696 512 0 24686858225740
409208 512 0 24686858353741
409720 512 0 24686858481742
410232 512 0 24686858609742
410744 512 0 24686858737743
411256 512 0 24686858865743
411768 512 0 24686858993744
412280 512 0 24686859121744
412792 512 0 24686859249745
413304 512 0 24686859377745
413816 512 0 24686859505746
414328 512 0 24686859633747
414840 512 0 24686859761747
415352 512 0 24686859889748
415864 512 0 24686860017748
416376 512 0 24686860145749
416888 512 0 24686860273749
417400 512 0 24686860401750
417912 512 0 24686860529750
418424 512 0 24686860657751
418936 512 0 24686860785751
419448 512 0 24686860913752
419960 512 0 24686861041753
420472 512 0 24686861169753
420984 512 0 24686861297754
421496 512 0 24686861425754
422008 512 0 24686861553755
422520 512 0 24686861681755
423032 512 0 24686861809756
423544 512 0 24686861937756
424056 512 0 24686862065757
424568 512 0 24686862193757
425080 512 0 24686862321758
425592 512 0 24686862449758
426104 512 0 24686862577759
426616 512 0 24686862705759
427128 512 0 24686862833760
427640 512 0 24686862961760
428152 512 0 24686863089761
428664 512 0 24686863217761
429176 512 0 24686863345762
429688 512 0 24686863473762
430200 512 0 24686863601763
430712 512 0 24686863729763
431224 512 0 24686863857764
431736 512 0 24686863985765
432248 512 0 24686864113765
432760 512 0 24686864241766
433272 512 0 24686864369766
433784 512 0 24686864497767
434296 512 0 24686864625767
434808 512 0 24686864753768
435320 512 0 24686864881768
435832 512 0 24686865009769
436344 512 0 24686865137769
436856 512 0 24686865265770
437368 512 0 24686865393771
437880 512 0 24686865521771
438392 512 0 24686865649772
438904 512 0 24686865777772
439416 512 0 24686865905773
439928 512 0 24686866033773
440440 512 0 24686866161774
440952 512 0 24686866289774
441464 512 0 24686866417775
441976 512 0 24686866545776
442488 512 0 24686866673777
443000 512 0 24686866801777
443512 512 0 24686866929778
444024 512 0 24686867057778
444536 512 0 24686867185779
445048 512 0 24686867313779
445560 512 0 24686867441780
446072 512 0 24686867569780
446584 512 0 24686867697781
447096 512 0 24686867825782
447608 512 0 24686867953782
448120 512 0 24686868081783
448632 512 0 24686868209783
449144 512 0 24686868337784
449656 512 0 24686868465784
450168 512 0 24686868593785
450680 512 0 24686868721785
451192 512 0 24686868849786
451704 512 0 24686868977786
452216 512 0 24686869105787
452728 512 0 24686869233788
453240 512 0 24686869361788
453752 512 0 24686869489789
454264 512 0 24686869617789
454776 512 0 24686869745790
455288 512 0 24686869873790
455800 512 0 24686870001791
456312 512 0 24686870129791
456824 512 0 24686870257792
457336 512 0 24686870385792
457848 512 0 24686870513793
458360 512 0 24686870641793
458872 512 0 24686870769794
459384 512 0 24686870897794
459896 512 0 24686871025795
460408 512 0 24686871153795
460920 512 0 24686871281796
461432 512 0 24686871409796
461944 512 0 24686871537797
462456 512 0 24686871665797
462968 512 0 24686871793798
463480 512 0 24686871921798
463992 512 0 24686872049799
464504 512 0 24686872177800
465016 512 0 24686872305800
465528 512 0 24686872433801
466040 512 0 24686872561801
466552 512 0 24686872689802
467064 512 0 24686872817802
467576 512 0 24686872945803
468088 512 0 24686873073803
468600 512 0 24686873201804
469112 512 0 24686873329804
469624 512 0 24686873457805
470136 512 0 24686873585806
470648 512 0 24686873713806
471160 512 0 24686873841807
471672 512 0 24686873969807
472184 512 0 24686874097808
472696 512 0 24686874225808
473208 512 0 24686874353809
473720 512 0 24686874481809
474232 512 0 24686874609810
474744 512 0 24686874737811
475256 512 0 24686874865812
475768 512 0 24686874993812
476280 512 0 24686875121813
476792 512 0 24686875249813
477304 512 0 24686875377814
477816 512 0 24686875505814
478328 512 0 24686875633815
478840 512 0 24686875761815
479352 512 0 24686875889816
479864 512 0 24686876017817
480376 512 0 24686876145817
480888 512 0 24686876273818
481400 512 0 24686876401818
481912 512 0 24686876529819
482424 512 0 24686876657819
482936 512 0 24686876785820
483448 512 0 24686876913820
483960 512 0 24686877041821
484472 512 0 24686877169821
484984 512 0 24686877297822
485496 512 0 24686877425823
486008 512 0 24686877553823
486520 512 0 24686877681824
487032 512 0 24686877809824
487544 512 0 24686877937825
488056 512 0 24686878065825
488568 512 0 24686878193826
489080 512 0 24686878321826
489592 512 0 24686878449827
490104 512 0 24686878577827
490616 512 0 24686878705828
491128 512 0 24686878833828
491640 512 0 24686878961829
492152 512 0 24686879089829
492664 512 0 24686879217830
493176 512 0 24686879345830
493688 512 0 24686879473831
494200 512 0 24686879601831
494712 512 0 24686879729832
495224 512 0 24686879857832
495736 512 0 24686879985833
496248 512 0 24686880113833
496760 512 0 24686880241834
497272 512 0 24686880369835
497784 512 0 24686880497835
498296 512 0 24686880625836
498808 512 0 24686880753836
499320 512 0 24686880881837
499832 512 0 24686881009837
500344 512 0 24686881137838
500856 512 0 24686881265838
501368 512 0 24686881393839
501880 512 0 24686881521839
502392 512 0 24686881649840
502904 512 0 24686881777841
503416 512 0 24686881905841
503928 512 0 24686882033842
504440 512 0 24686882161842
504952 512 0 24686882289843
505464 512 0 24686882417843
505976 512 0 24686882545844
506488 512 0 24686882673844
507000 512 0 24686882801845
507512 512 0 24686882929846
508024 512 0 24686883057847
508536 512 0 24686883185847
509048 512 0 24686883313848
509560 512 0 24686883441848
510072 512 0 24686883569849
510584 512 0 24686883697849
511096 512 0 24686883825850
511608 512 0 24686883953850
512120 512 0 24686884081851
512632 512 0 24686884209852
513144 512 0 24686884337852
513656 512 0 24686884465853
514168 512 0 24686884593853
514680 512 0 24686884721854
515192 512 0 24686884849854
515704 512 0 24686884977855
516216 512 0 24686885105855
516728 512 0 24686885233856
517240 512 0 24686885361856
517752 512 0 24686885489857
518264 512 0 24686885617858
518776 512 0 24686885745858
519288 512 0 24686885873859
519800 512 0 24686886001859
520312 512 0 24686886129860
520824 512 0 24686886257860
521336 512 0 24686886385861
521848 512 0 24686886513861
522360 512 0 24686886641862
522872 512 0 24686886769862
523384 512 0 24686886897863
523896 512 0 24686887025863
524408 512 0 24686887153864
524920 512 0 24686887281864
525432 512 0 24686887409865
525944 512 0 24686887537865
526456 512 0 24686887665866
526968 512 0 24686887793866
527480 512 0 24686887921867
527992 512 0 24686888049867
528504 512 0 24686888177868
529016 512 0 24686888305868
529528 512 0 24686888433869
530040 512 0 24686888561870
530552 512 0 24686888689870
531064 512 0 24686888817871
531576 512 0 24686888945871
532088 512 0 24686889073872
532600 512 0 24686889201872
533112 512 0 24686889329873
533624 512 0 24686889457873
534136 512 0 24686889585874
534648 512 0 24686889713874
535160 512 0 24686889841875
535672 512 0 24686889969876
536184 512 0 24686890097876
536696 512 0 24686890225877
537208 512 0 24686890353877
537720 512 0 24686890481878
538232 512 0 24686890609878
538744 512 0 24686890737879
539256 512 0 24686890865879
539768 512 0 24686890993880
540280 512 0 24686891121881
540792 512 0 24686891249882
541304 512 0 24686891377882
541816 512 0 24686891505883
542328 512 0 24686891633883
542840 512 0 24686891761884
543352 512 0 24686891889884
543864 512 0 24686892017885
544376 512 0 24686892145885
544888 512 0 24686892273886
545400 512 0 24686892401887
545912 512 0 24686892529887
546424 512 0 24686892657888
546936 512 0 24686892785888
547448 512 0 24686892913889
547960 512 0 24686893041889
548472 512 0 24686893169890
548984 512 0 24686893297890
549496 512 0 24686893425891
550008 512 0 24686893553891
550520 512 0 24686893681892
551032 512 0 24686893809893
551544 512 0 24686893937893
552056 512 0 24686894065894
552568 512 0 24686894193894
553080 512 0 24686894321895
553592 512 0 24686894449895
554104 512 0 24686894577896
554616 512 0 24686894705896
555128 512 0 24686894833897
555640 512 0 24686894961898
556152 512 0 24686895089898
556664 512 0 24686895217899
557176 512 0 24686895345900
557688 512 0 24686895473900
558200 512 0 24686895601901
558712 512 0 24686895729901
559224 512 0 24686895857902
559736 512 0 24686895985902
560248 512 0 24686896113903
560760 512 0 24686896241904
561272 512 0 24686896369904
561784 512 0 24686896497905
562296 512 0 24686896625905
562808 512 0 24686896753906
563320 512 0 24686896881906
563832 512 0 24686897009907
564344 512 0 24686897137907
564856 512 0 24686897265908
565368 512 0 24686897393908
565880 512 0 24686897521909
566392 512 0 24686897649910
566904 512 0 24686897777910
567416 512 0 24686897905911
567928 512 0 24686898033911
568440 512 0 24686898161912
568952 512 0 24686898289912
569464 512 0 24686898417913
569976 512 0 24686898545913
570488 512 0 24686898673914
571000 512 0 24686898801914
571512 512 0 24686898929915
572024 512 0 24686899057916
572536 512 0 24686899185916
573048 512 0 24686899313916
573560 512 0 24686899441917
574072 512 0 24686899569917
574584 512 0 24686899697918
575096 512 0 24686899825918
575608 512 0 24686899953919
576120 512 0 24686900081919
576632 512 0 24686900209920
577144 512 0 24686900337920
577656 512 0 24686900465921
578168 512 0 24686900593922
578680 512 0 24686900721922
579192 512 0 24686900849923
579704 512 0 24686900977923
580216 512 0 24686901105924
580728 512 0 24686901233924
581240 512 0 24686901361925
581752 512 0 24686901489925
582264 512 0 24686901617926
582776 512 0 24686901745926
583288 512 0 24686901873927
583800 512 0 24686902001928
584312 512 0 24686902129928
584824 512 0 24686902257929
585336 512 0 24686902385929
585848 512 0 24686902513930
586360 512 0 24686902641930
586872 512 0 24686902769931
587384 512 0 24686902897931
587896 512 0 24686903025932
588408 512 0 24686903153932
588920 512 0 24686903281933
589432 512 0 24686903409934
589944 512 0 24686903537935
590456 512 0 24686903665935
590968 512 0 24686903793936
591480 512 0 24686903921936
591992 512 0 24686904049937
592504 512 0 24686904177937
593016 512 0 24686904305938
593528 512 0 24686904433939
594040 512 0 24686904561939
594552 512 0 24686904689940
595064 512 0 24686904817940
595576 512 0 24686904945941
596088 512 0 24686905073941
596600 512 0 24686905201942
597112 512 0 24686905329942
597624 512 0 24686905457943
598136 512 0 24686905585943
598648 512 0 24686905713944
599160 512 0 24686905841945
599672 512 0 24686905969945
600184 512 0 24686906097946
600696 512 0 24686906225946
601208 512 0 24686906353947
601720 512 0 24686906481947
602232 512 0 24686906609948
602744 512 0 24686906737948
603256 512 0 24686906865949
603768 512 0 24686906993949
604280 512 0 24686907121950
604792 512 0 24686907249951
605304 512 0 24686907377951
605816 512 0 24686907505951
606328 512 0 24686907633952
606840 512 0 24686907761952
607352 512 0 24686907889953
607864 512 0 24686908017953
608376 512 0 24686908145954
608888 512 0 24686908273954
609400 512 0 24686908401955
609912 512 0 24686908529955
610424 512 0 24686908657956
610936 512 0 24686908785957
611448 512 0 24686908913957
611960 512 0 24686909041958
612472 512 0 24686909169958
612984 512 0 24686909297959
613496 512 0 24686909425959
614008 512 0 24686909553960
614520 512 0 24686909681960
615032 512 0 24686909809961
615544 512 0 24686909937961
616056 512 0 24686910065962
616568 512 0 24686910193963
617080 512 0 24686910321963
617592 512 0 24686910449964
618104 512 0 24686910577964
618616 512 0 24686910705965
619128 512 0 24686910833965
619640 512 0 24686910961966
620152 512 0 24686911089966
620664 512 0 24686911217967
621176 512 0 24686911345967
621688 512 0 24686911473968
622200 512 0 24686911601969
622712 512 0 24686911729970
623224 512 0 24686911857970
623736 512 0 24686911985971
624248 512 0 24686912113971
624760 512 0 24686912241972
625272 512 0 24686912369972
625784 512 0 24686912497973
626296 512 0 24686912625974
626808 512 0 24686912753974
627320 512 0 24686912881975
627832 512 0 24686913009975
628344 512 0 24686913137976
628856 512 0 24686913265976
629368 512 0 24686913393977
629880 512 0 24686913521977
630392 512 0 24686913649978
630904 512 0 24686913777978
631416 512 0 24686913905979
631928 512 0 24686914033980
632440 512 0 24686914161980
632952 512 0 24686914289981
633464 512 0 24686914417981
633976 512 0 24686914545982
634488 512 0 24686914673982
635000 512 0 24686914801983
635512 512 0 24686914929983
636024 512 0 24686915057984
636536 512 0 24686915185984
637048 512 0 24686915313985
637560 512 0 24686915441986
638072 512 0 24686915569986
638584 512 0 24686915697986
639096 512 0 24686915825987
639608 512 0 24686915953987
640120 512 0 24686916081988
640632 512 0 24686916209988
641144 512 0 24686916337989
641656 512 0 24686916465989
642168 512 0 24686916593990
642680 512 0 24686916721990
643192 512 0 24686916849991
643704 512 0 24686916977992
644216 512 0 24686917105992
644728 512 0 24686917233993
645240 512 0 24686917361993
645752 512 0 24686917489994
646264 512 0 24686917617994
646776 512 0 24686917745995
647288 512 0 24686917873995
647800 512 0 24686918001996
648312 512 0 24686918129996
648824 512 0 24686918257997
649336 512 0 24686918385998
649848 512 0 24686918513998
650360 512 0 24686918641999
650872 512 0 24686918769999
651384 512 0 24686918898000
651896 512 0 24686919026000
652408 512 0 24686919154001
652920 512 0 24686919282001
653432 512 0 24686919410002
653944 512 0 24686919538002
654456 512 0 24686919666003
654968 512 0 24686919794004
655480 512 0 24686919922005
655992 512 0 24686920050005
656504 512 0 24686920178006
657016 512 0 24686920306006
657528 512 0 24686920434007
658040 512 0 24686920562007
658552 512 0 24686920690008
659064 512 0 24686920818009
659576 512 0 24686920946009
660088 512 0 24686921074010
660600 512 0 24686921202010
661112 512 0 24686921330011
661624 512 0 24686921458011
662136 512 0 24686921586012
662648 512 0 24686921714012
663160 512 0 24686921842013
663672 512 0 24686921970013
664184 512 0 24686922098014
664696 512 0 24686922226015
665208 512 0 24686922354015
665720 512 0 24686922482016
666232 512 0 24686922610016
666744 512 0 24686922738017
667256 512 0 24686922866017
667768 512 0 24686922994018
668280 512 0 24686923122018
668792 512 0 24686923250019
669304 512 0 24686923378019
669816 512 0 24686923506020
670328 512 0 24686923634021
670840 512 0 24686923762021
671352 512 0 24686923890021
671864 512 0 24686924018022
672376 512 0 24686924146022
672888 512 0 24686924274023
673400 512 0 24686924402023
673912 512 0 24686924530024
674424 512 0 24686924658024
674936 512 0 24686924786025
675448 512 0 24686924914025
675960 512 0 24686925042026
676472 512 0 24686925170027
676984 512 0 24686925298027
677496 512 0 24686925426028
678008 512 0 24686925554028
678520 512 0 24686925682029
679032 512 0 24686925810029
679544 512 0 24686925938030
680056 512 0 24686926066030
680568 512 0 24686926194031
681080 512 0 24686926322031
681592 512 0 24686926450032
682104 512 0 24686926578033
682616 512 0 24686926706033
683128 512 0 24686926834034
683640 512 0 24686926962034
684152 512 0 24686927090035
684664 512 0 24686927218035
685176 512 0 24686927346036
685688 512 0 24686927474036
686200 512 0 24686927602037
686712 512 0 24686927730037
687224 512 0 24686927858038
687736 512 0 24686927986039
688248 512 0 24686928114040
688760 512 0 24686928242040
689272 512 0 24686928370041
689784 512 0 24686928498041
690296 512 0 24686928626042
690808 512 0 24686928754042
691320 512 0 24686928882043
691832 512 0 24686929010044
692344 512 0 24686929138044
692856 512 0 24686929266045
693368 512 0 24686929394045
693880 512 0 24686929522046
694392 512 0 24686929650046
694904 512 0 24686929778047
695416 512 0 24686929906047
695928 512 0 24686930034048
696440 512 0 24686930162048
696952 512 0 24686930290049
697464 512 0 24686930418050
697976 512 0 24686930546050
698488 512 0 24686930674051
699000 512 0 24686930802051
699512 512 0 24686930930052
700024 512 0 24686931058052
700536 512 0 24686931186053
701048 512 0 24686931314053
701560 512 0 24686931442054
702072 512 0 24686931570054
702584 512 0 24686931698055
703096 512 0 24686931826056
703608 512 0 24686931954056
704120 512 0 24686932082057
704632 512 0 24686932210058
705144 512 0 24686932338058
705656 512 0 24686932466059
706168 512 0 24686932594059
706680 512 0 24686932722060
707192 512 0 24686932850060
707704 512 0 24686932978061
708216 512 0 24686933106062
708728 512 0 24686933234062
709240 512 0 24686933362063
709752 512 0 24686933490063
710264 512 0 24686933618064
710776 512 0 24686933746064
711288 512 0 24686933874065
711800 512 0 24686934002065
712312 512 0 24686934130066
712824 512 0 24686934258067
713336 512 0 24686934386067
713848 512 0 24686934514068
714360 512 0 24686934642068
714872 512 0 24686934770069
715384 512 0 24686934898069
715896 512 0 24686935026070
716408 512 0 24686935154070
716920 512 0 24686935282071
717432 512 0 24686935410071
717944 512 0 24686935538072
718456 512 0 24686935666073
718968 512 0 24686935794073
719480 512 0 24686935922074
719992 512 0 24686936050074
720504 512 0 24686936178074
721016 512 0 24686936306075
721528 512 0 24686936434075
722040 512 0 24686936562076
722552 512 0 24686936690076
723064 512 0 24686936818077
723576 512 0 24686936946077
724088 512 0 24686937074078
724600 512 0 24686937202078
725112 512 0 24686937330079
725624 512 0 24686937458080
726136 512 0 24686937586080
726648 512 0 24686937714081
727160 512 0 24686937842081
727672 512 0 24686937970082
728184 512 0 24686938098082
728696 512 0 24686938226083
729208 512 0 24686938354083
729720 512 0 24686938482084
730232 512 0 24686938610085
730744 512 0 24686938738085
731256 512 0 24686938866086
731768 512 0 24686938994086
732280 512 0 24686939122087
732792 512 0 24686939250087
733304 512 0 24686939378088
733816 512 0 24686939506088
734328 512 0 24686939634089
734840 512 0 24686939762089
735352 512 0 24686939890090
735864 512 0 24686940018091
736376 512 0 24686940146091
736888 512 0 24686940274092
737400 512 0 24686940402093
737912 512 0 24686940530093
738424 512 0 24686940658094
738936 512 0 24686940786094
739448 512 0 24686940914095
739960 512 0 24686941042095
740472 512 0 24686941170096
740984 512 0 24686941298097
741496 512 0 24686941426097
742008 512 0 24686941554098
742520 512 0 24686941682098
743032 512 0 24686941810099
743544 512 0 24686941938099
744056 512 0 24686942066100
744568 512 0 24686942194100
745080 512 0 24686942322101
745592 512 0 24686942450101
746104 512 0 24686942578102
746616 512 0 24686942706103
747128 512 0 24686942834103
747640 512 0 24686942962104
748152 512 0 24686943090104
748664 512 0 24686943218105
749176 512 0 24686943346105
749688 512 0 24686943474106
750200 512 0 24686943602106
750712 512 0 24686943730107
751224 512 0 24686943858108
751736 512 0 24686943986108
752248 512 0 24686944114109
752760 512 0 24686944242109
753272 512 0 24686944370109
753784 512 0 24686944498110
754296 512 0 24686944626110
754808 512 0 24686944754111
755320 512 0 24686944882111
755832 512 0 24686945010112
756344 512 0 24686945138112
756856 512 0 24686945266113
757368 512 0 24686945394113
757880 512 0 24686945522114
758392 512 0 24686945650115
758904 512 0 24686945778115
759416 512 0 24686945906116
759928 512 0 24686946034116
760440 512 0 24686946162117
760952 512 0 24686946290117
761464 512 0 24686946418118
761976 512 0 24686946546118
762488 512 0 24686946674119
763000 512 0 24686946802119
763512 512 0 24686946930120
764024 512 0 24686947058121
764536 512 0 24686947186121
765048 512 0 24686947314122
765560 512 0 24686947442122
766072 512 0 24686947570123
766584 512 0 24686947698123
767096 512 0 24686947826124
767608 512 0 24686947954124
768120 512 0 24686948082125
768632 512 0 24686948210126
769144 512 0 24686948338126
769656 512 0 24686948466127
770168 512 0 24686948594128
770680 512 0 24686948722128
771192 512 0 24686948850129
771704 512 0 24686948978129
772216 512 0 24686949106130
772728 512 0 24686949234130
773240 512 0 24686949362131
773752 512 0 24686949490132
774264 512 0 24686949618132
774776 512 0 24686949746133
775288 512 0 24686949874133
775800 512 0 24686950002134
776312 512 0 24686950130134
776824 512 0 24686950258135
777336 512 0 24686950386135
777848 512 0 24686950514136
778360 512 0 24686950642136
778872 512 0 24686950770137
779384 512 0 24686950898138
779896 512 0 24686951026138
780408 512 0 24686951154139
780920 512 0 24686951282139
781432 512 0 24686951410140
781944 512 0 24686951538140
782456 512 0 24686951666141
782968 512 0 24686951794141
783480 512 0 24686951922142
783992 512 0 24686952050143
784504 512 0 24686952178143
785016 512 0 24686952306144
785528 512 0 24686952434144
786040 512 0 24686952562145
786552 512 0 24686952690146
787064 512 0 24686952818146
787576 512 0 24686952946147
788088 512 0 24686953074147
788600 512 0 24686953202148
789112 512 0 24686953330148
789624 512 0 24686953458149
790136 512 0 24686953586150
790648 512 0 24686953714150
791160 512 0 24686953842151
791672 512 0 24686953970151
792184 512 0 24686954098152
792696 512 0 24686954226152
793208 512 0 24686954354153
793720 512 0 24686954482153
794232 512 0 24686954610154
794744 512 0 24686954738155
795256 512 0 24686954866155
795768 512 0 24686954994156
796280 512 0 24686955122156
796792 512 0 24686955250157
797304 512 0 24686955378157
797816 512 0 24686955506158
798328 512 0 24686955634158
798840 512 0 24686955762159
799352 512 0 24686955890159
799864 512 0 24686956018160
800376 512 0 24686956146161
800888 512 0 24686956274161
801400 512 0 24686956402162
801912 512 0 24686956530162
802424 512 0 24686956658162
802936 512 0 24686956786163
803448 512 0 24686956914163
803960 512 0 24686957042164
972 512 0 24686963420847
1484 512 0 24686963699486
1996 512 0 24686963978126
2508 512 0 24686964256765
3020 512 0 24686964535404
3532 512 0 24686964814044
4044 512 0 24686965092683
4556 512 0 24686965371323
5068 512 0 24686965649962
5580 512 0 24686965928602
6092 512 0 24686966207241
6604 512 0 24686966485881
7116 512 0 24686966764520
7628 512 0 24686967043160
8140 512 0 24686967321799
8652 512 0 24686967600439
9164 512 0 24686967879078
9676 512 0 24686968157718
10188 512 0 24686968436357
10700 512 0 24686968714997
11212 512 0 24686968993636
11724 512 0 24686969272275
12236 512 0 24686969550915
12748 512 0 24686969829554
13260 512 0 24686970108194
13772 512 0 24686970386833
14284 512 0 24686970665473
14796 512 0 24686970944112
15308 512 0 24686971222752
15820 512 0 24686971501391
16332 512 0 24686971780031
16844 512 0 24686972058670
17356 512 0 24686972337310
17868 512 0 24686972615949
18380 512 0 24686972894589
18892 512 0 24686973173228
19404 512 0 24686973451867
19916 512 0 24686973730507
20428 512 0 24686974009146
20940 512 0 24686974287786
21452 512 0 24686974566425
21964 512 0 24686974845065
22476 512 0 24686975123704
22988 512 0 24686975402344
23500 512 0 24686975680983
24012 512 0 24686975959623
24524 512 0 24686976238262
25036 512 0 24686976516902
25548 512 0 24686976795541
26060 512 0 24686977074181
26572 512 0 24686977352820
27084 512 0 24686977631460
27596 512 0 24686977910099
28108 512 0 24686978188738
28620 512 0 24686978467378
29132 512 0 24686978746017
29644 512 0 24686979024657
30156 512 0 24686979303296
30668 512 0 24686979581936
31180 512 0 24686979860575
31692 512 0 24686980139215
32204 512 0 24686980417854
32716 512 0 24686980696558
33228 512 0 24686980975199
33740 512 0 24686981253839
34252 512 0 24686981532479
34764 512 0 24686981811120
35276 512 0 24686982089760
35788 512 0 24686982368400
36300 512 0 24686982647041
36812 512 0 24686982925681
37324 512 0 24686983204321
37836 512 0 24686983482962
38348 512 0 24686983761602
38860 512 0 24686984040242
39372 512 0 24686984318883
39884 512 0 24686984597523
40396 512 0 24686984876163
40908 512 0 24686985154804
41420 512 0 24686985433444
41932 512 0 24686985712084
42444 512 0 24686985990725
42956 512 0 24686986269365
43468 512 0 24686986548005
43980 512 0 24686986826646
44492 512 0 24686987105286
45004 512 0 24686987383926
45516 512 0 24686987662567
46028 512 0 24686987941207
46540 512 0 24686988219847
47052 512 0 24686988498488
47564 512 0 24686988777128
48076 512 0 24686989055768
48588 512 0 24686989334409
49100 512 0 24686989613067
49612 512 0 24686989891708
50124 512 0 24686990170348
50636 512 0 24686990448989
51148 512 0 24686990727629
51660 512 0 24686991006270
52172 512 0 24686991284910
52684 512 0 24686991563551
53196 512 0 24686991842192
53708 512 0 24686992120832
54220 512 0 24686992399473
54732 512 0 24686992678113
55244 512 0 24686992956754
55756 512 0 24686993235394
56268 512 0 24686993514035
56780 512 0 24686993792676
57292 512 0 24686994071316
57804 512 0 24686994349957
58316 512 0 24686994628597
58828 512 0 24686994907238
59340 512 0 24686995185879
59852 512 0 24686995464519
60364 512 0 24686995743160
60876 512 0 24686996021800
61388 512 0 24686996300441
61900 512 0 24686996579081
62412 512 0 24686996857722
62924 512 0 24686997136363
63436 512 0 24686997415003
63948 512 0 24686997693644
64460 512 0 24686997972284
64972 512 0 24686998250925
65484 512 0 24686998529569
65996 512 0 24686998808210
66508 512 0 24686999086851
67020 512 0 24686999365491
67532 512 0 24686999644132
68044 512 0 24686999922772
68556 512 0 24687000201413
69068 512 0 24687000480054
69580 512 0 24687000758694
70092 512 0 24687001037335
70604 512 0 24687001315975
71116 512 0 24687001594616
71628 512 0 24687001873257
72140 512 0 24687002151897
72652 512 0 24687002430538
73164 512 0 24687002709179
73676 512 0 24687002987819
74188 512 0 24687003266460
74700 512 0 24687003545100
75212 512 0 24687003823741
75724 512 0 24687004102382
76236 512 0 24687004381022
76748 512 0 24687004659663
77260 512 0 24687004938303
77772 512 0 24687005216944
78284 512 0 24687005495585
78796 512 0 24687005774225
79308 512 0 24687006052866
79820 512 0 24687006331507
80332 512 0 24687006610147
80844 512 0 24687006888788
81356 512 0 24687007167428
81868 512 0 24687007446071
82380 512 0 24687007724712
82892 512 0 24687008003352
83404 512 0 24687008281993
83916 512 0 24687008560633
84428 512 0 24687008839274
84940 512 0 24687009117915
85452 512 0 24687009396555
85964 512 0 24687009675196
86476 512 0 24687009953837
86988 512 0 24687010232477
87500 512 0 24687010511118
88012 512 0 24687010789759
88524 512 0 24687011068399
89036 512 0 24687011347040
89548 512 0 24687011625680
90060 512 0 24687011904321
90572 512 0 24687012182962
91084 512 0 24687012461602
91596 512 0 24687012740243
92108 512 0 24687013018884
92620 512 0 24687013297524
93132 512 0 24687013576165
93644 512 0 24687013854806
94156 512 0 24687014133446
94668 512 0 24687014412087
95180 512 0 24687014690727
95692 512 0 24687014969368
96204 512 0 24687015248009
96716 512 0 24687015526649
97228 512 0 24687015805290
97740 512 0 24687016083931
98252 512 0 24687016362571
98764 512 0 24687016641211
99276 512 0 24687016919852
99788 512 0 24687017198493
100300 512 0 24687017477133
100812 512 0 24687017755774
101324 512 0 24687018034415
101836 512 0 24687018313055
102348 512 0 24687018591696
102860 512 0 24687018870336
103372 512 0 24687019148977
103884 512 0 24687019427618
104396 512 0 24687019706258
104908 512 0 24687019984899
105420 512 0 24687020263540
105932 512 0 24687020542180
106444 512 0 24687020820821
106956 512 0 24687021099461
107468 512 0 24687021378102
107980 512 0 24687021656743
108492 512 0 24687021935383
109004 512 0 24687022214024
109516 512 0 24687022492665
110028 512 0 24687022771305
110540 512 0 24687023049946
111052 512 0 24687023328587
111564 512 0 24687023607227
112076 512 0 24687023885868
112588 512 0 24687024164508
113100 512 0 24687024443149
113612 512 0 24687024721790
114124 512 0 24687025000430
114636 512 0 24687025279069
115148 512 0 24687025557710
115660 512 0 24687025836350
116172 512 0 24687026114991
116684 512 0 24687026393632
117196 512 0 24687026672272
117708 512 0 24687026950913
118220 512 0 24687027229553
118732 512 0 24687027508194
119244 512 0 24687027786835
119756 512 0 24687028065475
120268 512 0 24687028344116
120780 512 0 24687028622756
121292 512 0 24687028901397
121804 512 0 24687029180038
122316 512 0 24687029458678
122828 512 0 24687029737319
123340 512 0 24687030015960
123852 512 0 24687030294600
124364 512 0 24687030573241
124876 512 0 24687030851881
125388 512 0 24687031130522
125900 512 0 24687031409163
126412 512 0 24687031687803
126924 512 0 24687031966444
127436 512 0 24687032245084
127948 512 0 24687032523725
128460 512 0 24687032802366
128972 512 0 24687033081006
129484 512 0 24687033359647
129996 512 0 24687033638288
130508 512 0 24687033916928
131020 512 0 24687034195569
131532 512 0 24687034474210
132044 512 0 24687034752850
132556 512 0 24687035031491
133068 512 0 24687035310132
133580 512 0 24687035588772
134092 512 0 24687035867413
134604 512 0 24687036146054
135116 512 0 24687036424694
135628 512 0 24687036703335
136140 512 0 24687036981975
136652 512 0 24687037260616
137164 512 0 24687037539257
137676 512 0 24687037817897
138188 512 0 24687038096538
138700 512 0 24687038375178
139212 512 0 24687038653819
139724 512 0 24687038932460
140236 512 0 24687039211100
140748 512 0 24687039489741
141260 512 0 24687039768382
141772 512 0 24687040047022
142284 512 0 24687040325663
142796 512 0 24687040604303
143308 512 0 24687040882944
143820 512 0 24687041161585
144332 512 0 24687041440225
144844 512 0 24687041718866
145356 512 0 24687041997506
145868 512 0 24687042276147
146380 512 0 24687042554788
146892 512 0 24687042833428
147404 512 0 24687043112069
147916 512 0 24687043390710
148428 512 0 24687043669351
148940 512 0 24687043947991
149452 512 0 24687044226632
149964 512 0 24687044505272
150476 512 0 24687044783913
150988 512 0 24687045062554
151500 512 0 24687045341194
152012 512 0 24687045619835
152524 512 0 24687045898476
153036 512 0 24687046177116
153548 512 0 24687046455757
154060 512 0 24687046734397
154572 512 0 24687047013038
155084 512 0 24687047291679
155596 512 0 24687047570319
156108 512 0 24687047848960
156620 512 0 24687048127600
157132 512 0 24687048406241
157644 512 0 24687048684882
158156 512 0 24687048963522
158668 512 0 24687049242163
159180 512 0 24687049520804
159692 512 0 24687049799444
160204 512 0 24687050078085
160716 512 0 24687050356725
161228 512 0 24687050635366
161740 512 0 24687050914007
162252 512 0 24687051192647
162764 512 0 24687051471288
163276 512 0 24687051749928
163788 512 0 24687052028569
164300 512 0 24687052307210
164812 512 0 24687052585851
165324 512 0 24687052864491
165836 512 0 24687053143132
166348 512 0 24687053421772
166860 512 0 24687053700413
167372 512 0 24687053979054
167884 512 0 24687054257694
168396 512 0 24687054536335
168908 512 0 24687054814976
169420 512 0 24687055093616
169932 512 0 24687055372257
170444 512 0 24687055650897
170956 512 0 24687055929538
171468 512 0 24687056208179
171980 512 0 24687056486819
172492 512 0 24687056765460
173004 512 0 24687057044101
173516 512 0 24687057322741
174028 512 0 24687057601382
174540 512 0 24687057880022
175052 512 0 24687058158663
175564 512 0 24687058437304
176076 512 0 24687058715944
176588 512 0 24687058994585
177100 512 0 24687059273225
177612 512 0 24687059551866
178124 512 0 24687059830507
178636 512 0 24687060109147
179148 512 0 24687060387788
179660 512 0 24687060666429
180172 512 0 24687060945069
180684 512 0 24687061223710
181196 512 0 24687061502351
181708 512 0 24687061780991
182220 512 0 24687062059632
182732 512 0 24687062338273
183244 512 0 24687062616913
183756 512 0 24687062895554
184268 512 0 24687063174194
184780 512 0 24687063452835
185292 512 0 24687063731476
185804 512 0 24687064010116
186316 512 0 24687064288757
186828 512 0 24687064567398
187340 512 0 24687064846038
187852 512 0 24687065124679
188364 512 0 24687065403319
188876 512 0 24687065681960
189388 512 0 24687065960601
189900 512 0 24687066239241
190412 512 0 24687066517882
190924 512 0 24687066796522
191436 512 0 24687067075163
191948 512 0 24687067353804
192460 512 0 24687067632444
192972 512 0 24687067911085
193484 512 0 24687068189726
193996 512 0 24687068468366
194508 512 0 24687068747007
195020 512 0 24687069025647
195532 512 0 24687069304288
196044 512 0 24687069582929
196556 512 0 24687069861571
197068 512 0 24687070140211
197580 512 0 24687070418852
198092 512 0 24687070697493
198604 512 0 24687070976133
199116 512 0 24687071254774
199628 512 0 24687071533414
200140 512 0 24687071812055
200652 512 0 24687072090696
201164 512 0 24687072369336
201676 512 0 24687072647977
202188 512 0 24687072926618
202700 512 0 24687073205258
203212 512 0 24687073483899
203724 512 0 24687073762540
204236 512 0 24687074041180
204748 512 0 24687074319821
205260 512 0 24687074598461
205772 512 0 24687074877102
206284 512 0 24687075155743
206796 512 0 24687075434383
207308 512 0 24687075713024
207820 512 0 24687075991665
208332 512 0 24687076270305
208844 512 0 24687076548946
209356 512 0 24687076827586
209868 512 0 24687077106227
210380 512 0 24687077384868
210892 512 0 24687077663508
211404 512 0 24687077942149
211916 512 0 24687078220790
212428 512 0 24687078499430
212940 512 0 24687078778071
213452 512 0 24687079056711
213964 512 0 24687079335352
214476 512 0 24687079613993
214988 512 0 24687079892633
215500 512 0 24687080171274
216012 512 0 24687080449914
216524 512 0 24687080728555
217036 512 0 24687081007196
217548 512 0 24687081285836
218060 512 0 24687081564477
218572 512 0 24687081843118
219084 512 0 24687082121758
219596 512 0 24687082400399
220108 512 0 24687082679039
220620 512 0 24687082957680
221132 512 0 24687083236321
221644 512 0 24687083514961
222156 512 0 24687083793602
222668 512 0 24687084072243
223180 512 0 24687084350883
223692 512 0 24687084629524
224204 512 0 24687084908165
224716 512 0 24687085186805
225228 512 0 24687085465446
225740 512 0 24687085744086
226252 512 0 24687086022727
226764 512 0 24687086301368
227276 512 0 24687086580008
227788 512 0 24687086858649
228300 512 0 24687087137290
228812 512 0 24687087415930
229324 512 0 24687087694572
229836 512 0 24687087973213
230348 512 0 24687088251853
230860 512 0 24687088530494
231372 512 0 24687088809134
231884 512 0 24687089087775
232396 512 0 24687089366416
232908 512 0 24687089645056
233420 512 0 24687089923697
233932 512 0 24687090202338
234444 512 0 24687090480978
234956 512 0 24687090759619
235468 512 0 24687091038260
235980 512 0 24687091316900
236492 512 0 24687091595541
237004 512 0 24687091874181
237516 512 0 24687092152822
238028 512 0 24687092431463
238540 512 0 24687092710103
239052 512 0 24687092988744
239564 512 0 24687093267385
240076 512 0 24687093546025
240588 512 0 24687093824666
241100 512 0 24687094103307
241612 512 0 24687094381947
242124 512 0 24687094660588
242636 512 0 24687094939228
243148 512 0 24687095217869
243660 512 0 24687095496510
244172 512 0 24687095775150
244684 512 0 24687096053791
245196 512 0 24687096332432
245708 512 0 24687096611072
246220 512 0 24687096889712
246732 512 0 24687097168353
247244 512 0 24687097446994
247756 512 0 24687097725634
248268 512 0 24687098004275
248780 512 0 24687098282916
249292 512 0 24687098561556
249804 512 0 24687098840197
250316 512 0 24687099118838
250828 512 0 24687099397478
251340 512 0 24687099676119
251852 512 0 24687099954759
252364 512 0 24687100233400
252876 512 0 24687100512041
253388 512 0 24687100790681
253900 512 0 24687101069322
254412 512 0 24687101347963
254924 512 0 24687101626603
255436 512 0 24687101905244
255948 512 0 24687102183884
256460 512 0 24687102462525
256972 512 0 24687102741166
257484 512 0 24687103019806
257996 512 0 24687103298447
258508 512 0 24687103577088
259020 512 0 24687103855728
259532 512 0 24687104134369
260044 512 0 24687104413010
260556 512 0 24687104691650
261068 512 0 24687104970291
261580 512 0 24687105248931
262092 512 0 24687105527572
262604 512 0 24687105806212
263116 512 0 24687106084853
263628 512 0 24687106363494
264140 512 0 24687106642134
264652 512 0 24687106920775
265164 512 0 24687107199416
265676 512 0 24687107478056
266188 512 0 24687107756697
266700 512 0 24687108035337
267212 512 0 24687108313978
267724 512 0 24687108592619
268236 512 0 24687108871259
268748 512 0 24687109149900
269260 512 0 24687109428541
269772 512 0 24687109707181
270284 512 0 24687109985822
270796 512 0 24687110264463
271308 512 0 24687110543103
271820 512 0 24687110821744
272332 512 0 24687111100384
272844 512 0 24687111379025
273356 512 0 24687111657666
273868 512 0 24687111936306
274380 512 0 24687112214947
274892 512 0 24687112493588
275404 512 0 24687112772228
275916 512 0 24687113050869
276428 512 0 24687113329509
276940 512 0 24687113608150
277452 512 0 24687113886791
277964 512 0 24687114165431
278476 512 0 24687114444073
278988 512 0 24687114722713
279500 512 0 24687115001354
280012 512 0 24687115279995
280524 512 0 24687115558635
281036 512 0 24687115837276
281548 512 0 24687116115917
282060 512 0 24687116394557
282572 512 0 24687116673198
283084 512 0 24687116951839
283596 512 0 24687117230479
284108 512 0 24687117509120
284620 512 0 24687117787760
285132 512 0 24687118066401
285644 512 0 24687118345042
286156 512 0 24687118623682
286668 512 0 24687118902323
287180 512 0 24687119180964
287692 512 0 24687119459604
288204 512 0 24687119738245
288716 512 0 24687120016886
289228 512 0 24687120295526
289740 512 0 24687120574167
290252 512 0 24687120852807
290764 512 0 24687121131448
291276 512 0 24687121410089
291788 512 0 24687121688729
292300 512 0 24687121967370
292812 512 0 24687122246011
293324 512 0 24687122524651
293836 512 0 24687122803292
294348 512 0 24687123081933
294860 512 0 24687123360573
295372 512 0 24687123639213
295884 512 0 24687123917854
296396 512 0 24687124196495
296908 512 0 24687124475135
297420 512 0 24687124753776
297932 512 0 24687125032417
298444 512 0 24687125311057
298956 512 0 24687125589698
299468 512 0 24687125868339
299980 512 0 24687126146979
300492 512 0 24687126425620
301004 512 0 24687126704260
301516 512 0 24687126982901
302028 512 0 24687127261542
302540 512 0 24687127540182
303052 512 0 24687127818823
303564 512 0 24687128097464
304076 512 0 24687128376104
304588 512 0 24687128654745
305100 512 0 24687128933386
305612 512 0 24687129212026
306124 512 0 24687129490667
306636 512 0 24687129769307
307148 512 0 24687130047948
307660 512 0 24687130326589
308172 512 0 24687130605229
308684 512 0 24687130883870
309196 512 0 24687131162511
309708 512 0 24687131441151
310220 512 0 24687131719792
310732 512 0 24687131998432
311244 512 0 24687132277073
311756 512 0 24687132555713
312268 512 0 24687132834354
312780 512 0 24687133112995
313292 512 0 24687133391635
313804 512 0 24687133670276
314316 512 0 24687133948917
314828 512 0 24687134227557
315340 512 0 24687134506198
315852 512 0 24687134784839
316364 512 0 24687135063479
316876 512 0 24687135342120
317388 512 0 24687135620760
317900 512 0 24687135899401
318412 512 0 24687136178042
318924 512 0 24687136456682
319436 512 0 24687136735323
319948 512 0 24687137013964
320460 512 0 24687137292604
320972 512 0 24687137571245
321484 512 0 24687137849885
321996 512 0 24687138128526
322508 512 0 24687138407167
323020 512 0 24687138685807
323532 512 0 24687138964448
324044 512 0 24687139243089
324556 512 0 24687139521729
325068 512 0 24687139800370
325580 512 0 24687140079011
326092 512 0 24687140357651
326604 512 0 24687140636292
327116 512 0 24687140914932
327628 512 0 24687141193574
328140 512 0 24687141472215
328652 512 0 24687141750855
329164 512 0 24687142029496
329676 512 0 24687142308136
330188 512 0 24687142586777
330700 512 0 24687142865418
331212 512 0 24687143144058
331724 512 0 24687143422699
332236 512 0 24687143701340
332748 512 0 24687143979980
333260 512 0 24687144258621
333772 512 0 24687144537262
334284 512 0 24687144815902
334796 512 0 24687145094543
335308 512 0 24687145373183
335820 512 0 24687145651824
336332 512 0 24687145930465
336844 512 0 24687146209105
337356 512 0 24687146487746
337868 512 0 24687146766387
338380 512 0 24687147045027
338892 512 0 24687147323668
339404 512 0 24687147602308
339916 512 0 24687147880949
340428 512 0 24687148159590
340940 512 0 24687148438230
341452 512 0 24687148716871
341964 512 0 24687148995512
342476 512 0 24687149274152
342988 512 0 24687149552793
343500 512 0 24687149831434
344012 512 0 24687150110074
344524 512 0 24687150388714
345036 512 0 24687150667355
345548 512 0 24687150945996
346060 512 0 24687151224636
346572 512 0 24687151503277
347084 512 0 24687151781918
347596 512 0 24687152060558
348108 512 0 24687152339199
348620 512 0 24687152617840
349132 512 0 24687152896480
349644 512 0 24687153175121
350156 512 0 24687153453761
350668 512 0 24687153732402
351180 512 0 24687154011043
351692 512 0 24687154289683
352204 512 0 24687154568324
352716 512 0 24687154846965
353228 512 0 24687155125605
353740 512 0 24687155404246
354252 512 0 24687155682887
354764 512 0 24687155961527
2012 512 0 24687162846167
2524 512 0 24687162974167
3036 512 0 24687163102167
3548 512 0 24687163230167
4060 512 0 24687163358167
4572 512 0 24687163486167
5084 512 0 24687163614167
5596 512 0 24687163742167
6108 512 0 24687163870167
6620 512 0 24687163998167
7132 512 0 24687164126167
7644 512 0 24687164254167
8156 512 0 24687164382167
8668 512 0 24687164510167
9180 512 0 24687164638167
9692 512 0 24687164766167
10204 512 0 24687164894167
10716 512 0 24687165022167
11228 512 0 24687165150167
11740 512 0 24687165278167
12252 512 0 24687165406167
12764 512 0 24687165534167
13276 512 0 24687165662167
13788 512 0 24687165790167
14300 512 0 24687165918167
14812 512 0 24687166046167
15324 512 0 24687166174167
15836 512 0 24687166302167
16348 512 0 24687166430167
16860 512 0 24687166558167
17372 512 0 24687166686167
17884 512 0 24687166814167
18396 512 0 24687166942167
18908 512 0 24687167070167
19420 512 0 24687167198167
19932 512 0 24687167326167
20444 512 0 24687167454167
20956 512 0 24687167582167
21468 512 0 24687167710167
21980 512 0 24687167838167
22492 512 0 24687167966167
23004 512 0 24687168094167
23516 512 0 24687168222167
24028 512 0 24687168350167
24540 512 0 24687168478167
25052 512 0 24687168606167
25564 512 0 24687168734167
26076 512 0 24687168862167
26588 512 0 24687168990167
27100 512 0 24687169118167
27612 512 0 24687169246167
28124 512 0 24687169374167
28636 512 0 24687169502167
29148 512 0 24687169630167
29660 512 0 24687169758167
30172 512 0 24687169886167
30684 512 0 24687170014167
31196 512 0 24687170142167
31708 512 0 24687170270167
32220 512 0 24687170398167
32732 512 0 24687170526197
33244 512 0 24687170654197
33756 512 0 24687170782198
34268 512 0 24687170910198
34780 512 0 24687171038198
35292 512 0 24687171166199
35804 512 0 24687171294199
36316 512 0 24687171422200
36828 512 0 24687171550200
37340 512 0 24687171678200
37852 512 0 24687171806201
38364 512 0 24687171934201
38876 512 0 24687172062202
39388 512 0 24687172190202
39900 512 0 24687172318202
40412 512 0 24687172446203
40924 512 0 24687172574203
41436 512 0 24687172702203
41948 512 0 24687172830204
42460 512 0 24687172958204
42972 512 0 24687173086205
43484 512 0 24687173214205
43996 512 0 24687173342205
44508 512 0 24687173470206
45020 512 0 24687173598206
45532 512 0 24687173726207
46044 512 0 24687173854207
46556 512 0 24687173982207
47068 512 0 24687174110208
47580 512 0 24687174238208
48092 512 0 24687174366209
48604 512 0 24687174494209
49116 512 0 24687174622217
49628 512 0 24687174750217
50140 512 0 24687174878218
50652 512 0 24687175006218
51164 512 0 24687175134219
51676 512 0 24687175262219
52188 512 0 24687175390220
52700 512 0 24687175518220
53212 512 0 24687175646221
53724 512 0 24687175774221
54236 512 0 24687175902222
54748 512 0 24687176030222
55260 512 0 24687176158223
55772 512 0 24687176286223
56284 512 0 24687176414224
56796 512 0 24687176542224
57308 512 0 24687176670225
57820 512 0 24687176798225
58332 512 0 24687176926226
58844 512 0 24687177054226
59356 512 0 24687177182227
59868 512 0 24687177310227
60380 512 0 24687177438228
60892 512 0 24687177566228
61404 512 0 24687177694229
61916 512 0 24687177822229
62428 512 0 24687177950230
62940 512 0 24687178078230
63452 512 0 24687178206231
63964 512 0 24687178334231
64476 512 0 24687178462232
64988 512 0 24687178590232
65500 512 0 24687178718236
66012 512 0 24687178846236
66524 512 0 24687178974237
67036 512 0 24687179102238
67548 512 0 24687179230238
68060 512 0 24687179358239
68572 512 0 24687179486239
69084 512 0 24687179614240
69596 512 0 24687179742240
70108 512 0 24687179870241
70620 512 0 24687179998241
71132 512 0 24687180126242
71644 512 0 24687180254242
72156 512 0 24687180382243
72668 512 0 24687180510243
73180 512 0 24687180638244
73692 512 0 24687180766244
74204 512 0 24687180894245
74716 512 0 24687181022245
75228 512 0 24687181150246
75740 512 0 24687181278247
76252 512 0 24687181406247
76764 512 0 24687181534248
77276 512 0 24687181662248
77788 512 0 24687181790249
78300 512 0 24687181918249
78812 512 0 24687182046250
79324 512 0 24687182174250
79836 512 0 24687182302251
80348 512 0 24687182430251
80860 512 0 24687182558252
81372 512 0 24687182686252
81884 512 0 24687182814253
82396 512 0 24687182942253
82908 512 0 24687183070254
83420 512 0 24687183198255
83932 512 0 24687183326255
84444 512 0 24687183454256
84956 512 0 24687183582256
85468 512 0 24687183710257
85980 512 0 24687183838257
86492 512 0 24687183966258
87004 512 0 24687184094258
87516 512 0 24687184222259
88028 512 0 24687184350259
88540 512 0 24687184478260
89052 512 0 24687184606260
89564 512 0 24687184734261
90076 512 0 24687184862261
90588 512 0 24687184990262
91100 512 0 24687185118263
91612 512 0 24687185246263
92124 512 0 24687185374264
92636 512 0 24687185502264
93148 512 0 24687185630265
93660 512 0 24687185758265
94172 512 0 24687185886266
94684 512 0 24687186014266
95196 512 0 24687186142267
95708 512 0 24687186270267
96220 512 0 24687186398268
96732 512 0 24687186526268
97244 512 0 24687186654269
97756 512 0 24687186782269
98268 512 0 24687186910270
98780 512 0 24687187038270
99292 512 0 24687187166271
99804 512 0 24687187294272
100316 512 0 24687187422272
100828 512 0 24687187550273
101340 512 0 24687187678273
101852 512 0 24687187806274
102364 512 0 24687187934274
102876 512 0 24687188062275
103388 512 0 24687188190275
103900 512 0 24687188318276
104412 512 0 24687188446276
104924 512 0 24687188574277
105436 512 0 24687188702277
105948 512 0 24687188830278
106460 512 0 24687188958278
106972 512 0 24687189086279
107484 512 0 24687189214280
107996 512 0 24687189342280
108508 512 0 24687189470281
109020 512 0 24687189598281
109532 512 0 24687189726282
110044 512 0 24687189854282
110556 512 0 24687189982283
111068 512 0 24687190110283
111580 512 0 24687190238284
112092 512 0 24687190366284
112604 512 0 24687190494285
113116 512 0 24687190622285
113628 512 0 24687190750286
114140 512 0 24687190878286
114652 512 0 24687191006288
115164 512 0 24687191134289
115676 512 0 24687191262290
116188 512 0 24687191390290
116700 512 0 24687191518291
117212 512 0 24687191646291
117724 512 0 24687191774292
118236 512 0 24687191902292
118748 512 0 24687192030293
119260 512 0 24687192158293
119772 512 0 24687192286294
120284 512 0 24687192414294
120796 512 0 24687192542295
121308 512 0 24687192670296
121820 512 0 24687192798296
122332 512 0 24687192926297
122844 512 0 24687193054297
123356 512 0 24687193182298
123868 512 0 24687193310298
124380 512 0 24687193438299
124892 512 0 24687193566299
125404 512 0 24687193694300
125916 512 0 24687193822300
126428 512 0 24687193950301
126940 512 0 24687194078302
127452 512 0 24687194206302
127964 512 0 24687194334303
128476 512 0 24687194462303
128988 512 0 24687194590304
129500 512 0 24687194718304
130012 512 0 24687194846305
130524 512 0 24687194974305
131036 512 0 24687195102302
131548 512 0 24687195230302
132060 512 0 24687195358303
132572 512 0 24687195486303
133084 512 0 24687195614304
133596 512 0 24687195742304
134108 512 0 24687195870305
134620 512 0 24687195998305
135132 512 0 24687196126306
135644 512 0 24687196254306
136156 512 0 24687196382307
136668 512 0 24687196510307
137180 512 0 24687196638308
137692 512 0 24687196766308
138204 512 0 24687196894309
138716 512 0 24687197022309
139228 512 0 24687197150310
139740 512 0 24687197278310
140252 512 0 24687197406311
140764 512 0 24687197534311
141276 512 0 24687197662312
141788 512 0 24687197790312
142300 512 0 24687197918313
142812 512 0 24687198046314
143324 512 0 24687198174314
143836 512 0 24687198302315
144348 512 0 24687198430315
144860 512 0 24687198558316
145372 512 0 24687198686316
145884 512 0 24687198814317
146396 512 0 24687198942317
146908 512 0 24687199070318
147420 512 0 24687199198315
147932 512 0 24687199326315
148444 512 0 24687199454316
148956 512 0 24687199582316
149468 512 0 24687199710317
149980 512 0 24687199838317
150492 512 0 24687199966318
151004 512 0 24687200094318
151516 512 0 24687200222319
152028 512 0 24687200350319
152540 512 0 24687200478320
153052 512 0 24687200606320
153564 512 0 24687200734321
154076 512 0 24687200862321
154588 512 0 24687200990322
155100 512 0 24687201118322
155612 512 0 24687201246323
156124 512 0 24687201374323
156636 512 0 24687201502324
157148 512 0 24687201630324
157660 512 0 24687201758325
158172 512 0 24687201886325
158684 512 0 24687202014326
159196 512 0 24687202142326
159708 512 0 24687202270327
160220 512 0 24687202398327
160732 512 0 24687202526328
161244 512 0 24687202654328
161756 512 0 24687202782329
162268 512 0 24687202910329
162780 512 0 24687203038330
163292 512 0 24687203166330
163804 512 0 24687203294327
164316 512 0 24687203422328
164828 512 0 24687203550328
165340 512 0 24687203678329
165852 512 0 24687203806329
166364 512 0 24687203934330
166876 512 0 24687204062330
167388 512 0 24687204190331
167900 512 0 24687204318331
168412 512 0 24687204446331
168924 512 0 24687204574332
169436 512 0 24687204702332
169948 512 0 24687204830333
170460 512 0 24687204958333
170972 512 0 24687205086334
171484 512 0 24687205214334
171996 512 0 24687205342335
172508 512 0 24687205470335
173020 512 0 24687205598336
173532 512 0 24687205726336
174044 512 0 24687205854337
174556 512 0 24687205982337
175068 512 0 24687206110338
175580 512 0 24687206238338
176092 512 0 24687206366339
176604 512 0 24687206494339
177116 512 0 24687206622340
177628 512 0 24687206750340
178140 512 0 24687206878341
178652 512 0 24687207006341
179164 512 0 24687207134341
179676 512 0 24687207262342
180188 512 0 24687207390343
180700 512 0 24687207518344
181212 512 0 24687207646344
181724 512 0 24687207774345
182236 512 0 24687207902345
182748 512 0 24687208030346
183260 512 0 24687208158346
183772 512 0 24687208286347
184284 512 0 24687208414347
184796 512 0 24687208542348
185308 512 0 24687208670348
185820 512 0 24687208798349
186332 512 0 24687208926349
186844 512 0 24687209054350
187356 512 0 24687209182350
187868 512 0 24687209310351
188380 512 0 24687209438351
188892 512 0 24687209566352
189404 512 0 24687209694352
189916 512 0 24687209822353
190428 512 0 24687209950353
190940 512 0 24687210078354
191452 512 0 24687210206354
191964 512 0 24687210334354
192476 512 0 24687210462355
192988 512 0 24687210590355
193500 512 0 24687210718356
194012 512 0 24687210846356
194524 512 0 24687210974357
195036 512 0 24687211102357
195548 512 0 24687211230358
196060 512 0 24687211358358
196572 512 0 24687211486361
197084 512 0 24687211614361
197596 512 0 24687211742362
198108 512 0 24687211870362
198620 512 0 24687211998363
199132 512 0 24687212126363
199644 512 0 24687212254364
200156 512 0 24687212382364
200668 512 0 24687212510365
201180 512 0 24687212638365
201692 512 0 24687212766366
202204 512 0 24687212894366
202716 512 0 24687213022367
203228 512 0 24687213150367
203740 512 0 24687213278368
204252 512 0 24687213406368
204764 512 0 24687213534369
205276 512 0 24687213662369
205788 512 0 24687213790370
206300 512 0 24687213918370
206812 512 0 24687214046371
207324 512 0 24687214174371
207836 512 0 24687214302372
208348 512 0 24687214430372
208860 512 0 24687214558373
209372 512 0 24687214686373
209884 512 0 24687214814374
210396 512 0 24687214942374
210908 512 0 24687215070375
211420 512 0 24687215198375
211932 512 0 24687215326376
212444 512 0 24687215454376
212956 512 0 24687215582378
213468 512 0 24687215710379
213980 512 0 24687215838379
214492 512 0 24687215966380
215004 512 0 24687216094380
215516 512 0 24687216222381
216028 512 0 24687216350381
216540 512 0 24687216478382
217052 512 0 24687216606382
217564 512 0 24687216734383
218076 512 0 24687216862383
218588 512 0 24687216990384
219100 512 0 24687217118384
219612 512 0 24687217246385
220124 512 0 24687217374385
220636 512 0 24687217502386
221148 512 0 24687217630386
221660 512 0 24687217758387
222172 512 0 24687217886387
222684 512 0 24687218014388
223196 512 0 24687218142388
223708 512 0 24687218270389
224220 512 0 24687218398389
224732 512 0 24687218526390
225244 512 0 24687218654390
225756 512 0 24687218782391
226268 512 0 24687218910391
226780 512 0 24687219038392
227292 512 0 24687219166392
227804 512 0 24687219294393
228316 512 0 24687219422393
228828 512 0 24687219550394
229340 512 0 24687219678395
229852 512 0 24687219806396
230364 512 0 24687219934396
230876 512 0 24687220062397
231388 512 0 24687220190397
231900 512 0 24687220318398
232412 512 0 24687220446398
232924 512 0 24687220574399
233436 512 0 24687220702399
233948 512 0 24687220830400
234460 512 0 24687220958400
234972 512 0 24687221086401
235484 512 0 24687221214401
235996 512 0 24687221342402
236508 512 0 24687221470402
237020 512 0 24687221598403
237532 512 0 24687221726403
238044 512 0 24687221854404
238556 512 0 24687221982404
239068 512 0 24687222110405
239580 512 0 24687222238406
240092 512 0 24687222366406
240604 512 0 24687222494407
241116 512 0 24687222622407
241628 512 0 24687222750408
242140 512 0 24687222878408
242652 512 0 24687223006409
243164 512 0 24687223134409
243676 512 0 24687223262410
244188 512 0 24687223390410
244700 512 0 24687223518411
245212 512 0 24687223646411
245724 512 0 24687223774412
246236 512 0 24687223902413
246748 512 0 24687224030413
247260 512 0 24687224158414
247772 512 0 24687224286415
248284 512 0 24687224414415
248796 512 0 24687224542416
249308 512 0 24687224670416
249820 512 0 24687224798417
250332 512 0 24687224926417
250844 512 0 24687225054418
251356 512 0 24687225182418
251868 512 0 24687225310419
252380 512 0 24687225438419
252892 512 0 24687225566420
253404 512 0 24687225694420
253916 512 0 24687225822421
254428 512 0 24687225950421
254940 512 0 24687226078422
255452 512 0 24687226206422
255964 512 0 24687226334423
256476 512 0 24687226462423
256988 512 0 24687226590424
257500 512 0 24687226718424
258012 512 0 24687226846425
258524 512 0 24687226974425
259036 512 0 24687227102426
259548 512 0 24687227230426
260060 512 0 24687227358427
260572 512 0 24687227486427
261084 512 0 24687227614428
261596 512 0 24687227742428
262108 512 0 24687227870430
262620 512 0 24687227998430
263132 512 0 24687228126431
263644 512 0 24687228254431
264156 512 0 24687228382432
264668 512 0 24687228510432
265180 512 0 24687228638433
265692 512 0 24687228766433
266204 512 0 24687228894434
266716 512 0 24687229022434
267228 512 0 24687229150435
267740 512 0 24687229278435
268252 512 0 24687229406436
268764 512 0 24687229534436
269276 512 0 24687229662437
269788 512 0 24687229790437
270300 512 0 24687229918438
270812 512 0 24687230046438
271324 512 0 24687230174439
271836 512 0 24687230302439
272348 512 0 24687230430440
272860 512 0 24687230558440
273372 512 0 24687230686441
273884 512 0 24687230814441
274396 512 0 24687230942442
274908 512 0 24687231070442
275420 512 0 24687231198443
275932 512 0 24687231326443
276444 512 0 24687231454444
276956 512 0 24687231582445
277468 512 0 24687231710445
277980 512 0 24687231838446
278492 512 0 24687231966448
279004 512 0 24687232094448
279516 512 0 24687232222449
280028 512 0 24687232350449
280540 512 0 24687232478450
281052 512 0 24687232606450
281564 512 0 24687232734451
282076 512 0 24687232862451
282588 512 0 24687232990452
283100 512 0 24687233118452
283612 512 0 24687233246453
284124 512 0 24687233374453
284636 512 0 24687233502454
285148 512 0 24687233630454
285660 512 0 24687233758455
286172 512 0 24687233886455
286684 512 0 24687234014456
287196 512 0 24687234142457
287708 512 0 24687234270457
288220 512 0 24687234398458
288732 512 0 24687234526458
289244 512 0 24687234654459
289756 512 0 24687234782459
290268 512 0 24687234910460
290780 512 0 24687235038460
291292 512 0 24687235166461
291804 512 0 24687235294461
292316 512 0 24687235422462
292828 512 0 24687235550462
293340 512 0 24687235678463
293852 512 0 24687235806463
294364 512 0 24687235934464
294876 512 0 24687236062465
295388 512 0 24687236190465
295900 512 0 24687236318466
296412 512 0 24687236446466
296924 512 0 24687236574467
297436 512 0 24687236702467
297948 512 0 24687236830468
298460 512 0 24687236958468
298972 512 0 24687237086469
299484 512 0 24687237214469
299996 512 0 24687237342470
300508 512 0 24687237470470
301020 512 0 24687237598471
301532 512 0 24687237726471
302044 512 0 24687237854472
302556 512 0 24687237982473
303068 512 0 24687238110473
303580 512 0 24687238238474
304092 512 0 24687238366474
304604 512 0 24687238494475
305116 512 0 24687238622475
305628 512 0 24687238750476
306140 512 0 24687238878476
306652 512 0 24687239006477
307164 512 0 24687239134477
307676 512 0 24687239262478
308188 512 0 24687239390478
308700 512 0 24687239518479
309212 512 0 24687239646479
309724 512 0 24687239774480
310236 512 0 24687239902480
310748 512 0 24687240030481
311260 512 0 24687240158482
311772 512 0 24687240286482
312284 512 0 24687240414483
312796 512 0 24687240542483
313308 512 0 24687240670484
313820 512 0 24687240798484
314332 512 0 24687240926485
314844 512 0 24687241054485
315356 512 0 24687241182486
315868 512 0 24687241310486
316380 512 0 24687241438487
316892 512 0 24687241566487
317404 512 0 24687241694488
317916 512 0 24687241822489
318428 512 0 24687241950489
318940 512 0 24687242078490
319452 512 0 24687242206490
319964 512 0 24687242334491
320476 512 0 24687242462491
320988 512 0 24687242590492
321500 512 0 24687242718492
322012 512 0 24687242846493
322524 512 0 24687242974493
323036 512 0 24687243102494
323548 512 0 24687243230494
324060 512 0 24687243358495
324572 512 0 24687243486495
325084 512 0 24687243614496
325596 512 0 24687243742496
326108 512 0 24687243870497
326620 512 0 24687243998497
327132 512 0 24687244126498
327644 512 0 24687244254499
328156 512 0 24687244382499
328668 512 0 24687244510500
329180 512 0 24687244638500
329692 512 0 24687244766501
330204 512 0 24687244894501
330716 512 0 24687245022502
331228 512 0 24687245150502
331740 512 0 24687245278503
332252 512 0 24687245406503
332764 512 0 24687245534504
333276 512 0 24687245662505
333788 512 0 24687245790505
334300 512 0 24687245918506
334812 512 0 24687246046506
335324 512 0 24687246174507
335836 512 0 24687246302507
336348 512 0 24687246430508
336860 512 0 24687246558508
337372 512 0 24687246686509
337884 512 0 24687246814509
338396 512 0 24687246942510
338908 512 0 24687247070510
339420 512 0 24687247198511
339932 512 0 24687247326511
340444 512 0 24687247454512
340956 512 0 24687247582512
341468 512 0 24687247710513
341980 512 0 24687247838513
342492 512 0 24687247966514
343004 512 0 24687248094514
343516 512 0 24687248222515
344028 512 0 24687248350516
344540 512 0 24687248478516
345052 512 0 24687248606517
345564 512 0 24687248734517
346076 512 0 24687248862518
346588 512 0 24687248990518
347100 512 0 24687249118519
347612 512 0 24687249246519
348124 512 0 24687249374520
348636 512 0 24687249502520
349148 512 0 24687249630521
349660 512 0 24687249758522
350172 512 0 24687249886522
350684 512 0 24687250014523
351196 512 0 24687250142523
351708 512 0 24687250270524
352220 512 0 24687250398524
352732 512 0 24687250526525
353244 512 0 24687250654525
353756 512 0 24687250782526
354268 512 0 24687250910526
354780 512 0 24687251038527
355292 512 0 24687251166527
355804 512 0 24687251294528
356316 512 0 24687251422528
356828 512 0 24687251550529
357340 512 0 24687251678529
357852 512 0 24687251806530
358364 512 0 24687251934530
358876 512 0 24687252062531
359388 512 0 24687252190532
359900 512 0 24687252318532
360412 512 0 24687252446533
360924 512 0 24687252574533
361436 512 0 24687252702534
361948 512 0 24687252830534
362460 512 0 24687252958535
362972 512 0 24687253086535
363484 512 0 24687253214536
363996 512 0 24687253342536
364508 512 0 24687253470537
365020 512 0 24687253598538
365532 512 0 24687253726538
366044 512 0 24687253854539
366556 512 0 24687253982539
367068 512 0 24687254110540
367580 512 0 24687254238540
368092 512 0 24687254366541
368604 512 0 24687254494541
369116 512 0 24687254622542
369628 512 0 24687254750542
370140 512 0 24687254878543
370652 512 0 24687255006543
371164 512 0 24687255134544
371676 512 0 24687255262544
372188 512 0 24687255390545
372700 512 0 24687255518545
373212 512 0 24687255646546
373724 512 0 24687255774546
374236 512 0 24687255902547
374748 512 0 24687256030548
375260 512 0 24687256158548
375772 512 0 24687256286549
376284 512 0 24687256414549
376796 512 0 24687256542550
377308 512 0 24687256670550
377820 512 0 24687256798551
378332 512 0 24687256926551
378844 512 0 24687257054552
379356 512 0 24687257182552
379868 512 0 24687257310553
380380 512 0 24687257438553
380892 512 0 24687257566554
381404 512 0 24687257694555
381916 512 0 24687257822555
382428 512 0 24687257950556
382940 512 0 24687258078556
383452 512 0 24687258206557
383964 512 0 24687258334557
384476 512 0 24687258462558
384988 512 0 24687258590558
385500 512 0 24687258718559
386012 512 0 24687258846559
386524 512 0 24687258974560
387036 512 0 24687259102560
387548 512 0 24687259230561
388060 512 0 24687259358561
388572 512 0 24687259486562
389084 512 0 24687259614562
389596 512 0 24687259742563
390108 512 0 24687259870563
390620 512 0 24687259998564
391132 512 0 24687260126565
391644 512 0 24687260254565
392156 512 0 24687260382566
392668 512 0 24687260510566
393180 512 0 24687260638568
393692 512 0 24687260766568
394204 512 0 24687260894569
394716 512 0 24687261022570
395228 512 0 24687261150570
395740 512 0 24687261278571
396252 512 0 24687261406571
396764 512 0 24687261534572
397276 512 0 24687261662572
397788 512 0 24687261790573
398300 512 0 24687261918573
398812 512 0 24687262046574
399324 512 0 24687262174574
399836 512 0 24687262302575
400348 512 0 24687262430575
400860 512 0 24687262558576
401372 512 0 24687262686576
401884 512 0 24687262814577
402396 512 0 24687262942577
402908 512 0 24687263070578
403420 512 0 24687263198579
403932 512 0 24687263326579
404444 512 0 24687263454580
404956 512 0 24687263582580
405468 512 0 24687263710581
405980 512 0 24687263838581
406492 512 0 24687263966582
407004 512 0 24687264094582
407516 512 0 24687264222583
408028 512 0 24687264350583
408540 512 0 24687264478584
409052 512 0 24687264606584
409564 512 0 24687264734585
410076 512 0 24687264862585
410588 512 0 24687264990586
411100 512 0 24687265118587
411612 512 0 24687265246587
412124 512 0 24687265374588
412636 512 0 24687265502588
413148 512 0 24687265630589
413660 512 0 24687265758589
414172 512 0 24687265886590
414684 512 0 24687266014590
415196 512 0 24687266142591
415708 512 0 24687266270591
416220 512 0 24687266398592
416732 512 0 24687266526592
417244 512 0 24687266654593
417756 512 0 24687266782593
418268 512 0 24687266910594
418780 512 0 24687267038594
419292 512 0 24687267166595
419804 512 0 24687267294596
420316 512 0 24687267422596
420828 512 0 24687267550597
421340 512 0 24687267678597
421852 512 0 24687267806598
422364 512 0 24687267934598
422876 512 0 24687268062599
423388 512 0 24687268190599
423900 512 0 24687268318600
424412 512 0 24687268446600
424924 512 0 24687268574601
425436 512 0 24687268702601
425948 512 0 24687268830602
426460 512 0 24687268958602
426972 512 0 24687269086603
427484 512 0 24687269214604
427996 512 0 24687269342604
428508 512 0 24687269470605
429020 512 0 24687269598605
429532 512 0 24687269726606
430044 512 0 24687269854606
430556 512 0 24687269982607
431068 512 0 24687270110607
431580 512 0 24687270238608
432092 512 0 24687270366608
432604 512 0 24687270494609
433116 512 0 24687270622609
433628 512 0 24687270750610
434140 512 0 24687270878610
434652 512 0 24687271006611
435164 512 0 24687271134611
435676 512 0 24687271262612
436188 512 0 24687271390613
436700 512 0 24687271518613
437212 512 0 24687271646614
437724 512 0 24687271774614
438236 512 0 24687271902615
438748 512 0 24687272030615
439260 512 0 24687272158616
439772 512 0 24687272286616
440284 512 0 24687272414617
440796 512 0 24687272542617
441308 512 0 24687272670618
441820 512 0 24687272798618
442332 512 0 24687272926619
442844 512 0 24687273054619
443356 512 0 24687273182620
443868 512 0 24687273310621
444380 512 0 24687273438621
444892 512 0 24687273566622
445404 512 0 24687273694622
445916 512 0 24687273822623
446428 512 0 24687273950623
446940 512 0 24687274078624
447452 512 0 24687274206624
447964 512 0 24687274334625
448476 512 0 24687274462625
448988 512 0 24687274590626
449500 512 0 24687274718626
450012 512 0 24687274846627
450524 512 0 24687274974627
451036 512 0 24687275102628
451548 512 0 24687275230628
452060 512 0 24687275358629
452572 512 0 24687275486630
453084 512 0 24687275614630
453596 512 0 24687275742631
454108 512 0 24687275870631
454620 512 0 24687275998632
455132 512 0 24687276126632
455644 512 0 24687276254633
456156 512 0 24687276382633
456668 512 0 24687276510634
457180 512 0 24687276638634
457692 512 0 24687276766635
458204 512 0 24687276894635
458716 512 0 24687277022636
459228 512 0 24687277150636
459740 512 0 24687277278637
460252 512 0 24687277406638
460764 512 0 24687277534638
461276 512 0 24687277662639
461788 512 0 24687277790639
462300 512 0 24687277918640
462812 512 0 24687278046640
463324 512 0 24687278174641
463836 512 0 24687278302641
464348 512 0 24687278430642
464860 512 0 24687278558642
465372 512 0 24687278686643
465884 512 0 24687278814643
466396 512 0 24687278942644
466908 512 0 24687279070644
467420 512 0 24687279198645
467932 512 0 24687279326645
468444 512 0 24687279454646
468956 512 0 24687279582647
469468 512 0 24687279710647
469980 512 0 24687279838648
470492 512 0 24687279966648
471004 512 0 24687280094649
471516 512 0 24687280222649
472028 512 0 24687280350650
472540 512 0 24687280478650
473052 512 0 24687280606651
473564 512 0 24687280734651
474076 512 0 24687280862652
474588 512 0 24687280990652
475100 512 0 24687281118653
475612 512 0 24687281246653
476124 512 0 24687281374654
476636 512 0 24687281502655
477148 512 0 24687281630655
477660 512 0 24687281758656
478172 512 0 24687281886656
478684 512 0 24687282014657
479196 512 0 24687282142657
479708 512 0 24687282270658
480220 512 0 24687282398658
480732 512 0 24687282526659
481244 512 0 24687282654659
481756 512 0 24687282782660
482268 512 0 24687282910660
482780 512 0 24687283038661
483292 512 0 24687283166661
483804 512 0 24687283294662
484316 512 0 24687283422662
484828 512 0 24687283550663
485340 512 0 24687283678664
485852 512 0 24687283806664
486364 512 0 24687283934665
486876 512 0 24687284062665
487388 512 0 24687284190666
487900 512 0 24687284318666
488412 512 0 24687284446667
488924 512 0 24687284574667
489436 512 0 24687284702668
489948 512 0 24687284830668
490460 512 0 24687284958669
490972 512 0 24687285086669
491484 512 0 24687285214671
491996 512 0 24687285342672
492508 512 0 24687285470672
493020 512 0 24687285598673
493532 512 0 24687285726673
494044 512 0 24687285854674
494556 512 0 24687285982674
495068 512 0 24687286110675
495580 512 0 24687286238675
496092 512 0 24687286366676
496604 512 0 24687286494676
497116 512 0 24687286622677
497628 512 0 24687286750677
498140 512 0 24687286878678
498652 512 0 24687287006679
499164 512 0 24687287134679
499676 512 0 24687287262680
500188 512 0 24687287390680
500700 512 0 24687287518681
501212 512 0 24687287646681
501724 512 0 24687287774682
502236 512 0 24687287902682
502748 512 0 24687288030683
503260 512 0 24687288158683
503772 512 0 24687288286684
504284 512 0 24687288414684
504796 512 0 24687288542685
505308 512 0 24687288670685
505820 512 0 24687288798686
506332 512 0 24687288926687
506844 512 0 24687289054687
507356 512 0 24687289182688
507868 512 0 24687289310688
508380 512 0 24687289438689
508892 512 0 24687289566689
509404 512 0 24687289694690
509916 512 0 24687289822690
510428 512 0 24687289950691
510940 512 0 24687290078691
511452 512 0 24687290206692
511964 512 0 24687290334692
512476 512 0 24687290462693
512988 512 0 24687290590693
513500 512 0 24687290718694
514012 512 0 24687290846694
514524 512 0 24687290974695
515036 512 0 24687291102695
515548 512 0 24687291230696
516060 512 0 24687291358697
516572 512 0 24687291486697
517084 512 0 24687291614698
517596 512 0 24687291742698
518108 512 0 24687291870699
518620 512 0 24687291998699
519132 512 0 24687292126700
519644 512 0 24687292254700
520156 512 0 24687292382701
520668 512 0 24687292510701
521180 512 0 24687292638702
521692 512 0 24687292766702
522204 512 0 24687292894703
522716 512 0 24687293022703
523228 512 0 24687293150704
523740 512 0 24687293278705
524252 512 0 24687293406705
524764 512 0 24687293534706
525276 512 0 24687293662706
525788 512 0 24687293790707
526300 512 0 24687293918707
526812 512 0 24687294046708
527324 512 0 24687294174708
527836 512 0 24687294302709
528348 512 0 24687294430709
528860 512 0 24687294558710
529372 512 0 24687294686710
529884 512 0 24687294814711
530396 512 0 24687294942711
530908 512 0 24687295070712
531420 512 0 24687295198712
531932 512 0 24687295326713
532444 512 0 24687295454714
532956 512 0 24687295582714
533468 512 0 24687295710715
533980 512 0 24687295838715
534492 512 0 24687295966716
535004 512 0 24687296094716
535516 512 0 24687296222717
536028 512 0 24687296350717
536540 512 0 24687296478718
537052 512 0 24687296606718
537564 512 0 24687296734719
538076 512 0 24687296862719
538588 512 0 24687296990720
539100 512 0 24687297118720
539612 512 0 24687297246721
540124 512 0 24687297374722
540636 512 0 24687297502722
541148 512 0 24687297630723
541660 512 0 24687297758723
542172 512 0 24687297886724
542684 512 0 24687298014724
543196 512 0 24687298142725
543708 512 0 24687298270725
544220 512 0 24687298398726
544732 512 0 24687298526726
545244 512 0 24687298654727
545756 512 0 24687298782727
546268 512 0 24687298910728
546780 512 0 24687299038728
547292 512 0 24687299166729
547804 512 0 24687299294729
548316 512 0 24687299422730
548828 512 0 24687299550731
549340 512 0 24687299678731
549852 512 0 24687299806732
550364 512 0 24687299934732
550876 512 0 24687300062733
551388 512 0 24687300190733
551900 512 0 24687300318734
552412 512 0 24687300446734
552924 512 0 24687300574735
553436 512 0 24687300702735
553948 512 0 24687300830736
554460 512 0 24687300958736
554972 512 0 24687301086737
555484 512 0 24687301214737
555996 512 0 24687301342738
556508 512 0 24687301470739
557020 512 0 24687301598739
557532 512 0 24687301726740
558044 512 0 24687301854740
558556 512 0 24687301982741
559068 512 0 24687302110741
559580 512 0 24687302238742
560092 512 0 24687302366742
560604 512 0 24687302494743
561116 512 0 24687302622743
561628 512 0 24687302750744
562140 512 0 24687302878744
562652 512 0 24687303006745
563164 512 0 24687303134745
563676 512 0 24687303262746
564188 512 0 24687303390746
564700 512 0 24687303518747
565212 512 0 24687303646748
565724 512 0 24687303774748
566236 512 0 24687303902749
566748 512 0 24687304030749
567260 512 0 24687304158750
567772 512 0 24687304286750
568284 512 0 24687304414751
568796 512 0 24687304542751
569308 512 0 24687304670752
569820 512 0 24687304798752
570332 512 0 24687304926753
570844 512 0 24687305054753
571356 512 0 24687305182754
571868 512 0 24687305310754
572380 512 0 24687305438755
572892 512 0 24687305566756
573404 512 0 24687305694756
573916 512 0 24687305822757
574428 512 0 24687305950757
574940 512 0 24687306078758
575452 512 0 24687306206758
575964 512 0 24687306334759
576476 512 0 24687306462759
576988 512 0 24687306590760
577500 512 0 24687306718760
578012 512 0 24687306846761
578524 512 0 24687306974761
579036 512 0 24687307102762
579548 512 0 24687307230762
580060 512 0 24687307358763
580572 512 0 24687307486763
581084 512 0 24687307614764
581596 512 0 24687307742765
582108 512 0 24687307870765
582620 512 0 24687307998766
583132 512 0 24687308126766
583644 512 0 24687308254767
584156 512 0 24687308382767
584668 512 0 24687308510768
585180 512 0 24687308638768
585692 512 0 24687308766769
586204 512 0 24687308894769
586716 512 0 24687309022770
587228 512 0 24687309150770
587740 512 0 24687309278771
588252 512 0 24687309406771
588764 512 0 24687309534772
589276 512 0 24687309662773
589788 512 0 24687309790774
590300 512 0 24687309918775
590812 512 0 24687310046775
591324 512 0 24687310174776
591836 512 0 24687310302776
592348 512 0 24687310430777
592860 512 0 24687310558777
593372 512 0 24687310686778
593884 512 0 24687310814778
594396 512 0 24687310942779
594908 512 0 24687311070779
595420 512 0 24687311198780
595932 512 0 24687311326781
596444 512 0 24687311454781
596956 512 0 24687311582782
597468 512 0 24687311710782
597980 512 0 24687311838783
598492 512 0 24687311966783
599004 512 0 24687312094784
599516 512 0 24687312222784
600028 512 0 24687312350785
600540 512 0 24687312478785
601052 512 0 24687312606786
601564 512 0 24687312734786
602076 512 0 24687312862787
602588 512 0 24687312990787
603100 512 0 24687313118788
603612 512 0 24687313246789
604124 512 0 24687313374789
604636 512 0 24687313502790
605148 512 0 24687313630790
605660 512 0 24687313758791
606172 512 0 24687313886791
606684 512 0 24687314014792
607196 512 0 24687314142792
607708 512 0 24687314270793
608220 512 0 24687314398793
608732 512 0 24687314526794
609244 512 0 24687314654794
609756 512 0 24687314782795
610268 512 0 24687314910795
610780 512 0 24687315038796
611292 512 0 24687315166796
611804 512 0 24687315294797
612316 512 0 24687315422798
612828 512 0 24687315550798
613340 512 0 24687315678799
613852 512 0 24687315806799
614364 512 0 24687315934800
614876 512 0 24687316062800
615388 512 0 24687316190801
615900 512 0 24687316318801
616412 512 0 24687316446802
616924 512 0 24687316574802
617436 512 0 24687316702803
617948 512 0 24687316830803
618460 512 0 24687316958804
618972 512 0 24687317086804
619484 512 0 24687317214805
619996 512 0 24687317342806
620508 512 0 24687317470806
621020 512 0 24687317598807
621532 512 0 24687317726807
622044 512 0 24687317854808
622556 512 0 24687317982808
623068 512 0 24687318110809
623580 512 0 24687318238809
624092 512 0 24687318366810
624604 512 0 24687318494810
625116 512 0 24687318622811
625628 512 0 24687318750811
626140 512 0 24687318878812
626652 512 0 24687319006812
627164 512 0 24687319134813
627676 512 0 24687319262813
628188 512 0 24687319390814
628700 512 0 24687319518814
629212 512 0 24687319646815
629724 512 0 24687319774816
630236 512 0 24687319902816
630748 512 0 24687320030817
631260 512 0 24687320158817
631772 512 0 24687320286818
632284 512 0 24687320414818
632796 512 0 24687320542819
633308 512 0 24687320670819
633820 512 0 24687320798820
634332 512 0 24687320926820
634844 512 0 24687321054821
635356 512 0 24687321182821
635868 512 0 24687321310822
636380 512 0 24687321438823
636892 512 0 24687321566823
637404 512 0 24687321694824
637916 512 0 24687321822824
638428 512 0 24687321950825
638940 512 0 24687322078825
639452 512 0 24687322206826
639964 512 0 24687322334826
640476 512 0 24687322462827
640988 512 0 24687322590827
641500 512 0 24687322718828
642012 512 0 24687322846828
642524 512 0 24687322974829
643036 512 0 24687323102829
643548 512 0 24687323230830
644060 512 0 24687323358830
644572 512 0 24687323486831
645084 512 0 24687323614831
645596 512 0 24687323742832
646108 512 0 24687323870833
646620 512 0 24687323998833
647132 512 0 24687324126834
647644 512 0 24687324254834
648156 512 0 24687324382835
648668 512 0 24687324510835
649180 512 0 24687324638836
649692 512 0 24687324766836
650204 512 0 24687324894837
650716 512 0 24687325022837
651228 512 0 24687325150838
651740 512 0 24687325278838
652252 512 0 24687325406839
652764 512 0 24687325534839
653276 512 0 24687325662840
653788 512 0 24687325790841
654300 512 0 24687325918841
654812 512 0 24687326046842
655324 512 0 24687326174842
655836 512 0 24687326302843
656348 512 0 24687326430843
656860 512 0 24687326558844
657372 512 0 24687326686844
657884 512 0 24687326814845
658396 512 0 24687326942845
658908 512 0 24687327070846
659420 512 0 24687327198846
659932 512 0 24687327326847
660444 512 0 24687327454847
660956 512 0 24687327582848
661468 512 0 24687327710848
661980 512 0 24687327838849
662492 512 0 24687327966850
663004 512 0 24687328094850
663516 512 0 24687328222851
664028 512 0 24687328350851
664540 512 0 24687328478852
665052 512 0 24687328606852
665564 512 0 24687328734853
666076 512 0 24687328862853
666588 512 0 24687328990854
667100 512 0 24687329118854
667612 512 0 24687329246855
668124 512 0 24687329374855
668636 512 0 24687329502856
669148 512 0 24687329630856
669660 512 0 24687329758857
670172 512 0 24687329886858
670684 512 0 24687330014858
671196 512 0 24687330142859
671708 512 0 24687330270859
672220 512 0 24687330398860
672732 512 0 24687330526860
673244 512 0 24687330654861
673756 512 0 24687330782861
674268 512 0 24687330910862
674780 512 0 24687331038862
675292 512 0 24687331166863
675804 512 0 24687331294863
676316 512 0 24687331422864
676828 512 0 24687331550864
677340 512 0 24687331678865
677852 512 0 24687331806865
678364 512 0 24687331934866
678876 512 0 24687332062867
679388 512 0 24687332190867
679900 512 0 24687332318868
680412 512 0 24687332446868
680924 512 0 24687332574869
681436 512 0 24687332702869
681948 512 0 24687332830870
682460 512 0 24687332958870
682972 512 0 24687333086871
683484 512 0 24687333214871
683996 512 0 24687333342872
684508 512 0 24687333470872
685020 512 0 24687333598873
685532 512 0 24687333726873
686044 512 0 24687333854874
686556 512 0 24687333982875
687068 512 0 24687334110875
687580 512 0 24687334238876
688092 512 0 24687334366876
688604 512 0 24687334494877
689116 512 0 24687334622877
689628 512 0 24687334750878
690140 512 0 24687334878878
690652 512 0 24687335006879
691164 512 0 24687335134879
691676 512 0 24687335262880
692188 512 0 24687335390880
692700 512 0 24687335518881
693212 512 0 24687335646881
693724 512 0 24687335774882
694236 512 0 24687335902882
694748 512 0 24687336030883
695260 512 0 24687336158884
695772 512 0 24687336286884
696284 512 0 24687336414885
696796 512 0 24687336542885
697308 512 0 24687336670886
697820 512 0 24687336798886
698332 512 0 24687336926887
698844 512 0 24687337054887
699356 512 0 24687337182888
699868 512 0 24687337310888
700380 512 0 24687337438889
700892 512 0 24687337566889
701404 512 0 24687337694890
701916 512 0 24687337822890
702428 512 0 24687337950891
702940 512 0 24687338078892
703452 512 0 24687338206892
703964 512 0 24687338334893
704476 512 0 24687338462893
704988 512 0 24687338590894
705500 512 0 24687338718894
706012 512 0 24687338846895
706524 512 0 24687338974895
707036 512 0 24687339102896
707548 512 0 24687339230896
708060 512 0 24687339358897
708572 512 0 24687339486897
709084 512 0 24687339614898
709596 512 0 24687339742898
710108 512 0 24687339870899
710620 512 0 24687339998899
711132 512 0 24687340126900
711644 512 0 24687340254900
712156 512 0 24687340382901
712668 512 0 24687340510902
713180 512 0 24687340638902
713692 512 0 24687340766903
714204 512 0 24687340894903
714716 512 0 24687341022904
715228 512 0 24687341150904
715740 512 0 24687341278905
716252 512 0 24687341406905
716764 512 0 24687341534906
717276 512 0 24687341662906
717788 512 0 24687341790907
718300 512 0 24687341918907
718812 512 0 24687342046908
719324 512 0 24687342174908
719836 512 0 24687342302909
720348 512 0 24687342430910
720860 512 0 24687342558910
721372 512 0 24687342686911
721884 512 0 24687342814911
722396 512 0 24687342942912
722908 512 0 24687343070912
723420 512 0 24687343198913
723932 512 0 24687343326913
724444 512 0 24687343454914
724956 512 0 24687343582914
725468 512 0 24687343710915
725980 512 0 24687343838915
726492 512 0 24687343966916
727004 512 0 24687344094916
727516 512 0 24687344222917
728028 512 0 24687344350917
728540 512 0 24687344478918
729052 512 0 24687344606919
729564 512 0 24687344734919
730076 512 0 24687344862920
730588 512 0 24687344990920
731100 512 0 24687345118921
731612 512 0 24687345246921
732124 512 0 24687345374922
732636 512 0 24687345502922
733148 512 0 24687345630923
733660 512 0 24687345758923
734172 512 0 24687345886924
734684 512 0 24687346014924
735196 512 0 24687346142925
735708 512 0 24687346270925
736220 512 0 24687346398926
736732 512 0 24687346526927
737244 512 0 24687346654927
737756 512 0 24687346782928
738268 512 0 24687346910928
738780 512 0 24687347038929
739292 512 0 24687347166929
739804 512 0 24687347294930
740316 512 0 24687347422930
740828 512 0 24687347550931
741340 512 0 24687347678931
741852 512 0 24687347806932
742364 512 0 24687347934932
742876 512 0 24687348062933
743388 512 0 24687348190933
743900 512 0 24687348318934
744412 512 0 24687348446934
744924 512 0 24687348574935
745436 512 0 24687348702936
745948 512 0 24687348830936
746460 512 0 24687348958937
746972 512 0 24687349086937
747484 512 0 24687349214938
747996 512 0 24687349342938
748508 512 0 24687349470939
749020 512 0 24687349598939
749532 512 0 24687349726940
750044 512 0 24687349854940
750556 512 0 24687349982941
751068 512 0 24687350110941
751580 512 0 24687350238942
752092 512 0 24687350366942
752604 512 0 24687350494943
753116 512 0 24687350622944
753628 512 0 24687350750945
754140 512 0 24687350878946
754652 512 0 24687351006946
755164 512 0 24687351134947
755676 512 0 24687351262947
756188 512 0 24687351390948
756700 512 0 24687351518948
757212 512 0 24687351646949
757724 512 0 24687351774949
758236 512 0 24687351902950
758748 512 0 24687352030950
759260 512 0 24687352158951
759772 512 0 24687352286952
760284 512 0 24687352414952
760796 512 0 24687352542953
761308 512 0 24687352670953
761820 512 0 24687352798954
762332 512 0 24687352926954
762844 512 0 24687353054955
763356 512 0 24687353182955
763868 512 0 24687353310956
764380 512 0 24687353438956
764892 512 0 24687353566957
765404 512 0 24687353694957
765916 512 0 24687353822958
766428 512 0 24687353950959
766940 512 0 24687354078959
767452 512 0 24687354206960
767964 512 0 24687354334960
768476 512 0 24687354462961
768988 512 0 24687354590961
769500 512 0 24687354718962
770012 512 0 24687354846962
770524 512 0 24687354974963
771036 512 0 24687355102963
771548 512 0 24687355230964
772060 512 0 24687355358964
772572 512 0 24687355486965
773084 512 0 24687355614965
773596 512 0 24687355742966
774108 512 0 24687355870966
774620 512 0 24687355998967
775132 512 0 24687356126967
775644 512 0 24687356254968
776156 512 0 24687356382969
776668 512 0 24687356510969
777180 512 0 24687356638970
777692 512 0 24687356766970
778204 512 0 24687356894971
778716 512 0 24687357022971
779228 512 0 24687357150972
779740 512 0 24687357278972
780252 512 0 24687357406973
780764 512 0 24687357534973
781276 512 0 24687357662974
781788 512 0 24687357790974
782300 512 0 24687357918975
782812 512 0 24687358046975
783324 512 0 24687358174976
783836 512 0 24687358302977
784348 512 0 24687358430977
784860 512 0 24687358558978
785372 512 0 24687358686978
785884 512 0 24687358814979
786396 512 0 24687358942979
786908 512 0 24687359070980
787420 512 0 24687359198980
787932 512 0 24687359326981
788444 512 0 24687359454981
788956 512 0 24687359582982
789468 512 0 24687359710982
789980 512 0 24687359838983
790492 512 0 24687359966983
791004 512 0 24687360094984
791516 512 0 24687360222984
792028 512 0 24687360350985
792540 512 0 24687360478986
793052 512 0 24687360606986
793564 512 0 24687360734987
794076 512 0 24687360862987
794588 512 0 24687360990988
795100 512 0 24687361118988
795612 512 0 24687361246989
796124 512 0 24687361374989
796636 512 0 24687361502990
797148 512 0 24687361630990
797660 512 0 24687361758991
798172 512 0 24687361886991
798684 512 0 24687362014992
799196 512 0 24687362142992
799708 512 0 24687362270993
800220 512 0 24687362398994
800732 512 0 24687362526994
801244 512 0 24687362654995
801756 512 0 24687362782995
802268 512 0 24687362910996
802780 512 0 24687363038996
803292 512 0 24687363166997
803804 512 0 24687363294997
804316 512 0 24687363422998
804828 512 0 24687363550998
805340 512 0 24687363678999
