17592 512 0 24685973444404
18104 512 0 24685973572404
18616 512 0 24685973700404
19128 512 0 24685973828404
19640 512 0 24685973956404
20152 512 0 24685974084404
20664 512 0 24685974212404
21176 512 0 24685974340404
21688 512 0 24685974468404
22200 512 0 24685974596404
22712 512 0 24685974724404
23224 512 0 24685974852404
23736 512 0 24685974980404
24248 512 0 24685975108404
24760 512 0 24685975236404
25272 512 0 24685975364404
25784 512 0 24685975492404
26296 512 0 24685975620404
26808 512 0 24685975748404
27320 512 0 24685975876404
27832 512 0 24685976004404
28344 512 0 24685976132404
28856 512 0 24685976260404
29368 512 0 24685976388404
29880 512 0 24685976516404
30392 512 0 24685976644404
30904 512 0 24685976772404
31416 512 0 24685976900404
31928 512 0 24685977028404
32440 512 0 24685977156404
32952 512 0 24685977284404
33464 512 0 24685977412404
33976 512 0 24685977540404
34488 512 0 24685977668404
35000 512 0 24685977796404
35512 512 0 24685977924404
36024 512 0 24685978052404
36536 512 0 24685978180404
37048 512 0 24685978308404
37560 512 0 24685978436404
38072 512 0 24685978564404
38584 512 0 24685978692404
39096 512 0 24685978820404
39608 512 0 24685978948404
40120 512 0 24685979076404
40632 512 0 24685979204404
41144 512 0 24685979332404
41656 512 0 24685979460404
42168 512 0 24685979588404
42680 512 0 24685979716404
43192 512 0 24685979844404
43704 512 0 24685979972404
44216 512 0 24685980100404
44728 512 0 24685980228404
45240 512 0 24685980356404
45752 512 0 24685980484404
46264 512 0 24685980612404
46776 512 0 24685980740404
47288 512 0 24685980868404
47800 512 0 24685980996404
48312 512 0 24685981124404
48824 512 0 24685981252404
49336 512 0 24685981380404
49848 512 0 24685981508424
50360 512 0 24685981636424
50872 512 0 24685981764424
51384 512 0 24685981892424
51896 512 0 24685982020425
52408 512 0 24685982148425
52920 512 0 24685982276425
53432 512 0 24685982404425
53944 512 0 24685982532426
54456 512 0 24685982660426
54968 512 0 24685982788426
55480 512 0 24685982916426
55992 512 0 24685983044427
56504 512 0 24685983172427
57016 512 0 24685983300427
57528 512 0 24685983428427
58040 512 0 24685983556428
58552 512 0 24685983684428
59064 512 0 24685983812428
59576 512 0 24685983940428
60088 512 0 24685984068429
60600 512 0 24685984196429
61112 512 0 24685984324429
61624 512 0 24685984452430
62136 512 0 24685984580430
62648 512 0 24685984708430
63160 512 0 24685984836430
63672 512 0 24685984964431
64184 512 0 24685985092431
64696 512 0 24685985220431
65208 512 0 24685985348431
65720 512 0 24685985476432
66232 512 0 24685985604449
66744 512 0 24685985732450
67256 512 0 24685985860450
67768 512 0 24685985988451
68280 512 0 24685986116451
68792 512 0 24685986244452
69304 512 0 24685986372452
69816 512 0 24685986500453
70328 512 0 24685986628453
70840 512 0 24685986756454
71352 512 0 24685986884454
71864 512 0 24685987012455
72376 512 0 24685987140455
72888 512 0 24685987268456
73400 512 0 24685987396456
73912 512 0 24685987524457
74424 512 0 24685987652457
74936 512 0 24685987780457
75448 512 0 24685987908458
75960 512 0 24685988036458
76472 512 0 24685988164459
76984 512 0 24685988292459
77496 512 0 24685988420460
78008 512 0 24685988548460
78520 512 0 24685988676461
79032 512 0 24685988804461
79544 512 0 24685988932462
80056 512 0 24685989060462
80568 512 0 24685989188463
81080 512 0 24685989316463
81592 512 0 24685989444464
82104 512 0 24685989572464
82616 512 0 24685989700468
83128 512 0 24685989828469
83640 512 0 24685989956470
84152 512 0 24685990084470
84664 512 0 24685990212471
85176 512 0 24685990340471
85688 512 0 24685990468472
86200 512 0 24685990596472
86712 512 0 24685990724473
87224 512 0 24685990852473
87736 512 0 24685990980474
88248 512 0 24685991108474
88760 512 0 24685991236475
89272 512 0 24685991364475
89784 512 0 24685991492476
90296 512 0 24685991620476
90808 512 0 24685991748477
91320 512 0 24685991876477
91832 512 0 24685992004478
92344 512 0 24685992132478
92856 512 0 24685992260479
93368 512 0 24685992388480
93880 512 0 24685992516480
94392 512 0 24685992644481
94904 512 0 24685992772481
95416 512 0 24685992900482
95928 512 0 24685993028482
96440 512 0 24685993156483
96952 512 0 24685993284483
97464 512 0 24685993412484
97976 512 0 24685993540484
98488 512 0 24685993668485
99000 512 0 24685993796486
99512 512 0 24685993924486
100024 512 0 24685994052487
100536 512 0 24685994180487
101048 512 0 24685994308488
101560 512 0 24685994436488
102072 512 0 24685994564489
102584 512 0 24685994692489
103096 512 0 24685994820490
103608 512 0 24685994948490
104120 512 0 24685995076491
104632 512 0 24685995204491
105144 512 0 24685995332492
105656 512 0 24685995460492
106168 512 0 24685995588493
106680 512 0 24685995716494
107192 512 0 24685995844494
107704 512 0 24685995972495
108216 512 0 24685996100495
108728 512 0 24685996228496
109240 512 0 24685996356496
109752 512 0 24685996484497
110264 512 0 24685996612497
110776 512 0 24685996740498
111288 512 0 24685996868498
111800 512 0 24685996996499
112312 512 0 24685997124499
112824 512 0 24685997252500
113336 512 0 24685997380500
113848 512 0 24685997508501
114360 512 0 24685997636501
114872 512 0 24685997764502
115384 512 0 24685997892504
115896 512 0 24685998020505
116408 512 0 24685998148505
116920 512 0 24685998276506
117432 512 0 24685998404506
117944 512 0 24685998532507
118456 512 0 24685998660507
118968 512 0 24685998788508
119480 512 0 24685998916509
119992 512 0 24685999044509
120504 512 0 24685999172510
121016 512 0 24685999300510
121528 512 0 24685999428511
122040 512 0 24685999556511
122552 512 0 24685999684512
123064 512 0 24685999812512
123576 512 0 24685999940513
124088 512 0 24686000068513
124600 512 0 24686000196514
125112 512 0 24686000324515
125624 512 0 24686000452515
126136 512 0 24686000580516
126648 512 0 24686000708516
127160 512 0 24686000836517
127672 512 0 24686000964517
128184 512 0 24686001092518
128696 512 0 24686001220518
129208 512 0 24686001348519
129720 512 0 24686001476519
130232 512 0 24686001604520
130744 512 0 24686001732521
131256 512 0 24686001860521
131768 512 0 24686001988522
132280 512 0 24686002116523
132792 512 0 24686002244524
133304 512 0 24686002372524
133816 512 0 24686002500525
134328 512 0 24686002628525
134840 512 0 24686002756526
135352 512 0 24686002884526
135864 512 0 24686003012527
136376 512 0 24686003140527
136888 512 0 24686003268528
137400 512 0 24686003396529
137912 512 0 24686003524529
138424 512 0 24686003652530
138936 512 0 24686003780530
139448 512 0 24686003908531
139960 512 0 24686004036531
140472 512 0 24686004164532
140984 512 0 24686004292532
141496 512 0 24686004420533
142008 512 0 24686004548534
142520 512 0 24686004676534
143032 512 0 24686004804535
143544 512 0 24686004932535
144056 512 0 24686005060536
144568 512 0 24686005188536
145080 512 0 24686005316537
145592 512 0 24686005444537
146104 512 0 24686005572538
146616 512 0 24686005700539
147128 512 0 24686005828539
147640 512 0 24686005956540
148152 512 0 24686006084542
148664 512 0 24686006212542
149176 512 0 24686006340543
149688 512 0 24686006468543
150200 512 0 24686006596544
150712 512 0 24686006724545
151224 512 0 24686006852545
151736 512 0 24686006980546
152248 512 0 24686007108546
152760 512 0 24686007236547
153272 512 0 24686007364547
153784 512 0 24686007492548
154296 512 0 24686007620549
154808 512 0 24686007748549
155320 512 0 24686007876550
155832 512 0 24686008004550
156344 512 0 24686008132551
156856 512 0 24686008260551
157368 512 0 24686008388552
157880 512 0 24686008516553
158392 512 0 24686008644553
158904 512 0 24686008772554
159416 512 0 24686008900554
159928 512 0 24686009028555
160440 512 0 24686009156555
160952 512 0 24686009284556
161464 512 0 24686009412556
161976 512 0 24686009540557
162488 512 0 24686009668558
163000 512 0 24686009796558
163512 512 0 24686009924559
164024 512 0 24686010052559
164536 512 0 24686010180560
165048 512 0 24686010308560
165560 512 0 24686010436561
166072 512 0 24686010564561
166584 512 0 24686010692562
167096 512 0 24686010820563
167608 512 0 24686010948563
168120 512 0 24686011076564
168632 512 0 24686011204564
169144 512 0 24686011332565
169656 512 0 24686011460565
170168 512 0 24686011588566
170680 512 0 24686011716567
171192 512 0 24686011844567
171704 512 0 24686011972568
172216 512 0 24686012100568
172728 512 0 24686012228569
173240 512 0 24686012356569
173752 512 0 24686012484570
174264 512 0 24686012612571
174776 512 0 24686012740571
175288 512 0 24686012868572
175800 512 0 24686012996572
176312 512 0 24686013124573
176824 512 0 24686013252573
177336 512 0 24686013380574
177848 512 0 24686013508574
178360 512 0 24686013636575
178872 512 0 24686013764576
179384 512 0 24686013892576
179896 512 0 24686014020577
180408 512 0 24686014148577
180920 512 0 24686014276578
181432 512 0 24686014404578
181944 512 0 24686014532579
182456 512 0 24686014660579
182968 512 0 24686014788580
183480 512 0 24686014916581
183992 512 0 24686015044581
184504 512 0 24686015172582
185016 512 0 24686015300582
185528 512 0 24686015428583
186040 512 0 24686015556583
186552 512 0 24686015684584
187064 512 0 24686015812585
187576 512 0 24686015940585
188088 512 0 24686016068586
188600 512 0 24686016196586
189112 512 0 24686016324587
189624 512 0 24686016452587
190136 512 0 24686016580588
190648 512 0 24686016708588
191160 512 0 24686016836589
191672 512 0 24686016964590
192184 512 0 24686017092590
192696 512 0 24686017220591
193208 512 0 24686017348591
193720 512 0 24686017476592
194232 512 0 24686017604592
194744 512 0 24686017732593
195256 512 0 24686017860594
195768 512 0 24686017988594
196280 512 0 24686018116595
196792 512 0 24686018244595
197304 512 0 24686018372596
197816 512 0 24686018500596
198328 512 0 24686018628597
198840 512 0 24686018756597
199352 512 0 24686018884598
199864 512 0 24686019012599
200376 512 0 24686019140599
200888 512 0 24686019268600
201400 512 0 24686019396600
201912 512 0 24686019524601
202424 512 0 24686019652601
202936 512 0 24686019780602
203448 512 0 24686019908603
203960 512 0 24686020036603
204472 512 0 24686020164604
204984 512 0 24686020292604
205496 512 0 24686020420605
206008 512 0 24686020548605
206520 512 0 24686020676606
207032 512 0 24686020804606
207544 512 0 24686020932607
208056 512 0 24686021060608
208568 512 0 24686021188608
209080 512 0 24686021316609
209592 512 0 24686021444609
210104 512 0 24686021572610
210616 512 0 24686021700610
211128 512 0 24686021828611
211640 512 0 24686021956612
212152 512 0 24686022084612
212664 512 0 24686022212613
213176 512 0 24686022340613
213688 512 0 24686022468614
214200 512 0 24686022596614
214712 512 0 24686022724615
215224 512 0 24686022852615
215736 512 0 24686022980616
216248 512 0 24686023108617
216760 512 0 24686023236617
217272 512 0 24686023364618
217784 512 0 24686023492618
218296 512 0 24686023620619
218808 512 0 24686023748619
219320 512 0 24686023876620
219832 512 0 24686024004621
220344 512 0 24686024132621
220856 512 0 24686024260622
221368 512 0 24686024388622
221880 512 0 24686024516623
222392 512 0 24686024644623
222904 512 0 24686024772624
223416 512 0 24686024900624
223928 512 0 24686025028625
224440 512 0 24686025156626
224952 512 0 24686025284626
225464 512 0 24686025412627
225976 512 0 24686025540627
226488 512 0 24686025668628
227000 512 0 24686025796628
227512 512 0 24686025924629
228024 512 0 24686026052630
228536 512 0 24686026180630
229048 512 0 24686026308631
229560 512 0 24686026436631
230072 512 0 24686026564633
230584 512 0 24686026692634
231096 512 0 24686026820634
231608 512 0 24686026948635
232120 512 0 24686027076635
232632 512 0 24686027204636
233144 512 0 24686027332636
233656 512 0 24686027460637
234168 512 0 24686027588638
234680 512 0 24686027716638
235192 512 0 24686027844639
235704 512 0 24686027972639
236216 512 0 24686028100640
236728 512 0 24686028228640
237240 512 0 24686028356641
237752 512 0 24686028484642
238264 512 0 24686028612642
238776 512 0 24686028740643
239288 512 0 24686028868643
239800 512 0 24686028996644
240312 512 0 24686029124644
240824 512 0 24686029252645
241336 512 0 24686029380646
241848 512 0 24686029508646
242360 512 0 24686029636647
242872 512 0 24686029764647
243384 512 0 24686029892648
243896 512 0 24686030020648
244408 512 0 24686030148649
244920 512 0 24686030276650
245432 512 0 24686030404650
245944 512 0 24686030532651
246456 512 0 24686030660651
246968 512 0 24686030788652
247480 512 0 24686030916652
247992 512 0 24686031044653
248504 512 0 24686031172653
249016 512 0 24686031300654
249528 512 0 24686031428654
250040 512 0 24686031556655
250552 512 0 24686031684656
251064 512 0 24686031812656
251576 512 0 24686031940657
252088 512 0 24686032068657
252600 512 0 24686032196658
253112 512 0 24686032324658
253624 512 0 24686032452659
254136 512 0 24686032580659
254648 512 0 24686032708660
255160 512 0 24686032836661
255672 512 0 24686032964661
256184 512 0 24686033092662
256696 512 0 24686033220662
257208 512 0 24686033348663
257720 512 0 24686033476663
258232 512 0 24686033604664
258744 512 0 24686033732665
259256 512 0 24686033860665
259768 512 0 24686033988666
260280 512 0 24686034116666
260792 512 0 24686034244667
261304 512 0 24686034372667
261816 512 0 24686034500668
262328 512 0 24686034628669
262840 512 0 24686034756669
263352 512 0 24686034884669
263864 512 0 24686035012670
264376 512 0 24686035140671
264888 512 0 24686035268671
265400 512 0 24686035396672
265912 512 0 24686035524672
266424 512 0 24686035652673
266936 512 0 24686035780673
267448 512 0 24686035908674
267960 512 0 24686036036675
268472 512 0 24686036164675
268984 512 0 24686036292676
269496 512 0 24686036420676
270008 512 0 24686036548677
270520 512 0 24686036676677
271032 512 0 24686036804678
271544 512 0 24686036932679
272056 512 0 24686037060679
272568 512 0 24686037188680
273080 512 0 24686037316680
273592 512 0 24686037444681
274104 512 0 24686037572681
274616 512 0 24686037700682
275128 512 0 24686037828683
275640 512 0 24686037956683
276152 512 0 24686038084684
276664 512 0 24686038212684
277176 512 0 24686038340685
277688 512 0 24686038468685
278200 512 0 24686038596686
278712 512 0 24686038724686
279224 512 0 24686038852687
279736 512 0 24686038980687
280248 512 0 24686039108688
280760 512 0 24686039236689
281272 512 0 24686039364689
281784 512 0 24686039492690
282296 512 0 24686039620690
282808 512 0 24686039748691
283320 512 0 24686039876691
283832 512 0 24686040004692
284344 512 0 24686040132693
284856 512 0 24686040260693
285368 512 0 24686040388694
285880 512 0 24686040516694
286392 512 0 24686040644695
286904 512 0 24686040772695
287416 512 0 24686040900696
287928 512 0 24686041028697
288440 512 0 24686041156697
288952 512 0 24686041284698
289464 512 0 24686041412698
289976 512 0 24686041540699
290488 512 0 24686041668699
291000 512 0 24686041796700
291512 512 0 24686041924701
292024 512 0 24686042052701
292536 512 0 24686042180702
293048 512 0 24686042308702
293560 512 0 24686042436703
294072 512 0 24686042564703
294584 512 0 24686042692704
295096 512 0 24686042820704
295608 512 0 24686042948705
296120 512 0 24686043076705
296632 512 0 24686043204706
297144 512 0 24686043332707
297656 512 0 24686043460707
298168 512 0 24686043588708
298680 512 0 24686043716708
299192 512 0 24686043844709
299704 512 0 24686043972709
300216 512 0 24686044100710
300728 512 0 24686044228711
301240 512 0 24686044356711
301752 512 0 24686044484712
302264 512 0 24686044612712
302776 512 0 24686044740713
303288 512 0 24686044868713
303800 512 0 24686044996714
304312 512 0 24686045124715
304824 512 0 24686045252715
305336 512 0 24686045380716
305848 512 0 24686045508716
306360 512 0 24686045636717
306872 512 0 24686045764717
307384 512 0 24686045892718
307896 512 0 24686046020718
308408 512 0 24686046148719
308920 512 0 24686046276720
309432 512 0 24686046404720
309944 512 0 24686046532721
310456 512 0 24686046660721
310968 512 0 24686046788722
311480 512 0 24686046916722
311992 512 0 24686047044724
312504 512 0 24686047172725
313016 512 0 24686047300725
313528 512 0 24686047428726
314040 512 0 24686047556726
314552 512 0 24686047684727
315064 512 0 24686047812727
315576 512 0 24686047940728
316088 512 0 24686048068729
316600 512 0 24686048196729
317112 512 0 24686048324730
317624 512 0 24686048452730
318136 512 0 24686048580731
318648 512 0 24686048708731
319160 512 0 24686048836732
319672 512 0 24686048964733
320184 512 0 24686049092733
320696 512 0 24686049220734
321208 512 0 24686049348734
321720 512 0 24686049476735
322232 512 0 24686049604735
322744 512 0 24686049732736
323256 512 0 24686049860736
323768 512 0 24686049988737
324280 512 0 24686050116738
324792 512 0 24686050244738
325304 512 0 24686050372739
325816 512 0 24686050500739
326328 512 0 24686050628740
326840 512 0 24686050756740
327352 512 0 24686050884741
327864 512 0 24686051012742
328376 512 0 24686051140742
328888 512 0 24686051268743
329400 512 0 24686051396743
329912 512 0 24686051524744
330424 512 0 24686051652744
330936 512 0 24686051780745
331448 512 0 24686051908745
331960 512 0 24686052036746
332472 512 0 24686052164747
332984 512 0 24686052292747
333496 512 0 24686052420748
334008 512 0 24686052548748
334520 512 0 24686052676749
335032 512 0 24686052804749
335544 512 0 24686052932750
336056 512 0 24686053060750
336568 512 0 24686053188751
337080 512 0 24686053316752
337592 512 0 24686053444752
338104 512 0 24686053572753
338616 512 0 24686053700753
339128 512 0 24686053828754
339640 512 0 24686053956754
340152 512 0 24686054084755
340664 512 0 24686054212756
341176 512 0 24686054340756
341688 512 0 24686054468757
342200 512 0 24686054596757
342712 512 0 24686054724758
343224 512 0 24686054852758
343736 512 0 24686054980759
344248 512 0 24686055108760
344760 512 0 24686055236761
345272 512 0 24686055364762
345784 512 0 24686055492762
346296 512 0 24686055620763
346808 512 0 24686055748763
347320 512 0 24686055876764
347832 512 0 24686056004764
348344 512 0 24686056132765
348856 512 0 24686056260766
349368 512 0 24686056388766
349880 512 0 24686056516767
350392 512 0 24686056644767
350904 512 0 24686056772768
351416 512 0 24686056900768
351928 512 0 24686057028769
352440 512 0 24686057156770
352952 512 0 24686057284770
353464 512 0 24686057412771
353976 512 0 24686057540771
354488 512 0 24686057668772
355000 512 0 24686057796772
355512 512 0 24686057924773
356024 512 0 24686058052774
356536 512 0 24686058180774
357048 512 0 24686058308775
357560 512 0 24686058436775
358072 512 0 24686058564776
358584 512 0 24686058692776
359096 512 0 24686058820777
359608 512 0 24686058948778
360120 512 0 24686059076778
360632 512 0 24686059204779
361144 512 0 24686059332779
361656 512 0 24686059460780
362168 512 0 24686059588780
362680 512 0 24686059716781
363192 512 0 24686059844781
363704 512 0 24686059972782
364216 512 0 24686060100782
364728 512 0 24686060228783
365240 512 0 24686060356784
365752 512 0 24686060484784
366264 512 0 24686060612785
366776 512 0 24686060740785
367288 512 0 24686060868786
367800 512 0 24686060996786
368312 512 0 24686061124787
368824 512 0 24686061252788
369336 512 0 24686061380788
369848 512 0 24686061508789
370360 512 0 24686061636789
370872 512 0 24686061764790
371384 512 0 24686061892790
371896 512 0 24686062020791
372408 512 0 24686062148792
372920 512 0 24686062276792
373432 512 0 24686062404793
373944 512 0 24686062532793
374456 512 0 24686062660794
374968 512 0 24686062788794
375480 512 0 24686062916795
375992 512 0 24686063044796
376504 512 0 24686063172796
377016 512 0 24686063300797
377528 512 0 24686063428797
378040 512 0 24686063556798
378552 512 0 24686063684798
379064 512 0 24686063812799
379576 512 0 24686063940799
380088 512 0 24686064068800
380600 512 0 24686064196800
381112 512 0 24686064324801
381624 512 0 24686064452802
382136 512 0 24686064580802
382648 512 0 24686064708803
383160 512 0 24686064836803
383672 512 0 24686064964804
384184 512 0 24686065092804
384696 512 0 24686065220805
385208 512 0 24686065348806
385720 512 0 24686065476806
386232 512 0 24686065604807
386744 512 0 24686065732807
387256 512 0 24686065860808
387768 512 0 24686065988808
388280 512 0 24686066116809
388792 512 0 24686066244810
389304 512 0 24686066372810
389816 512 0 24686066500811
390328 512 0 24686066628811
390840 512 0 24686066756812
391352 512 0 24686066884812
391864 512 0 24686067012813
392376 512 0 24686067140813
392888 512 0 24686067268814
393400 512 0 24686067396815
393912 512 0 24686067524815
394424 512 0 24686067652816
394936 512 0 24686067780816
395448 512 0 24686067908817
395960 512 0 24686068036817
396472 512 0 24686068164818
396984 512 0 24686068292818
397496 512 0 24686068420819
398008 512 0 24686068548820
398520 512 0 24686068676820
399032 512 0 24686068804821
399544 512 0 24686068932821
400056 512 0 24686069060822
400568 512 0 24686069188822
401080 512 0 24686069316823
401592 512 0 24686069444823
402104 512 0 24686069572824
402616 512 0 24686069700825
403128 512 0 24686069828825
403640 512 0 24686069956826
404152 512 0 24686070084826
404664 512 0 24686070212827
405176 512 0 24686070340827
405688 512 0 24686070468828
406200 512 0 24686070596829
406712 512 0 24686070724829
407224 512 0 24686070852830
407736 512 0 24686070980830
408248 512 0 24686071108831
408760 512 0 24686071236831
409272 512 0 24686071364832
409784 512 0 24686071492833
410296 512 0 24686071620833
410808 512 0 24686071748834
411320 512 0 24686071876834
411832 512 0 24686072004835
412344 512 0 24686072132835
412856 512 0 24686072260836
413368 512 0 24686072388836
413880 512 0 24686072516837
414392 512 0 24686072644837
414904 512 0 24686072772838
415416 512 0 24686072900839
415928 512 0 24686073028839
416440 512 0 24686073156840
416952 512 0 24686073284840
417464 512 0 24686073412841
417976 512 0 24686073540841
418488 512 0 24686073668842
419000 512 0 24686073796843
419512 512 0 24686073924843
420024 512 0 24686074052844
420536 512 0 24686074180844
421048 512 0 24686074308845
421560 512 0 24686074436845
422072 512 0 24686074564846
422584 512 0 24686074692847
423096 512 0 24686074820847
423608 512 0 24686074948848
424120 512 0 24686075076848
424632 512 0 24686075204849
425144 512 0 24686075332849
425656 512 0 24686075460850
426168 512 0 24686075588851
426680 512 0 24686075716852
427192 512 0 24686075844853
427704 512 0 24686075972853
428216 512 0 24686076100854
428728 512 0 24686076228854
429240 512 0 24686076356855
429752 512 0 24686076484855
430264 512 0 24686076612856
430776 512 0 24686076740857
431288 512 0 24686076868857
431800 512 0 24686076996858
432312 512 0 24686077124858
432824 512 0 24686077252859
433336 512 0 24686077380859
433848 512 0 24686077508860
434360 512 0 24686077636861
434872 512 0 24686077764861
435384 512 0 24686077892862
435896 512 0 24686078020862
436408 512 0 24686078148863
436920 512 0 24686078276863
437432 512 0 24686078404864
437944 512 0 24686078532865
438456 512 0 24686078660865
438968 512 0 24686078788866
439480 512 0 24686078916866
439992 512 0 24686079044867
440504 512 0 24686079172867
441016 512 0 24686079300868
441528 512 0 24686079428869
442040 512 0 24686079556869
442552 512 0 24686079684870
443064 512 0 24686079812870
443576 512 0 24686079940871
444088 512 0 24686080068871
444600 512 0 24686080196872
445112 512 0 24686080324872
445624 512 0 24686080452873
446136 512 0 24686080580873
446648 512 0 24686080708874
447160 512 0 24686080836875
447672 512 0 24686080964875
448184 512 0 24686081092876
448696 512 0 24686081220876
449208 512 0 24686081348877
449720 512 0 24686081476877
450232 512 0 24686081604878
450744 512 0 24686081732879
451256 512 0 24686081860879
451768 512 0 24686081988880
452280 512 0 24686082116880
452792 512 0 24686082244881
453304 512 0 24686082372881
453816 512 0 24686082500882
454328 512 0 24686082628883
454840 512 0 24686082756883
455352 512 0 24686082884884
455864 512 0 24686083012884
456376 512 0 24686083140885
456888 512 0 24686083268885
457400 512 0 24686083396886
457912 512 0 24686083524887
458424 512 0 24686083652887
458936 512 0 24686083780888
459448 512 0 24686083908889
459960 512 0 24686084036890
460472 512 0 24686084164890
460984 512 0 24686084292891
461496 512 0 24686084420891
462008 512 0 24686084548892
462520 512 0 24686084676893
463032 512 0 24686084804893
463544 512 0 24686084932894
464056 512 0 24686085060894
464568 512 0 24686085188895
465080 512 0 24686085316895
465592 512 0 24686085444896
466104 512 0 24686085572897
466616 512 0 24686085700897
467128 512 0 24686085828898
467640 512 0 24686085956898
468152 512 0 24686086084899
468664 512 0 24686086212899
469176 512 0 24686086340900
469688 512 0 24686086468901
470200 512 0 24686086596901
470712 512 0 24686086724902
471224 512 0 24686086852902
471736 512 0 24686086980903
472248 512 0 24686087108903
472760 512 0 24686087236904
473272 512 0 24686087364905
473784 512 0 24686087492905
474296 512 0 24686087620906
474808 512 0 24686087748906
475320 512 0 24686087876907
475832 512 0 24686088004907
476344 512 0 24686088132908
476856 512 0 24686088260908
477368 512 0 24686088388909
477880 512 0 24686088516909
478392 512 0 24686088644910
478904 512 0 24686088772910
479416 512 0 24686088900911
479928 512 0 24686089028912
480440 512 0 24686089156912
480952 512 0 24686089284913
481464 512 0 24686089412913
481976 512 0 24686089540914
482488 512 0 24686089668914
483000 512 0 24686089796915
483512 512 0 24686089924916
484024 512 0 24686090052916
484536 512 0 24686090180917
485048 512 0 24686090308917
485560 512 0 24686090436918
486072 512 0 24686090564918
486584 512 0 24686090692919
487096 512 0 24686090820920
487608 512 0 24686090948920
488120 512 0 24686091076921
488632 512 0 24686091204921
489144 512 0 24686091332922
489656 512 0 24686091460922
490168 512 0 24686091588923
490680 512 0 24686091716924
491192 512 0 24686091844924
491704 512 0 24686091972925
492216 512 0 24686092100925
492728 512 0 24686092228926
493240 512 0 24686092356926
493752 512 0 24686092484927
494264 512 0 24686092612927
494776 512 0 24686092740928
495288 512 0 24686092868928
495800 512 0 24686092996929
496312 512 0 24686093124930
496824 512 0 24686093252930
497336 512 0 24686093380931
497848 512 0 24686093508931
498360 512 0 24686093636932
498872 512 0 24686093764932
499384 512 0 24686093892933
499896 512 0 24686094020934
500408 512 0 24686094148934
500920 512 0 24686094276935
501432 512 0 24686094404935
501944 512 0 24686094532936
502456 512 0 24686094660936
502968 512 0 24686094788937
503480 512 0 24686094916938
503992 512 0 24686095044938
504504 512 0 24686095172939
505016 512 0 24686095300939
505528 512 0 24686095428940
506040 512 0 24686095556940
506552 512 0 24686095684941
507064 512 0 24686095812942
507576 512 0 24686095940942
508088 512 0 24686096068943
508600 512 0 24686096196944
509112 512 0 24686096324945
509624 512 0 24686096452945
510136 512 0 24686096580946
510648 512 0 24686096708946
511160 512 0 24686096836947
511672 512 0 24686096964948
512184 512 0 24686097092948
512696 512 0 24686097220949
513208 512 0 24686097348949
513720 512 0 24686097476950
514232 512 0 24686097604950
514744 512 0 24686097732951
515256 512 0 24686097860952
515768 512 0 24686097988952
516280 512 0 24686098116953
516792 512 0 24686098244953
517304 512 0 24686098372954
517816 512 0 24686098500954
518328 512 0 24686098628955
518840 512 0 24686098756956
519352 512 0 24686098884956
519864 512 0 24686099012957
520376 512 0 24686099140957
520888 512 0 24686099268958
521400 512 0 24686099396958
521912 512 0 24686099524959
522424 512 0 24686099652960
522936 512 0 24686099780960
523448 512 0 24686099908961
523960 512 0 24686100036961
524472 512 0 24686100164962
524984 512 0 24686100292962
525496 512 0 24686100420963
526008 512 0 24686100548963
526520 512 0 24686100676964
527032 512 0 24686100804964
527544 512 0 24686100932965
528056 512 0 24686101060965
528568 512 0 24686101188966
529080 512 0 24686101316967
529592 512 0 24686101444967
530104 512 0 24686101572968
530616 512 0 24686101700968
531128 512 0 24686101828969
531640 512 0 24686101956970
532152 512 0 24686102084970
532664 512 0 24686102212971
533176 512 0 24686102340971
533688 512 0 24686102468972
534200 512 0 24686102596972
534712 512 0 24686102724973
535224 512 0 24686102852974
535736 512 0 24686102980974
536248 512 0 24686103108975
536760 512 0 24686103236975
537272 512 0 24686103364976
537784 512 0 24686103492976
538296 512 0 24686103620977
538808 512 0 24686103748978
539320 512 0 24686103876978
539832 512 0 24686104004979
540344 512 0 24686104132979
540856 512 0 24686104260980
541368 512 0 24686104388980
541880 512 0 24686104516981
542392 512 0 24686104644981
542904 512 0 24686104772982
543416 512 0 24686104900982
543928 512 0 24686105028983
544440 512 0 24686105156983
544952 512 0 24686105284984
545464 512 0 24686105412985
545976 512 0 24686105540985
546488 512 0 24686105668986
547000 512 0 24686105796986
547512 512 0 24686105924987
548024 512 0 24686106052987
548536 512 0 24686106180988
549048 512 0 24686106308989
549560 512 0 24686106436989
550072 512 0 24686106564990
550584 512 0 24686106692990
551096 512 0 24686106820991
551608 512 0 24686106948991
552120 512 0 24686107076992
552632 512 0 24686107204993
553144 512 0 24686107332993
553656 512 0 24686107460994
554168 512 0 24686107588994
554680 512 0 24686107716995
555192 512 0 24686107844995
555704 512 0 24686107972996
556216 512 0 24686108100997
556728 512 0 24686108228997
557240 512 0 24686108356998
557752 512 0 24686108484999
558264 512 0 24686108613000
558776 512 0 24686108741000
559288 512 0 24686108869001
559800 512 0 24686108997001
560312 512 0 24686109125002
560824 512 0 24686109253003
561336 512 0 24686109381003
561848 512 0 24686109509004
562360 512 0 24686109637004
562872 512 0 24686109765005
563384 512 0 24686109893005
563896 512 0 24686110021006
564408 512 0 24686110149007
564920 512 0 24686110277007
565432 512 0 24686110405008
565944 512 0 24686110533008
566456 512 0 24686110661009
566968 512 0 24686110789009
567480 512 0 24686110917010
567992 512 0 24686111045011
568504 512 0 24686111173011
569016 512 0 24686111301012
569528 512 0 24686111429012
570040 512 0 24686111557013
570552 512 0 24686111685013
571064 512 0 24686111813014
571576 512 0 24686111941015
572088 512 0 24686112069015
572600 512 0 24686112197016
573112 512 0 24686112325016
573624 512 0 24686112453017
574136 512 0 24686112581017
574648 512 0 24686112709018
575160 512 0 24686112837018
575672 512 0 24686112965019
576184 512 0 24686113093019
576696 512 0 24686113221020
577208 512 0 24686113349021
577720 512 0 24686113477021
578232 512 0 24686113605022
578744 512 0 24686113733022
579256 512 0 24686113861023
579768 512 0 24686113989023
580280 512 0 24686114117024
580792 512 0 24686114245025
581304 512 0 24686114373025
581816 512 0 24686114501026
582328 512 0 24686114629026
582840 512 0 24686114757027
583352 512 0 24686114885027
583864 512 0 24686115013028
584376 512 0 24686115141029
584888 512 0 24686115269029
585400 512 0 24686115397030
585912 512 0 24686115525030
586424 512 0 24686115653031
586936 512 0 24686115781031
587448 512 0 24686115909032
587960 512 0 24686116037033
588472 512 0 24686116165033
588984 512 0 24686116293034
589496 512 0 24686116421034
590008 512 0 24686116549035
590520 512 0 24686116677035
591032 512 0 24686116805036
591544 512 0 24686116933036
592056 512 0 24686117061037
592568 512 0 24686117189037
593080 512 0 24686117317038
593592 512 0 24686117445038
594104 512 0 24686117573039
594616 512 0 24686117701040
595128 512 0 24686117829040
595640 512 0 24686117957041
596152 512 0 24686118085041
596664 512 0 24686118213042
597176 512 0 24686118341042
597688 512 0 24686118469043
598200 512 0 24686118597044
598712 512 0 24686118725044
599224 512 0 24686118853045
599736 512 0 24686118981045
600248 512 0 24686119109046
600760 512 0 24686119237046
601272 512 0 24686119365047
601784 512 0 24686119493048
602296 512 0 24686119621048
602808 512 0 24686119749049
603320 512 0 24686119877049
603832 512 0 24686120005050
604344 512 0 24686120133050
604856 512 0 24686120261051
605368 512 0 24686120389052
605880 512 0 24686120517052
606392 512 0 24686120645053
606904 512 0 24686120773053
607416 512 0 24686120901054
607928 512 0 24686121029054
608440 512 0 24686121157055
608952 512 0 24686121285055
609464 512 0 24686121413056
609976 512 0 24686121541056
610488 512 0 24686121669057
611000 512 0 24686121797058
611512 512 0 24686121925058
612024 512 0 24686122053059
612536 512 0 24686122181059
613048 512 0 24686122309060
613560 512 0 24686122437060
614072 512 0 24686122565061
614584 512 0 24686122693062
615096 512 0 24686122821062
615608 512 0 24686122949063
616120 512 0 24686123077063
616632 512 0 24686123205064
617144 512 0 24686123333064
617656 512 0 24686123461065
618168 512 0 24686123589066
618680 512 0 24686123717066
619192 512 0 24686123845067
619704 512 0 24686123973067
620216 512 0 24686124101068
620728 512 0 24686124229068
621240 512 0 24686124357069
621752 512 0 24686124485070
622264 512 0 24686124613070
622776 512 0 24686124741071
623288 512 0 24686124869072
623800 512 0 24686124997073
624312 512 0 24686125125073
624824 512 0 24686125253074
625336 512 0 24686125381074
625848 512 0 24686125509075
626360 512 0 24686125637076
626872 512 0 24686125765076
627384 512 0 24686125893077
627896 512 0 24686126021077
628408 512 0 24686126149078
628920 512 0 24686126277078
629432 512 0 24686126405079
629944 512 0 24686126533080
630456 512 0 24686126661080
630968 512 0 24686126789081
631480 512 0 24686126917081
631992 512 0 24686127045082
632504 512 0 24686127173082
633016 512 0 24686127301083
633528 512 0 24686127429084
634040 512 0 24686127557084
634552 512 0 24686127685085
635064 512 0 24686127813085
635576 512 0 24686127941086
636088 512 0 24686128069086
636600 512 0 24686128197087
637112 512 0 24686128325088
637624 512 0 24686128453088
638136 512 0 24686128581089
638648 512 0 24686128709089
639160 512 0 24686128837090
639672 512 0 24686128965090
640184 512 0 24686129093091
640696 512 0 24686129221091
641208 512 0 24686129349092
641720 512 0 24686129477092
642232 512 0 24686129605093
642744 512 0 24686129733093
643256 512 0 24686129861094
643768 512 0 24686129989095
644280 512 0 24686130117095
644792 512 0 24686130245096
645304 512 0 24686130373096
645816 512 0 24686130501097
646328 512 0 24686130629097
646840 512 0 24686130757098
647352 512 0 24686130885099
647864 512 0 24686131013099
648376 512 0 24686131141100
648888 512 0 24686131269100
649400 512 0 24686131397101
649912 512 0 24686131525101
650424 512 0 24686131653102
650936 512 0 24686131781103
651448 512 0 24686131909103
651960 512 0 24686132037104
652472 512 0 24686132165104
652984 512 0 24686132293105
653496 512 0 24686132421105
654008 512 0 24686132549106
654520 512 0 24686132677107
655032 512 0 24686132805107
655544 512 0 24686132933108
656056 512 0 24686133061108
656568 512 0 24686133189109
657080 512 0 24686133317109
657592 512 0 24686133445110
658104 512 0 24686133573110
658616 512 0 24686133701111
659128 512 0 24686133829111
659640 512 0 24686133957112
660152 512 0 24686134085113
660664 512 0 24686134213113
661176 512 0 24686134341114
661688 512 0 24686134469114
662200 512 0 24686134597115
662712 512 0 24686134725115
663224 512 0 24686134853116
663736 512 0 24686134981117
664248 512 0 24686135109117
664760 512 0 24686135237118
665272 512 0 24686135365118
665784 512 0 24686135493119
666296 512 0 24686135621119
666808 512 0 24686135749120
667320 512 0 24686135877121
667832 512 0 24686136005121
668344 512 0 24686136133122
668856 512 0 24686136261122
669368 512 0 24686136389123
669880 512 0 24686136517123
670392 512 0 24686136645124
670904 512 0 24686136773125
671416 512 0 24686136901125
671928 512 0 24686137029126
672440 512 0 24686137157127
672952 512 0 24686137285128
673464 512 0 24686137413128
673976 512 0 24686137541129
674488 512 0 24686137669129
675000 512 0 24686137797130
675512 512 0 24686137925131
676024 512 0 24686138053131
676536 512 0 24686138181132
677048 512 0 24686138309132
677560 512 0 24686138437133
678072 512 0 24686138565133
678584 512 0 24686138693134
679096 512 0 24686138821135
679608 512 0 24686138949135
680120 512 0 24686139077136
680632 512 0 24686139205136
681144 512 0 24686139333137
681656 512 0 24686139461137
682168 512 0 24686139589138
682680 512 0 24686139717139
683192 512 0 24686139845139
683704 512 0 24686139973140
684216 512 0 24686140101140
684728 512 0 24686140229141
685240 512 0 24686140357141
685752 512 0 24686140485142
686264 512 0 24686140613143
686776 512 0 24686140741143
687288 512 0 24686140869144
687800 512 0 24686140997144
688312 512 0 24686141125145
688824 512 0 24686141253145
689336 512 0 24686141381146
689848 512 0 24686141509146
690360 512 0 24686141637147
690872 512 0 24686141765147
691384 512 0 24686141893148
691896 512 0 24686142021149
692408 512 0 24686142149149
692920 512 0 24686142277150
693432 512 0 24686142405150
693944 512 0 24686142533151
694456 512 0 24686142661151
694968 512 0 24686142789152
695480 512 0 24686142917153
695992 512 0 24686143045153
696504 512 0 24686143173154
697016 512 0 24686143301154
697528 512 0 24686143429155
698040 512 0 24686143557155
698552 512 0 24686143685156
699064 512 0 24686143813157
699576 512 0 24686143941157
700088 512 0 24686144069158
700600 512 0 24686144197158
701112 512 0 24686144325159
701624 512 0 24686144453159
702136 512 0 24686144581160
702648 512 0 24686144709161
703160 512 0 24686144837161
703672 512 0 24686144965162
704184 512 0 24686145093162
704696 512 0 24686145221163
705208 512 0 24686145349164
705720 512 0 24686145477165
706232 512 0 24686145605165
706744 512 0 24686145733166
707256 512 0 24686145861166
707768 512 0 24686145989167
708280 512 0 24686146117168
708792 512 0 24686146245168
709304 512 0 24686146373169
709816 512 0 24686146501169
710328 512 0 24686146629170
710840 512 0 24686146757170
711352 512 0 24686146885171
711864 512 0 24686147013172
712376 512 0 24686147141172
712888 512 0 24686147269173
713400 512 0 24686147397173
713912 512 0 24686147525174
714424 512 0 24686147653174
714936 512 0 24686147781175
715448 512 0 24686147909176
715960 512 0 24686148037176
716472 512 0 24686148165177
716984 512 0 24686148293177
717496 512 0 24686148421178
718008 512 0 24686148549179
718520 512 0 24686148677179
719032 512 0 24686148805180
719544 512 0 24686148933180
720056 512 0 24686149061181
720568 512 0 24686149189181
721080 512 0 24686149317182
721592 512 0 24686149445182
722104 512 0 24686149573183
722616 512 0 24686149701183
723128 512 0 24686149829184
723640 512 0 24686149957184
724152 512 0 24686150085185
724664 512 0 24686150213186
725176 512 0 24686150341186
725688 512 0 24686150469187
726200 512 0 24686150597187
726712 512 0 24686150725188
727224 512 0 24686150853188
727736 512 0 24686150981189
728248 512 0 24686151109190
728760 512 0 24686151237190
729272 512 0 24686151365191
729784 512 0 24686151493191
730296 512 0 24686151621192
730808 512 0 24686151749192
731320 512 0 24686151877193
731832 512 0 24686152005194
732344 512 0 24686152133194
732856 512 0 24686152261195
733368 512 0 24686152389195
733880 512 0 24686152517196
734392 512 0 24686152645196
734904 512 0 24686152773197
735416 512 0 24686152901198
735928 512 0 24686153029198
736440 512 0 24686153157199
736952 512 0 24686153285199
737464 512 0 24686153413200
737976 512 0 24686153541201
738488 512 0 24686153669202
739000 512 0 24686153797202
739512 512 0 24686153925203
740024 512 0 24686154053203
740536 512 0 24686154181204
741048 512 0 24686154309205
741560 512 0 24686154437205
742072 512 0 24686154565206
742584 512 0 24686154693206
743096 512 0 24686154821207
743608 512 0 24686154949208
744120 512 0 24686155077208
744632 512 0 24686155205209
745144 512 0 24686155333209
745656 512 0 24686155461210
746168 512 0 24686155589210
746680 512 0 24686155717211
747192 512 0 24686155845212
747704 512 0 24686155973212
748216 512 0 24686156101213
748728 512 0 24686156229213
749240 512 0 24686156357214
749752 512 0 24686156485214
750264 512 0 24686156613215
750776 512 0 24686156741216
751288 512 0 24686156869216
751800 512 0 24686156997217
752312 512 0 24686157125217
752824 512 0 24686157253218
753336 512 0 24686157381218
753848 512 0 24686157509219
754360 512 0 24686157637219
754872 512 0 24686157765220
755384 512 0 24686157893220
755896 512 0 24686158021221
756408 512 0 24686158149221
756920 512 0 24686158277222
757432 512 0 24686158405223
757944 512 0 24686158533223
758456 512 0 24686158661224
758968 512 0 24686158789224
759480 512 0 24686158917225
759992 512 0 24686159045225
760504 512 0 24686159173226
761016 512 0 24686159301227
761528 512 0 24686159429227
762040 512 0 24686159557228
762552 512 0 24686159685228
763064 512 0 24686159813229
763576 512 0 24686159941229
764088 512 0 24686160069230
764600 512 0 24686160197231
765112 512 0 24686160325231
765624 512 0 24686160453232
766136 512 0 24686160581232
766648 512 0 24686160709233
767160 512 0 24686160837233
767672 512 0 24686160965234
768184 512 0 24686161093235
768696 512 0 24686161221235
769208 512 0 24686161349236
769720 512 0 24686161477236
770232 512 0 24686161605237
770744 512 0 24686161733237
771256 512 0 24686161861238
771768 512 0 24686161989238
772280 512 0 24686162117239
772792 512 0 24686162245239
773304 512 0 24686162373240
773816 512 0 24686162501241
774328 512 0 24686162629241
774840 512 0 24686162757242
775352 512 0 24686162885242
775864 512 0 24686163013243
776376 512 0 24686163141243
776888 512 0 24686163269244
777400 512 0 24686163397245
777912 512 0 24686163525245
778424 512 0 24686163653246
778936 512 0 24686163781246
779448 512 0 24686163909247
779960 512 0 24686164037247
780472 512 0 24686164165248
780984 512 0 24686164293249
781496 512 0 24686164421249
782008 512 0 24686164549250
782520 512 0 24686164677250
783032 512 0 24686164805251
783544 512 0 24686164933251
784056 512 0 24686165061252
784568 512 0 24686165189253
785080 512 0 24686165317253
785592 512 0 24686165445254
786104 512 0 24686165573254
786616 512 0 24686165701255
787128 512 0 24686165829256
787640 512 0 24686165957257
788152 512 0 24686166085257
788664 512 0 24686166213258
789176 512 0 24686166341258
789688 512 0 24686166469259
790200 512 0 24686166597260
790712 512 0 24686166725260
791224 512 0 24686166853261
791736 512 0 24686166981261
792248 512 0 24686167109262
792760 512 0 24686167237262
793272 512 0 24686167365263
793784 512 0 24686167493264
794296 512 0 24686167621264
794808 512 0 24686167749265
795320 512 0 24686167877265
795832 512 0 24686168005266
796344 512 0 24686168133267
796856 512 0 24686168261267
797368 512 0 24686168389268
797880 512 0 24686168517268
798392 512 0 24686168645269
798904 512 0 24686168773269
799416 512 0 24686168901270
799928 512 0 24686169029271
800440 512 0 24686169157271
800952 512 0 24686169285272
801464 512 0 24686169413272
801976 512 0 24686169541273
802488 512 0 24686169669273
803000 512 0 24686169797274
803512 512 0 24686169925274
804024 512 0 24686170053275
804536 512 0 24686170181275
805048 512 0 24686170309276
805560 512 0 24686170437276
806072 512 0 24686170565277
806584 512 0 24686170693278
807096 512 0 24686170821278
807608 512 0 24686170949279
808120 512 0 24686171077279
808632 512 0 24686171205280
809144 512 0 24686171333280
809656 512 0 24686171461281
810168 512 0 24686171589282
810680 512 0 24686171717282
811192 512 0 24686171845283
811704 512 0 24686171973283
812216 512 0 24686172101284
812728 512 0 24686172229284
813240 512 0 24686172357285
813752 512 0 24686172485286
814264 512 0 24686172613286
814776 512 0 24686172741287
815288 512 0 24686172869287
815800 512 0 24686172997288
816312 512 0 24686173125288
816824 512 0 24686173253289
817336 512 0 24686173381290
817848 512 0 24686173509290
818360 512 0 24686173637291
818872 512 0 24686173765291
819384 512 0 24686173893292
819896 512 0 24686174021292
820408 512 0 24686174149293
820920 512 0 24686174277293
821432 512 0 24686174405294
821944 512 0 24686174533294
822456 512 0 24686174661295
822968 512 0 24686174789296
823480 512 0 24686174917296
823992 512 0 24686175045297
824504 512 0 24686175173297
825016 512 0 24686175301298
825528 512 0 24686175429298
826040 512 0 24686175557299
826552 512 0 24686175685300
827064 512 0 24686175813300
827576 512 0 24686175941301
830076 512 0 24686176566303
830604 512 0 24686176698304
9316 512 0 24686194244627
9828 512 0 24686194523266
10340 512 0 24686194801906
10852 512 0 24686195080545
11364 512 0 24686195359184
11876 512 0 24686195637824
12388 512 0 24686195916463
12900 512 0 24686196195103
13412 512 0 24686196473742
13924 512 0 24686196752382
14436 512 0 24686197031021
14948 512 0 24686197309660
15460 512 0 24686197588300
15972 512 0 24686197866939
16484 512 0 24686198145579
16996 512 0 24686198424218
17508 512 0 24686198702858
18020 512 0 24686198981497
18532 512 0 24686199260137
19044 512 0 24686199538776
19556 512 0 24686199817415
20068 512 0 24686200096055
20580 512 0 24686200374694
21092 512 0 24686200653334
21604 512 0 24686200931973
22116 512 0 24686201210613
22628 512 0 24686201489252
23140 512 0 24686201767891
23652 512 0 24686202046531
24164 512 0 24686202325170
24676 512 0 24686202603810
25188 512 0 24686202882482
25700 512 0 24686203161122
26212 512 0 24686203439762
26724 512 0 24686203718403
27236 512 0 24686203997043
27748 512 0 24686204275683
28260 512 0 24686204554323
28772 512 0 24686204832964
29284 512 0 24686205111604
29796 512 0 24686205390244
30308 512 0 24686205668885
30820 512 0 24686205947525
31332 512 0 24686206226165
31844 512 0 24686206504805
32356 512 0 24686206783446
32868 512 0 24686207062086
33380 512 0 24686207340738
33892 512 0 24686207619379
34404 512 0 24686207898019
34916 512 0 24686208176660
35428 512 0 24686208455300
35940 512 0 24686208733941
36452 512 0 24686209012581
36964 512 0 24686209291222
37476 512 0 24686209569863
37988 512 0 24686209848503
38500 512 0 24686210127144
39012 512 0 24686210405784
39524 512 0 24686210684425
40036 512 0 24686210963066
40548 512 0 24686211241706
41060 512 0 24686211520347
41572 512 0 24686211798990
42084 512 0 24686212077630
42596 512 0 24686212356271
43108 512 0 24686212634912
43620 512 0 24686212913552
44132 512 0 24686213192193
44644 512 0 24686213470834
45156 512 0 24686213749474
45668 512 0 24686214028115
46180 512 0 24686214306756
46692 512 0 24686214585396
47204 512 0 24686214864037
47716 512 0 24686215142677
48228 512 0 24686215421318
48740 512 0 24686215699959
49252 512 0 24686215978599
49764 512 0 24686216257240
50276 512 0 24686216535880
50788 512 0 24686216814521
51300 512 0 24686217093162
51812 512 0 24686217371802
52324 512 0 24686217650443
52836 512 0 24686217929084
53348 512 0 24686218207724
53860 512 0 24686218486365
54372 512 0 24686218765005
54884 512 0 24686219043646
55396 512 0 24686219322287
55908 512 0 24686219600927
56420 512 0 24686219879568
56932 512 0 24686220158209
57444 512 0 24686220436849
57956 512 0 24686220715491
58468 512 0 24686220994132
58980 512 0 24686221272773
59492 512 0 24686221551413
60004 512 0 24686221830054
60516 512 0 24686222108695
61028 512 0 24686222387335
61540 512 0 24686222665976
62052 512 0 24686222944616
62564 512 0 24686223223257
63076 512 0 24686223501898
63588 512 0 24686223780538
64100 512 0 24686224059179
64612 512 0 24686224337820
65124 512 0 24686224616460
65636 512 0 24686224895101
66148 512 0 24686225173742
66660 512 0 24686225452383
67172 512 0 24686225731024
67684 512 0 24686226009664
68196 512 0 24686226288305
68708 512 0 24686226566946
69220 512 0 24686226845586
69732 512 0 24686227124227
70244 512 0 24686227402868
70756 512 0 24686227681509
71268 512 0 24686227960149
71780 512 0 24686228238790
72292 512 0 24686228517431
72804 512 0 24686228796071
73316 512 0 24686229074712
73828 512 0 24686229353353
74340 512 0 24686229631992
74852 512 0 24686229910633
75364 512 0 24686230189274
75876 512 0 24686230467914
76388 512 0 24686230746555
76900 512 0 24686231025196
77412 512 0 24686231303836
77924 512 0 24686231582477
78436 512 0 24686231861118
78948 512 0 24686232139758
79460 512 0 24686232418399
79972 512 0 24686232697040
80484 512 0 24686232975680
80996 512 0 24686233254321
81508 512 0 24686233532962
82020 512 0 24686233811602
82532 512 0 24686234090243
83044 512 0 24686234368884
83556 512 0 24686234647525
84068 512 0 24686234926165
84580 512 0 24686235204806
85092 512 0 24686235483447
85604 512 0 24686235762087
86116 512 0 24686236040728
86628 512 0 24686236319369
87140 512 0 24686236598009
87652 512 0 24686236876650
88164 512 0 24686237155291
88676 512 0 24686237433931
89188 512 0 24686237712572
89700 512 0 24686237991213
90212 512 0 24686238269853
90724 512 0 24686238548494
91236 512 0 24686238827135
91748 512 0 24686239105776
92260 512 0 24686239384416
92772 512 0 24686239663057
93284 512 0 24686239941698
93796 512 0 24686240220338
94308 512 0 24686240498979
94820 512 0 24686240777620
95332 512 0 24686241056260
95844 512 0 24686241334901
96356 512 0 24686241613542
96868 512 0 24686241892183
97380 512 0 24686242170823
97892 512 0 24686242449464
98404 512 0 24686242728105
98916 512 0 24686243006744
99428 512 0 24686243285385
99940 512 0 24686243564026
100452 512 0 24686243842666
100964 512 0 24686244121307
101476 512 0 24686244399948
101988 512 0 24686244678588
102500 512 0 24686244957229
103012 512 0 24686245235870
103524 512 0 24686245514510
104036 512 0 24686245793151
104548 512 0 24686246071792
105060 512 0 24686246350432
105572 512 0 24686246629073
106084 512 0 24686246907713
106596 512 0 24686247186354
107108 512 0 24686247464995
107620 512 0 24686247743636
108132 512 0 24686248022277
108644 512 0 24686248300917
109156 512 0 24686248579558
109668 512 0 24686248858199
110180 512 0 24686249136839
110692 512 0 24686249415480
111204 512 0 24686249694121
111716 512 0 24686249972761
112228 512 0 24686250251402
112740 512 0 24686250530043
113252 512 0 24686250808683
113764 512 0 24686251087324
114276 512 0 24686251365965
114788 512 0 24686251644605
115300 512 0 24686251923246
115812 512 0 24686252201887
116324 512 0 24686252480528
116836 512 0 24686252759168
117348 512 0 24686253037809
117860 512 0 24686253316450
118372 512 0 24686253595090
118884 512 0 24686253873731
119396 512 0 24686254152372
119908 512 0 24686254431012
120420 512 0 24686254709653
120932 512 0 24686254988294
121444 512 0 24686255266935
121956 512 0 24686255545575
122468 512 0 24686255824216
122980 512 0 24686256102857
123492 512 0 24686256381496
124004 512 0 24686256660137
124516 512 0 24686256938778
125028 512 0 24686257217418
125540 512 0 24686257496059
126052 512 0 24686257774700
126564 512 0 24686258053340
127076 512 0 24686258331981
127588 512 0 24686258610622
128100 512 0 24686258889262
128612 512 0 24686259167903
129124 512 0 24686259446544
129636 512 0 24686259725184
130148 512 0 24686260003825
130660 512 0 24686260282465
131172 512 0 24686260561106
131684 512 0 24686260839747
132196 512 0 24686261118388
132708 512 0 24686261397029
133220 512 0 24686261675669
133732 512 0 24686261954310
134244 512 0 24686262232951
134756 512 0 24686262511591
135268 512 0 24686262790232
135780 512 0 24686263068873
136292 512 0 24686263347513
136804 512 0 24686263626154
137316 512 0 24686263904795
137828 512 0 24686264183435
138340 512 0 24686264462076
138852 512 0 24686264740717
139364 512 0 24686265019357
139876 512 0 24686265297997
140388 512 0 24686265576638
140900 512 0 24686265855279
141412 512 0 24686266133919
141924 512 0 24686266412560
142436 512 0 24686266691201
142948 512 0 24686266969841
143460 512 0 24686267248482
143972 512 0 24686267527123
144484 512 0 24686267805763
144996 512 0 24686268084404
145508 512 0 24686268363045
146020 512 0 24686268641685
146532 512 0 24686268920326
147044 512 0 24686269198967
147556 512 0 24686269477607
148068 512 0 24686269756248
148580 512 0 24686270034889
149092 512 0 24686270313530
149604 512 0 24686270592170
150116 512 0 24686270870811
150628 512 0 24686271149452
151140 512 0 24686271428092
151652 512 0 24686271706733
152164 512 0 24686271985374
152676 512 0 24686272264014
153188 512 0 24686272542655
153700 512 0 24686272821296
154212 512 0 24686273099936
154724 512 0 24686273378577
155236 512 0 24686273657218
155748 512 0 24686273935858
156260 512 0 24686274214499
156772 512 0 24686274493140
157284 512 0 24686274771781
157796 512 0 24686275050421
158308 512 0 24686275329062
158820 512 0 24686275607703
159332 512 0 24686275886343
159844 512 0 24686276164984
160356 512 0 24686276443625
160868 512 0 24686276722265
161380 512 0 24686277000906
161892 512 0 24686277279547
162404 512 0 24686277558187
162916 512 0 24686277836828
163428 512 0 24686278115469
163940 512 0 24686278394109
164452 512 0 24686278672750
164964 512 0 24686278951391
165476 512 0 24686279230032
165988 512 0 24686279508672
166500 512 0 24686279787313
167012 512 0 24686280065954
167524 512 0 24686280344594
168036 512 0 24686280623235
168548 512 0 24686280901876
169060 512 0 24686281180516
169572 512 0 24686281459157
170084 512 0 24686281737798
170596 512 0 24686282016438
171108 512 0 24686282295079
171620 512 0 24686282573720
172132 512 0 24686282852360
172644 512 0 24686283131000
173156 512 0 24686283409641
173668 512 0 24686283688282
174180 512 0 24686283966922
174692 512 0 24686284245563
175204 512 0 24686284524204
175716 512 0 24686284802844
176228 512 0 24686285081485
176740 512 0 24686285360126
177252 512 0 24686285638766
177764 512 0 24686285917407
178276 512 0 24686286196048
178788 512 0 24686286474688
179300 512 0 24686286753329
179812 512 0 24686287031970
180324 512 0 24686287310610
180836 512 0 24686287589251
181348 512 0 24686287867892
181860 512 0 24686288146533
182372 512 0 24686288425173
182884 512 0 24686288703814
183396 512 0 24686288982455
183908 512 0 24686289261095
184420 512 0 24686289539736
184932 512 0 24686289818377
185444 512 0 24686290097017
185956 512 0 24686290375658
186468 512 0 24686290654299
186980 512 0 24686290932939
187492 512 0 24686291211580
188004 512 0 24686291490221
188516 512 0 24686291768861
189028 512 0 24686292047501
189540 512 0 24686292326142
190052 512 0 24686292604783
190564 512 0 24686292883423
191076 512 0 24686293162064
191588 512 0 24686293440705
192100 512 0 24686293719345
192612 512 0 24686293997986
193124 512 0 24686294276627
193636 512 0 24686294555267
194148 512 0 24686294833908
194660 512 0 24686295112549
195172 512 0 24686295391189
195684 512 0 24686295669830
196196 512 0 24686295948471
196708 512 0 24686296227111
197220 512 0 24686296505752
197732 512 0 24686296784393
198244 512 0 24686297063034
198756 512 0 24686297341674
199268 512 0 24686297620315
199780 512 0 24686297898956
200292 512 0 24686298177596
200804 512 0 24686298456237
201316 512 0 24686298734878
201828 512 0 24686299013518
202340 512 0 24686299292159
202852 512 0 24686299570800
203364 512 0 24686299849440
203876 512 0 24686300128081
204388 512 0 24686300406722
204900 512 0 24686300685362
205412 512 0 24686300964003
205924 512 0 24686301242644
206436 512 0 24686301521285
206948 512 0 24686301799925
207460 512 0 24686302078566
207972 512 0 24686302357207
208484 512 0 24686302635847
208996 512 0 24686302914488
209508 512 0 24686303193129
210020 512 0 24686303471769
210532 512 0 24686303750410
211044 512 0 24686304029051
211556 512 0 24686304307691
212068 512 0 24686304586332
212580 512 0 24686304864973
213092 512 0 24686305143613
213604 512 0 24686305422253
214116 512 0 24686305700894
214628 512 0 24686305979535
215140 512 0 24686306258175
215652 512 0 24686306536816
216164 512 0 24686306815457
216676 512 0 24686307094097
217188 512 0 24686307372738
217700 512 0 24686307651379
218212 512 0 24686307930019
218724 512 0 24686308208660
219236 512 0 24686308487301
219748 512 0 24686308765941
220260 512 0 24686309044582
220772 512 0 24686309323223
221284 512 0 24686309601863
221796 512 0 24686309880504
222308 512 0 24686310159145
222820 512 0 24686310437786
223332 512 0 24686310716426
223844 512 0 24686310995067
224356 512 0 24686311273708
224868 512 0 24686311552348
225380 512 0 24686311830989
225892 512 0 24686312109630
226404 512 0 24686312388270
226916 512 0 24686312666911
227428 512 0 24686312945552
227940 512 0 24686313224192
228452 512 0 24686313502833
228964 512 0 24686313781474
229476 512 0 24686314060114
229988 512 0 24686314338754
230500 512 0 24686314617395
231012 512 0 24686314896036
231524 512 0 24686315174676
232036 512 0 24686315453317
232548 512 0 24686315731958
233060 512 0 24686316010598
233572 512 0 24686316289239
234084 512 0 24686316567880
234596 512 0 24686316846520
235108 512 0 24686317125161
235620 512 0 24686317403802
236132 512 0 24686317682442
236644 512 0 24686317961083
237156 512 0 24686318239724
237668 512 0 24686318518364
238180 512 0 24686318797005
238692 512 0 24686319075646
239204 512 0 24686319354287
239716 512 0 24686319632927
240228 512 0 24686319911568
240740 512 0 24686320190209
241252 512 0 24686320468849
241764 512 0 24686320747490
242276 512 0 24686321026131
242788 512 0 24686321304771
243300 512 0 24686321583412
243812 512 0 24686321862053
244324 512 0 24686322140693
244836 512 0 24686322419334
245348 512 0 24686322697975
245860 512 0 24686322976615
246372 512 0 24686323255256
246884 512 0 24686323533897
247396 512 0 24686323812538
247908 512 0 24686324091178
248420 512 0 24686324369819
248932 512 0 24686324648460
249444 512 0 24686324927100
249956 512 0 24686325205741
250468 512 0 24686325484382
250980 512 0 24686325763022
251492 512 0 24686326041663
252004 512 0 24686326320304
252516 512 0 24686326598944
253028 512 0 24686326877585
253540 512 0 24686327156226
254052 512 0 24686327434866
254564 512 0 24686327713507
255076 512 0 24686327992148
255588 512 0 24686328270789
256100 512 0 24686328549429
256612 512 0 24686328828070
257124 512 0 24686329106711
257636 512 0 24686329385351
258148 512 0 24686329663992
258660 512 0 24686329942633
259172 512 0 24686330221273
259684 512 0 24686330499914
260196 512 0 24686330778555
260708 512 0 24686331057195
261220 512 0 24686331335836
261732 512 0 24686331614477
262244 512 0 24686331893117
262756 512 0 24686332171757
263268 512 0 24686332450398
263780 512 0 24686332729039
264292 512 0 24686333007679
264804 512 0 24686333286320
265316 512 0 24686333564961
265828 512 0 24686333843601
266340 512 0 24686334122242
266852 512 0 24686334400883
267364 512 0 24686334679523
267876 512 0 24686334958164
268388 512 0 24686335236805
268900 512 0 24686335515445
269412 512 0 24686335794086
269924 512 0 24686336072727
270436 512 0 24686336351367
270948 512 0 24686336630008
271460 512 0 24686336908649
271972 512 0 24686337187290
272484 512 0 24686337465930
272996 512 0 24686337744571
273508 512 0 24686338023212
274020 512 0 24686338301852
274532 512 0 24686338580493
275044 512 0 24686338859134
275556 512 0 24686339137774
276068 512 0 24686339416415
276580 512 0 24686339695056
277092 512 0 24686339973696
277604 512 0 24686340252337
278116 512 0 24686340530978
278628 512 0 24686340809618
279140 512 0 24686341088258
279652 512 0 24686341366899
280164 512 0 24686341645540
280676 512 0 24686341924180
281188 512 0 24686342202821
281700 512 0 24686342481462
282212 512 0 24686342760102
282724 512 0 24686343038743
283236 512 0 24686343317384
283748 512 0 24686343596024
284260 512 0 24686343874665
284772 512 0 24686344153306
285284 512 0 24686344431946
285796 512 0 24686344710587
286308 512 0 24686344989228
286820 512 0 24686345267868
287332 512 0 24686345546509
287844 512 0 24686345825150
288356 512 0 24686346103791
288868 512 0 24686346382431
289380 512 0 24686346661072
289892 512 0 24686346939713
290404 512 0 24686347218353
290916 512 0 24686347496994
291428 512 0 24686347775635
291940 512 0 24686348054275
292452 512 0 24686348332916
292964 512 0 24686348611557
293476 512 0 24686348890197
293988 512 0 24686349168838
294500 512 0 24686349447479
295012 512 0 24686349726119
295524 512 0 24686350004760
296036 512 0 24686350283401
296548 512 0 24686350562042
297060 512 0 24686350840682
297572 512 0 24686351119323
298084 512 0 24686351397964
298596 512 0 24686351676604
299108 512 0 24686351955245
299620 512 0 24686352233886
300132 512 0 24686352512526
300644 512 0 24686352791167
301156 512 0 24686353069808
301668 512 0 24686353348448
302180 512 0 24686353627089
302692 512 0 24686353905730
303204 512 0 24686354184370
303716 512 0 24686354463011
304228 512 0 24686354741652
304740 512 0 24686355020293
305252 512 0 24686355298933
305764 512 0 24686355577574
306276 512 0 24686355856215
306788 512 0 24686356134855
307300 512 0 24686356413496
307812 512 0 24686356692137
308324 512 0 24686356970777
308836 512 0 24686357249418
309348 512 0 24686357528059
309860 512 0 24686357806699
310372 512 0 24686358085340
310884 512 0 24686358363981
311396 512 0 24686358642621
311908 512 0 24686358921261
312420 512 0 24686359199902
312932 512 0 24686359478543
313444 512 0 24686359757183
313956 512 0 24686360035824
314468 512 0 24686360314465
314980 512 0 24686360593105
315492 512 0 24686360871746
316004 512 0 24686361150387
316516 512 0 24686361429027
317028 512 0 24686361707668
317540 512 0 24686361986309
318052 512 0 24686362264949
318564 512 0 24686362543590
319076 512 0 24686362822231
319588 512 0 24686363100871
320100 512 0 24686363379512
320612 512 0 24686363658153
321124 512 0 24686363936794
321636 512 0 24686364215434
322148 512 0 24686364494075
322660 512 0 24686364772716
323172 512 0 24686365051356
323684 512 0 24686365329997
324196 512 0 24686365608638
324708 512 0 24686365887278
325220 512 0 24686366165919
325732 512 0 24686366444560
17644 512 0 24686383666112
18156 512 0 24686383794112
18668 512 0 24686383922112
19180 512 0 24686384050112
19692 512 0 24686384178112
20204 512 0 24686384306112
20716 512 0 24686384434112
21228 512 0 24686384562112
21740 512 0 24686384690112
22252 512 0 24686384818112
22764 512 0 24686384946112
23276 512 0 24686385074112
23788 512 0 24686385202112
24300 512 0 24686385330112
24812 512 0 24686385458112
25324 512 0 24686385586112
25836 512 0 24686385714112
26348 512 0 24686385842112
26860 512 0 24686385970112
27372 512 0 24686386098112
27884 512 0 24686386226112
28396 512 0 24686386354112
28908 512 0 24686386482112
29420 512 0 24686386610112
29932 512 0 24686386738112
30444 512 0 24686386866112
30956 512 0 24686386994112
31468 512 0 24686387122112
31980 512 0 24686387250112
32492 512 0 24686387378112
33004 512 0 24686387506112
33516 512 0 24686387634112
34028 512 0 24686387762112
34540 512 0 24686387890112
35052 512 0 24686388018112
35564 512 0 24686388146112
36076 512 0 24686388274112
36588 512 0 24686388402112
37100 512 0 24686388530112
37612 512 0 24686388658112
38124 512 0 24686388786112
38636 512 0 24686388914112
39148 512 0 24686389042112
39660 512 0 24686389170112
40172 512 0 24686389298112
40684 512 0 24686389426112
41196 512 0 24686389554112
41708 512 0 24686389682112
42220 512 0 24686389810112
42732 512 0 24686389938112
43244 512 0 24686390066112
43756 512 0 24686390194112
44268 512 0 24686390322112
44780 512 0 24686390450112
45292 512 0 24686390578112
45804 512 0 24686390706112
46316 512 0 24686390834112
46828 512 0 24686390962112
47340 512 0 24686391090112
47852 512 0 24686391218112
48364 512 0 24686391346112
48876 512 0 24686391474112
49388 512 0 24686391602112
49900 512 0 24686391730110
50412 512 0 24686391858110
50924 512 0 24686391986110
51436 512 0 24686392114110
51948 512 0 24686392242110
52460 512 0 24686392370110
52972 512 0 24686392498110
53484 512 0 24686392626110
53996 512 0 24686392754110
54508 512 0 24686392882110
55020 512 0 24686393010110
55532 512 0 24686393138110
56044 512 0 24686393266110
56556 512 0 24686393394110
57068 512 0 24686393522110
57580 512 0 24686393650110
58092 512 0 24686393778110
58604 512 0 24686393906110
59116 512 0 24686394034110
59628 512 0 24686394162110
60140 512 0 24686394290110
60652 512 0 24686394418110
61164 512 0 24686394546110
61676 512 0 24686394674110
62188 512 0 24686394802110
62700 512 0 24686394930110
63212 512 0 24686395058110
63724 512 0 24686395186110
64236 512 0 24686395314110
64748 512 0 24686395442110
65260 512 0 24686395570110
65772 512 0 24686395698109
66284 512 0 24686395826138
66796 512 0 24686395954138
67308 512 0 24686396082138
67820 512 0 24686396210139
68332 512 0 24686396338139
68844 512 0 24686396466139
69356 512 0 24686396594140
69868 512 0 24686396722140
70380 512 0 24686396850140
70892 512 0 24686396978141
71404 512 0 24686397106141
71916 512 0 24686397234141
72428 512 0 24686397362142
72940 512 0 24686397490142
73452 512 0 24686397618142
73964 512 0 24686397746143
74476 512 0 24686397874143
74988 512 0 24686398002143
75500 512 0 24686398130144
76012 512 0 24686398258144
76524 512 0 24686398386144
77036 512 0 24686398514145
77548 512 0 24686398642145
78060 512 0 24686398770146
78572 512 0 24686398898146
79084 512 0 24686399026146
79596 512 0 24686399154147
80108 512 0 24686399282147
80620 512 0 24686399410147
81132 512 0 24686399538148
81644 512 0 24686399666148
82156 512 0 24686399794148
82668 512 0 24686399922158
83180 512 0 24686400050158
83692 512 0 24686400178159
84204 512 0 24686400306159
84716 512 0 24686400434159
85228 512 0 24686400562160
85740 512 0 24686400690160
86252 512 0 24686400818161
86764 512 0 24686400946161
87276 512 0 24686401074162
87788 512 0 24686401202162
88300 512 0 24686401330162
88812 512 0 24686401458163
89324 512 0 24686401586163
89836 512 0 24686401714164
90348 512 0 24686401842164
90860 512 0 24686401970165
91372 512 0 24686402098165
91884 512 0 24686402226166
92396 512 0 24686402354166
92908 512 0 24686402482166
93420 512 0 24686402610167
93932 512 0 24686402738167
94444 512 0 24686402866168
94956 512 0 24686402994168
95468 512 0 24686403122169
95980 512 0 24686403250169
96492 512 0 24686403378170
97004 512 0 24686403506170
97516 512 0 24686403634170
98028 512 0 24686403762171
98540 512 0 24686403890171
99052 512 0 24686404018176
99564 512 0 24686404146177
100076 512 0 24686404274177
100588 512 0 24686404402178
101100 512 0 24686404530178
101612 512 0 24686404658179
102124 512 0 24686404786179
102636 512 0 24686404914180
103148 512 0 24686405042180
103660 512 0 24686405170181
104172 512 0 24686405298181
104684 512 0 24686405426182
105196 512 0 24686405554182
105708 512 0 24686405682183
106220 512 0 24686405810183
106732 512 0 24686405938183
107244 512 0 24686406066184
107756 512 0 24686406194184
108268 512 0 24686406322185
108780 512 0 24686406450185
109292 512 0 24686406578186
109804 512 0 24686406706186
110316 512 0 24686406834187
110828 512 0 24686406962187
111340 512 0 24686407090188
111852 512 0 24686407218188
112364 512 0 24686407346189
112876 512 0 24686407474189
113388 512 0 24686407602190
113900 512 0 24686407730190
114412 512 0 24686407858191
114924 512 0 24686407986191
115436 512 0 24686408114196
115948 512 0 24686408242196
116460 512 0 24686408370197
116972 512 0 24686408498197
117484 512 0 24686408626198
117996 512 0 24686408754198
118508 512 0 24686408882199
119020 512 0 24686409010199
119532 512 0 24686409138200
120044 512 0 24686409266200
120556 512 0 24686409394201
121068 512 0 24686409522201
121580 512 0 24686409650202
122092 512 0 24686409778202
122604 512 0 24686409906203
123116 512 0 24686410034203
123628 512 0 24686410162204
124140 512 0 24686410290204
124652 512 0 24686410418205
125164 512 0 24686410546205
125676 512 0 24686410674206
126188 512 0 24686410802207
126700 512 0 24686410930207
127212 512 0 24686411058208
127724 512 0 24686411186208
128236 512 0 24686411314209
128748 512 0 24686411442209
129260 512 0 24686411570210
129772 512 0 24686411698210
130284 512 0 24686411826211
130796 512 0 24686411954211
131308 512 0 24686412082212
131820 512 0 24686412210214
132332 512 0 24686412338215
132844 512 0 24686412466215
133356 512 0 24686412594216
133868 512 0 24686412722216
134380 512 0 24686412850217
134892 512 0 24686412978217
135404 512 0 24686413106218
135916 512 0 24686413234219
136428 512 0 24686413362219
136940 512 0 24686413490220
137452 512 0 24686413618220
137964 512 0 24686413746221
138476 512 0 24686413874221
138988 512 0 24686414002222
139500 512 0 24686414130222
140012 512 0 24686414258223
140524 512 0 24686414386223
141036 512 0 24686414514224
141548 512 0 24686414642224
142060 512 0 24686414770225
142572 512 0 24686414898226
143084 512 0 24686415026226
143596 512 0 24686415154227
144108 512 0 24686415282227
144620 512 0 24686415410228
145132 512 0 24686415538228
145644 512 0 24686415666229
146156 512 0 24686415794229
146668 512 0 24686415922230
147180 512 0 24686416050230
147692 512 0 24686416178231
148204 512 0 24686416306232
148716 512 0 24686416434233
149228 512 0 24686416562233
149740 512 0 24686416690234
150252 512 0 24686416818235
150764 512 0 24686416946235
151276 512 0 24686417074236
151788 512 0 24686417202236
152300 512 0 24686417330237
152812 512 0 24686417458237
153324 512 0 24686417586238
153836 512 0 24686417714238
154348 512 0 24686417842239
154860 512 0 24686417970239
155372 512 0 24686418098240
155884 512 0 24686418226241
156396 512 0 24686418354241
156908 512 0 24686418482242
157420 512 0 24686418610242
157932 512 0 24686418738243
158444 512 0 24686418866243
158956 512 0 24686418994244
159468 512 0 24686419122244
159980 512 0 24686419250245
160492 512 0 24686419378245
161004 512 0 24686419506246
161516 512 0 24686419634247
162028 512 0 24686419762247
162540 512 0 24686419890248
163052 512 0 24686420018248
163564 512 0 24686420146249
164076 512 0 24686420274249
164588 512 0 24686420402249
165100 512 0 24686420530250
165612 512 0 24686420658250
166124 512 0 24686420786251
166636 512 0 24686420914251
167148 512 0 24686421042252
167660 512 0 24686421170252
168172 512 0 24686421298253
168684 512 0 24686421426254
169196 512 0 24686421554254
169708 512 0 24686421682255
170220 512 0 24686421810255
170732 512 0 24686421938256
171244 512 0 24686422066256
171756 512 0 24686422194257
172268 512 0 24686422322257
172780 512 0 24686422450258
173292 512 0 24686422578258
173804 512 0 24686422706259
174316 512 0 24686422834260
174828 512 0 24686422962260
175340 512 0 24686423090261
175852 512 0 24686423218261
176364 512 0 24686423346262
176876 512 0 24686423474262
177388 512 0 24686423602263
177900 512 0 24686423730263
178412 512 0 24686423858264
178924 512 0 24686423986264
179436 512 0 24686424114265
179948 512 0 24686424242266
180460 512 0 24686424370266
180972 512 0 24686424498267
181484 512 0 24686424626268
181996 512 0 24686424754268
182508 512 0 24686424882269
183020 512 0 24686425010270
183532 512 0 24686425138270
184044 512 0 24686425266271
184556 512 0 24686425394271
185068 512 0 24686425522272
185580 512 0 24686425650272
186092 512 0 24686425778273
186604 512 0 24686425906273
187116 512 0 24686426034274
187628 512 0 24686426162274
188140 512 0 24686426290275
188652 512 0 24686426418276
189164 512 0 24686426546276
189676 512 0 24686426674277
190188 512 0 24686426802277
190700 512 0 24686426930278
191212 512 0 24686427058278
191724 512 0 24686427186279
192236 512 0 24686427314279
192748 512 0 24686427442280
193260 512 0 24686427570281
193772 512 0 24686427698281
194284 512 0 24686427826282
194796 512 0 24686427954282
195308 512 0 24686428082283
195820 512 0 24686428210283
196332 512 0 24686428338284
196844 512 0 24686428466284
197356 512 0 24686428594285
197868 512 0 24686428722286
198380 512 0 24686428850287
198892 512 0 24686428978287
199404 512 0 24686429106288
199916 512 0 24686429234288
200428 512 0 24686429362289
200940 512 0 24686429490289
201452 512 0 24686429618290
201964 512 0 24686429746290
202476 512 0 24686429874291
202988 512 0 24686430002292
203500 512 0 24686430130292
204012 512 0 24686430258293
204524 512 0 24686430386293
205036 512 0 24686430514294
205548 512 0 24686430642294
206060 512 0 24686430770295
206572 512 0 24686430898295
207084 512 0 24686431026296
207596 512 0 24686431154297
208108 512 0 24686431282297
208620 512 0 24686431410298
209132 512 0 24686431538298
209644 512 0 24686431666299
210156 512 0 24686431794299
210668 512 0 24686431922300
211180 512 0 24686432050300
211692 512 0 24686432178301
212204 512 0 24686432306301
212716 512 0 24686432434302
213228 512 0 24686432562303
213740 512 0 24686432690304
214252 512 0 24686432818304
214764 512 0 24686432946305
215276 512 0 24686433074305
215788 512 0 24686433202306
216300 512 0 24686433330306
216812 512 0 24686433458307
217324 512 0 24686433586307
217836 512 0 24686433714308
218348 512 0 24686433842309
218860 512 0 24686433970309
219372 512 0 24686434098310
219884 512 0 24686434226310
220396 512 0 24686434354311
220908 512 0 24686434482311
221420 512 0 24686434610312
221932 512 0 24686434738312
222444 512 0 24686434866313
222956 512 0 24686434994314
223468 512 0 24686435122314
223980 512 0 24686435250315
224492 512 0 24686435378315
225004 512 0 24686435506316
225516 512 0 24686435634316
226028 512 0 24686435762317
226540 512 0 24686435890317
227052 512 0 24686436018318
227564 512 0 24686436146319
228076 512 0 24686436274319
228588 512 0 24686436402320
229100 512 0 24686436530320
229612 512 0 24686436658321
230124 512 0 24686436786320
230636 512 0 24686436914321
231148 512 0 24686437042321
231660 512 0 24686437170322
232172 512 0 24686437298323
232684 512 0 24686437426323
233196 512 0 24686437554324
233708 512 0 24686437682324
234220 512 0 24686437810325
234732 512 0 24686437938325
235244 512 0 24686438066326
235756 512 0 24686438194326
236268 512 0 24686438322327
236780 512 0 24686438450327
237292 512 0 24686438578328
237804 512 0 24686438706329
238316 512 0 24686438834329
238828 512 0 24686438962330
239340 512 0 24686439090330
239852 512 0 24686439218331
240364 512 0 24686439346331
240876 512 0 24686439474332
241388 512 0 24686439602332
241900 512 0 24686439730333
242412 512 0 24686439858334
242924 512 0 24686439986334
243436 512 0 24686440114335
243948 512 0 24686440242335
244460 512 0 24686440370336
244972 512 0 24686440498336
245484 512 0 24686440626337
245996 512 0 24686440754337
246508 512 0 24686440882338
247020 512 0 24686441010339
247532 512 0 24686441138340
248044 512 0 24686441266340
248556 512 0 24686441394341
249068 512 0 24686441522341
249580 512 0 24686441650342
250092 512 0 24686441778342
250604 512 0 24686441906343
251116 512 0 24686442034343
251628 512 0 24686442162344
252140 512 0 24686442290345
252652 512 0 24686442418345
253164 512 0 24686442546346
253676 512 0 24686442674346
254188 512 0 24686442802347
254700 512 0 24686442930347
255212 512 0 24686443058348
255724 512 0 24686443186348
256236 512 0 24686443314349
256748 512 0 24686443442350
257260 512 0 24686443570350
257772 512 0 24686443698351
258284 512 0 24686443826351
258796 512 0 24686443954352
259308 512 0 24686444082352
259820 512 0 24686444210353
260332 512 0 24686444338353
260844 512 0 24686444466354
261356 512 0 24686444594354
261868 512 0 24686444722355
262380 512 0 24686444850356
262892 512 0 24686444978355
263404 512 0 24686445106356
263916 512 0 24686445234356
264428 512 0 24686445362357
264940 512 0 24686445490357
265452 512 0 24686445618358
265964 512 0 24686445746359
266476 512 0 24686445874359
266988 512 0 24686446002360
267500 512 0 24686446130360
268012 512 0 24686446258361
268524 512 0 24686446386361
269036 512 0 24686446514362
269548 512 0 24686446642362
270060 512 0 24686446770363
270572 512 0 24686446898364
271084 512 0 24686447026364
271596 512 0 24686447154365
272108 512 0 24686447282365
272620 512 0 24686447410366
273132 512 0 24686447538366
273644 512 0 24686447666367
274156 512 0 24686447794367
274668 512 0 24686447922368
275180 512 0 24686448050368
275692 512 0 24686448178369
276204 512 0 24686448306370
276716 512 0 24686448434370
277228 512 0 24686448562371
277740 512 0 24686448690371
278252 512 0 24686448818372
278764 512 0 24686448946372
279276 512 0 24686449074374
279788 512 0 24686449202375
280300 512 0 24686449330376
280812 512 0 24686449458376
281324 512 0 24686449586377
281836 512 0 24686449714377
282348 512 0 24686449842378
282860 512 0 24686449970378
283372 512 0 24686450098379
283884 512 0 24686450226379
284396 512 0 24686450354380
284908 512 0 24686450482381
285420 512 0 24686450610381
285932 512 0 24686450738382
286444 512 0 24686450866382
286956 512 0 24686450994383
287468 512 0 24686451122383
287980 512 0 24686451250384
288492 512 0 24686451378384
289004 512 0 24686451506385
289516 512 0 24686451634385
290028 512 0 24686451762386
290540 512 0 24686451890387
291052 512 0 24686452018387
291564 512 0 24686452146388
292076 512 0 24686452274388
292588 512 0 24686452402389
293100 512 0 24686452530389
293612 512 0 24686452658390
294124 512 0 24686452786390
294636 512 0 24686452914391
295148 512 0 24686453042392
295660 512 0 24686453170392
296172 512 0 24686453298393
296684 512 0 24686453426394
297196 512 0 24686453554394
297708 512 0 24686453682395
298220 512 0 24686453810395
298732 512 0 24686453938396
299244 512 0 24686454066396
299756 512 0 24686454194397
300268 512 0 24686454322397
300780 512 0 24686454450398
301292 512 0 24686454578399
301804 512 0 24686454706399
302316 512 0 24686454834400
302828 512 0 24686454962400
303340 512 0 24686455090401
303852 512 0 24686455218401
304364 512 0 24686455346402
304876 512 0 24686455474402
305388 512 0 24686455602403
305900 512 0 24686455730404
306412 512 0 24686455858404
306924 512 0 24686455986405
307436 512 0 24686456114405
307948 512 0 24686456242406
308460 512 0 24686456370406
308972 512 0 24686456498407
309484 512 0 24686456626407
309996 512 0 24686456754408
310508 512 0 24686456882409
311020 512 0 24686457010409
311532 512 0 24686457138410
312044 512 0 24686457266411
312556 512 0 24686457394411
313068 512 0 24686457522412
313580 512 0 24686457650412
314092 512 0 24686457778413
314604 512 0 24686457906413
315116 512 0 24686458034414
315628 512 0 24686458162414
316140 512 0 24686458290415
316652 512 0 24686458418416
317164 512 0 24686458546416
317676 512 0 24686458674417
318188 512 0 24686458802417
318700 512 0 24686458930418
319212 512 0 24686459058418
319724 512 0 24686459186419
320236 512 0 24686459314419
320748 512 0 24686459442420
321260 512 0 24686459570420
321772 512 0 24686459698421
322284 512 0 24686459826422
322796 512 0 24686459954422
323308 512 0 24686460082423
323820 512 0 24686460210423
324332 512 0 24686460338424
324844 512 0 24686460466424
325356 512 0 24686460594425
325868 512 0 24686460722425
326380 512 0 24686460850426
326892 512 0 24686460978427
327404 512 0 24686461106427
327916 512 0 24686461234428
328428 512 0 24686461362429
328940 512 0 24686461490429
329452 512 0 24686461618430
329964 512 0 24686461746430
330476 512 0 24686461874431
330988 512 0 24686462002431
331500 512 0 24686462130432
332012 512 0 24686462258432
332524 512 0 24686462386433
333036 512 0 24686462514434
333548 512 0 24686462642434
334060 512 0 24686462770435
334572 512 0 24686462898435
335084 512 0 24686463026436
335596 512 0 24686463154436
336108 512 0 24686463282437
336620 512 0 24686463410437
337132 512 0 24686463538438
337644 512 0 24686463666439
338156 512 0 24686463794439
338668 512 0 24686463922440
339180 512 0 24686464050440
339692 512 0 24686464178441
340204 512 0 24686464306441
340716 512 0 24686464434442
341228 512 0 24686464562442
341740 512 0 24686464690443
342252 512 0 24686464818444
342764 512 0 24686464946444
343276 512 0 24686465074445
343788 512 0 24686465202445
344300 512 0 24686465330446
344812 512 0 24686465458447
345324 512 0 24686465586447
345836 512 0 24686465714448
346348 512 0 24686465842448
346860 512 0 24686465970449
347372 512 0 24686466098449
347884 512 0 24686466226450
348396 512 0 24686466354450
348908 512 0 24686466482451
349420 512 0 24686466610452
349932 512 0 24686466738452
350444 512 0 24686466866453
350956 512 0 24686466994453
351468 512 0 24686467122454
351980 512 0 24686467250454
352492 512 0 24686467378455
353004 512 0 24686467506455
353516 512 0 24686467634456
354028 512 0 24686467762457
354540 512 0 24686467890457
355052 512 0 24686468018458
355564 512 0 24686468146458
356076 512 0 24686468274459
356588 512 0 24686468402459
357100 512 0 24686468530460
357612 512 0 24686468658460
358124 512 0 24686468786461
358636 512 0 24686468914462
359148 512 0 24686469042462
359660 512 0 24686469170463
360172 512 0 24686469298463
360684 512 0 24686469426464
361196 512 0 24686469554465
361708 512 0 24686469682465
362220 512 0 24686469810466
362732 512 0 24686469938466
363244 512 0 24686470066467
363756 512 0 24686470194467
364268 512 0 24686470322468
364780 512 0 24686470450468
365292 512 0 24686470578469
365804 512 0 24686470706470
366316 512 0 24686470834470
366828 512 0 24686470962471
367340 512 0 24686471090471
367852 512 0 24686471218472
368364 512 0 24686471346472
368876 512 0 24686471474473
369388 512 0 24686471602474
369900 512 0 24686471730474
370412 512 0 24686471858475
370924 512 0 24686471986475
371436 512 0 24686472114476
371948 512 0 24686472242476
372460 512 0 24686472370477
372972 512 0 24686472498477
373484 512 0 24686472626478
373996 512 0 24686472754479
374508 512 0 24686472882479
375020 512 0 24686473010480
375532 512 0 24686473138480
376044 512 0 24686473266481
376556 512 0 24686473394481
377068 512 0 24686473522482
377580 512 0 24686473650482
378092 512 0 24686473778482
378604 512 0 24686473906483
379116 512 0 24686474034483
379628 512 0 24686474162484
380140 512 0 24686474290484
380652 512 0 24686474418485
381164 512 0 24686474546485
381676 512 0 24686474674486
382188 512 0 24686474802487
382700 512 0 24686474930487
383212 512 0 24686475058488
383724 512 0 24686475186488
384236 512 0 24686475314489
384748 512 0 24686475442489
385260 512 0 24686475570490
385772 512 0 24686475698490
386284 512 0 24686475826491
386796 512 0 24686475954491
387308 512 0 24686476082492
387820 512 0 24686476210493
388332 512 0 24686476338493
388844 512 0 24686476466494
389356 512 0 24686476594494
389868 512 0 24686476722495
390380 512 0 24686476850495
390892 512 0 24686476978496
391404 512 0 24686477106496
391916 512 0 24686477234497
392428 512 0 24686477362498
392940 512 0 24686477490498
393452 512 0 24686477618499
393964 512 0 24686477746500
394476 512 0 24686477874500
394988 512 0 24686478002501
395500 512 0 24686478130501
396012 512 0 24686478258502
396524 512 0 24686478386502
397036 512 0 24686478514503
397548 512 0 24686478642503
398060 512 0 24686478770504
398572 512 0 24686478898505
399084 512 0 24686479026505
399596 512 0 24686479154506
400108 512 0 24686479282506
400620 512 0 24686479410507
401132 512 0 24686479538507
401644 512 0 24686479666508
402156 512 0 24686479794508
402668 512 0 24686479922509
403180 512 0 24686480050510
403692 512 0 24686480178510
404204 512 0 24686480306511
404716 512 0 24686480434511
405228 512 0 24686480562512
405740 512 0 24686480690512
406252 512 0 24686480818513
406764 512 0 24686480946513
407276 512 0 24686481074514
407788 512 0 24686481202515
408300 512 0 24686481330515
408812 512 0 24686481458516
409324 512 0 24686481586516
409836 512 0 24686481714517
410348 512 0 24686481842518
410860 512 0 24686481970518
411372 512 0 24686482098519
411884 512 0 24686482226519
412396 512 0 24686482354520
412908 512 0 24686482482520
413420 512 0 24686482610521
413932 512 0 24686482738521
414444 512 0 24686482866522
414956 512 0 24686482994523
415468 512 0 24686483122523
415980 512 0 24686483250524
416492 512 0 24686483378524
417004 512 0 24686483506525
417516 512 0 24686483634525
418028 512 0 24686483762526
418540 512 0 24686483890526
419052 512 0 24686484018527
419564 512 0 24686484146528
420076 512 0 24686484274528
420588 512 0 24686484402529
421100 512 0 24686484530529
421612 512 0 24686484658530
422124 512 0 24686484786530
422636 512 0 24686484914531
423148 512 0 24686485042531
423660 512 0 24686485170532
424172 512 0 24686485298533
424684 512 0 24686485426533
425196 512 0 24686485554534
425708 512 0 24686485682534
426220 512 0 24686485810535
426732 512 0 24686485938536
427244 512 0 24686486066536
427756 512 0 24686486194537
428268 512 0 24686486322537
428780 512 0 24686486450538
429292 512 0 24686486578538
429804 512 0 24686486706539
430316 512 0 24686486834539
430828 512 0 24686486962540
431340 512 0 24686487090541
431852 512 0 24686487218541
432364 512 0 24686487346542
432876 512 0 24686487474542
433388 512 0 24686487602543
433900 512 0 24686487730543
434412 512 0 24686487858544
434924 512 0 24686487986545
435436 512 0 24686488114545
435948 512 0 24686488242546
436460 512 0 24686488370546
436972 512 0 24686488498547
437484 512 0 24686488626547
437996 512 0 24686488754548
438508 512 0 24686488882548
439020 512 0 24686489010549
439532 512 0 24686489138550
440044 512 0 24686489266550
440556 512 0 24686489394551
441068 512 0 24686489522551
441580 512 0 24686489650552
442092 512 0 24686489778552
442604 512 0 24686489906553
443116 512 0 24686490034554
443628 512 0 24686490162554
444140 512 0 24686490290555
444652 512 0 24686490418555
445164 512 0 24686490546556
445676 512 0 24686490674556
446188 512 0 24686490802557
446700 512 0 24686490930558
447212 512 0 24686491058558
447724 512 0 24686491186559
448236 512 0 24686491314559
448748 512 0 24686491442560
449260 512 0 24686491570560
449772 512 0 24686491698561
450284 512 0 24686491826561
450796 512 0 24686491954562
451308 512 0 24686492082563
451820 512 0 24686492210563
452332 512 0 24686492338564
452844 512 0 24686492466564
453356 512 0 24686492594565
453868 512 0 24686492722565
454380 512 0 24686492850566
454892 512 0 24686492978566
455404 512 0 24686493106567
455916 512 0 24686493234568
456428 512 0 24686493362568
456940 512 0 24686493490569
457452 512 0 24686493618569
457964 512 0 24686493746570
458476 512 0 24686493874570
458988 512 0 24686494002571
459500 512 0 24686494130572
460012 512 0 24686494258572
460524 512 0 24686494386573
461036 512 0 24686494514573
461548 512 0 24686494642574
462060 512 0 24686494770574
462572 512 0 24686494898575
463084 512 0 24686495026576
463596 512 0 24686495154576
464108 512 0 24686495282577
464620 512 0 24686495410577
465132 512 0 24686495538578
465644 512 0 24686495666578
466156 512 0 24686495794579
466668 512 0 24686495922579
467180 512 0 24686496050580
467692 512 0 24686496178581
468204 512 0 24686496306581
468716 512 0 24686496434582
469228 512 0 24686496562582
469740 512 0 24686496690583
470252 512 0 24686496818583
470764 512 0 24686496946584
471276 512 0 24686497074584
471788 512 0 24686497202585
472300 512 0 24686497330586
472812 512 0 24686497458586
473324 512 0 24686497586587
473836 512 0 24686497714587
474348 512 0 24686497842588
474860 512 0 24686497970588
475372 512 0 24686498098589
475884 512 0 24686498226589
476396 512 0 24686498354589
476908 512 0 24686498482590
477420 512 0 24686498610590
477932 512 0 24686498738591
478444 512 0 24686498866591
478956 512 0 24686498994592
479468 512 0 24686499122592
479980 512 0 24686499250593
480492 512 0 24686499378594
481004 512 0 24686499506594
481516 512 0 24686499634595
482028 512 0 24686499762595
482540 512 0 24686499890596
483052 512 0 24686500018596
483564 512 0 24686500146597
484076 512 0 24686500274597
484588 512 0 24686500402598
485100 512 0 24686500530599
485612 512 0 24686500658599
486124 512 0 24686500786600
486636 512 0 24686500914600
487148 512 0 24686501042601
487660 512 0 24686501170601
488172 512 0 24686501298602
488684 512 0 24686501426602
489196 512 0 24686501554603
489708 512 0 24686501682604
490220 512 0 24686501810604
490732 512 0 24686501938605
491244 512 0 24686502066605
491756 512 0 24686502194606
492268 512 0 24686502322608
492780 512 0 24686502450608
493292 512 0 24686502578609
493804 512 0 24686502706609
494316 512 0 24686502834610
494828 512 0 24686502962610
495340 512 0 24686503090611
495852 512 0 24686503218612
496364 512 0 24686503346612
496876 512 0 24686503474613
497388 512 0 24686503602613
497900 512 0 24686503730614
498412 512 0 24686503858614
498924 512 0 24686503986615
499436 512 0 24686504114616
499948 512 0 24686504242616
500460 512 0 24686504370617
500972 512 0 24686504498617
501484 512 0 24686504626618
501996 512 0 24686504754618
502508 512 0 24686504882619
503020 512 0 24686505010619
503532 512 0 24686505138620
504044 512 0 24686505266621
504556 512 0 24686505394621
505068 512 0 24686505522622
505580 512 0 24686505650622
506092 512 0 24686505778623
506604 512 0 24686505906623
507116 512 0 24686506034624
507628 512 0 24686506162624
508140 512 0 24686506290625
508652 512 0 24686506418626
509164 512 0 24686506546626
509676 512 0 24686506674627
510188 512 0 24686506802627
510700 512 0 24686506930628
511212 512 0 24686507058628
511724 512 0 24686507186629
512236 512 0 24686507314630
512748 512 0 24686507442630
513260 512 0 24686507570631
513772 512 0 24686507698631
514284 512 0 24686507826632
514796 512 0 24686507954632
515308 512 0 24686508082633
515820 512 0 24686508210634
516332 512 0 24686508338634
516844 512 0 24686508466635
517356 512 0 24686508594635
517868 512 0 24686508722636
518380 512 0 24686508850636
518892 512 0 24686508978637
519404 512 0 24686509106637
519916 512 0 24686509234638
520428 512 0 24686509362639
520940 512 0 24686509490639
521452 512 0 24686509618640
521964 512 0 24686509746640
522476 512 0 24686509874641
522988 512 0 24686510002641
523500 512 0 24686510130642
524012 512 0 24686510258642
524524 512 0 24686510386643
525036 512 0 24686510514643
525548 512 0 24686510642643
526060 512 0 24686510770644
526572 512 0 24686510898644
527084 512 0 24686511026645
527596 512 0 24686511154645
528108 512 0 24686511282646
528620 512 0 24686511410647
529132 512 0 24686511538647
529644 512 0 24686511666648
530156 512 0 24686511794648
530668 512 0 24686511922649
531180 512 0 24686512050649
531692 512 0 24686512178650
532204 512 0 24686512306650
532716 512 0 24686512434651
533228 512 0 24686512562652
533740 512 0 24686512690652
534252 512 0 24686512818653
534764 512 0 24686512946653
535276 512 0 24686513074654
535788 512 0 24686513202654
536300 512 0 24686513330655
536812 512 0 24686513458655
537324 512 0 24686513586656
537836 512 0 24686513714657
538348 512 0 24686513842657
538860 512 0 24686513970658
539372 512 0 24686514098658
539884 512 0 24686514226659
540396 512 0 24686514354659
540908 512 0 24686514482660
541420 512 0 24686514610661
541932 512 0 24686514738661
542444 512 0 24686514866662
542956 512 0 24686514994662
543468 512 0 24686515122663
543980 512 0 24686515250663
544492 512 0 24686515378664
545004 512 0 24686515506665
545516 512 0 24686515634665
546028 512 0 24686515762666
546540 512 0 24686515890666
547052 512 0 24686516018667
547564 512 0 24686516146667
548076 512 0 24686516274668
548588 512 0 24686516402668
549100 512 0 24686516530669
549612 512 0 24686516658670
550124 512 0 24686516786670
550636 512 0 24686516914671
551148 512 0 24686517042671
551660 512 0 24686517170672
552172 512 0 24686517298672
552684 512 0 24686517426673
553196 512 0 24686517554673
553708 512 0 24686517682674
554220 512 0 24686517810675
554732 512 0 24686517938675
555244 512 0 24686518066676
555756 512 0 24686518194676
556268 512 0 24686518322677
556780 512 0 24686518450677
557292 512 0 24686518578678
557804 512 0 24686518706679
558316 512 0 24686518834679
558828 512 0 24686518962680
559340 512 0 24686519090680
559852 512 0 24686519218681
560364 512 0 24686519346681
560876 512 0 24686519474682
561388 512 0 24686519602683
561900 512 0 24686519730683
562412 512 0 24686519858684
562924 512 0 24686519986684
563436 512 0 24686520114685
563948 512 0 24686520242685
564460 512 0 24686520370686
564972 512 0 24686520498686
565484 512 0 24686520626687
565996 512 0 24686520754688
566508 512 0 24686520882688
567020 512 0 24686521010689
567532 512 0 24686521138689
568044 512 0 24686521266690
568556 512 0 24686521394690
569068 512 0 24686521522691
569580 512 0 24686521650691
570092 512 0 24686521778692
570604 512 0 24686521906693
571116 512 0 24686522034693
571628 512 0 24686522162694
572140 512 0 24686522290694
572652 512 0 24686522418695
573164 512 0 24686522546695
573676 512 0 24686522674696
574188 512 0 24686522802697
574700 512 0 24686522930697
575212 512 0 24686523058698
575724 512 0 24686523186698
576236 512 0 24686523314699
576748 512 0 24686523442699
577260 512 0 24686523570700
577772 512 0 24686523698701
578284 512 0 24686523826701
578796 512 0 24686523954702
579308 512 0 24686524082702
579820 512 0 24686524210703
580332 512 0 24686524338703
580844 512 0 24686524466704
581356 512 0 24686524594704
581868 512 0 24686524722705
582380 512 0 24686524850706
582892 512 0 24686524978706
583404 512 0 24686525106707
583916 512 0 24686525234707
584428 512 0 24686525362708
584940 512 0 24686525490708
585452 512 0 24686525618709
585964 512 0 24686525746709
586476 512 0 24686525874710
586988 512 0 24686526002711
587500 512 0 24686526130711
588012 512 0 24686526258712
588524 512 0 24686526386712
589036 512 0 24686526514713
589548 512 0 24686526642713
590060 512 0 24686526770714
590572 512 0 24686526898714
591084 512 0 24686527026714
591596 512 0 24686527154715
592108 512 0 24686527282715
592620 512 0 24686527410716
593132 512 0 24686527538716
593644 512 0 24686527666717
594156 512 0 24686527794717
594668 512 0 24686527922718
595180 512 0 24686528050719
595692 512 0 24686528178719
596204 512 0 24686528306720
596716 512 0 24686528434720
597228 512 0 24686528562721
597740 512 0 24686528690721
598252 512 0 24686528818722
598764 512 0 24686528946722
599276 512 0 24686529074723
599788 512 0 24686529202724
600300 512 0 24686529330724
600812 512 0 24686529458725
601324 512 0 24686529586725
601836 512 0 24686529714726
602348 512 0 24686529842726
602860 512 0 24686529970727
603372 512 0 24686530098727
603884 512 0 24686530226728
604396 512 0 24686530354729
604908 512 0 24686530482729
605420 512 0 24686530610730
605932 512 0 24686530738730
606444 512 0 24686530866731
606956 512 0 24686530994733
607468 512 0 24686531122733
607980 512 0 24686531250734
608492 512 0 24686531378734
609004 512 0 24686531506735
609516 512 0 24686531634736
610028 512 0 24686531762736
610540 512 0 24686531890737
611052 512 0 24686532018737
611564 512 0 24686532146738
612076 512 0 24686532274738
612588 512 0 24686532402739
613100 512 0 24686532530739
613612 512 0 24686532658740
614124 512 0 24686532786741
614636 512 0 24686532914741
615148 512 0 24686533042742
615660 512 0 24686533170742
616172 512 0 24686533298743
616684 512 0 24686533426743
617196 512 0 24686533554744
617708 512 0 24686533682744
618220 512 0 24686533810745
618732 512 0 24686533938746
619244 512 0 24686534066746
619756 512 0 24686534194747
620268 512 0 24686534322747
620780 512 0 24686534450748
621292 512 0 24686534578748
621804 512 0 24686534706749
622316 512 0 24686534834749
622828 512 0 24686534962750
623340 512 0 24686535090750
623852 512 0 24686535218750
624364 512 0 24686535346751
624876 512 0 24686535474751
625388 512 0 24686535602752
625900 512 0 24686535730752
626412 512 0 24686535858753
626924 512 0 24686535986754
627436 512 0 24686536114754
627948 512 0 24686536242755
628460 512 0 24686536370755
628972 512 0 24686536498756
629484 512 0 24686536626756
629996 512 0 24686536754757
630508 512 0 24686536882757
631020 512 0 24686537010758
631532 512 0 24686537138759
632044 512 0 24686537266759
632556 512 0 24686537394760
633068 512 0 24686537522760
633580 512 0 24686537650761
634092 512 0 24686537778761
634604 512 0 24686537906762
635116 512 0 24686538034762
635628 512 0 24686538162763
636140 512 0 24686538290764
636652 512 0 24686538418764
637164 512 0 24686538546765
637676 512 0 24686538674765
638188 512 0 24686538802766
638700 512 0 24686538930766
639212 512 0 24686539058767
639724 512 0 24686539186768
640236 512 0 24686539314768
640748 512 0 24686539442769
641260 512 0 24686539570769
641772 512 0 24686539698770
642284 512 0 24686539826770
642796 512 0 24686539954771
643308 512 0 24686540082772
643820 512 0 24686540210772
644332 512 0 24686540338773
644844 512 0 24686540466773
645356 512 0 24686540594774
645868 512 0 24686540722774
646380 512 0 24686540850775
646892 512 0 24686540978775
647404 512 0 24686541106776
647916 512 0 24686541234777
648428 512 0 24686541362777
648940 512 0 24686541490778
649452 512 0 24686541618778
649964 512 0 24686541746779
650476 512 0 24686541874779
650988 512 0 24686542002780
651500 512 0 24686542130780
652012 512 0 24686542258781
652524 512 0 24686542386782
653036 512 0 24686542514782
653548 512 0 24686542642783
654060 512 0 24686542770783
654572 512 0 24686542898784
655084 512 0 24686543026784
655596 512 0 24686543154785
656108 512 0 24686543282786
656620 512 0 24686543410786
657132 512 0 24686543538787
657644 512 0 24686543666787
658156 512 0 24686543794788
658668 512 0 24686543922788
659180 512 0 24686544050789
659692 512 0 24686544178790
660204 512 0 24686544306790
660716 512 0 24686544434791
661228 512 0 24686544562791
661740 512 0 24686544690792
662252 512 0 24686544818792
662764 512 0 24686544946793
663276 512 0 24686545074793
663788 512 0 24686545202794
664300 512 0 24686545330795
664812 512 0 24686545458795
665324 512 0 24686545586796
665836 512 0 24686545714796
666348 512 0 24686545842797
666860 512 0 24686545970797
667372 512 0 24686546098798
667884 512 0 24686546226798
668396 512 0 24686546354799
668908 512 0 24686546482800
669420 512 0 24686546610800
669932 512 0 24686546738801
670444 512 0 24686546866801
670956 512 0 24686546994802
671468 512 0 24686547122802
671980 512 0 24686547250803
672492 512 0 24686547378804
673004 512 0 24686547506804
673516 512 0 24686547634805
674028 512 0 24686547762805
674540 512 0 24686547890806
675052 512 0 24686548018806
675564 512 0 24686548146807
676076 512 0 24686548274808
676588 512 0 24686548402808
677100 512 0 24686548530809
677612 512 0 24686548658809
678124 512 0 24686548786810
678636 512 0 24686548914810
679148 512 0 24686549042811
679660 512 0 24686549170811
680172 512 0 24686549298812
680684 512 0 24686549426813
681196 512 0 24686549554813
681708 512 0 24686549682814
682220 512 0 24686549810814
682732 512 0 24686549938815
683244 512 0 24686550066815
683756 512 0 24686550194816
684268 512 0 24686550322817
684780 512 0 24686550450817
685292 512 0 24686550578818
685804 512 0 24686550706818
686316 512 0 24686550834819
686828 512 0 24686550962819
687340 512 0 24686551090820
687852 512 0 24686551218820
688364 512 0 24686551346821
688876 512 0 24686551474822
689388 512 0 24686551602822
689900 512 0 24686551730823
690412 512 0 24686551858823
690924 512 0 24686551986824
691436 512 0 24686552114824
691948 512 0 24686552242825
692460 512 0 24686552370826
692972 512 0 24686552498826
693484 512 0 24686552626827
693996 512 0 24686552754827
694508 512 0 24686552882828
695020 512 0 24686553010828
695532 512 0 24686553138829
696044 512 0 24686553266830
696556 512 0 24686553394830
697068 512 0 24686553522831
697580 512 0 24686553650831
698092 512 0 24686553778832
698604 512 0 24686553906832
699116 512 0 24686554034833
699628 512 0 24686554162833
700140 512 0 24686554290834
700652 512 0 24686554418835
701164 512 0 24686554546835
701676 512 0 24686554674836
702188 512 0 24686554802836
702700 512 0 24686554930837
703212 512 0 24686555058837
703724 512 0 24686555186838
704236 512 0 24686555314838
704748 512 0 24686555442839
705260 512 0 24686555570840
705772 512 0 24686555698840
706284 512 0 24686555826841
706796 512 0 24686555954841
707308 512 0 24686556082842
707820 512 0 24686556210842
708332 512 0 24686556338843
708844 512 0 24686556466844
709356 512 0 24686556594844
709868 512 0 24686556722845
710380 512 0 24686556850845
710892 512 0 24686556978846
711404 512 0 24686557106846
711916 512 0 24686557234847
712428 512 0 24686557362848
712940 512 0 24686557490848
713452 512 0 24686557618849
713964 512 0 24686557746849
714476 512 0 24686557874850
714988 512 0 24686558002850
715500 512 0 24686558130851
716012 512 0 24686558258851
716524 512 0 24686558386852
717036 512 0 24686558514853
717548 512 0 24686558642853
718060 512 0 24686558770854
718572 512 0 24686558898854
719084 512 0 24686559026855
719596 512 0 24686559154855
720108 512 0 24686559282856
720620 512 0 24686559410856
721132 512 0 24686559538857
721644 512 0 24686559666858
722156 512 0 24686559794858
722668 512 0 24686559922859
723180 512 0 24686560050859
723692 512 0 24686560178860
724204 512 0 24686560306861
724716 512 0 24686560434861
725228 512 0 24686560562862
725740 512 0 24686560690862
726252 512 0 24686560818863
726764 512 0 24686560946863
727276 512 0 24686561074864
727788 512 0 24686561202864
728300 512 0 24686561330865
728812 512 0 24686561458866
729324 512 0 24686561586866
729836 512 0 24686561714867
730348 512 0 24686561842867
730860 512 0 24686561970868
731372 512 0 24686562098868
731884 512 0 24686562226869
732396 512 0 24686562354869
732908 512 0 24686562482870
733420 512 0 24686562610871
733932 512 0 24686562738871
734444 512 0 24686562866872
734956 512 0 24686562994872
735468 512 0 24686563122873
735980 512 0 24686563250873
736492 512 0 24686563378874
737004 512 0 24686563506874
737516 512 0 24686563634875
738028 512 0 24686563762875
738540 512 0 24686563890875
739052 512 0 24686564018876
739564 512 0 24686564146876
740076 512 0 24686564274877
740588 512 0 24686564402877
741100 512 0 24686564530878
743668 512 0 24686565172881
744196 512 0 24686565304881
9352 512 0 24686582896921
9864 512 0 24686583175561
10376 512 0 24686583454200
10888 512 0 24686583732840
11400 512 0 24686584011479
11912 512 0 24686584290119
12424 512 0 24686584568758
12936 512 0 24686584847398
13448 512 0 24686585126037
13960 512 0 24686585404676
14472 512 0 24686585683316
14984 512 0 24686585961955
15496 512 0 24686586240595
16008 512 0 24686586519234
16520 512 0 24686586797874
17032 512 0 24686587076513
17544 512 0 24686587355152
18056 512 0 24686587633792
18568 512 0 24686587912431
19080 512 0 24686588191071
19592 512 0 24686588469710
20104 512 0 24686588748350
20616 512 0 24686589026989
21128 512 0 24686589305629
21640 512 0 24686589584268
22152 512 0 24686589862907
22664 512 0 24686590141547
23176 512 0 24686590420186
23688 512 0 24686590698826
24200 512 0 24686590977465
24712 512 0 24686591256105
25224 512 0 24686591534773
25736 512 0 24686591813413
26248 512 0 24686592092053
26760 512 0 24686592370694
27272 512 0 24686592649334
27784 512 0 24686592927974
28296 512 0 24686593206614
28808 512 0 24686593485254
29320 512 0 24686593763894
29832 512 0 24686594042535
30344 512 0 24686594321175
30856 512 0 24686594599815
31368 512 0 24686594878455
31880 512 0 24686595157095
32392 512 0 24686595435736
32904 512 0 24686595714376
33416 512 0 24686595993027
33928 512 0 24686596271667
34440 512 0 24686596550308
34952 512 0 24686596828948
35464 512 0 24686597107589
35976 512 0 24686597386229
36488 512 0 24686597664870
37000 512 0 24686597943510
37512 512 0 24686598222151
38024 512 0 24686598500791
38536 512 0 24686598779432
39048 512 0 24686599058072
39560 512 0 24686599336712
40072 512 0 24686599615353
40584 512 0 24686599893993
41096 512 0 24686600172634
41608 512 0 24686600451278
42120 512 0 24686600729919
42632 512 0 24686601008559
43144 512 0 24686601287200
43656 512 0 24686601565840
44168 512 0 24686601844481
44680 512 0 24686602123121
45192 512 0 24686602401762
45704 512 0 24686602680403
46216 512 0 24686602959043
46728 512 0 24686603237684
47240 512 0 24686603516324
47752 512 0 24686603794965
48264 512 0 24686604073605
48776 512 0 24686604352246
49288 512 0 24686604630886
49800 512 0 24686604909529
50312 512 0 24686605188169
50824 512 0 24686605466810
51336 512 0 24686605745451
51848 512 0 24686606024091
52360 512 0 24686606302732
52872 512 0 24686606581372
53384 512 0 24686606860013
53896 512 0 24686607138654
54408 512 0 24686607417294
54920 512 0 24686607695935
55432 512 0 24686607974575
55944 512 0 24686608253216
56456 512 0 24686608531856
56968 512 0 24686608810497
57480 512 0 24686609089138
57992 512 0 24686609367779
58504 512 0 24686609646420
59016 512 0 24686609925060
59528 512 0 24686610203701
60040 512 0 24686610482342
60552 512 0 24686610760982
61064 512 0 24686611039623
61576 512 0 24686611318263
62088 512 0 24686611596904
62600 512 0 24686611875545
63112 512 0 24686612154185
63624 512 0 24686612432826
64136 512 0 24686612711466
64648 512 0 24686612990107
65160 512 0 24686613268748
65672 512 0 24686613547388
66184 512 0 24686613826029
66696 512 0 24686614104670
67208 512 0 24686614383311
67720 512 0 24686614661951
68232 512 0 24686614940592
68744 512 0 24686615219232
69256 512 0 24686615497873
69768 512 0 24686615776514
70280 512 0 24686616055154
70792 512 0 24686616333795
71304 512 0 24686616612436
71816 512 0 24686616891076
72328 512 0 24686617169717
72840 512 0 24686617448357
73352 512 0 24686617726998
73864 512 0 24686618005639
74376 512 0 24686618284281
74888 512 0 24686618562921
75400 512 0 24686618841562
75912 512 0 24686619120203
76424 512 0 24686619398843
76936 512 0 24686619677484
77448 512 0 24686619956124
77960 512 0 24686620234765
78472 512 0 24686620513406
78984 512 0 24686620792046
79496 512 0 24686621070687
80008 512 0 24686621349328
80520 512 0 24686621627968
81032 512 0 24686621906609
81544 512 0 24686622185250
82056 512 0 24686622463890
82568 512 0 24686622742531
83080 512 0 24686623021171
83592 512 0 24686623299812
84104 512 0 24686623578453
84616 512 0 24686623857093
85128 512 0 24686624135734
85640 512 0 24686624414374
86152 512 0 24686624693015
86664 512 0 24686624971656
87176 512 0 24686625250296
87688 512 0 24686625528937
88200 512 0 24686625807578
88712 512 0 24686626086218
89224 512 0 24686626364859
89736 512 0 24686626643499
90248 512 0 24686626922140
90760 512 0 24686627200781
91272 512 0 24686627479421
91784 512 0 24686627758062
92296 512 0 24686628036703
92808 512 0 24686628315343
93320 512 0 24686628593984
93832 512 0 24686628872624
94344 512 0 24686629151265
94856 512 0 24686629429906
95368 512 0 24686629708546
95880 512 0 24686629987187
96392 512 0 24686630265828
96904 512 0 24686630544468
97416 512 0 24686630823109
97928 512 0 24686631101749
98440 512 0 24686631380390
98952 512 0 24686631659031
99464 512 0 24686631937671
99976 512 0 24686632216312
100488 512 0 24686632494952
101000 512 0 24686632773593
101512 512 0 24686633052234
102024 512 0 24686633330874
102536 512 0 24686633609515
103048 512 0 24686633888156
103560 512 0 24686634166796
104072 512 0 24686634445437
104584 512 0 24686634724078
105096 512 0 24686635002718
105608 512 0 24686635281359
106120 512 0 24686635559999
106632 512 0 24686635838640
107144 512 0 24686636117282
107656 512 0 24686636395922
108168 512 0 24686636674563
108680 512 0 24686636953204
109192 512 0 24686637231844
109704 512 0 24686637510485
110216 512 0 24686637789126
110728 512 0 24686638067766
111240 512 0 24686638346407
111752 512 0 24686638625048
112264 512 0 24686638903688
112776 512 0 24686639182329
113288 512 0 24686639460970
113800 512 0 24686639739610
114312 512 0 24686640018251
114824 512 0 24686640296892
115336 512 0 24686640575532
115848 512 0 24686640854172
116360 512 0 24686641132813
116872 512 0 24686641411454
117384 512 0 24686641690094
117896 512 0 24686641968735
118408 512 0 24686642247376
118920 512 0 24686642526016
119432 512 0 24686642804657
119944 512 0 24686643083298
120456 512 0 24686643361938
120968 512 0 24686643640579
121480 512 0 24686643919219
121992 512 0 24686644197860
122504 512 0 24686644476501
123016 512 0 24686644755141
123528 512 0 24686645033782
124040 512 0 24686645312422
124552 512 0 24686645591063
125064 512 0 24686645869704
125576 512 0 24686646148344
126088 512 0 24686646426985
126600 512 0 24686646705626
127112 512 0 24686646984266
127624 512 0 24686647262907
128136 512 0 24686647541547
128648 512 0 24686647820188
129160 512 0 24686648098829
129672 512 0 24686648377469
130184 512 0 24686648656110
130696 512 0 24686648934751
131208 512 0 24686649213391
131720 512 0 24686649492033
132232 512 0 24686649770674
132744 512 0 24686650049314
133256 512 0 24686650327955
133768 512 0 24686650606596
134280 512 0 24686650885236
134792 512 0 24686651163877
135304 512 0 24686651442517
135816 512 0 24686651721158
136328 512 0 24686651999799
136840 512 0 24686652278439
137352 512 0 24686652557080
137864 512 0 24686652835721
138376 512 0 24686653114361
138888 512 0 24686653393002
139400 512 0 24686653671643
139912 512 0 24686653950283
140424 512 0 24686654228924
140936 512 0 24686654507564
141448 512 0 24686654786205
141960 512 0 24686655064845
142472 512 0 24686655343486
142984 512 0 24686655622127
143496 512 0 24686655900767
144008 512 0 24686656179408
144520 512 0 24686656458049
145032 512 0 24686656736689
145544 512 0 24686657015330
146056 512 0 24686657293971
146568 512 0 24686657572611
147080 512 0 24686657851252
147592 512 0 24686658129893
148104 512 0 24686658408533
148616 512 0 24686658687174
149128 512 0 24686658965814
149640 512 0 24686659244455
150152 512 0 24686659523095
150664 512 0 24686659801736
151176 512 0 24686660080377
151688 512 0 24686660359017
152200 512 0 24686660637658
152712 512 0 24686660916299
153224 512 0 24686661194939
153736 512 0 24686661473580
154248 512 0 24686661752221
154760 512 0 24686662030861
155272 512 0 24686662309502
155784 512 0 24686662588143
156296 512 0 24686662866784
156808 512 0 24686663145425
157320 512 0 24686663424065
157832 512 0 24686663702706
158344 512 0 24686663981347
158856 512 0 24686664259987
159368 512 0 24686664538628
159880 512 0 24686664817268
160392 512 0 24686665095909
160904 512 0 24686665374550
161416 512 0 24686665653190
161928 512 0 24686665931831
162440 512 0 24686666210472
162952 512 0 24686666489112
163464 512 0 24686666767753
163976 512 0 24686667046394
164488 512 0 24686667325034
165000 512 0 24686667603675
165512 512 0 24686667882315
166024 512 0 24686668160956
166536 512 0 24686668439596
167048 512 0 24686668718237
167560 512 0 24686668996878
168072 512 0 24686669275518
168584 512 0 24686669554159
169096 512 0 24686669832800
169608 512 0 24686670111440
170120 512 0 24686670390081
170632 512 0 24686670668722
171144 512 0 24686670947362
171656 512 0 24686671226003
172168 512 0 24686671504644
172680 512 0 24686671783284
173192 512 0 24686672061925
173704 512 0 24686672340565
174216 512 0 24686672619206
174728 512 0 24686672897846
175240 512 0 24686673176487
175752 512 0 24686673455128
176264 512 0 24686673733768
176776 512 0 24686674012409
177288 512 0 24686674291050
177800 512 0 24686674569690
178312 512 0 24686674848331
178824 512 0 24686675126972
179336 512 0 24686675405612
179848 512 0 24686675684253
180360 512 0 24686675962894
180872 512 0 24686676241535
181384 512 0 24686676520176
181896 512 0 24686676798816
182408 512 0 24686677077457
182920 512 0 24686677356098
183432 512 0 24686677634738
183944 512 0 24686677913379
184456 512 0 24686678192019
184968 512 0 24686678470660
185480 512 0 24686678749301
185992 512 0 24686679027941
186504 512 0 24686679306582
187016 512 0 24686679585223
187528 512 0 24686679863863
188040 512 0 24686680142504
188552 512 0 24686680421145
189064 512 0 24686680699785
189576 512 0 24686680978426
190088 512 0 24686681257066
190600 512 0 24686681535707
191112 512 0 24686681814347
191624 512 0 24686682092988
192136 512 0 24686682371629
192648 512 0 24686682650269
193160 512 0 24686682928910
193672 512 0 24686683207551
194184 512 0 24686683486191
194696 512 0 24686683764832
195208 512 0 24686684043473
195720 512 0 24686684322113
196232 512 0 24686684600754
196744 512 0 24686684879395
197256 512 0 24686685158036
197768 512 0 24686685436677
198280 512 0 24686685715317
198792 512 0 24686685993958
199304 512 0 24686686272599
199816 512 0 24686686551239
200328 512 0 24686686829880
200840 512 0 24686687108521
201352 512 0 24686687387161
201864 512 0 24686687665802
202376 512 0 24686687944442
202888 512 0 24686688223083
203400 512 0 24686688501724
203912 512 0 24686688780364
204424 512 0 24686689059005
204936 512 0 24686689337646
205448 512 0 24686689616286
205960 512 0 24686689894927
206472 512 0 24686690173567
206984 512 0 24686690452208
207496 512 0 24686690730849
208008 512 0 24686691009489
208520 512 0 24686691288130
209032 512 0 24686691566770
209544 512 0 24686691845411
210056 512 0 24686692124052
210568 512 0 24686692402692
211080 512 0 24686692681333
211592 512 0 24686692959974
212104 512 0 24686693238614
212616 512 0 24686693517255
213128 512 0 24686693795896
213640 512 0 24686694074536
214152 512 0 24686694353177
214664 512 0 24686694631817
215176 512 0 24686694910458
215688 512 0 24686695189098
216200 512 0 24686695467739
216712 512 0 24686695746380
217224 512 0 24686696025020
217736 512 0 24686696303661
218248 512 0 24686696582302
218760 512 0 24686696860942
219272 512 0 24686697139583
219784 512 0 24686697418224
220296 512 0 24686697696864
220808 512 0 24686697975505
221320 512 0 24686698254146
221832 512 0 24686698532787
222344 512 0 24686698811428
222856 512 0 24686699090068
223368 512 0 24686699368709
223880 512 0 24686699647350
224392 512 0 24686699925990
224904 512 0 24686700204631
225416 512 0 24686700483272
225928 512 0 24686700761912
226440 512 0 24686701040553
226952 512 0 24686701319193
227464 512 0 24686701597834
227976 512 0 24686701876475
228488 512 0 24686702155115
229000 512 0 24686702433756
229512 512 0 24686702712397
230024 512 0 24686702991037
230536 512 0 24686703269678
231048 512 0 24686703548318
231560 512 0 24686703826959
232072 512 0 24686704105600
232584 512 0 24686704384240
233096 512 0 24686704662881
233608 512 0 24686704941521
234120 512 0 24686705220162
234632 512 0 24686705498803
235144 512 0 24686705777443
235656 512 0 24686706056084
236168 512 0 24686706334725
236680 512 0 24686706613365
237192 512 0 24686706892006
237704 512 0 24686707170647
238216 512 0 24686707449287
238728 512 0 24686707727928
239240 512 0 24686708006568
239752 512 0 24686708285209
240264 512 0 24686708563849
240776 512 0 24686708842490
241288 512 0 24686709121131
241800 512 0 24686709399771
242312 512 0 24686709678412
242824 512 0 24686709957053
243336 512 0 24686710235693
243848 512 0 24686710514334
244360 512 0 24686710792975
244872 512 0 24686711071615
245384 512 0 24686711350256
245896 512 0 24686711628897
246408 512 0 24686711907538
246920 512 0 24686712186179
247432 512 0 24686712464819
247944 512 0 24686712743460
248456 512 0 24686713022101
248968 512 0 24686713300741
249480 512 0 24686713579382
249992 512 0 24686713858023
250504 512 0 24686714136663
251016 512 0 24686714415304
251528 512 0 24686714693944
252040 512 0 24686714972585
252552 512 0 24686715251226
253064 512 0 24686715529866
253576 512 0 24686715808507
254088 512 0 24686716087148
254600 512 0 24686716365788
255112 512 0 24686716644429
255624 512 0 24686716923069
256136 512 0 24686717201710
256648 512 0 24686717480351
257160 512 0 24686717758991
257672 512 0 24686718037632
258184 512 0 24686718316272
258696 512 0 24686718594913
259208 512 0 24686718873554
259720 512 0 24686719152194
260232 512 0 24686719430835
260744 512 0 24686719709476
261256 512 0 24686719988116
261768 512 0 24686720266757
262280 512 0 24686720545398
262792 512 0 24686720824038
263304 512 0 24686721102679
263816 512 0 24686721381319
264328 512 0 24686721659960
264840 512 0 24686721938600
265352 512 0 24686722217241
265864 512 0 24686722495882
266376 512 0 24686722774522
266888 512 0 24686723053163
267400 512 0 24686723331804
267912 512 0 24686723610444
268424 512 0 24686723889085
268936 512 0 24686724167726
269448 512 0 24686724446366
269960 512 0 24686724725007
270472 512 0 24686725003648
270984 512 0 24686725282289
271496 512 0 24686725560930
272008 512 0 24686725839570
272520 512 0 24686726118211
273032 512 0 24686726396852
273544 512 0 24686726675492
274056 512 0 24686726954133
274568 512 0 24686727232773
275080 512 0 24686727511414
275592 512 0 24686727790055
276104 512 0 24686728068695
276616 512 0 24686728347336
277128 512 0 24686728625977
277640 512 0 24686728904617
278152 512 0 24686729183258
278664 512 0 24686729461899
279176 512 0 24686729740539
279688 512 0 24686730019180
280200 512 0 24686730297820
280712 512 0 24686730576461
281224 512 0 24686730855101
281736 512 0 24686731133742
282248 512 0 24686731412383
282760 512 0 24686731691023
283272 512 0 24686731969664
283784 512 0 24686732248305
284296 512 0 24686732526945
284808 512 0 24686732805586
285320 512 0 24686733084227
285832 512 0 24686733362867
286344 512 0 24686733641508
286856 512 0 24686733920149
287368 512 0 24686734198789
287880 512 0 24686734477430
288392 512 0 24686734756070
288904 512 0 24686735034711
289416 512 0 24686735313351
289928 512 0 24686735591992
290440 512 0 24686735870633
290952 512 0 24686736149273
291464 512 0 24686736427914
291976 512 0 24686736706555
292488 512 0 24686736985195
293000 512 0 24686737263836
293512 512 0 24686737542477
294024 512 0 24686737821117
294536 512 0 24686738099758
295048 512 0 24686738378399
295560 512 0 24686738657040
296072 512 0 24686738935681
296584 512 0 24686739214321
297096 512 0 24686739492962
297608 512 0 24686739771603
298120 512 0 24686740050243
298632 512 0 24686740328884
299144 512 0 24686740607524
299656 512 0 24686740886165
300168 512 0 24686741164806
300680 512 0 24686741443446
301192 512 0 24686741722087
301704 512 0 24686742000728
302216 512 0 24686742279368
302728 512 0 24686742558009
303240 512 0 24686742836650
303752 512 0 24686743115290
304264 512 0 24686743393931
304776 512 0 24686743672571
305288 512 0 24686743951212
305800 512 0 24686744229852
306312 512 0 24686744508493
306824 512 0 24686744787134
307336 512 0 24686745065774
307848 512 0 24686745344415
308360 512 0 24686745623056
308872 512 0 24686745901696
309384 512 0 24686746180337
309896 512 0 24686746458978
310408 512 0 24686746737618
310920 512 0 24686747016259
311432 512 0 24686747294900
311944 512 0 24686747573540
312456 512 0 24686747852181
312968 512 0 24686748130821
313480 512 0 24686748409462
313992 512 0 24686748688102
314504 512 0 24686748966743
315016 512 0 24686749245384
315528 512 0 24686749524024
316040 512 0 24686749802665
316552 512 0 24686750081306
317064 512 0 24686750359946
317576 512 0 24686750638587
318088 512 0 24686750917228
318600 512 0 24686751195868
319112 512 0 24686751474509
319624 512 0 24686751753150
320136 512 0 24686752031791
320648 512 0 24686752310432
321160 512 0 24686752589072
321672 512 0 24686752867713
322184 512 0 24686753146354
17608 512 0 24686769337692
18120 512 0 24686769465692
18632 512 0 24686769593692
19144 512 0 24686769721692
19656 512 0 24686769849692
20168 512 0 24686769977692
20680 512 0 24686770105692
21192 512 0 24686770233692
21704 512 0 24686770361692
22216 512 0 24686770489692
22728 512 0 24686770617692
23240 512 0 24686770745692
23752 512 0 24686770873692
24264 512 0 24686771001692
24776 512 0 24686771129692
25288 512 0 24686771257692
25800 512 0 24686771385692
26312 512 0 24686771513692
26824 512 0 24686771641692
27336 512 0 24686771769692
27848 512 0 24686771897692
28360 512 0 24686772025692
28872 512 0 24686772153692
29384 512 0 24686772281692
29896 512 0 24686772409692
30408 512 0 24686772537692
30920 512 0 24686772665692
31432 512 0 24686772793692
31944 512 0 24686772921692
32456 512 0 24686773049692
32968 512 0 24686773177692
33480 512 0 24686773305692
33992 512 0 24686773433692
34504 512 0 24686773561692
35016 512 0 24686773689692
35528 512 0 24686773817692
36040 512 0 24686773945692
36552 512 0 24686774073692
37064 512 0 24686774201692
37576 512 0 24686774329692
38088 512 0 24686774457692
38600 512 0 24686774585692
39112 512 0 24686774713692
39624 512 0 24686774841692
40136 512 0 24686774969692
40648 512 0 24686775097692
41160 512 0 24686775225692
41672 512 0 24686775353692
42184 512 0 24686775481692
42696 512 0 24686775609692
43208 512 0 24686775737692
43720 512 0 24686775865692
44232 512 0 24686775993692
44744 512 0 24686776121692
45256 512 0 24686776249692
45768 512 0 24686776377692
46280 512 0 24686776505692
46792 512 0 24686776633692
47304 512 0 24686776761692
47816 512 0 24686776889692
48328 512 0 24686777017692
48840 512 0 24686777145692
49352 512 0 24686777273692
49864 512 0 24686777401724
50376 512 0 24686777529725
50888 512 0 24686777657725
51400 512 0 24686777785725
51912 512 0 24686777913726
52424 512 0 24686778041726
52936 512 0 24686778169727
53448 512 0 24686778297727
53960 512 0 24686778425727
54472 512 0 24686778553728
54984 512 0 24686778681728
55496 512 0 24686778809729
56008 512 0 24686778937729
56520 512 0 24686779065730
57032 512 0 24686779193730
57544 512 0 24686779321730
58056 512 0 24686779449731
58568 512 0 24686779577731
59080 512 0 24686779705732
59592 512 0 24686779833732
60104 512 0 24686779961733
60616 512 0 24686780089733
61128 512 0 24686780217733
61640 512 0 24686780345734
62152 512 0 24686780473734
62664 512 0 24686780601735
63176 512 0 24686780729735
63688 512 0 24686780857735
64200 512 0 24686780985736
64712 512 0 24686781113736
65224 512 0 24686781241737
65736 512 0 24686781369737
66248 512 0 24686781497744
66760 512 0 24686781625744
67272 512 0 24686781753745
67784 512 0 24686781881745
68296 512 0 24686782009746
68808 512 0 24686782137746
69320 512 0 24686782265747
69832 512 0 24686782393747
70344 512 0 24686782521748
70856 512 0 24686782649748
71368 512 0 24686782777749
71880 512 0 24686782905749
72392 512 0 24686783033750
72904 512 0 24686783161750
73416 512 0 24686783289751
73928 512 0 24686783417751
74440 512 0 24686783545752
74952 512 0 24686783673752
75464 512 0 24686783801753
75976 512 0 24686783929753
76488 512 0 24686784057754
77000 512 0 24686784185754
77512 512 0 24686784313755
78024 512 0 24686784441755
78536 512 0 24686784569756
79048 512 0 24686784697756
79560 512 0 24686784825757
80072 512 0 24686784953757
80584 512 0 24686785081758
81096 512 0 24686785209758
81608 512 0 24686785337759
82120 512 0 24686785465759
82632 512 0 24686785593763
83144 512 0 24686785721763
83656 512 0 24686785849764
84168 512 0 24686785977764
84680 512 0 24686786105765
85192 512 0 24686786233765
85704 512 0 24686786361766
86216 512 0 24686786489767
86728 512 0 24686786617767
87240 512 0 24686786745768
87752 512 0 24686786873768
88264 512 0 24686787001769
88776 512 0 24686787129769
89288 512 0 24686787257770
89800 512 0 24686787385770
90312 512 0 24686787513771
90824 512 0 24686787641771
91336 512 0 24686787769772
91848 512 0 24686787897772
92360 512 0 24686788025773
92872 512 0 24686788153773
93384 512 0 24686788281774
93896 512 0 24686788409775
94408 512 0 24686788537775
94920 512 0 24686788665776
95432 512 0 24686788793776
95944 512 0 24686788921777
96456 512 0 24686789049777
96968 512 0 24686789177778
97480 512 0 24686789305778
97992 512 0 24686789433779
98504 512 0 24686789561779
99016 512 0 24686789689780
99528 512 0 24686789817780
100040 512 0 24686789945781
100552 512 0 24686790073781
101064 512 0 24686790201782
101576 512 0 24686790329782
102088 512 0 24686790457783
102600 512 0 24686790585783
103112 512 0 24686790713784
103624 512 0 24686790841785
104136 512 0 24686790969785
104648 512 0 24686791097786
105160 512 0 24686791225786
105672 512 0 24686791353787
106184 512 0 24686791481787
106696 512 0 24686791609788
107208 512 0 24686791737788
107720 512 0 24686791865789
108232 512 0 24686791993789
108744 512 0 24686792121790
109256 512 0 24686792249790
109768 512 0 24686792377791
110280 512 0 24686792505791
110792 512 0 24686792633792
111304 512 0 24686792761793
111816 512 0 24686792889793
112328 512 0 24686793017794
112840 512 0 24686793145794
113352 512 0 24686793273795
113864 512 0 24686793401795
114376 512 0 24686793529796
114888 512 0 24686793657796
115400 512 0 24686793785798
115912 512 0 24686793913799
116424 512 0 24686794041799
116936 512 0 24686794169800
117448 512 0 24686794297800
117960 512 0 24686794425801
118472 512 0 24686794553802
118984 512 0 24686794681802
119496 512 0 24686794809803
120008 512 0 24686794937803
120520 512 0 24686795065804
121032 512 0 24686795193804
121544 512 0 24686795321805
122056 512 0 24686795449805
122568 512 0 24686795577806
123080 512 0 24686795705806
123592 512 0 24686795833807
124104 512 0 24686795961808
124616 512 0 24686796089808
125128 512 0 24686796217809
125640 512 0 24686796345809
126152 512 0 24686796473810
126664 512 0 24686796601810
127176 512 0 24686796729811
127688 512 0 24686796857811
128200 512 0 24686796985812
128712 512 0 24686797113813
129224 512 0 24686797241813
129736 512 0 24686797369814
130248 512 0 24686797497814
130760 512 0 24686797625815
131272 512 0 24686797753815
131784 512 0 24686797881815
132296 512 0 24686798009816
132808 512 0 24686798137816
133320 512 0 24686798265817
133832 512 0 24686798393817
134344 512 0 24686798521818
134856 512 0 24686798649818
135368 512 0 24686798777819
135880 512 0 24686798905819
136392 512 0 24686799033820
136904 512 0 24686799161820
137416 512 0 24686799289821
137928 512 0 24686799417821
138440 512 0 24686799545822
138952 512 0 24686799673823
139464 512 0 24686799801823
139976 512 0 24686799929824
140488 512 0 24686800057824
141000 512 0 24686800185825
141512 512 0 24686800313825
142024 512 0 24686800441826
142536 512 0 24686800569826
143048 512 0 24686800697827
143560 512 0 24686800825827
144072 512 0 24686800953828
144584 512 0 24686801081828
145096 512 0 24686801209829
145608 512 0 24686801337830
146120 512 0 24686801465830
146632 512 0 24686801593831
147144 512 0 24686801721831
147656 512 0 24686801849832
148168 512 0 24686801977832
148680 512 0 24686802105832
149192 512 0 24686802233833
149704 512 0 24686802361834
150216 512 0 24686802489834
150728 512 0 24686802617835
151240 512 0 24686802745835
151752 512 0 24686802873836
152264 512 0 24686803001836
152776 512 0 24686803129837
153288 512 0 24686803257837
153800 512 0 24686803385838
154312 512 0 24686803513838
154824 512 0 24686803641839
155336 512 0 24686803769839
155848 512 0 24686803897840
156360 512 0 24686804025841
156872 512 0 24686804153841
157384 512 0 24686804281842
157896 512 0 24686804409842
158408 512 0 24686804537843
158920 512 0 24686804665843
159432 512 0 24686804793844
159944 512 0 24686804921844
160456 512 0 24686805049845
160968 512 0 24686805177845
161480 512 0 24686805305846
161992 512 0 24686805433846
162504 512 0 24686805561847
163016 512 0 24686805689848
163528 512 0 24686805817848
164040 512 0 24686805945849
164552 512 0 24686806073850
165064 512 0 24686806201851
165576 512 0 24686806329851
166088 512 0 24686806457852
166600 512 0 24686806585852
167112 512 0 24686806713853
167624 512 0 24686806841853
168136 512 0 24686806969854
168648 512 0 24686807097854
169160 512 0 24686807225855
169672 512 0 24686807353856
170184 512 0 24686807481856
170696 512 0 24686807609857
171208 512 0 24686807737857
171720 512 0 24686807865858
172232 512 0 24686807993858
172744 512 0 24686808121859
173256 512 0 24686808249859
173768 512 0 24686808377860
174280 512 0 24686808505860
174792 512 0 24686808633861
175304 512 0 24686808761862
175816 512 0 24686808889862
176328 512 0 24686809017863
176840 512 0 24686809145863
177352 512 0 24686809273864
177864 512 0 24686809401864
178376 512 0 24686809529865
178888 512 0 24686809657865
179400 512 0 24686809785866
179912 512 0 24686809913866
180424 512 0 24686810041867
180936 512 0 24686810169867
181448 512 0 24686810297868
181960 512 0 24686810425868
182472 512 0 24686810553869
182984 512 0 24686810681869
183496 512 0 24686810809870
184008 512 0 24686810937870
184520 512 0 24686811065871
185032 512 0 24686811193871
185544 512 0 24686811321872
186056 512 0 24686811449872
186568 512 0 24686811577873
187080 512 0 24686811705874
187592 512 0 24686811833874
188104 512 0 24686811961875
188616 512 0 24686812089875
189128 512 0 24686812217876
189640 512 0 24686812345876
190152 512 0 24686812473877
190664 512 0 24686812601877
191176 512 0 24686812729878
191688 512 0 24686812857878
192200 512 0 24686812985879
192712 512 0 24686813113879
193224 512 0 24686813241880
193736 512 0 24686813369881
194248 512 0 24686813497881
194760 512 0 24686813625882
195272 512 0 24686813753882
195784 512 0 24686813881883
196296 512 0 24686814009883
196808 512 0 24686814137884
197320 512 0 24686814265885
197832 512 0 24686814393886
198344 512 0 24686814521886
198856 512 0 24686814649887
199368 512 0 24686814777887
199880 512 0 24686814905888
200392 512 0 24686815033889
200904 512 0 24686815161889
201416 512 0 24686815289890
201928 512 0 24686815417890
202440 512 0 24686815545891
202952 512 0 24686815673891
203464 512 0 24686815801892
203976 512 0 24686815929892
204488 512 0 24686816057893
205000 512 0 24686816185893
205512 512 0 24686816313894
206024 512 0 24686816441895
206536 512 0 24686816569895
207048 512 0 24686816697896
207560 512 0 24686816825896
208072 512 0 24686816953897
208584 512 0 24686817081897
209096 512 0 24686817209898
209608 512 0 24686817337898
210120 512 0 24686817465899
210632 512 0 24686817593899
211144 512 0 24686817721900
211656 512 0 24686817849901
212168 512 0 24686817977901
212680 512 0 24686818105902
213192 512 0 24686818233902
213704 512 0 24686818361902
214216 512 0 24686818489903
214728 512 0 24686818617903
215240 512 0 24686818745904
215752 512 0 24686818873904
216264 512 0 24686819001905
216776 512 0 24686819129905
217288 512 0 24686819257906
217800 512 0 24686819385906
218312 512 0 24686819513907
218824 512 0 24686819641908
219336 512 0 24686819769908
219848 512 0 24686819897909
220360 512 0 24686820025909
220872 512 0 24686820153910
221384 512 0 24686820281910
221896 512 0 24686820409911
222408 512 0 24686820537911
222920 512 0 24686820665912
223432 512 0 24686820793912
223944 512 0 24686820921913
224456 512 0 24686821049913
224968 512 0 24686821177914
225480 512 0 24686821305915
225992 512 0 24686821433915
226504 512 0 24686821561916
227016 512 0 24686821689916
227528 512 0 24686821817917
228040 512 0 24686821945917
228552 512 0 24686822073918
229064 512 0 24686822201918
229576 512 0 24686822329919
230088 512 0 24686822457920
230600 512 0 24686822585921
231112 512 0 24686822713921
231624 512 0 24686822841922
232136 512 0 24686822969922
232648 512 0 24686823097923
233160 512 0 24686823225924
233672 512 0 24686823353924
234184 512 0 24686823481925
234696 512 0 24686823609925
235208 512 0 24686823737926
235720 512 0 24686823865926
236232 512 0 24686823993927
236744 512 0 24686824121927
237256 512 0 24686824249928
237768 512 0 24686824377928
238280 512 0 24686824505929
238792 512 0 24686824633930
239304 512 0 24686824761930
239816 512 0 24686824889931
240328 512 0 24686825017931
240840 512 0 24686825145932
241352 512 0 24686825273932
241864 512 0 24686825401933
242376 512 0 24686825529933
242888 512 0 24686825657934
243400 512 0 24686825785935
243912 512 0 24686825913935
244424 512 0 24686826041936
244936 512 0 24686826169936
245448 512 0 24686826297937
245960 512 0 24686826425937
246472 512 0 24686826553938
246984 512 0 24686826681939
247496 512 0 24686826809940
248008 512 0 24686826937940
248520 512 0 24686827065941
249032 512 0 24686827193941
249544 512 0 24686827321942
250056 512 0 24686827449942
250568 512 0 24686827577943
251080 512 0 24686827705943
251592 512 0 24686827833944
252104 512 0 24686827961944
252616 512 0 24686828089945
253128 512 0 24686828217946
253640 512 0 24686828345946
254152 512 0 24686828473947
254664 512 0 24686828601947
255176 512 0 24686828729948
255688 512 0 24686828857948
256200 512 0 24686828985949
256712 512 0 24686829113949
257224 512 0 24686829241950
257736 512 0 24686829369951
258248 512 0 24686829497951
258760 512 0 24686829625952
259272 512 0 24686829753952
259784 512 0 24686829881953
260296 512 0 24686830009953
260808 512 0 24686830137954
261320 512 0 24686830265954
261832 512 0 24686830393955
262344 512 0 24686830521955
262856 512 0 24686830649955
263368 512 0 24686830777956
263880 512 0 24686830905956
264392 512 0 24686831033957
264904 512 0 24686831161957
265416 512 0 24686831289958
265928 512 0 24686831417959
266440 512 0 24686831545959
266952 512 0 24686831673960
267464 512 0 24686831801960
267976 512 0 24686831929961
268488 512 0 24686832057961
269000 512 0 24686832185962
269512 512 0 24686832313962
270024 512 0 24686832441963
270536 512 0 24686832569963
271048 512 0 24686832697964
271560 512 0 24686832825965
272072 512 0 24686832953965
272584 512 0 24686833081966
273096 512 0 24686833209966
273608 512 0 24686833337967
274120 512 0 24686833465967
274632 512 0 24686833593968
275144 512 0 24686833721968
275656 512 0 24686833849969
276168 512 0 24686833977969
276680 512 0 24686834105970
277192 512 0 24686834233971
277704 512 0 24686834361971
278216 512 0 24686834489972
278728 512 0 24686834617972
279240 512 0 24686834745972
279752 512 0 24686834873973
280264 512 0 24686835001973
280776 512 0 24686835129974
281288 512 0 24686835257974
281800 512 0 24686835385975
282312 512 0 24686835513975
282824 512 0 24686835641976
283336 512 0 24686835769977
283848 512 0 24686835897977
284360 512 0 24686836025978
284872 512 0 24686836153978
285384 512 0 24686836281979
285896 512 0 24686836409979
286408 512 0 24686836537980
286920 512 0 24686836665980
287432 512 0 24686836793981
287944 512 0 24686836921981
288456 512 0 24686837049982
288968 512 0 24686837177983
289480 512 0 24686837305983
289992 512 0 24686837433984
290504 512 0 24686837561984
291016 512 0 24686837689985
291528 512 0 24686837817985
292040 512 0 24686837945986
292552 512 0 24686838073986
293064 512 0 24686838201987
293576 512 0 24686838329987
294088 512 0 24686838457988
294600 512 0 24686838585989
295112 512 0 24686838713989
295624 512 0 24686838841990
296136 512 0 24686838969991
296648 512 0 24686839097991
297160 512 0 24686839225992
297672 512 0 24686839353992
298184 512 0 24686839481993
298696 512 0 24686839609994
299208 512 0 24686839737994
299720 512 0 24686839865995
300232 512 0 24686839993995
300744 512 0 24686840121996
301256 512 0 24686840249996
301768 512 0 24686840377997
302280 512 0 24686840505997
302792 512 0 24686840633998
303304 512 0 24686840761998
303816 512 0 24686840889999
304328 512 0 24686841018000
304840 512 0 24686841146000
305352 512 0 24686841274001
305864 512 0 24686841402001
306376 512 0 24686841530002
306888 512 0 24686841658002
307400 512 0 24686841786003
307912 512 0 24686841914003
308424 512 0 24686842042004
308936 512 0 24686842170004
309448 512 0 24686842298005
309960 512 0 24686842426006
310472 512 0 24686842554006
310984 512 0 24686842682007
311496 512 0 24686842810007
312008 512 0 24686842938008
312520 512 0 24686843066009
313032 512 0 24686843194009
313544 512 0 24686843322010
314056 512 0 24686843450010
314568 512 0 24686843578011
315080 512 0 24686843706012
315592 512 0 24686843834012
316104 512 0 24686843962013
316616 512 0 24686844090013
317128 512 0 24686844218014
317640 512 0 24686844346014
318152 512 0 24686844474015
318664 512 0 24686844602015
319176 512 0 24686844730016
319688 512 0 24686844858017
320200 512 0 24686844986017
320712 512 0 24686845114018
321224 512 0 24686845242018
321736 512 0 24686845370019
322248 512 0 24686845498019
322760 512 0 24686845626020
323272 512 0 24686845754020
323784 512 0 24686845882021
324296 512 0 24686846010021
324808 512 0 24686846138022
325320 512 0 24686846266023
325832 512 0 24686846394023
326344 512 0 24686846522024
326856 512 0 24686846650024
327368 512 0 24686846778025
327880 512 0 24686846906025
328392 512 0 24686847034025
328904 512 0 24686847162026
329416 512 0 24686847290026
329928 512 0 24686847418027
330440 512 0 24686847546027
330952 512 0 24686847674028
331464 512 0 24686847802029
331976 512 0 24686847930029
332488 512 0 24686848058030
333000 512 0 24686848186030
333512 512 0 24686848314031
334024 512 0 24686848442031
334536 512 0 24686848570032
335048 512 0 24686848698032
335560 512 0 24686848826033
336072 512 0 24686848954033
336584 512 0 24686849082034
337096 512 0 24686849210035
337608 512 0 24686849338035
338120 512 0 24686849466036
338632 512 0 24686849594036
339144 512 0 24686849722037
339656 512 0 24686849850037
340168 512 0 24686849978038
340680 512 0 24686850106038
341192 512 0 24686850234039
341704 512 0 24686850362039
342216 512 0 24686850490040
342728 512 0 24686850618041
343240 512 0 24686850746041
343752 512 0 24686850874042
344264 512 0 24686851002042
344776 512 0 24686851130043
345288 512 0 24686851258044
345800 512 0 24686851386044
346312 512 0 24686851514045
346824 512 0 24686851642045
347336 512 0 24686851770046
347848 512 0 24686851898047
348360 512 0 24686852026047
348872 512 0 24686852154048
349384 512 0 24686852282048
349896 512 0 24686852410049
350408 512 0 24686852538049
350920 512 0 24686852666050
351432 512 0 24686852794050
351944 512 0 24686852922051
352456 512 0 24686853050052
352968 512 0 24686853178052
353480 512 0 24686853306053
353992 512 0 24686853434053
354504 512 0 24686853562054
355016 512 0 24686853690054
355528 512 0 24686853818055
356040 512 0 24686853946055
356552 512 0 24686854074056
357064 512 0 24686854202056
357576 512 0 24686854330057
358088 512 0 24686854458058
358600 512 0 24686854586058
359112 512 0 24686854714059
359624 512 0 24686854842059
360136 512 0 24686854970060
360648 512 0 24686855098060
361160 512 0 24686855226060
361672 512 0 24686855354061
362184 512 0 24686855482061
362696 512 0 24686855610062
363208 512 0 24686855738062
363720 512 0 24686855866063
364232 512 0 24686855994064
364744 512 0 24686856122064
365256 512 0 24686856250065
365768 512 0 24686856378065
366280 512 0 24686856506066
366792 512 0 24686856634066
367304 512 0 24686856762067
367816 512 0 24686856890067
368328 512 0 24686857018068
368840 512 0 24686857146068
369352 512 0 24686857274069
369864 512 0 24686857402070
370376 512 0 24686857530070
370888 512 0 24686857658071
371400 512 0 24686857786071
371912 512 0 24686857914072
372424 512 0 24686858042072
372936 512 0 24686858170073
373448 512 0 24686858298073
373960 512 0 24686858426074
374472 512 0 24686858554074
374984 512 0 24686858682075
375496 512 0 24686858810076
376008 512 0 24686858938076
376520 512 0 24686859066077
377032 512 0 24686859194077
377544 512 0 24686859322078
378056 512 0 24686859450079
378568 512 0 24686859578079
379080 512 0 24686859706080
379592 512 0 24686859834080
380104 512 0 24686859962081
380616 512 0 24686860090082
381128 512 0 24686860218082
381640 512 0 24686860346083
382152 512 0 24686860474083
382664 512 0 24686860602084
383176 512 0 24686860730084
383688 512 0 24686860858085
384200 512 0 24686860986085
384712 512 0 24686861114086
385224 512 0 24686861242087
385736 512 0 24686861370087
386248 512 0 24686861498088
386760 512 0 24686861626088
387272 512 0 24686861754089
387784 512 0 24686861882089
388296 512 0 24686862010090
388808 512 0 24686862138090
389320 512 0 24686862266091
389832 512 0 24686862394091
390344 512 0 24686862522092
390856 512 0 24686862650093
391368 512 0 24686862778093
391880 512 0 24686862906094
392392 512 0 24686863034094
392904 512 0 24686863162095
393416 512 0 24686863290095
393928 512 0 24686863418096
394440 512 0 24686863546097
394952 512 0 24686863674097
395464 512 0 24686863802098
395976 512 0 24686863930099
396488 512 0 24686864058099
397000 512 0 24686864186100
397512 512 0 24686864314100
398024 512 0 24686864442101
398536 512 0 24686864570101
399048 512 0 24686864698102
399560 512 0 24686864826102
400072 512 0 24686864954103
400584 512 0 24686865082103
401096 512 0 24686865210104
401608 512 0 24686865338105
402120 512 0 24686865466105
402632 512 0 24686865594106
403144 512 0 24686865722106
403656 512 0 24686865850107
404168 512 0 24686865978107
404680 512 0 24686866106108
405192 512 0 24686866234108
405704 512 0 24686866362109
406216 512 0 24686866490110
406728 512 0 24686866618110
407240 512 0 24686866746111
407752 512 0 24686866874111
408264 512 0 24686867002112
408776 512 0 24686867130112
409288 512 0 24686867258113
409800 512 0 24686867386113
410312 512 0 24686867514114
410824 512 0 24686867642115
411336 512 0 24686867770115
411848 512 0 24686867898116
412360 512 0 24686868026117
412872 512 0 24686868154117
413384 512 0 24686868282118
413896 512 0 24686868410118
414408 512 0 24686868538119
414920 512 0 24686868666119
415432 512 0 24686868794120
415944 512 0 24686868922120
416456 512 0 24686869050121
416968 512 0 24686869178122
417480 512 0 24686869306122
417992 512 0 24686869434123
418504 512 0 24686869562123
419016 512 0 24686869690124
419528 512 0 24686869818124
420040 512 0 24686869946125
420552 512 0 24686870074125
421064 512 0 24686870202126
421576 512 0 24686870330127
422088 512 0 24686870458127
422600 512 0 24686870586128
423112 512 0 24686870714128
423624 512 0 24686870842129
424136 512 0 24686870970129
424648 512 0 24686871098130
425160 512 0 24686871226130
425672 512 0 24686871354131
426184 512 0 24686871482131
426696 512 0 24686871610131
427208 512 0 24686871738132
427720 512 0 24686871866132
428232 512 0 24686871994133
428744 512 0 24686872122134
429256 512 0 24686872250134
429768 512 0 24686872378135
430280 512 0 24686872506135
430792 512 0 24686872634136
431304 512 0 24686872762136
431816 512 0 24686872890137
432328 512 0 24686873018137
432840 512 0 24686873146138
433352 512 0 24686873274138
433864 512 0 24686873402139
434376 512 0 24686873530140
434888 512 0 24686873658140
435400 512 0 24686873786141
435912 512 0 24686873914141
436424 512 0 24686874042142
436936 512 0 24686874170142
437448 512 0 24686874298143
437960 512 0 24686874426143
438472 512 0 24686874554144
438984 512 0 24686874682144
439496 512 0 24686874810145
440008 512 0 24686874938146
440520 512 0 24686875066146
441032 512 0 24686875194147
441544 512 0 24686875322147
442056 512 0 24686875450148
442568 512 0 24686875578148
443080 512 0 24686875706148
443592 512 0 24686875834149
444104 512 0 24686875962149
444616 512 0 24686876090150
445128 512 0 24686876218150
445640 512 0 24686876346151
446152 512 0 24686876474152
446664 512 0 24686876602152
447176 512 0 24686876730153
447688 512 0 24686876858153
448200 512 0 24686876986154
448712 512 0 24686877114154
449224 512 0 24686877242155
449736 512 0 24686877370155
450248 512 0 24686877498156
450760 512 0 24686877626156
451272 512 0 24686877754157
451784 512 0 24686877882158
452296 512 0 24686878010158
452808 512 0 24686878138159
453320 512 0 24686878266159
453832 512 0 24686878394160
454344 512 0 24686878522160
454856 512 0 24686878650161
455368 512 0 24686878778161
455880 512 0 24686878906162
456392 512 0 24686879034162
456904 512 0 24686879162163
457416 512 0 24686879290164
457928 512 0 24686879418164
458440 512 0 24686879546165
458952 512 0 24686879674165
459464 512 0 24686879802166
459976 512 0 24686879930167
460488 512 0 24686880058167
461000 512 0 24686880186168
461512 512 0 24686880314169
462024 512 0 24686880442169
462536 512 0 24686880570170
463048 512 0 24686880698170
463560 512 0 24686880826171
464072 512 0 24686880954171
464584 512 0 24686881082172
465096 512 0 24686881210172
465608 512 0 24686881338173
466120 512 0 24686881466173
466632 512 0 24686881594174
467144 512 0 24686881722175
467656 512 0 24686881850175
468168 512 0 24686881978176
468680 512 0 24686882106176
469192 512 0 24686882234177
469704 512 0 24686882362177
470216 512 0 24686882490178
470728 512 0 24686882618178
471240 512 0 24686882746179
471752 512 0 24686882874179
472264 512 0 24686883002180
472776 512 0 24686883130181
473288 512 0 24686883258181
473800 512 0 24686883386182
474312 512 0 24686883514182
474824 512 0 24686883642183
475336 512 0 24686883770183
475848 512 0 24686883898184
476360 512 0 24686884026185
476872 512 0 24686884154185
477384 512 0 24686884282186
477896 512 0 24686884410187
478408 512 0 24686884538187
478920 512 0 24686884666188
479432 512 0 24686884794188
479944 512 0 24686884922189
480456 512 0 24686885050189
480968 512 0 24686885178190
481480 512 0 24686885306190
481992 512 0 24686885434191
482504 512 0 24686885562192
483016 512 0 24686885690192
483528 512 0 24686885818193
484040 512 0 24686885946193
484552 512 0 24686886074194
485064 512 0 24686886202194
485576 512 0 24686886330195
486088 512 0 24686886458195
486600 512 0 24686886586196
487112 512 0 24686886714196
487624 512 0 24686886842197
488136 512 0 24686886970198
488648 512 0 24686887098198
489160 512 0 24686887226199
489672 512 0 24686887354199
490184 512 0 24686887482200
490696 512 0 24686887610200
491208 512 0 24686887738201
491720 512 0 24686887866201
492232 512 0 24686887994201
492744 512 0 24686888122202
493256 512 0 24686888250202
493768 512 0 24686888378203
494280 512 0 24686888506203
494792 512 0 24686888634204
495304 512 0 24686888762205
495816 512 0 24686888890205
496328 512 0 24686889018206
496840 512 0 24686889146206
497352 512 0 24686889274207
497864 512 0 24686889402207
498376 512 0 24686889530208
498888 512 0 24686889658208
499400 512 0 24686889786209
499912 512 0 24686889914210
500424 512 0 24686890042210
500936 512 0 24686890170211
501448 512 0 24686890298211
501960 512 0 24686890426212
502472 512 0 24686890554212
502984 512 0 24686890682213
503496 512 0 24686890810213
504008 512 0 24686890938214
504520 512 0 24686891066214
505032 512 0 24686891194215
505544 512 0 24686891322216
506056 512 0 24686891450216
506568 512 0 24686891578217
507080 512 0 24686891706217
507592 512 0 24686891834218
508104 512 0 24686891962218
508616 512 0 24686892090219
509128 512 0 24686892218220
509640 512 0 24686892346220
510152 512 0 24686892474221
510664 512 0 24686892602222
511176 512 0 24686892730222
511688 512 0 24686892858223
512200 512 0 24686892986223
512712 512 0 24686893114224
513224 512 0 24686893242224
513736 512 0 24686893370225
514248 512 0 24686893498225
514760 512 0 24686893626226
515272 512 0 24686893754226
515784 512 0 24686893882227
516296 512 0 24686894010228
516808 512 0 24686894138228
517320 512 0 24686894266229
517832 512 0 24686894394229
518344 512 0 24686894522230
518856 512 0 24686894650230
519368 512 0 24686894778231
519880 512 0 24686894906231
520392 512 0 24686895034232
520904 512 0 24686895162233
521416 512 0 24686895290233
521928 512 0 24686895418234
522440 512 0 24686895546234
522952 512 0 24686895674235
523464 512 0 24686895802235
523976 512 0 24686895930236
524488 512 0 24686896058236
525000 512 0 24686896186237
525512 512 0 24686896314238
526024 512 0 24686896442238
526536 512 0 24686896570239
527048 512 0 24686896698240
527560 512 0 24686896826240
528072 512 0 24686896954241
528584 512 0 24686897082241
529096 512 0 24686897210242
529608 512 0 24686897338242
530120 512 0 24686897466243
530632 512 0 24686897594243
531144 512 0 24686897722244
531656 512 0 24686897850245
532168 512 0 24686897978245
532680 512 0 24686898106246
533192 512 0 24686898234246
533704 512 0 24686898362247
534216 512 0 24686898490247
534728 512 0 24686898618248
535240 512 0 24686898746248
535752 512 0 24686898874249
536264 512 0 24686899002250
536776 512 0 24686899130250
537288 512 0 24686899258251
537800 512 0 24686899386251
538312 512 0 24686899514252
538824 512 0 24686899642252
539336 512 0 24686899770253
539848 512 0 24686899898253
540360 512 0 24686900026254
540872 512 0 24686900154254
541384 512 0 24686900282254
541896 512 0 24686900410255
542408 512 0 24686900538255
542920 512 0 24686900666256
543432 512 0 24686900794257
543944 512 0 24686900922257
544456 512 0 24686901050258
544968 512 0 24686901178258
545480 512 0 24686901306259
545992 512 0 24686901434259
546504 512 0 24686901562260
547016 512 0 24686901690260
547528 512 0 24686901818261
548040 512 0 24686901946261
548552 512 0 24686902074262
549064 512 0 24686902202263
549576 512 0 24686902330263
550088 512 0 24686902458264
550600 512 0 24686902586264
551112 512 0 24686902714265
551624 512 0 24686902842265
552136 512 0 24686902970266
552648 512 0 24686903098266
553160 512 0 24686903226267
553672 512 0 24686903354267
554184 512 0 24686903482268
554696 512 0 24686903610269
555208 512 0 24686903738269
555720 512 0 24686903866270
556232 512 0 24686903994270
556744 512 0 24686904122271
557256 512 0 24686904250271
557768 512 0 24686904378272
558280 512 0 24686904506273
558792 512 0 24686904634273
559304 512 0 24686904762274
559816 512 0 24686904890275
560328 512 0 24686905018275
560840 512 0 24686905146276
561352 512 0 24686905274276
561864 512 0 24686905402277
562376 512 0 24686905530277
562888 512 0 24686905658278
563400 512 0 24686905786278
563912 512 0 24686905914279
564424 512 0 24686906042280
564936 512 0 24686906170280
565448 512 0 24686906298281
565960 512 0 24686906426281
566472 512 0 24686906554282
566984 512 0 24686906682282
567496 512 0 24686906810283
568008 512 0 24686906938283
568520 512 0 24686907066284
569032 512 0 24686907194284
569544 512 0 24686907322285
570056 512 0 24686907450286
570568 512 0 24686907578286
571080 512 0 24686907706287
571592 512 0 24686907834287
572104 512 0 24686907962288
572616 512 0 24686908090288
573128 512 0 24686908218289
573640 512 0 24686908346289
574152 512 0 24686908474290
574664 512 0 24686908602291
575176 512 0 24686908730292
575688 512 0 24686908858292
576200 512 0 24686908986293
576712 512 0 24686909114293
577224 512 0 24686909242294
577736 512 0 24686909370294
578248 512 0 24686909498295
578760 512 0 24686909626295
579272 512 0 24686909754296
579784 512 0 24686909882296
580296 512 0 24686910010297
580808 512 0 24686910138298
581320 512 0 24686910266298
581832 512 0 24686910394299
582344 512 0 24686910522299
582856 512 0 24686910650300
583368 512 0 24686910778300
583880 512 0 24686910906301
584392 512 0 24686911034301
584904 512 0 24686911162302
585416 512 0 24686911290303
585928 512 0 24686911418303
586440 512 0 24686911546304
586952 512 0 24686911674304
587464 512 0 24686911802305
587976 512 0 24686911930305
588488 512 0 24686912058306
589000 512 0 24686912186306
589512 512 0 24686912314307
590024 512 0 24686912442308
590536 512 0 24686912570308
591048 512 0 24686912698309
591560 512 0 24686912826310
592072 512 0 24686912954310
592584 512 0 24686913082311
593096 512 0 24686913210311
593608 512 0 24686913338312
594120 512 0 24686913466312
594632 512 0 24686913594313
595144 512 0 24686913722313
595656 512 0 24686913850314
596168 512 0 24686913978315
596680 512 0 24686914106315
597192 512 0 24686914234316
597704 512 0 24686914362316
598216 512 0 24686914490317
598728 512 0 24686914618317
599240 512 0 24686914746318
599752 512 0 24686914874318
600264 512 0 24686915002319
600776 512 0 24686915130320
601288 512 0 24686915258320
601800 512 0 24686915386321
602312 512 0 24686915514321
602824 512 0 24686915642322
603336 512 0 24686915770322
603848 512 0 24686915898323
604360 512 0 24686916026323
604872 512 0 24686916154324
605384 512 0 24686916282324
605896 512 0 24686916410325
606408 512 0 24686916538326
606920 512 0 24686916666326
607432 512 0 24686916794327
607944 512 0 24686916922328
608456 512 0 24686917050328
608968 512 0 24686917178329
609480 512 0 24686917306329
609992 512 0 24686917434330
610504 512 0 24686917562330
611016 512 0 24686917690331
611528 512 0 24686917818331
612040 512 0 24686917946332
612552 512 0 24686918074333
613064 512 0 24686918202333
613576 512 0 24686918330334
614088 512 0 24686918458334
614600 512 0 24686918586335
615112 512 0 24686918714335
615624 512 0 24686918842336
616136 512 0 24686918970336
616648 512 0 24686919098337
617160 512 0 24686919226338
617672 512 0 24686919354338
618184 512 0 24686919482339
618696 512 0 24686919610339
619208 512 0 24686919738340
619720 512 0 24686919866340
620232 512 0 24686919994341
620744 512 0 24686920122341
621256 512 0 24686920250342
621768 512 0 24686920378343
622280 512 0 24686920506343
622792 512 0 24686920634344
623304 512 0 24686920762343
623816 512 0 24686920890344
624328 512 0 24686921018345
624840 512 0 24686921146345
625352 512 0 24686921274346
625864 512 0 24686921402346
626376 512 0 24686921530347
626888 512 0 24686921658347
627400 512 0 24686921786348
627912 512 0 24686921914348
628424 512 0 24686922042349
628936 512 0 24686922170349
629448 512 0 24686922298350
629960 512 0 24686922426351
630472 512 0 24686922554351
630984 512 0 24686922682352
631496 512 0 24686922810352
632008 512 0 24686922938353
632520 512 0 24686923066353
633032 512 0 24686923194354
633544 512 0 24686923322354
634056 512 0 24686923450355
634568 512 0 24686923578356
635080 512 0 24686923706356
635592 512 0 24686923834357
636104 512 0 24686923962357
636616 512 0 24686924090358
637128 512 0 24686924218358
637640 512 0 24686924346359
638152 512 0 24686924474359
638664 512 0 24686924602360
639176 512 0 24686924730361
639688 512 0 24686924858361
640200 512 0 24686924986362
640712 512 0 24686925114363
641224 512 0 24686925242363
641736 512 0 24686925370364
642248 512 0 24686925498364
642760 512 0 24686925626365
643272 512 0 24686925754365
643784 512 0 24686925882366
644296 512 0 24686926010366
644808 512 0 24686926138367
645320 512 0 24686926266368
645832 512 0 24686926394368
646344 512 0 24686926522369
646856 512 0 24686926650369
647368 512 0 24686926778370
647880 512 0 24686926906370
648392 512 0 24686927034371
648904 512 0 24686927162371
649416 512 0 24686927290372
649928 512 0 24686927418372
650440 512 0 24686927546373
650952 512 0 24686927674374
651464 512 0 24686927802374
651976 512 0 24686927930375
652488 512 0 24686928058375
653000 512 0 24686928186376
653512 512 0 24686928314376
654024 512 0 24686928442377
654536 512 0 24686928570377
655048 512 0 24686928698378
655560 512 0 24686928826379
656072 512 0 24686928954379
656584 512 0 24686929082380
657096 512 0 24686929210381
657608 512 0 24686929338381
658120 512 0 24686929466382
658632 512 0 24686929594382
659144 512 0 24686929722383
659656 512 0 24686929850383
660168 512 0 24686929978384
660680 512 0 24686930106384
661192 512 0 24686930234385
661704 512 0 24686930362386
662216 512 0 24686930490386
662728 512 0 24686930618387
663240 512 0 24686930746387
663752 512 0 24686930874388
664264 512 0 24686931002388
664776 512 0 24686931130389
665288 512 0 24686931258389
665800 512 0 24686931386390
666312 512 0 24686931514391
666824 512 0 24686931642391
667336 512 0 24686931770392
667848 512 0 24686931898392
668360 512 0 24686932026393
668872 512 0 24686932154393
669384 512 0 24686932282394
669896 512 0 24686932410394
670408 512 0 24686932538395
670920 512 0 24686932666396
671432 512 0 24686932794396
671944 512 0 24686932922397
672456 512 0 24686933050396
672968 512 0 24686933178397
673480 512 0 24686933306398
673992 512 0 24686933434398
674504 512 0 24686933562399
675016 512 0 24686933690399
675528 512 0 24686933818400
676040 512 0 24686933946400
676552 512 0 24686934074401
677064 512 0 24686934202401
677576 512 0 24686934330402
678088 512 0 24686934458402
678600 512 0 24686934586403
679112 512 0 24686934714404
679624 512 0 24686934842404
680136 512 0 24686934970405
680648 512 0 24686935098405
681160 512 0 24686935226406
681672 512 0 24686935354406
682184 512 0 24686935482407
682696 512 0 24686935610407
683208 512 0 24686935738408
683720 512 0 24686935866409
684232 512 0 24686935994409
684744 512 0 24686936122410
685256 512 0 24686936250410
685768 512 0 24686936378411
686280 512 0 24686936506411
686792 512 0 24686936634412
687304 512 0 24686936762412
687816 512 0 24686936890413
688328 512 0 24686937018413
688840 512 0 24686937146414
689352 512 0 24686937274415
689864 512 0 24686937402416
690376 512 0 24686937530416
690888 512 0 24686937658417
691400 512 0 24686937786417
691912 512 0 24686937914418
692424 512 0 24686938042418
692936 512 0 24686938170419
693448 512 0 24686938298419
693960 512 0 24686938426420
694472 512 0 24686938554421
694984 512 0 24686938682421
695496 512 0 24686938810422
696008 512 0 24686938938422
696520 512 0 24686939066423
697032 512 0 24686939194423
697544 512 0 24686939322424
698056 512 0 24686939450424
698568 512 0 24686939578425
699080 512 0 24686939706425
699592 512 0 24686939834426
700104 512 0 24686939962427
700616 512 0 24686940090427
701128 512 0 24686940218428
701640 512 0 24686940346428
702152 512 0 24686940474429
702664 512 0 24686940602429
703176 512 0 24686940730430
703688 512 0 24686940858430
704200 512 0 24686940986431
704712 512 0 24686941114432
705224 512 0 24686941242432
705736 512 0 24686941370433
706248 512 0 24686941498434
706760 512 0 24686941626434
707272 512 0 24686941754435
707784 512 0 24686941882435
708296 512 0 24686942010436
708808 512 0 24686942138436
709320 512 0 24686942266437
709832 512 0 24686942394437
710344 512 0 24686942522438
710856 512 0 24686942650439
711368 512 0 24686942778439
711880 512 0 24686942906440
712392 512 0 24686943034440
712904 512 0 24686943162441
713416 512 0 24686943290441
713928 512 0 24686943418442
714440 512 0 24686943546442
714952 512 0 24686943674443
715464 512 0 24686943802444
715976 512 0 24686943930444
716488 512 0 24686944058445
717000 512 0 24686944186445
717512 512 0 24686944314446
718024 512 0 24686944442446
718536 512 0 24686944570447
719048 512 0 24686944698447
719560 512 0 24686944826448
720072 512 0 24686944954449
720584 512 0 24686945082449
721096 512 0 24686945210450
721608 512 0 24686945338451
722120 512 0 24686945466451
722632 512 0 24686945594452
723144 512 0 24686945722452
723656 512 0 24686945850453
724168 512 0 24686945978453
724680 512 0 24686946106454
725192 512 0 24686946234454
725704 512 0 24686946362455
726216 512 0 24686946490455
726728 512 0 24686946618456
727240 512 0 24686946746457
727752 512 0 24686946874457
728264 512 0 24686947002458
728776 512 0 24686947130458
729288 512 0 24686947258459
729800 512 0 24686947386459
730312 512 0 24686947514460
730824 512 0 24686947642460
731336 512 0 24686947770461
731848 512 0 24686947898462
732360 512 0 24686948026462
732872 512 0 24686948154463
733384 512 0 24686948282463
733896 512 0 24686948410464
734408 512 0 24686948538464
734920 512 0 24686948666465
735432 512 0 24686948794465
735944 512 0 24686948922466
736456 512 0 24686949050467
736968 512 0 24686949178467
737480 512 0 24686949306468
737992 512 0 24686949434469
738504 512 0 24686949562469
739016 512 0 24686949690470
739528 512 0 24686949818470
740040 512 0 24686949946471
740552 512 0 24686950074471
741064 512 0 24686950202472
741576 512 0 24686950330472
742088 512 0 24686950458473
742600 512 0 24686950586474
743112 512 0 24686950714474
743624 512 0 24686950842475
744136 512 0 24686950970475
744648 512 0 24686951098476
745160 512 0 24686951226476
745672 512 0 24686951354477
746184 512 0 24686951482477
746696 512 0 24686951610478
747208 512 0 24686951738479
747720 512 0 24686951866479
748232 512 0 24686951994480
748744 512 0 24686952122480
749256 512 0 24686952250481
749768 512 0 24686952378481
750280 512 0 24686952506482
750792 512 0 24686952634482
751304 512 0 24686952762483
751816 512 0 24686952890484
752328 512 0 24686953018484
752840 512 0 24686953146485
753352 512 0 24686953274485
753864 512 0 24686953402486
754376 512 0 24686953530487
754888 512 0 24686953658487
755400 512 0 24686953786488
755912 512 0 24686953914488
756424 512 0 24686954042489
756936 512 0 24686954170489
757448 512 0 24686954298490
757960 512 0 24686954426490
758472 512 0 24686954554491
758984 512 0 24686954682492
759496 512 0 24686954810492
760008 512 0 24686954938493
760520 512 0 24686955066493
761032 512 0 24686955194494
761544 512 0 24686955322494
762056 512 0 24686955450495
762568 512 0 24686955578495
763080 512 0 24686955706496
763592 512 0 24686955834497
764104 512 0 24686955962497
764616 512 0 24686956090498
765128 512 0 24686956218498
765640 512 0 24686956346499
766152 512 0 24686956474499
766664 512 0 24686956602500
767176 512 0 24686956730500
767688 512 0 24686956858501
768200 512 0 24686956986502
768712 512 0 24686957114502
769224 512 0 24686957242503
769736 512 0 24686957370503
770248 512 0 24686957498504
770760 512 0 24686957626503
771272 512 0 24686957754504
771784 512 0 24686957882505
774968 512 0 24686958678508
775500 512 0 24686958811509
9332 512 0 24686976246406
9844 512 0 24686976525046
10356 512 0 24686976803685
10868 512 0 24686977082324
11380 512 0 24686977360964
11892 512 0 24686977639603
12404 512 0 24686977918243
12916 512 0 24686978196882
13428 512 0 24686978475522
13940 512 0 24686978754161
14452 512 0 24686979032800
14964 512 0 24686979311440
15476 512 0 24686979590079
15988 512 0 24686979868719
16500 512 0 24686980147358
17012 512 0 24686980425998
17524 512 0 24686980704637
18036 512 0 24686980983277
18548 512 0 24686981261916
19060 512 0 24686981540555
19572 512 0 24686981819195
20084 512 0 24686982097834
20596 512 0 24686982376474
21108 512 0 24686982655113
21620 512 0 24686982933753
22132 512 0 24686983212392
22644 512 0 24686983491031
23156 512 0 24686983769671
23668 512 0 24686984048310
24180 512 0 24686984326950
24692 512 0 24686984605589
25204 512 0 24686984884263
25716 512 0 24686985162903
26228 512 0 24686985441544
26740 512 0 24686985720184
27252 512 0 24686985998824
27764 512 0 24686986277465
28276 512 0 24686986556105
28788 512 0 24686986834745
29300 512 0 24686987113386
29812 512 0 24686987392026
30324 512 0 24686987670666
30836 512 0 24686987949307
31348 512 0 24686988227947
31860 512 0 24686988506587
32372 512 0 24686988785228
32884 512 0 24686989063868
33396 512 0 24686989342517
33908 512 0 24686989621157
34420 512 0 24686989899798
34932 512 0 24686990178439
35444 512 0 24686990457079
35956 512 0 24686990735720
36468 512 0 24686991014360
36980 512 0 24686991293001
37492 512 0 24686991571641
38004 512 0 24686991850282
38516 512 0 24686992128922
39028 512 0 24686992407563
39540 512 0 24686992686203
40052 512 0 24686992964844
40564 512 0 24686993243485
41076 512 0 24686993522125
41588 512 0 24686993800766
42100 512 0 24686994079407
42612 512 0 24686994358047
43124 512 0 24686994636688
43636 512 0 24686994915328
44148 512 0 24686995193969
44660 512 0 24686995472609
45172 512 0 24686995751250
45684 512 0 24686996029890
46196 512 0 24686996308531
46708 512 0 24686996587172
47220 512 0 24686996865812
47732 512 0 24686997144453
48244 512 0 24686997423093
48756 512 0 24686997701734
49268 512 0 24686997980374
49780 512 0 24686998259017
50292 512 0 24686998537657
50804 512 0 24686998816298
51316 512 0 24686999094938
51828 512 0 24686999373579
52340 512 0 24686999652220
52852 512 0 24686999930860
53364 512 0 24687000209501
53876 512 0 24687000488141
54388 512 0 24687000766782
54900 512 0 24687001045422
55412 512 0 24687001324063
55924 512 0 24687001602704
56436 512 0 24687001881344
56948 512 0 24687002159985
57460 512 0 24687002438625
57972 512 0 24687002717267
58484 512 0 24687002995907
58996 512 0 24687003274548
59508 512 0 24687003553189
60020 512 0 24687003831829
60532 512 0 24687004110470
61044 512 0 24687004389110
61556 512 0 24687004667751
62068 512 0 24687004946392
62580 512 0 24687005225032
63092 512 0 24687005503673
63604 512 0 24687005782314
64116 512 0 24687006060954
64628 512 0 24687006339595
65140 512 0 24687006618235
65652 512 0 24687006896876
66164 512 0 24687007175517
66676 512 0 24687007454158
67188 512 0 24687007732798
67700 512 0 24687008011439
68212 512 0 24687008290079
68724 512 0 24687008568720
69236 512 0 24687008847361
69748 512 0 24687009126001
70260 512 0 24687009404642
70772 512 0 24687009683283
71284 512 0 24687009961923
71796 512 0 24687010240564
72308 512 0 24687010519204
72820 512 0 24687010797845
73332 512 0 24687011076486
73844 512 0 24687011355126
74356 512 0 24687011633767
74868 512 0 24687011912408
75380 512 0 24687012191048
75892 512 0 24687012469689
76404 512 0 24687012748330
76916 512 0 24687013026970
77428 512 0 24687013305611
77940 512 0 24687013584251
78452 512 0 24687013862892
78964 512 0 24687014141533
79476 512 0 24687014420173
79988 512 0 24687014698814
80500 512 0 24687014977454
81012 512 0 24687015256095
81524 512 0 24687015534736
82036 512 0 24687015813376
82548 512 0 24687016092017
83060 512 0 24687016370658
83572 512 0 24687016649298
84084 512 0 24687016927939
84596 512 0 24687017206580
85108 512 0 24687017485220
85620 512 0 24687017763861
86132 512 0 24687018042501
86644 512 0 24687018321142
87156 512 0 24687018599783
87668 512 0 24687018878423
88180 512 0 24687019157064
88692 512 0 24687019435705
89204 512 0 24687019714345
89716 512 0 24687019992986
90228 512 0 24687020271626
90740 512 0 24687020550267
91252 512 0 24687020828908
91764 512 0 24687021107548
92276 512 0 24687021386189
92788 512 0 24687021664830
93300 512 0 24687021943470
93812 512 0 24687022222111
94324 512 0 24687022500751
94836 512 0 24687022779392
95348 512 0 24687023058033
95860 512 0 24687023336673
96372 512 0 24687023615314
96884 512 0 24687023893955
97396 512 0 24687024172595
97908 512 0 24687024451236
98420 512 0 24687024729876
98932 512 0 24687025008517
99444 512 0 24687025287158
99956 512 0 24687025565798
100468 512 0 24687025844439
100980 512 0 24687026123080
101492 512 0 24687026401720
102004 512 0 24687026680361
102516 512 0 24687026959001
103028 512 0 24687027237642
103540 512 0 24687027516283
104052 512 0 24687027794923
104564 512 0 24687028073564
105076 512 0 24687028352205
105588 512 0 24687028630845
106100 512 0 24687028909486
106612 512 0 24687029188126
107124 512 0 24687029466767
107636 512 0 24687029745408
108148 512 0 24687030024048
108660 512 0 24687030302689
109172 512 0 24687030581330
109684 512 0 24687030859970
110196 512 0 24687031138611
110708 512 0 24687031417251
111220 512 0 24687031695892
111732 512 0 24687031974533
112244 512 0 24687032253173
112756 512 0 24687032531814
113268 512 0 24687032810455
113780 512 0 24687033089095
114292 512 0 24687033367736
114804 512 0 24687033646376
115316 512 0 24687033925017
115828 512 0 24687034203658
116340 512 0 24687034482298
116852 512 0 24687034760939
117364 512 0 24687035039580
117876 512 0 24687035318220
118388 512 0 24687035596861
118900 512 0 24687035875501
119412 512 0 24687036154142
119924 512 0 24687036432783
120436 512 0 24687036711423
120948 512 0 24687036990064
121460 512 0 24687037268705
121972 512 0 24687037547345
122484 512 0 24687037825986
122996 512 0 24687038104626
123508 512 0 24687038383268
124020 512 0 24687038661909
124532 512 0 24687038940550
125044 512 0 24687039219190
125556 512 0 24687039497831
126068 512 0 24687039776472
126580 512 0 24687040055112
127092 512 0 24687040333753
127604 512 0 24687040612394
128116 512 0 24687040891034
128628 512 0 24687041169675
129140 512 0 24687041448315
129652 512 0 24687041726956
130164 512 0 24687042005597
130676 512 0 24687042284237
131188 512 0 24687042562878
131700 512 0 24687042841518
132212 512 0 24687043120159
132724 512 0 24687043398800
133236 512 0 24687043677440
133748 512 0 24687043956081
134260 512 0 24687044234722
134772 512 0 24687044513362
135284 512 0 24687044792003
135796 512 0 24687045070643
136308 512 0 24687045349284
136820 512 0 24687045627925
137332 512 0 24687045906565
137844 512 0 24687046185206
138356 512 0 24687046463847
138868 512 0 24687046742487
139380 512 0 24687047021128
139892 512 0 24687047299768
140404 512 0 24687047578409
140916 512 0 24687047857050
141428 512 0 24687048135690
141940 512 0 24687048414331
142452 512 0 24687048692971
142964 512 0 24687048971612
143476 512 0 24687049250253
143988 512 0 24687049528893
144500 512 0 24687049807534
145012 512 0 24687050086175
145524 512 0 24687050364815
146036 512 0 24687050643456
146548 512 0 24687050922097
147060 512 0 24687051200737
147572 512 0 24687051479378
148084 512 0 24687051758019
148596 512 0 24687052036660
149108 512 0 24687052315301
149620 512 0 24687052593941
150132 512 0 24687052872582
150644 512 0 24687053151223
151156 512 0 24687053429863
151668 512 0 24687053708504
152180 512 0 24687053987145
152692 512 0 24687054265785
153204 512 0 24687054544426
153716 512 0 24687054823066
154228 512 0 24687055101707
154740 512 0 24687055380348
155252 512 0 24687055658988
155764 512 0 24687055937629
156276 512 0 24687056216269
156788 512 0 24687056494910
157300 512 0 24687056773551
157812 512 0 24687057052191
158324 512 0 24687057330832
158836 512 0 24687057609473
159348 512 0 24687057888113
159860 512 0 24687058166754
160372 512 0 24687058445394
160884 512 0 24687058724035
161396 512 0 24687059002676
161908 512 0 24687059281316
162420 512 0 24687059559957
162932 512 0 24687059838598
163444 512 0 24687060117238
163956 512 0 24687060395879
164468 512 0 24687060674519
164980 512 0 24687060953160
165492 512 0 24687061231801
166004 512 0 24687061510441
166516 512 0 24687061789082
167028 512 0 24687062067723
167540 512 0 24687062346363
168052 512 0 24687062625004
168564 512 0 24687062903644
169076 512 0 24687063182285
169588 512 0 24687063460926
170100 512 0 24687063739566
170612 512 0 24687064018207
171124 512 0 24687064296848
171636 512 0 24687064575488
172148 512 0 24687064854129
172660 512 0 24687065132769
173172 512 0 24687065411410
173684 512 0 24687065690051
174196 512 0 24687065968691
174708 512 0 24687066247332
175220 512 0 24687066525973
175732 512 0 24687066804613
176244 512 0 24687067083254
176756 512 0 24687067361894
177268 512 0 24687067640535
177780 512 0 24687067919176
178292 512 0 24687068197816
178804 512 0 24687068476457
179316 512 0 24687068755098
179828 512 0 24687069033738
180340 512 0 24687069312379
180852 512 0 24687069591019
181364 512 0 24687069869660
181876 512 0 24687070148301
182388 512 0 24687070426941
182900 512 0 24687070705582
183412 512 0 24687070984222
183924 512 0 24687071262863
184436 512 0 24687071541504
184948 512 0 24687071820144
185460 512 0 24687072098785
185972 512 0 24687072377426
186484 512 0 24687072656066
186996 512 0 24687072934707
187508 512 0 24687073213348
188020 512 0 24687073491988
188532 512 0 24687073770629
189044 512 0 24687074049270
189556 512 0 24687074327911
190068 512 0 24687074606552
190580 512 0 24687074885192
191092 512 0 24687075163833
191604 512 0 24687075442474
192116 512 0 24687075721114
192628 512 0 24687075999755
193140 512 0 24687076278396
193652 512 0 24687076557036
194164 512 0 24687076835677
194676 512 0 24687077114317
195188 512 0 24687077392958
195700 512 0 24687077671599
196212 512 0 24687077950239
196724 512 0 24687078228880
197236 512 0 24687078507520
197748 512 0 24687078786161
198260 512 0 24687079064802
198772 512 0 24687079343442
199284 512 0 24687079622083
199796 512 0 24687079900724
200308 512 0 24687080179364
200820 512 0 24687080458005
201332 512 0 24687080736645
201844 512 0 24687081015286
202356 512 0 24687081293927
202868 512 0 24687081572567
203380 512 0 24687081851208
203892 512 0 24687082129849
204404 512 0 24687082408489
204916 512 0 24687082687130
205428 512 0 24687082965770
205940 512 0 24687083244411
206452 512 0 24687083523052
206964 512 0 24687083801692
207476 512 0 24687084080333
207988 512 0 24687084358974
208500 512 0 24687084637614
209012 512 0 24687084916255
209524 512 0 24687085194895
210036 512 0 24687085473536
210548 512 0 24687085752177
211060 512 0 24687086030817
211572 512 0 24687086309458
212084 512 0 24687086588099
212596 512 0 24687086866739
213108 512 0 24687087145380
213620 512 0 24687087424020
214132 512 0 24687087702661
214644 512 0 24687087981302
215156 512 0 24687088259942
215668 512 0 24687088538583
216180 512 0 24687088817224
216692 512 0 24687089095864
217204 512 0 24687089374505
217716 512 0 24687089653145
218228 512 0 24687089931786
218740 512 0 24687090210427
219252 512 0 24687090489067
219764 512 0 24687090767708
220276 512 0 24687091046349
220788 512 0 24687091324989
221300 512 0 24687091603630
221812 512 0 24687091882270
222324 512 0 24687092160911
222836 512 0 24687092439552
223348 512 0 24687092718192
223860 512 0 24687092996833
224372 512 0 24687093275473
224884 512 0 24687093554114
225396 512 0 24687093832755
225908 512 0 24687094111395
226420 512 0 24687094390036
226932 512 0 24687094668677
227444 512 0 24687094947317
227956 512 0 24687095225958
228468 512 0 24687095504599
228980 512 0 24687095783239
229492 512 0 24687096061880
230004 512 0 24687096340520
230516 512 0 24687096619161
231028 512 0 24687096897802
231540 512 0 24687097176442
232052 512 0 24687097455083
232564 512 0 24687097733723
233076 512 0 24687098012364
233588 512 0 24687098291005
234100 512 0 24687098569645
234612 512 0 24687098848286
235124 512 0 24687099126927
235636 512 0 24687099405567
236148 512 0 24687099684208
236660 512 0 24687099962849
237172 512 0 24687100241489
237684 512 0 24687100520130
238196 512 0 24687100798770
238708 512 0 24687101077411
239220 512 0 24687101356052
239732 512 0 24687101634692
240244 512 0 24687101913333
240756 512 0 24687102191973
241268 512 0 24687102470614
241780 512 0 24687102749255
242292 512 0 24687103027895
242804 512 0 24687103306536
243316 512 0 24687103585177
243828 512 0 24687103863817
244340 512 0 24687104142458
244852 512 0 24687104421099
245364 512 0 24687104699739
245876 512 0 24687104978380
246388 512 0 24687105257020
246900 512 0 24687105535661
247412 512 0 24687105814302
247924 512 0 24687106092942
248436 512 0 24687106371583
248948 512 0 24687106650223
249460 512 0 24687106928864
249972 512 0 24687107207505
250484 512 0 24687107486145
250996 512 0 24687107764786
251508 512 0 24687108043427
252020 512 0 24687108322067
252532 512 0 24687108600708
253044 512 0 24687108879348
253556 512 0 24687109157989
254068 512 0 24687109436630
254580 512 0 24687109715270
255092 512 0 24687109993911
255604 512 0 24687110272552
256116 512 0 24687110551192
256628 512 0 24687110829833
257140 512 0 24687111108473
257652 512 0 24687111387114
258164 512 0 24687111665755
258676 512 0 24687111944395
259188 512 0 24687112223036
259700 512 0 24687112501677
260212 512 0 24687112780317
260724 512 0 24687113058958
261236 512 0 24687113337598
261748 512 0 24687113616239
262260 512 0 24687113894880
262772 512 0 24687114173520
263284 512 0 24687114452161
263796 512 0 24687114730802
264308 512 0 24687115009442
264820 512 0 24687115288083
265332 512 0 24687115566723
265844 512 0 24687115845364
266356 512 0 24687116124005
266868 512 0 24687116402645
267380 512 0 24687116681286
267892 512 0 24687116959927
268404 512 0 24687117238567
268916 512 0 24687117517208
269428 512 0 24687117795848
269940 512 0 24687118074489
270452 512 0 24687118353130
270964 512 0 24687118631770
271476 512 0 24687118910411
271988 512 0 24687119189051
272500 512 0 24687119467692
273012 512 0 24687119746333
273524 512 0 24687120024973
274036 512 0 24687120303614
274548 512 0 24687120582255
275060 512 0 24687120860895
275572 512 0 24687121139536
276084 512 0 24687121418177
276596 512 0 24687121696817
277108 512 0 24687121975458
277620 512 0 24687122254098
278132 512 0 24687122532739
278644 512 0 24687122811380
279156 512 0 24687123090021
279668 512 0 24687123368662
280180 512 0 24687123647303
280692 512 0 24687123925943
281204 512 0 24687124204584
281716 512 0 24687124483225
282228 512 0 24687124761865
282740 512 0 24687125040506
283252 512 0 24687125319146
283764 512 0 24687125597787
284276 512 0 24687125876428
284788 512 0 24687126155068
285300 512 0 24687126433709
285812 512 0 24687126712350
286324 512 0 24687126990990
286836 512 0 24687127269631
287348 512 0 24687127548271
287860 512 0 24687127826912
288372 512 0 24687128105553
288884 512 0 24687128384193
289396 512 0 24687128662834
289908 512 0 24687128941474
290420 512 0 24687129220115
290932 512 0 24687129498756
291444 512 0 24687129777396
291956 512 0 24687130056037
292468 512 0 24687130334678
292980 512 0 24687130613318
293492 512 0 24687130891959
294004 512 0 24687131170600
294516 512 0 24687131449240
295028 512 0 24687131727881
295540 512 0 24687132006521
296052 512 0 24687132285162
296564 512 0 24687132563803
297076 512 0 24687132842443
297588 512 0 24687133121084
298100 512 0 24687133399724
298612 512 0 24687133678365
299124 512 0 24687133957006
299636 512 0 24687134235646
300148 512 0 24687134514287
300660 512 0 24687134792928
301172 512 0 24687135071568
301684 512 0 24687135350209
302196 512 0 24687135628850
302708 512 0 24687135907490
303220 512 0 24687136186131
303732 512 0 24687136464771
304244 512 0 24687136743412
304756 512 0 24687137022053
305268 512 0 24687137300693
305780 512 0 24687137579334
306292 512 0 24687137857974
306804 512 0 24687138136615
307316 512 0 24687138415256
307828 512 0 24687138693896
308340 512 0 24687138972537
308852 512 0 24687139251178
309364 512 0 24687139529818
309876 512 0 24687139808459
310388 512 0 24687140087100
310900 512 0 24687140365740
311412 512 0 24687140644381
311924 512 0 24687140923022
312436 512 0 24687141201663
312948 512 0 24687141480304
313460 512 0 24687141758944
313972 512 0 24687142037585
314484 512 0 24687142316226
314996 512 0 24687142594866
315508 512 0 24687142873507
316020 512 0 24687143152147
316532 512 0 24687143430788
317044 512 0 24687143709429
317556 512 0 24687143988069
318068 512 0 24687144266710
318580 512 0 24687144545351
319092 512 0 24687144823991
319604 512 0 24687145102632
320116 512 0 24687145381272
320628 512 0 24687145659913
321140 512 0 24687145938554
321652 512 0 24687146217194
322164 512 0 24687146495835
322676 512 0 24687146774476
323188 512 0 24687147053116
323700 512 0 24687147331757
324212 512 0 24687147610397
324724 512 0 24687147889038
325236 512 0 24687148167679
325748 512 0 24687148446319
326260 512 0 24687148724960
326772 512 0 24687149003601
327284 512 0 24687149282241
327796 512 0 24687149560882
328308 512 0 24687149839521
328820 512 0 24687150118162
329332 512 0 24687150396802
329844 512 0 24687150675443
330356 512 0 24687150954084
330868 512 0 24687151232724
331380 512 0 24687151511365
331892 512 0 24687151790006
332404 512 0 24687152068646
332916 512 0 24687152347287
333428 512 0 24687152625928
333940 512 0 24687152904568
334452 512 0 24687153183209
334964 512 0 24687153461849
335476 512 0 24687153740490
335988 512 0 24687154019131
336500 512 0 24687154297771
337012 512 0 24687154576412
337524 512 0 24687154855052
338036 512 0 24687155133693
338548 512 0 24687155412334
339060 512 0 24687155690974
339572 512 0 24687155969615
340084 512 0 24687156248256
340596 512 0 24687156526896
341108 512 0 24687156805537
341620 512 0 24687157084178
343112 512 0 24687157896154
17720 512 0 24687174774187
18232 512 0 24687174902187
18744 512 0 24687175030187
19256 512 0 24687175158187
19768 512 0 24687175286187
20280 512 0 24687175414187
20792 512 0 24687175542187
21304 512 0 24687175670187
21816 512 0 24687175798187
22328 512 0 24687175926187
22840 512 0 24687176054187
23352 512 0 24687176182187
23864 512 0 24687176310187
24376 512 0 24687176438187
24888 512 0 24687176566187
25400 512 0 24687176694187
25912 512 0 24687176822187
26424 512 0 24687176950187
26936 512 0 24687177078187
27448 512 0 24687177206187
27960 512 0 24687177334187
28472 512 0 24687177462187
28984 512 0 24687177590187
29496 512 0 24687177718187
30008 512 0 24687177846187
30520 512 0 24687177974187
31032 512 0 24687178102187
31544 512 0 24687178230187
32056 512 0 24687178358187
32568 512 0 24687178486187
33080 512 0 24687178614187
33592 512 0 24687178742187
34104 512 0 24687178870187
34616 512 0 24687178998187
35128 512 0 24687179126187
35640 512 0 24687179254187
36152 512 0 24687179382187
36664 512 0 24687179510187
37176 512 0 24687179638187
37688 512 0 24687179766187
38200 512 0 24687179894187
38712 512 0 24687180022187
39224 512 0 24687180150187
39736 512 0 24687180278187
40248 512 0 24687180406187
40760 512 0 24687180534187
41272 512 0 24687180662187
41784 512 0 24687180790187
42296 512 0 24687180918187
42808 512 0 24687181046187
43320 512 0 24687181174187
43832 512 0 24687181302187
44344 512 0 24687181430187
44856 512 0 24687181558187
45368 512 0 24687181686187
45880 512 0 24687181814187
46392 512 0 24687181942187
46904 512 0 24687182070187
47416 512 0 24687182198187
47928 512 0 24687182326187
48440 512 0 24687182454187
48952 512 0 24687182582187
49464 512 0 24687182710187
49976 512 0 24687182838194
50488 512 0 24687182966194
51000 512 0 24687183094194
51512 512 0 24687183222194
52024 512 0 24687183350195
52536 512 0 24687183478195
53048 512 0 24687183606195
53560 512 0 24687183734195
54072 512 0 24687183862195
54584 512 0 24687183990195
55096 512 0 24687184118195
55608 512 0 24687184246195
56120 512 0 24687184374195
56632 512 0 24687184502195
57144 512 0 24687184630195
57656 512 0 24687184758196
58168 512 0 24687184886196
58680 512 0 24687185014196
59192 512 0 24687185142196
59704 512 0 24687185270196
60216 512 0 24687185398196
60728 512 0 24687185526196
61240 512 0 24687185654196
61752 512 0 24687185782196
62264 512 0 24687185910196
62776 512 0 24687186038196
63288 512 0 24687186166197
63800 512 0 24687186294197
64312 512 0 24687186422197
64824 512 0 24687186550197
65336 512 0 24687186678197
65848 512 0 24687186806197
66360 512 0 24687186934222
66872 512 0 24687187062223
67384 512 0 24687187190223
67896 512 0 24687187318223
68408 512 0 24687187446224
68920 512 0 24687187574224
69432 512 0 24687187702225
69944 512 0 24687187830225
70456 512 0 24687187958226
70968 512 0 24687188086226
71480 512 0 24687188214226
71992 512 0 24687188342227
72504 512 0 24687188470227
73016 512 0 24687188598228
73528 512 0 24687188726228
74040 512 0 24687188854229
74552 512 0 24687188982229
75064 512 0 24687189110229
75576 512 0 24687189238230
76088 512 0 24687189366230
76600 512 0 24687189494231
77112 512 0 24687189622231
77624 512 0 24687189750231
78136 512 0 24687189878232
78648 512 0 24687190006232
79160 512 0 24687190134233
79672 512 0 24687190262233
80184 512 0 24687190390234
80696 512 0 24687190518234
81208 512 0 24687190646234
81720 512 0 24687190774235
82232 512 0 24687190902235
82744 512 0 24687191030239
83256 512 0 24687191158240
83768 512 0 24687191286240
84280 512 0 24687191414241
84792 512 0 24687191542241
85304 512 0 24687191670242
85816 512 0 24687191798242
86328 512 0 24687191926243
86840 512 0 24687192054243
87352 512 0 24687192182244
87864 512 0 24687192310244
88376 512 0 24687192438245
88888 512 0 24687192566245
89400 512 0 24687192694245
89912 512 0 24687192822246
90424 512 0 24687192950246
90936 512 0 24687193078247
91448 512 0 24687193206247
91960 512 0 24687193334248
92472 512 0 24687193462248
92984 512 0 24687193590249
93496 512 0 24687193718249
94008 512 0 24687193846250
94520 512 0 24687193974250
95032 512 0 24687194102251
95544 512 0 24687194230251
96056 512 0 24687194358251
96568 512 0 24687194486252
97080 512 0 24687194614252
97592 512 0 24687194742253
98104 512 0 24687194870253
98616 512 0 24687194998254
99128 512 0 24687195126258
99640 512 0 24687195254258
100152 512 0 24687195382259
100664 512 0 24687195510259
101176 512 0 24687195638260
101688 512 0 24687195766260
102200 512 0 24687195894261
102712 512 0 24687196022261
103224 512 0 24687196150262
103736 512 0 24687196278262
104248 512 0 24687196406263
104760 512 0 24687196534263
105272 512 0 24687196662264
105784 512 0 24687196790264
106296 512 0 24687196918265
106808 512 0 24687197046265
107320 512 0 24687197174266
107832 512 0 24687197302266
108344 512 0 24687197430267
108856 512 0 24687197558267
109368 512 0 24687197686268
109880 512 0 24687197814268
110392 512 0 24687197942269
110904 512 0 24687198070269
111416 512 0 24687198198270
111928 512 0 24687198326270
112440 512 0 24687198454271
112952 512 0 24687198582271
113464 512 0 24687198710272
113976 512 0 24687198838272
114488 512 0 24687198966273
115000 512 0 24687199094273
115512 512 0 24687199222277
116024 512 0 24687199350277
116536 512 0 24687199478278
117048 512 0 24687199606278
117560 512 0 24687199734279
118072 512 0 24687199862279
118584 512 0 24687199990280
119096 512 0 24687200118280
119608 512 0 24687200246281
120120 512 0 24687200374282
120632 512 0 24687200502282
121144 512 0 24687200630283
121656 512 0 24687200758283
122168 512 0 24687200886284
122680 512 0 24687201014284
123192 512 0 24687201142285
123704 512 0 24687201270285
124216 512 0 24687201398286
124728 512 0 24687201526286
125240 512 0 24687201654287
125752 512 0 24687201782287
126264 512 0 24687201910288
126776 512 0 24687202038288
127288 512 0 24687202166289
127800 512 0 24687202294289
128312 512 0 24687202422290
128824 512 0 24687202550291
129336 512 0 24687202678291
129848 512 0 24687202806292
130360 512 0 24687202934292
130872 512 0 24687203062293
131384 512 0 24687203190293
131896 512 0 24687203318294
132408 512 0 24687203446294
132920 512 0 24687203574295
133432 512 0 24687203702295
133944 512 0 24687203830296
134456 512 0 24687203958296
134968 512 0 24687204086297
135480 512 0 24687204214298
135992 512 0 24687204342298
136504 512 0 24687204470299
137016 512 0 24687204598299
137528 512 0 24687204726300
138040 512 0 24687204854300
138552 512 0 24687204982301
139064 512 0 24687205110301
139576 512 0 24687205238302
140088 512 0 24687205366302
140600 512 0 24687205494303
141112 512 0 24687205622303
141624 512 0 24687205750304
142136 512 0 24687205878304
142648 512 0 24687206006305
143160 512 0 24687206134305
143672 512 0 24687206262306
144184 512 0 24687206390307
144696 512 0 24687206518307
145208 512 0 24687206646308
145720 512 0 24687206774308
146232 512 0 24687206902309
146744 512 0 24687207030309
147256 512 0 24687207158310
147768 512 0 24687207286310
148280 512 0 24687207414311
148792 512 0 24687207542311
149304 512 0 24687207670312
149816 512 0 24687207798312
150328 512 0 24687207926313
150840 512 0 24687208054313
151352 512 0 24687208182314
151864 512 0 24687208310315
152376 512 0 24687208438315
152888 512 0 24687208566316
153400 512 0 24687208694316
153912 512 0 24687208822317
154424 512 0 24687208950317
154936 512 0 24687209078318
155448 512 0 24687209206318
155960 512 0 24687209334319
156472 512 0 24687209462319
156984 512 0 24687209590320
157496 512 0 24687209718320
158008 512 0 24687209846321
158520 512 0 24687209974321
159032 512 0 24687210102322
159544 512 0 24687210230323
160056 512 0 24687210358323
160568 512 0 24687210486324
161080 512 0 24687210614324
161592 512 0 24687210742325
162104 512 0 24687210870325
162616 512 0 24687210998326
163128 512 0 24687211126326
163640 512 0 24687211254327
164152 512 0 24687211382327
164664 512 0 24687211510328
165176 512 0 24687211638328
165688 512 0 24687211766329
166200 512 0 24687211894329
166712 512 0 24687212022330
167224 512 0 24687212150330
167736 512 0 24687212278331
168248 512 0 24687212406332
168760 512 0 24687212534332
169272 512 0 24687212662333
169784 512 0 24687212790333
170296 512 0 24687212918334
170808 512 0 24687213046334
171320 512 0 24687213174335
171832 512 0 24687213302335
172344 512 0 24687213430336
172856 512 0 24687213558336
173368 512 0 24687213686337
173880 512 0 24687213814337
174392 512 0 24687213942338
174904 512 0 24687214070338
175416 512 0 24687214198339
175928 512 0 24687214326340
176440 512 0 24687214454340
176952 512 0 24687214582341
177464 512 0 24687214710341
177976 512 0 24687214838342
178488 512 0 24687214966342
179000 512 0 24687215094343
179512 512 0 24687215222343
180024 512 0 24687215350344
180536 512 0 24687215478344
181048 512 0 24687215606345
181560 512 0 24687215734345
182072 512 0 24687215862346
182584 512 0 24687215990346
183096 512 0 24687216118347
183608 512 0 24687216246347
184120 512 0 24687216374348
184632 512 0 24687216502349
185144 512 0 24687216630349
185656 512 0 24687216758350
186168 512 0 24687216886350
186680 512 0 24687217014351
187192 512 0 24687217142351
187704 512 0 24687217270352
188216 512 0 24687217398352
188728 512 0 24687217526353
189240 512 0 24687217654353
189752 512 0 24687217782354
190264 512 0 24687217910354
190776 512 0 24687218038355
191288 512 0 24687218166355
191800 512 0 24687218294356
192312 512 0 24687218422357
192824 512 0 24687218550357
193336 512 0 24687218678358
193848 512 0 24687218806358
194360 512 0 24687218934359
194872 512 0 24687219062359
195384 512 0 24687219190360
195896 512 0 24687219318360
196408 512 0 24687219446361
196920 512 0 24687219574361
197432 512 0 24687219702362
197944 512 0 24687219830362
198456 512 0 24687219958363
198968 512 0 24687220086363
199480 512 0 24687220214364
199992 512 0 24687220342364
200504 512 0 24687220470365
201016 512 0 24687220598366
201528 512 0 24687220726366
202040 512 0 24687220854367
202552 512 0 24687220982367
203064 512 0 24687221110368
203576 512 0 24687221238368
204088 512 0 24687221366369
204600 512 0 24687221494369
205112 512 0 24687221622370
205624 512 0 24687221750370
206136 512 0 24687221878371
206648 512 0 24687222006371
207160 512 0 24687222134372
207672 512 0 24687222262372
208184 512 0 24687222390373
208696 512 0 24687222518374
209208 512 0 24687222646374
209720 512 0 24687222774375
210232 512 0 24687222902375
210744 512 0 24687223030376
211256 512 0 24687223158376
211768 512 0 24687223286377
212280 512 0 24687223414377
212792 512 0 24687223542378
213304 512 0 24687223670378
213816 512 0 24687223798380
214328 512 0 24687223926381
214840 512 0 24687224054381
215352 512 0 24687224182382
215864 512 0 24687224310382
216376 512 0 24687224438383
216888 512 0 24687224566383
217400 512 0 24687224694384
217912 512 0 24687224822384
218424 512 0 24687224950385
218936 512 0 24687225078385
219448 512 0 24687225206386
219960 512 0 24687225334387
220472 512 0 24687225462387
220984 512 0 24687225590388
221496 512 0 24687225718388
222008 512 0 24687225846389
222520 512 0 24687225974389
223032 512 0 24687226102390
223544 512 0 24687226230390
224056 512 0 24687226358391
224568 512 0 24687226486391
225080 512 0 24687226614392
225592 512 0 24687226742393
226104 512 0 24687226870393
226616 512 0 24687226998394
227128 512 0 24687227126394
227640 512 0 24687227254395
228152 512 0 24687227382395
228664 512 0 24687227510396
229176 512 0 24687227638396
229688 512 0 24687227766397
230200 512 0 24687227894397
230712 512 0 24687228022398
231224 512 0 24687228150398
231736 512 0 24687228278399
232248 512 0 24687228406399
232760 512 0 24687228534400
233272 512 0 24687228662400
233784 512 0 24687228790401
234296 512 0 24687228918401
234808 512 0 24687229046402
235320 512 0 24687229174402
235832 512 0 24687229302403
236344 512 0 24687229430403
236856 512 0 24687229558404
237368 512 0 24687229686405
237880 512 0 24687229814405
238392 512 0 24687229942406
238904 512 0 24687230070406
239416 512 0 24687230198407
239928 512 0 24687230326407
240440 512 0 24687230454408
240952 512 0 24687230582408
241464 512 0 24687230710409
241976 512 0 24687230838409
242488 512 0 24687230966410
243000 512 0 24687231094410
243512 512 0 24687231222411
244024 512 0 24687231350412
244536 512 0 24687231478412
245048 512 0 24687231606413
245560 512 0 24687231734413
246072 512 0 24687231862414
246584 512 0 24687231990414
247096 512 0 24687232118415
247608 512 0 24687232246415
248120 512 0 24687232374416
248632 512 0 24687232502416
249144 512 0 24687232630417
249656 512 0 24687232758417
250168 512 0 24687232886418
250680 512 0 24687233014418
251192 512 0 24687233142419
251704 512 0 24687233270419
252216 512 0 24687233398420
252728 512 0 24687233526420
253240 512 0 24687233654421
253752 512 0 24687233782421
254264 512 0 24687233910422
254776 512 0 24687234038423
255288 512 0 24687234166423
255800 512 0 24687234294424
256312 512 0 24687234422424
256824 512 0 24687234550425
257336 512 0 24687234678425
257848 512 0 24687234806426
258360 512 0 24687234934426
258872 512 0 24687235062427
259384 512 0 24687235190427
259896 512 0 24687235318428
260408 512 0 24687235446428
260920 512 0 24687235574429
261432 512 0 24687235702430
261944 512 0 24687235830430
262456 512 0 24687235958431
262968 512 0 24687236086431
263480 512 0 24687236214431
263992 512 0 24687236342432
264504 512 0 24687236470433
265016 512 0 24687236598433
265528 512 0 24687236726434
266040 512 0 24687236854434
266552 512 0 24687236982435
267064 512 0 24687237110435
267576 512 0 24687237238436
268088 512 0 24687237366436
268600 512 0 24687237494437
269112 512 0 24687237622437
269624 512 0 24687237750438
270136 512 0 24687237878438
270648 512 0 24687238006439
271160 512 0 24687238134440
271672 512 0 24687238262440
272184 512 0 24687238390441
272696 512 0 24687238518441
273208 512 0 24687238646442
273720 512 0 24687238774442
274232 512 0 24687238902443
274744 512 0 24687239030443
275256 512 0 24687239158444
275768 512 0 24687239286444
276280 512 0 24687239414445
276792 512 0 24687239542445
277304 512 0 24687239670446
277816 512 0 24687239798446
278328 512 0 24687239926447
278840 512 0 24687240054448
279352 512 0 24687240182449
279864 512 0 24687240310450
280376 512 0 24687240438450
280888 512 0 24687240566451
281400 512 0 24687240694451
281912 512 0 24687240822452
282424 512 0 24687240950452
282936 512 0 24687241078453
283448 512 0 24687241206453
283960 512 0 24687241334454
284472 512 0 24687241462454
284984 512 0 24687241590455
285496 512 0 24687241718456
286008 512 0 24687241846456
286520 512 0 24687241974457
287032 512 0 24687242102457
287544 512 0 24687242230458
288056 512 0 24687242358458
288568 512 0 24687242486459
289080 512 0 24687242614459
289592 512 0 24687242742460
290104 512 0 24687242870460
290616 512 0 24687242998461
291128 512 0 24687243126461
291640 512 0 24687243254462
292152 512 0 24687243382462
292664 512 0 24687243510463
293176 512 0 24687243638464
293688 512 0 24687243766464
294200 512 0 24687243894465
294712 512 0 24687244022465
295224 512 0 24687244150466
295736 512 0 24687244278466
296248 512 0 24687244406467
296760 512 0 24687244534467
297272 512 0 24687244662468
297784 512 0 24687244790468
298296 512 0 24687244918469
298808 512 0 24687245046469
299320 512 0 24687245174470
299832 512 0 24687245302470
300344 512 0 24687245430471
300856 512 0 24687245558471
301368 512 0 24687245686472
301880 512 0 24687245814472
302392 512 0 24687245942473
302904 512 0 24687246070474
303416 512 0 24687246198474
303928 512 0 24687246326475
304440 512 0 24687246454475
304952 512 0 24687246582476
305464 512 0 24687246710476
305976 512 0 24687246838477
306488 512 0 24687246966477
307000 512 0 24687247094478
307512 512 0 24687247222478
308024 512 0 24687247350479
308536 512 0 24687247478479
309048 512 0 24687247606480
309560 512 0 24687247734481
310072 512 0 24687247862481
310584 512 0 24687247990482
311096 512 0 24687248118482
311608 512 0 24687248246483
312120 512 0 24687248374483
312632 512 0 24687248502484
313144 512 0 24687248630484
313656 512 0 24687248758485
314168 512 0 24687248886485
314680 512 0 24687249014486
315192 512 0 24687249142486
315704 512 0 24687249270487
316216 512 0 24687249398487
316728 512 0 24687249526488
317240 512 0 24687249654488
317752 512 0 24687249782489
318264 512 0 24687249910489
318776 512 0 24687250038490
319288 512 0 24687250166491
319800 512 0 24687250294491
320312 512 0 24687250422492
320824 512 0 24687250550492
321336 512 0 24687250678493
321848 512 0 24687250806493
322360 512 0 24687250934494
322872 512 0 24687251062494
323384 512 0 24687251190495
323896 512 0 24687251318495
324408 512 0 24687251446496
324920 512 0 24687251574496
325432 512 0 24687251702497
325944 512 0 24687251830497
326456 512 0 24687251958498
326968 512 0 24687252086499
327480 512 0 24687252214499
327992 512 0 24687252342500
328504 512 0 24687252470500
329016 512 0 24687252598501
329528 512 0 24687252726501
330040 512 0 24687252854502
330552 512 0 24687252982502
331064 512 0 24687253110503
331576 512 0 24687253238503
332088 512 0 24687253366504
332600 512 0 24687253494504
333112 512 0 24687253622505
333624 512 0 24687253750505
334136 512 0 24687253878506
334648 512 0 24687254006506
335160 512 0 24687254134507
335672 512 0 24687254262508
336184 512 0 24687254390508
336696 512 0 24687254518509
337208 512 0 24687254646509
337720 512 0 24687254774510
338232 512 0 24687254902510
338744 512 0 24687255030511
339256 512 0 24687255158511
339768 512 0 24687255286512
340280 512 0 24687255414512
340792 512 0 24687255542513
341304 512 0 24687255670513
341816 512 0 24687255798514
342328 512 0 24687255926514
342840 512 0 24687256054515
343352 512 0 24687256182516
343864 512 0 24687256310516
344376 512 0 24687256438517
344888 512 0 24687256566517
345400 512 0 24687256694518
345912 512 0 24687256822518
346424 512 0 24687256950519
346936 512 0 24687257078519
347448 512 0 24687257206520
347960 512 0 24687257334520
348472 512 0 24687257462521
348984 512 0 24687257590521
349496 512 0 24687257718522
350008 512 0 24687257846522
350520 512 0 24687257974523
351032 512 0 24687258102523
351544 512 0 24687258230524
352056 512 0 24687258358524
352568 512 0 24687258486525
353080 512 0 24687258614526
353592 512 0 24687258742526
354104 512 0 24687258870527
354616 512 0 24687258998527
355128 512 0 24687259126528
355640 512 0 24687259254528
356152 512 0 24687259382529
356664 512 0 24687259510529
357176 512 0 24687259638530
357688 512 0 24687259766530
358200 512 0 24687259894531
358712 512 0 24687260022531
359224 512 0 24687260150532
359736 512 0 24687260278533
360248 512 0 24687260406533
360760 512 0 24687260534534
361272 512 0 24687260662534
361784 512 0 24687260790535
362296 512 0 24687260918535
362808 512 0 24687261046536
363320 512 0 24687261174536
363832 512 0 24687261302537
364344 512 0 24687261430537
364856 512 0 24687261558538
365368 512 0 24687261686538
365880 512 0 24687261814539
366392 512 0 24687261942539
366904 512 0 24687262070540
367416 512 0 24687262198540
367928 512 0 24687262326541
368440 512 0 24687262454541
368952 512 0 24687262582542
369464 512 0 24687262710543
369976 512 0 24687262838543
370488 512 0 24687262966544
371000 512 0 24687263094544
371512 512 0 24687263222545
372024 512 0 24687263350545
372536 512 0 24687263478546
373048 512 0 24687263606546
373560 512 0 24687263734547
374072 512 0 24687263862547
374584 512 0 24687263990548
375096 512 0 24687264118548
375608 512 0 24687264246549
376120 512 0 24687264374549
376632 512 0 24687264502550
377144 512 0 24687264630551
377656 512 0 24687264758551
378168 512 0 24687264886551
378680 512 0 24687265014552
379192 512 0 24687265142553
379704 512 0 24687265270553
380216 512 0 24687265398554
380728 512 0 24687265526554
381240 512 0 24687265654555
381752 512 0 24687265782555
382264 512 0 24687265910556
382776 512 0 24687266038556
383288 512 0 24687266166557
383800 512 0 24687266294557
384312 512 0 24687266422558
384824 512 0 24687266550558
385336 512 0 24687266678559
385848 512 0 24687266806560
386360 512 0 24687266934560
386872 512 0 24687267062561
387384 512 0 24687267190561
387896 512 0 24687267318562
388408 512 0 24687267446562
388920 512 0 24687267574563
389432 512 0 24687267702563
389944 512 0 24687267830564
390456 512 0 24687267958564
390968 512 0 24687268086565
391480 512 0 24687268214565
391992 512 0 24687268342566
392504 512 0 24687268470566
393016 512 0 24687268598567
393528 512 0 24687268726568
394040 512 0 24687268854569
394552 512 0 24687268982570
395064 512 0 24687269110570
395576 512 0 24687269238571
396088 512 0 24687269366571
396600 512 0 24687269494572
397112 512 0 24687269622572
397624 512 0 24687269750573
398136 512 0 24687269878573
398648 512 0 24687270006574
399160 512 0 24687270134574
399672 512 0 24687270262575
400184 512 0 24687270390576
400696 512 0 24687270518576
401208 512 0 24687270646577
401720 512 0 24687270774577
402232 512 0 24687270902578
402744 512 0 24687271030578
403256 512 0 24687271158579
403768 512 0 24687271286579
404280 512 0 24687271414580
404792 512 0 24687271542580
405304 512 0 24687271670581
405816 512 0 24687271798581
406328 512 0 24687271926582
406840 512 0 24687272054582
407352 512 0 24687272182583
407864 512 0 24687272310584
408376 512 0 24687272438584
408888 512 0 24687272566585
409400 512 0 24687272694585
409912 512 0 24687272822586
410424 512 0 24687272950586
410936 512 0 24687273078587
411448 512 0 24687273206587
411960 512 0 24687273334588
412472 512 0 24687273462588
412984 512 0 24687273590589
413496 512 0 24687273718589
414008 512 0 24687273846590
414520 512 0 24687273974590
415032 512 0 24687274102591
415544 512 0 24687274230591
416056 512 0 24687274358592
416568 512 0 24687274486592
417080 512 0 24687274614593
417592 512 0 24687274742594
418104 512 0 24687274870594
418616 512 0 24687274998595
419128 512 0 24687275126595
419640 512 0 24687275254596
420152 512 0 24687275382596
420664 512 0 24687275510597
421176 512 0 24687275638597
421688 512 0 24687275766598
422200 512 0 24687275894598
422712 512 0 24687276022599
423224 512 0 24687276150599
423736 512 0 24687276278600
424248 512 0 24687276406601
424760 512 0 24687276534601
425272 512 0 24687276662602
425784 512 0 24687276790602
426296 512 0 24687276918603
426808 512 0 24687277046603
427320 512 0 24687277174604
427832 512 0 24687277302604
428344 512 0 24687277430605
428856 512 0 24687277558605
429368 512 0 24687277686606
429880 512 0 24687277814606
430392 512 0 24687277942607
430904 512 0 24687278070607
431416 512 0 24687278198608
431928 512 0 24687278326608
432440 512 0 24687278454609
432952 512 0 24687278582609
433464 512 0 24687278710610
433976 512 0 24687278838611
434488 512 0 24687278966611
435000 512 0 24687279094612
435512 512 0 24687279222612
436024 512 0 24687279350613
436536 512 0 24687279478613
437048 512 0 24687279606614
437560 512 0 24687279734614
438072 512 0 24687279862615
438584 512 0 24687279990615
439096 512 0 24687280118616
439608 512 0 24687280246616
440120 512 0 24687280374617
440632 512 0 24687280502617
441144 512 0 24687280630618
441656 512 0 24687280758619
442168 512 0 24687280886619
442680 512 0 24687281014620
443192 512 0 24687281142621
443704 512 0 24687281270622
444216 512 0 24687281398622
444728 512 0 24687281526623
445240 512 0 24687281654623
445752 512 0 24687281782624
446264 512 0 24687281910624
446776 512 0 24687282038625
447288 512 0 24687282166625
447800 512 0 24687282294626
448312 512 0 24687282422626
448824 512 0 24687282550627
449336 512 0 24687282678628
449848 512 0 24687282806628
450360 512 0 24687282934629
450872 512 0 24687283062629
451384 512 0 24687283190630
451896 512 0 24687283318630
452408 512 0 24687283446631
452920 512 0 24687283574631
453432 512 0 24687283702632
453944 512 0 24687283830632
454456 512 0 24687283958633
454968 512 0 24687284086633
455480 512 0 24687284214634
455992 512 0 24687284342635
456504 512 0 24687284470635
457016 512 0 24687284598636
457528 512 0 24687284726636
458040 512 0 24687284854637
458552 512 0 24687284982637
459064 512 0 24687285110638
459576 512 0 24687285238637
460088 512 0 24687285366638
460600 512 0 24687285494638
461112 512 0 24687285622639
461624 512 0 24687285750639
462136 512 0 24687285878640
462648 512 0 24687286006640
463160 512 0 24687286134641
463672 512 0 24687286262641
464184 512 0 24687286390642
464696 512 0 24687286518642
465208 512 0 24687286646643
465720 512 0 24687286774643
466232 512 0 24687286902644
466744 512 0 24687287030644
467256 512 0 24687287158645
467768 512 0 24687287286646
468280 512 0 24687287414646
468792 512 0 24687287542647
469304 512 0 24687287670647
469816 512 0 24687287798648
470328 512 0 24687287926648
470840 512 0 24687288054649
471352 512 0 24687288182649
471864 512 0 24687288310650
472376 512 0 24687288438650
472888 512 0 24687288566651
473400 512 0 24687288694651
473912 512 0 24687288822652
474424 512 0 24687288950652
474936 512 0 24687289078653
475448 512 0 24687289206654
475960 512 0 24687289334654
476472 512 0 24687289462654
476984 512 0 24687289590655
477496 512 0 24687289718656
478008 512 0 24687289846656
478520 512 0 24687289974657
479032 512 0 24687290102657
479544 512 0 24687290230658
480056 512 0 24687290358658
480568 512 0 24687290486659
481080 512 0 24687290614659
481592 512 0 24687290742660
482104 512 0 24687290870660
482616 512 0 24687290998661
483128 512 0 24687291126661
483640 512 0 24687291254662
484152 512 0 24687291382663
484664 512 0 24687291510663
485176 512 0 24687291638664
485688 512 0 24687291766664
486200 512 0 24687291894665
486712 512 0 24687292022665
487224 512 0 24687292150666
487736 512 0 24687292278666
488248 512 0 24687292406667
488760 512 0 24687292534667
489272 512 0 24687292662668
489784 512 0 24687292790668
490296 512 0 24687292918669
490808 512 0 24687293046669
491320 512 0 24687293174670
491832 512 0 24687293302671
492344 512 0 24687293430672
492856 512 0 24687293558673
493368 512 0 24687293686673
493880 512 0 24687293814674
494392 512 0 24687293942674
494904 512 0 24687294070675
495416 512 0 24687294198675
495928 512 0 24687294326676
496440 512 0 24687294454676
496952 512 0 24687294582677
497464 512 0 24687294710677
497976 512 0 24687294838678
498488 512 0 24687294966679
499000 512 0 24687295094679
499512 512 0 24687295222680
500024 512 0 24687295350680
500536 512 0 24687295478681
501048 512 0 24687295606681
501560 512 0 24687295734682
502072 512 0 24687295862682
502584 512 0 24687295990683
503096 512 0 24687296118683
503608 512 0 24687296246684
504120 512 0 24687296374684
504632 512 0 24687296502685
505144 512 0 24687296630685
505656 512 0 24687296758686
506168 512 0 24687296886687
506680 512 0 24687297014687
507192 512 0 24687297142688
507704 512 0 24687297270688
508216 512 0 24687297398689
508728 512 0 24687297526689
509240 512 0 24687297654690
509752 512 0 24687297782690
510264 512 0 24687297910691
510776 512 0 24687298038691
511288 512 0 24687298166692
511800 512 0 24687298294692
512312 512 0 24687298422693
512824 512 0 24687298550693
513336 512 0 24687298678694
513848 512 0 24687298806694
514360 512 0 24687298934695
514872 512 0 24687299062695
515384 512 0 24687299190696
515896 512 0 24687299318697
516408 512 0 24687299446697
516920 512 0 24687299574698
517432 512 0 24687299702698
517944 512 0 24687299830699
518456 512 0 24687299958699
518968 512 0 24687300086700
519480 512 0 24687300214700
519992 512 0 24687300342701
520504 512 0 24687300470701
521016 512 0 24687300598702
521528 512 0 24687300726702
522040 512 0 24687300854703
522552 512 0 24687300982704
523064 512 0 24687301110704
523576 512 0 24687301238705
524088 512 0 24687301366705
524600 512 0 24687301494706
525112 512 0 24687301622705
525624 512 0 24687301750705
526136 512 0 24687301878706
526648 512 0 24687302006707
527160 512 0 24687302134707
527672 512 0 24687302262708
528184 512 0 24687302390708
528696 512 0 24687302518709
529208 512 0 24687302646709
529720 512 0 24687302774710
530232 512 0 24687302902710
530744 512 0 24687303030711
531256 512 0 24687303158711
531768 512 0 24687303286712
532280 512 0 24687303414712
532792 512 0 24687303542713
533304 512 0 24687303670713
533816 512 0 24687303798714
534328 512 0 24687303926715
534840 512 0 24687304054715
535352 512 0 24687304182716
535864 512 0 24687304310716
536376 512 0 24687304438717
536888 512 0 24687304566717
537400 512 0 24687304694718
537912 512 0 24687304822718
538424 512 0 24687304950719
538936 512 0 24687305078719
539448 512 0 24687305206720
539960 512 0 24687305334720
540472 512 0 24687305462721
540984 512 0 24687305590721
541496 512 0 24687305718723
542008 512 0 24687305846724
542520 512 0 24687305974724
543032 512 0 24687306102725
543544 512 0 24687306230725
544056 512 0 24687306358726
544568 512 0 24687306486726
545080 512 0 24687306614727
545592 512 0 24687306742727
546104 512 0 24687306870728
546616 512 0 24687306998728
547128 512 0 24687307126729
547640 512 0 24687307254729
548152 512 0 24687307382730
548664 512 0 24687307510731
549176 512 0 24687307638731
549688 512 0 24687307766732
550200 512 0 24687307894732
550712 512 0 24687308022733
551224 512 0 24687308150733
551736 512 0 24687308278734
552248 512 0 24687308406734
552760 512 0 24687308534735
553272 512 0 24687308662735
553784 512 0 24687308790736
554296 512 0 24687308918736
554808 512 0 24687309046737
555320 512 0 24687309174737
555832 512 0 24687309302738
556344 512 0 24687309430739
556856 512 0 24687309558739
557368 512 0 24687309686740
557880 512 0 24687309814739
558392 512 0 24687309942739
558904 512 0 24687310070740
559416 512 0 24687310198740
559928 512 0 24687310326741
560440 512 0 24687310454742
560952 512 0 24687310582742
561464 512 0 24687310710743
561976 512 0 24687310838743
562488 512 0 24687310966744
563000 512 0 24687311094744
563512 512 0 24687311222745
564024 512 0 24687311350745
564536 512 0 24687311478746
565048 512 0 24687311606746
565560 512 0 24687311734747
566072 512 0 24687311862747
566584 512 0 24687311990748
567096 512 0 24687312118748
567608 512 0 24687312246749
568120 512 0 24687312374750
568632 512 0 24687312502750
569144 512 0 24687312630751
569656 512 0 24687312758751
570168 512 0 24687312886752
570680 512 0 24687313014752
571192 512 0 24687313142753
571704 512 0 24687313270753
572216 512 0 24687313398754
572728 512 0 24687313526754
573240 512 0 24687313654755
573752 512 0 24687313782755
574264 512 0 24687313910756
574776 512 0 24687314038756
575288 512 0 24687314166757
575800 512 0 24687314294757
576312 512 0 24687314422758
576824 512 0 24687314550759
577336 512 0 24687314678759
577848 512 0 24687314806760
578360 512 0 24687314934760
578872 512 0 24687315062761
579384 512 0 24687315190761
579896 512 0 24687315318762
580408 512 0 24687315446762
580920 512 0 24687315574763
581432 512 0 24687315702763
581944 512 0 24687315830764
582456 512 0 24687315958764
582968 512 0 24687316086765
583480 512 0 24687316214765
583992 512 0 24687316342766
584504 512 0 24687316470767
585016 512 0 24687316598767
585528 512 0 24687316726768
586040 512 0 24687316854768
586552 512 0 24687316982769
587064 512 0 24687317110769
587576 512 0 24687317238770
588088 512 0 24687317366770
588600 512 0 24687317494771
589112 512 0 24687317622771
589624 512 0 24687317750772
590136 512 0 24687317878772
590648 512 0 24687318006773
591160 512 0 24687318134773
591672 512 0 24687318262774
592184 512 0 24687318390774
592696 512 0 24687318518775
593208 512 0 24687318646776
593720 512 0 24687318774776
594232 512 0 24687318902777
594744 512 0 24687319030777
595256 512 0 24687319158778
595768 512 0 24687319286778
596280 512 0 24687319414779
596792 512 0 24687319542779
597304 512 0 24687319670780
597816 512 0 24687319798780
598328 512 0 24687319926781
598840 512 0 24687320054781
599352 512 0 24687320182782
599864 512 0 24687320310782
600376 512 0 24687320438783
600888 512 0 24687320566784
601400 512 0 24687320694784
601912 512 0 24687320822785
602424 512 0 24687320950785
602936 512 0 24687321078786
603448 512 0 24687321206786
603960 512 0 24687321334787
604472 512 0 24687321462787
604984 512 0 24687321590788
605496 512 0 24687321718788
606008 512 0 24687321846789
606520 512 0 24687321974789
607032 512 0 24687322102790
607544 512 0 24687322230790
608056 512 0 24687322358791
608568 512 0 24687322486791
609080 512 0 24687322614792
609592 512 0 24687322742793
610104 512 0 24687322870793
610616 512 0 24687322998794
611128 512 0 24687323126794
611640 512 0 24687323254795
612152 512 0 24687323382795
612664 512 0 24687323510796
613176 512 0 24687323638796
613688 512 0 24687323766797
614200 512 0 24687323894797
614712 512 0 24687324022798
615224 512 0 24687324150798
615736 512 0 24687324278799
616248 512 0 24687324406799
616760 512 0 24687324534800
617272 512 0 24687324662801
617784 512 0 24687324790801
618296 512 0 24687324918802
618808 512 0 24687325046802
619320 512 0 24687325174803
619832 512 0 24687325302803
620344 512 0 24687325430804
620856 512 0 24687325558804
621368 512 0 24687325686805
621880 512 0 24687325814805
622392 512 0 24687325942806
622904 512 0 24687326070806
623416 512 0 24687326198808
623928 512 0 24687326326809
624440 512 0 24687326454809
624952 512 0 24687326582810
625464 512 0 24687326710810
625976 512 0 24687326838811
626488 512 0 24687326966811
627000 512 0 24687327094812
627512 512 0 24687327222812
628024 512 0 24687327350813
628536 512 0 24687327478813
629048 512 0 24687327606814
629560 512 0 24687327734814
630072 512 0 24687327862815
630584 512 0 24687327990815
631096 512 0 24687328118816
631608 512 0 24687328246817
632120 512 0 24687328374817
632632 512 0 24687328502818
633144 512 0 24687328630818
633656 512 0 24687328758819
634168 512 0 24687328886819
634680 512 0 24687329014820
635192 512 0 24687329142820
635704 512 0 24687329270821
636216 512 0 24687329398821
636728 512 0 24687329526822
637240 512 0 24687329654822
637752 512 0 24687329782823
638264 512 0 24687329910824
638776 512 0 24687330038824
639288 512 0 24687330166825
639800 512 0 24687330294826
640312 512 0 24687330422827
640824 512 0 24687330550827
641336 512 0 24687330678828
641848 512 0 24687330806828
642360 512 0 24687330934829
642872 512 0 24687331062829
643384 512 0 24687331190830
643896 512 0 24687331318830
644408 512 0 24687331446831
644920 512 0 24687331574831
645432 512 0 24687331702832
645944 512 0 24687331830833
646456 512 0 24687331958833
646968 512 0 24687332086834
647480 512 0 24687332214834
647992 512 0 24687332342835
648504 512 0 24687332470835
649016 512 0 24687332598836
649528 512 0 24687332726836
650040 512 0 24687332854837
650552 512 0 24687332982837
651064 512 0 24687333110838
651576 512 0 24687333238838
652088 512 0 24687333366839
652600 512 0 24687333494840
653112 512 0 24687333622840
653624 512 0 24687333750841
654136 512 0 24687333878841
654648 512 0 24687334006842
655160 512 0 24687334134842
655672 512 0 24687334262843
656184 512 0 24687334390842
656696 512 0 24687334518842
657208 512 0 24687334646843
657720 512 0 24687334774844
658232 512 0 24687334902844
658744 512 0 24687335030845
659256 512 0 24687335158845
659768 512 0 24687335286846
660280 512 0 24687335414846
660792 512 0 24687335542847
661304 512 0 24687335670847
661816 512 0 24687335798848
662328 512 0 24687335926848
662840 512 0 24687336054849
663352 512 0 24687336182849
663864 512 0 24687336310850
664376 512 0 24687336438850
664888 512 0 24687336566851
665400 512 0 24687336694852
665912 512 0 24687336822852
666424 512 0 24687336950853
666936 512 0 24687337078853
667448 512 0 24687337206854
667960 512 0 24687337334854
668472 512 0 24687337462855
668984 512 0 24687337590855
669496 512 0 24687337718856
670008 512 0 24687337846856
670520 512 0 24687337974857
671032 512 0 24687338102857
671544 512 0 24687338230858
672056 512 0 24687338358859
672568 512 0 24687338486860
673080 512 0 24687338614861
673592 512 0 24687338742861
674104 512 0 24687338870862
674616 512 0 24687338998862
675128 512 0 24687339126863
675640 512 0 24687339254863
676152 512 0 24687339382864
676664 512 0 24687339510864
677176 512 0 24687339638865
677688 512 0 24687339766865
678200 512 0 24687339894866
678712 512 0 24687340022866
679224 512 0 24687340150867
679736 512 0 24687340278868
680248 512 0 24687340406868
680760 512 0 24687340534869
681272 512 0 24687340662869
681784 512 0 24687340790870
682296 512 0 24687340918870
682808 512 0 24687341046871
683320 512 0 24687341174871
683832 512 0 24687341302872
684344 512 0 24687341430872
684856 512 0 24687341558873
685368 512 0 24687341686873
685880 512 0 24687341814874
686392 512 0 24687341942875
686904 512 0 24687342070875
687416 512 0 24687342198876
687928 512 0 24687342326876
688440 512 0 24687342454877
688952 512 0 24687342582877
689464 512 0 24687342710878
689976 512 0 24687342838878
690488 512 0 24687342966879
691000 512 0 24687343094879
691512 512 0 24687343222880
692024 512 0 24687343350880
692536 512 0 24687343478881
693048 512 0 24687343606881
693560 512 0 24687343734882
694072 512 0 24687343862882
694584 512 0 24687343990883
695096 512 0 24687344118883
695608 512 0 24687344246884
696120 512 0 24687344374885
696632 512 0 24687344502885
697144 512 0 24687344630886
697656 512 0 24687344758886
698168 512 0 24687344886887
698680 512 0 24687345014887
699192 512 0 24687345142888
699704 512 0 24687345270888
700216 512 0 24687345398889
700728 512 0 24687345526889
701240 512 0 24687345654890
701752 512 0 24687345782890
702264 512 0 24687345910891
702776 512 0 24687346038892
703288 512 0 24687346166892
703800 512 0 24687346294893
704312 512 0 24687346422893
704824 512 0 24687346550894
705336 512 0 24687346678893
705848 512 0 24687346806893
706360 512 0 24687346934894
706872 512 0 24687347062895
707384 512 0 24687347190895
707896 512 0 24687347318896
708408 512 0 24687347446896
708920 512 0 24687347574897
709432 512 0 24687347702897
709944 512 0 24687347830898
710456 512 0 24687347958898
710968 512 0 24687348086899
711480 512 0 24687348214899
711992 512 0 24687348342900
712504 512 0 24687348470900
713016 512 0 24687348598901
713528 512 0 24687348726901
714040 512 0 24687348854902
714552 512 0 24687348982902
715064 512 0 24687349110903
715576 512 0 24687349238904
716088 512 0 24687349366904
716600 512 0 24687349494905
717112 512 0 24687349622905
717624 512 0 24687349750906
718136 512 0 24687349878906
718648 512 0 24687350006907
719160 512 0 24687350134907
719672 512 0 24687350262908
720184 512 0 24687350390908
720696 512 0 24687350518909
721208 512 0 24687350646909
721720 512 0 24687350774911
722232 512 0 24687350902912
722744 512 0 24687351030912
723256 512 0 24687351158913
723768 512 0 24687351286913
724280 512 0 24687351414914
724792 512 0 24687351542914
725304 512 0 24687351670915
725816 512 0 24687351798915
726328 512 0 24687351926916
726840 512 0 24687352054916
727352 512 0 24687352182917
727864 512 0 24687352310917
728376 512 0 24687352438918
728888 512 0 24687352566919
729400 512 0 24687352694919
729912 512 0 24687352822920
730424 512 0 24687352950920
730936 512 0 24687353078921
731448 512 0 24687353206921
731960 512 0 24687353334922
732472 512 0 24687353462922
732984 512 0 24687353590923
733496 512 0 24687353718923
734008 512 0 24687353846924
734520 512 0 24687353974924
735032 512 0 24687354102925
735544 512 0 24687354230925
736056 512 0 24687354358926
736568 512 0 24687354486927
737080 512 0 24687354614927
737592 512 0 24687354742928
738104 512 0 24687354870928
738616 512 0 24687354998929
739128 512 0 24687355126929
739640 512 0 24687355254930
740152 512 0 24687355382930
740664 512 0 24687355510931
741176 512 0 24687355638931
741688 512 0 24687355766932
742200 512 0 24687355894932
742712 512 0 24687356022933
743224 512 0 24687356150933
743736 512 0 24687356278934
744248 512 0 24687356406934
744760 512 0 24687356534935
745272 512 0 24687356662935
745784 512 0 24687356790936
746296 512 0 24687356918937
746808 512 0 24687357046937
747320 512 0 24687357174938
747832 512 0 24687357302938
748344 512 0 24687357430939
748856 512 0 24687357558939
749368 512 0 24687357686940
749880 512 0 24687357814940
750392 512 0 24687357942941
750904 512 0 24687358070941
751416 512 0 24687358198942
751928 512 0 24687358326942
752440 512 0 24687358454943
752952 512 0 24687358582944
753464 512 0 24687358710944
753976 512 0 24687358838945
754488 512 0 24687358966945
755000 512 0 24687359094946
755512 512 0 24687359222946
756024 512 0 24687359350947
756536 512 0 24687359478947
757048 512 0 24687359606948
757560 512 0 24687359734948
758072 512 0 24687359862949
758584 512 0 24687359990949
759096 512 0 24687360118950
759608 512 0 24687360246950
760120 512 0 24687360374951
760632 512 0 24687360502951
761144 512 0 24687360630952
761656 512 0 24687360758952
762168 512 0 24687360886953
762680 512 0 24687361014954
763192 512 0 24687361142954
763704 512 0 24687361270955
764216 512 0 24687361398955
764728 512 0 24687361526956
765240 512 0 24687361654956
765752 512 0 24687361782957
766264 512 0 24687361910957
766776 512 0 24687362038958
767288 512 0 24687362166958
767800 512 0 24687362294959
768312 512 0 24687362422959
768824 512 0 24687362550960
769336 512 0 24687362678960
769848 512 0 24687362806961
770360 512 0 24687362934962
770872 512 0 24687363062963
771384 512 0 24687363190964
771896 512 0 24687363318964
772408 512 0 24687363446965
772920 512 0 24687363574965
773432 512 0 24687363702966
773944 512 0 24687363830966
774456 512 0 24687363958967
774968 512 0 24687364086967
775480 512 0 24687364214968
775992 512 0 24687364342968
776504 512 0 24687364470969
777016 512 0 24687364598970
777528 512 0 24687364726970
778040 512 0 24687364854971
778552 512 0 24687364982971
779064 512 0 24687365110972
779576 512 0 24687365238972
780088 512 0 24687365366973
780600 512 0 24687365494973
781112 512 0 24687365622974
781624 512 0 24687365750974
782136 512 0 24687365878975
782648 512 0 24687366006975
783160 512 0 24687366134976
783672 512 0 24687366262977
