[  0.000] log started 2026-09-29 19:56:46.479 -05:00; LosslessSwitcher 2.0 (build 24, commit f74d213), com.dizzysound.LosslessSwitcher.dev; macOS Version 27.0 (Build 26A428), Mac14,2
[  0.001] engine started (virtual device)
[  0.007] microphone permission: not determined; asking, and leaving the output alone until it is answered
[  1.614] microphone permission granted
[  1.624] attached (pid 27308): 0
[  1.632] music only: 'LSmx' = 48342 (Music; was 0): 0
[  1.636] default output -> virtual device: 0
[  1.640] virtual device 130 @ 44100.0 Hz; scalar reset 0
[  1.655] A: output streams off: 0
[  1.710] start A: 0
[  1.715] DAC AudioQuest DragonFly Black v1.5 (AppleUSBAudioEngine:AudioQuest:AudioQuest DragonFly Black v1.5:AQDFBL0120002531:1) @ 44100.0 Hz, hog owner -1, my pid 27308
[  1.717] hog DAC: 0, hogged
[  1.724] DAC format -> 44100.0 Hz 2 ch 24 bit flags 76: 0
[  1.727] virtual device latency -> 22050 frames: 0
[  1.727] B: DAC inputs off: 0
[  1.991] start B: 0
[  2.608] DAC ready after 0.616 s: phys 44100.0 Hz 2 ch 24 bit flags 76 / virt 44100.0 Hz 2 ch 24 bit flags 76
[  2.610] B writes int24 in 3 bytes, channels 1/2 (virtual format 44100.0 Hz 2 ch 24 bit flags 76)
[  2.611] format listeners: 0 0
[  2.654] volume: forwarding to DAC element 0 (-4.0 dB), linear in dB, 0 to -64 dB (4.0 dB per key step), set in dB (no dB -> scalar on the DAC); mute to element 0; slider -> 0.9375: 0, mute -> 0: 0
[  2.660] other apps and alert sounds: MacBook Air Speakers (built-in speakers (automatic))
[  2.801] other apps -> MacBook Air Speakers at 44100 Hz (AVAudioEngine + varispeed; target fill 2205 frames)
[  3.302] clock: DAC scalar 0.998921 not steady yet; following it until the lock
[  7.336] clock: DAC scalar steady at 0.998862 after 4.0 s
[  7.337] clock lock: phase0 17754.319, fill 21538, cycles A 485 B 452
[ 10.388] other apps meter (10 s): loopback ch 3-4 peak silent, player out peak silent; other apps: fill 2199 (target 2205), varispeed 1.000132, dry 0x, over 0; plug-in: ProcessOutput calls 1793347, Music's 879615, other apps' frames 471596272, pid 48342; peak in 0.0000, read back 0.0000; time delta max 512 frames in 3 cycles
[ 20.518] other apps meter (10 s): loopback ch 3-4 peak silent, player out peak silent; other apps: fill 3106 (target 2205), varispeed 1.000357, dry 0x, over 0; plug-in: ProcessOutput calls 1794221, Music's 879615, other apps' frames 472043760, pid 48342; peak in 0.0000, read back 0.0000; time delta max 512 frames in 3 cycles
[ 26.940] playerInfo: Paused Alt. Fast Track
[ 26.962] playerInfo: Playing Alt. Fast Track
[ 27.206] new track Alt. Fast Track (Music's rate for the track; no decoder line at it yet): decoder 44100.0 Hz lossless (seen 0.000 s before Playing), DAC 44100 Hz
[ 28.984] volume 0.8750: DAC [0] -> -8.0 dB
[ 29.186] volume 0.8125: DAC [0] -> -12.0 dB
[ 29.238] source depth from the samples: 16 bit (all 89079 on the 16-bit grid)
[ 29.392] volume 0.7500: DAC [0] -> -16.0 dB
[ 29.619] volume 0.6875: DAC [0] -> -20.0 dB
[ 29.885] volume 0.6250: DAC [0] -> -24.0 dB
[ 30.763] other apps meter (10 s): loopback ch 3-4 peak silent, player out peak silent; other apps: fill 2918 (target 2205), varispeed 1.000511, dry 0x, over 0; plug-in: ProcessOutput calls 1795413, Music's 879924, other apps' frames 472495856, pid 48342; peak in 0.0000, read back 0.0000; time delta max 512 frames in 3 cycles
[ 31.260] volume 0.5625: DAC [0] -> -28.0 dB
[ 32.804] 44100 Hz fill 21538 scalar 0.998867225 under 0 over 0; clock locked, DAC scalar 0.998869; 2026-09-29 19:57:19.283 -05:00
[ 32.806] music only: ProcessOutput calls 1795767, Music's 880101, other apps' frames 472586480, pid 48342; peak in 0.0000, read back 0.0000; time delta max 512 frames in 3 cycles; other apps: fill 3383 (target 2205), varispeed 1.000543, dry 0x, over 0
[ 40.928] other apps meter (10 s): loopback ch 3-4 peak silent, player out peak silent; other apps: fill 3692 (target 2205), varispeed 1.000627, dry 0x, over 0; plug-in: ProcessOutput calls 1797167, Music's 880801, other apps' frames 472944880, pid 48342; peak in 0.0000, read back 0.0000; time delta max 512 frames in 3 cycles
[ 51.057] other apps meter (10 s): loopback ch 3-4 peak silent, player out peak silent; other apps: fill 3909 (target 2205), varispeed 1.000699, dry 0x, over 0; plug-in: ProcessOutput calls 1798913, Music's 881674, other apps' frames 473391856, pid 48342; peak in 0.0000, read back 0.0000; time delta max 512 frames in 3 cycles
[ 61.188] other apps meter (10 s): loopback ch 3-4 peak silent, player out peak silent; other apps: fill 4081 (target 2205), varispeed 1.000748, dry 0x, over 0; plug-in: ProcessOutput calls 1800661, Music's 882548, other apps' frames 473839344, pid 48342; peak in 0.0000, read back 0.0000; time delta max 512 frames in 3 cycles
[ 62.807] 44100 Hz fill 22050 scalar 0.998865293 under 0 over 0; clock locked, DAC scalar 0.998863; 2026-09-29 19:57:49.286 -05:00
[ 62.809] music only: ProcessOutput calls 1800941, Music's 882688, other apps' frames 473911024, pid 48342; peak in 0.0000, read back 0.0000; time delta max 512 frames in 3 cycles; other apps: fill 4024 (target 2205), varispeed 1.000818, dry 0x, over 0
[ 71.300] other apps meter (10 s): loopback ch 3-4 peak silent, player out peak silent; other apps: fill 3705 (target 2205), varispeed 1.000853, dry 0x, over 0; plug-in: ProcessOutput calls 1802405, Music's 883420, other apps' frames 474285808, pid 48342; peak in 0.0000, read back 0.0000; time delta max 512 frames in 3 cycles
[ 76.491] decoder: 44100.0 Hz (lossy)
[ 76.792] playerInfo: Playing On The Run
[ 76.832] new track On The Run (Music's rate for the track): decoder 44100.0 Hz lossy (seen 0.293 s before Playing), DAC 44100 Hz
[ 78.953] source depth from the samples: neither 16 nor 24 bit (on neither the 16- nor the 24-bit grid (85744 of 90112 samples): lossy)
[ 81.487] other apps meter (10 s): loopback ch 3-4 peak silent, player out peak silent; other apps: fill 3341 (target 2205), varispeed 1.000817, dry 0x, over 0; plug-in: ProcessOutput calls 1804159, Music's 884297, other apps' frames 474734832, pid 48342; peak in 0.0000, read back 0.0000; time delta max 512 frames in 3 cycles
[ 91.635] other apps meter (10 s): loopback ch 3-4 peak silent, player out peak silent; other apps: fill 3023 (target 2205), varispeed 1.000608, dry 0x, over 0; plug-in: ProcessOutput calls 1805908, Music's 885171, other apps' frames 475182832, pid 48342; peak in 0.0000, read back 0.0000; time delta max 512 frames in 3 cycles
[ 92.815] 44100 Hz fill 21538 scalar 0.999660430 under 0 over 0; clock locked, DAC scalar 0.999569; 2026-09-29 19:58:19.293 -05:00
[ 92.818] music only: ProcessOutput calls 1806111, Music's 885273, other apps' frames 475234544, pid 48342; peak in 0.0000, read back 0.0000; time delta max 512 frames in 3 cycles; other apps: fill 3502 (target 2205), varispeed 1.000632, dry 0x, over 0
[101.781] other apps meter (10 s): loopback ch 3-4 peak silent, player out peak silent; other apps: fill 3263 (target 2205), varispeed 1.000560, dry 0x, over 0; plug-in: ProcessOutput calls 1807657, Music's 886046, other apps' frames 475630320, pid 48342; peak in 0.0000, read back 0.0000; time delta max 512 frames in 3 cycles
[111.887] other apps meter (10 s): loopback ch 3-4 peak silent, player out peak silent; other apps: fill 3033 (target 2205), varispeed 1.000546, dry 0x, over 0; plug-in: ProcessOutput calls 1809399, Music's 886917, other apps' frames 476076272, pid 48342; peak in 0.0000, read back 0.0000; time delta max 512 frames in 3 cycles
[122.013] other apps meter (10 s): loopback ch 3-4 peak silent, player out peak silent; other apps: fill 3328 (target 2205), varispeed 1.000435, dry 0x, over 0; plug-in: ProcessOutput calls 1811143, Music's 887789, other apps' frames 476522736, pid 48342; peak in 0.0000, read back 0.0000; time delta max 512 frames in 3 cycles
[122.815] 44100 Hz fill 21538 scalar 0.999549658 under 0 over 0; clock locked, DAC scalar 0.999579; 2026-09-29 19:58:49.294 -05:00
[122.817] music only: ProcessOutput calls 1811281, Music's 887858, other apps' frames 476558064, pid 48342; peak in 0.0000, read back 0.0000; time delta max 512 frames in 3 cycles; other apps: fill 3312 (target 2205), varispeed 1.000480, dry 0x, over 0
[132.148] other apps meter (10 s): loopback ch 3-4 peak silent, player out peak silent; other apps: fill 3105 (target 2205), varispeed 1.000476, dry 0x, over 0; plug-in: ProcessOutput calls 1812889, Music's 888662, other apps' frames 476969712, pid 48342; peak in 0.0000, read back 0.0000; time delta max 512 frames in 3 cycles
[142.252] other apps meter (10 s): loopback ch 3-4 peak silent, player out peak silent; other apps: fill 3401 (target 2205), varispeed 1.000425, dry 0x, over 0; plug-in: ProcessOutput calls 1814631, Music's 889533, other apps' frames 477415664, pid 48342; peak in 0.0000, read back 0.0000; time delta max 512 frames in 3 cycles
[152.405] other apps meter (10 s): loopback ch 3-4 peak silent, player out peak silent; other apps: fill 3221 (target 2205), varispeed 1.000430, dry 0x, over 0; plug-in: ProcessOutput calls 1816381, Music's 890408, other apps' frames 477863664, pid 48342; peak in 0.0000, read back 0.0000; time delta max 512 frames in 3 cycles
[152.824] 44100 Hz fill 22050 scalar 0.999547370 under 0 over 0; clock locked, DAC scalar 0.999585; 2026-09-29 19:59:19.302 -05:00
[152.826] music only: ProcessOutput calls 1816453, Music's 890444, other apps' frames 477882096, pid 48342; peak in 0.0000, read back 0.0000; time delta max 512 frames in 3 cycles; other apps: fill 3213 (target 2205), varispeed 1.000445, dry 0x, over 0
[162.514] other apps meter (10 s): loopback ch 3-4 peak silent, player out peak silent; other apps: fill 3021 (target 2205), varispeed 1.000431, dry 0x, over 0; plug-in: ProcessOutput calls 1818123, Music's 891279, other apps' frames 478309616, pid 48342; peak in 0.0000, read back 0.0000; time delta max 512 frames in 3 cycles
[172.655] other apps meter (10 s): loopback ch 3-4 peak silent, player out peak silent; other apps: fill 2832 (target 2205), varispeed 1.000384, dry 0x, over 0; plug-in: ProcessOutput calls 1819871, Music's 892153, other apps' frames 478757104, pid 48342; peak in 0.0000, read back 0.0000; time delta max 512 frames in 3 cycles
[182.801] other apps meter (10 s): loopback ch 3-4 peak silent, player out peak silent; other apps: fill 3154 (target 2205), varispeed 1.000435, dry 0x, over 0; plug-in: ProcessOutput calls 1821619, Music's 893027, other apps' frames 479204592, pid 48342; peak in 0.0000, read back 0.0000; time delta max 512 frames in 3 cycles
[182.826] 44100 Hz fill 22050 scalar 0.999555337 under 0 over 0; clock locked, DAC scalar 0.999588; 2026-09-29 19:59:49.304 -05:00
[182.827] music only: ProcessOutput calls 1821623, Music's 893029, other apps' frames 479205616, pid 48342; peak in 0.0000, read back 0.0000; time delta max 512 frames in 3 cycles; other apps: fill 2642 (target 2205), varispeed 1.000443, dry 0x, over 0
[192.932] other apps meter (10 s): loopback ch 3-4 peak silent, player out peak silent; other apps: fill 2965 (target 2205), varispeed 1.000399, dry 0x, over 0; plug-in: ProcessOutput calls 1823365, Music's 893900, other apps' frames 479651568, pid 48342; peak in 0.0000, read back 0.0000; time delta max 512 frames in 3 cycles
[203.057] other apps meter (10 s): loopback ch 3-4 peak silent, player out peak silent; other apps: fill 2773 (target 2205), varispeed 1.000440, dry 0x, over 0; plug-in: ProcessOutput calls 1825110, Music's 894772, other apps' frames 480098544, pid 48342; peak in 0.0000, read back 0.0000; time delta max 512 frames in 3 cycles
[212.827] 44100 Hz fill 22050 scalar 0.999598823 under 0 over 0; clock locked, DAC scalar 0.999608; 2026-09-29 20:00:19.305 -05:00
[212.829] music only: ProcessOutput calls 1826793, Music's 895614, other apps' frames 480529136, pid 48342; peak in 0.0000, read back 0.0000; time delta max 512 frames in 3 cycles; other apps: fill 2576 (target 2205), varispeed 1.000358, dry 0x, over 0
[213.185] other apps meter (10 s): loopback ch 3-4 peak silent, player out peak silent; other apps: fill 3082 (target 2205), varispeed 1.000358, dry 0x, over 0; plug-in: ProcessOutput calls 1826855, Music's 895645, other apps' frames 480545008, pid 48342; peak in 0.0000, read back 0.0000; time delta max 512 frames in 3 cycles
[223.304] other apps meter (10 s): loopback ch 3-4 peak silent, player out peak silent; other apps: fill 2916 (target 2205), varispeed 1.000370, dry 0x, over 0; plug-in: ProcessOutput calls 1828599, Music's 896517, other apps' frames 480991472, pid 48342; peak in 0.0000, read back 0.0000; time delta max 512 frames in 3 cycles
[233.460] other apps meter (10 s): loopback ch 3-4 peak silent, player out peak silent; other apps: fill 3264 (target 2205), varispeed 1.000435, dry 0x, over 0; plug-in: ProcessOutput calls 1830349, Music's 897392, other apps' frames 481439472, pid 48342; peak in 0.0000, read back 0.0000; time delta max 512 frames in 3 cycles
[242.834] 44100 Hz fill 22050 scalar 0.999691545 under 0 over 0; clock locked, DAC scalar 0.999640; 2026-09-29 20:00:49.313 -05:00
[242.835] music only: ProcessOutput calls 1831965, Music's 898200, other apps' frames 481853168, pid 48342; peak in 0.0000, read back 0.0000; time delta max 512 frames in 3 cycles; other apps: fill 3089 (target 2205), varispeed 1.000423, dry 0x, over 0
[243.573] other apps meter (10 s): loopback ch 3-4 peak silent, player out peak silent; other apps: fill 2563 (target 2205), varispeed 1.000426, dry 0x, over 0; plug-in: ProcessOutput calls 1832092, Music's 898263, other apps' frames 481885936, pid 48342; peak in 0.0000, read back 0.0000; time delta max 512 frames in 3 cycles
[249.044] volume 0.6250: DAC [0] -> -24.0 dB
[250.604] volume 0.6875: DAC [0] -> -20.0 dB
[253.697] other apps meter (10 s): loopback ch 3-4 peak silent, player out peak silent; other apps: fill 2896 (target 2205), varispeed 1.000444, dry 0x, over 0; plug-in: ProcessOutput calls 1833837, Music's 899136, other apps' frames 482332400, pid 48342; peak in 0.0000, read back 0.0000; time delta max 512 frames in 3 cycles
[263.805] other apps meter (10 s): loopback ch 3-4 peak silent, player out peak silent; other apps: fill 3218 (target 2205), varispeed 1.000472, dry 0x, over 0; plug-in: ProcessOutput calls 1835579, Music's 900007, other apps' frames 482778352, pid 48342; peak in 0.0000, read back 0.0000; time delta max 512 frames in 3 cycles
[272.837] 44100 Hz fill 22050 scalar 0.999751326 under 0 over 0; clock locked, DAC scalar 0.999728; 2026-09-29 20:01:19.315 -05:00
[272.840] music only: ProcessOutput calls 1837135, Music's 900785, other apps' frames 483176688, pid 48342; peak in 0.0000, read back 0.0000; time delta max 512 frames in 3 cycles; other apps: fill 3040 (target 2205), varispeed 1.000417, dry 0x, over 0
[273.946] other apps meter (10 s): loopback ch 3-4 peak silent, player out peak silent; other apps: fill 2508 (target 2205), varispeed 1.000416, dry 0x, over 0; plug-in: ProcessOutput calls 1837327, Music's 900881, other apps' frames 483225840, pid 48342; peak in 0.0000, read back 0.0000; time delta max 512 frames in 3 cycles
[284.089] other apps meter (10 s): loopback ch 3-4 peak silent, player out peak silent; other apps: fill 3359 (target 2205), varispeed 1.000368, dry 0x, over 0; plug-in: ProcessOutput calls 1839075, Music's 901755, other apps' frames 483673328, pid 48342; peak in 0.0000, read back 0.0000; time delta max 512 frames in 3 cycles
[294.178] other apps meter (10 s): loopback ch 3-4 peak silent, player out peak silent; other apps: fill 3187 (target 2205), varispeed 1.000420, dry 0x, over 0; plug-in: ProcessOutput calls 1840813, Music's 902624, other apps' frames 484118256, pid 48342; peak in 0.0000, read back 0.0000; time delta max 512 frames in 3 cycles
[301.533] playerInfo: Playing Youre Still My Baby
[302.226] new track Youre Still My Baby (Music's rate for the track; no decoder line at it yet): decoder 44100.0 Hz lossless (seen 0.000 s before Playing), DAC 44100 Hz
[302.845] 44100 Hz fill 22050 scalar 0.999561417 under 0 over 0; clock locked, DAC scalar 0.999568; 2026-09-29 20:01:49.323 -05:00
[302.846] music only: ProcessOutput calls 1842307, Music's 903371, other apps' frames 484500720, pid 48342; peak in 0.0000, read back 0.0000; time delta max 512 frames in 3 cycles; other apps: fill 3034 (target 2205), varispeed 1.000393, dry 0x, over 0
[304.257] other apps meter (10 s): loopback ch 3-4 peak silent, player out peak silent; other apps: fill 3011 (target 2205), varispeed 1.000347, dry 0x, over 0; plug-in: ProcessOutput calls 1842551, Music's 903493, other apps' frames 484563184, pid 48342; peak in 0.0000, read back 0.0000; time delta max 512 frames in 3 cycles
[304.257] source depth from the samples: neither 16 nor 24 bit (on neither the 16- nor the 24-bit grid (82851 of 88064 samples): Music changes them (volume, Sound Check, EQ) or the source is float)
[314.361] other apps meter (10 s): loopback ch 3-4 peak silent, player out peak silent; other apps: fill 2845 (target 2205), varispeed 1.000373, dry 0x, over 0; plug-in: ProcessOutput calls 1844291, Music's 904363, other apps' frames 485008624, pid 48342; peak in 0.0000, read back 0.0000; time delta max 512 frames in 3 cycles
[324.475] other apps meter (10 s): loopback ch 3-4 peak silent, player out peak silent; other apps: fill 2676 (target 2205), varispeed 1.000315, dry 0x, over 0; plug-in: ProcessOutput calls 1846035, Music's 905235, other apps' frames 485455088, pid 48342; peak in 0.0000, read back 0.0000; time delta max 512 frames in 3 cycles
[332.846] 44100 Hz fill 22050 scalar 0.999573678 under 0 over 0; clock locked, DAC scalar 0.999576; 2026-09-29 20:02:19.325 -05:00
[332.849] music only: ProcessOutput calls 1847477, Music's 905956, other apps' frames 485824240, pid 48342; peak in 0.0000, read back 0.0000; time delta max 512 frames in 3 cycles; other apps: fill 3038 (target 2205), varispeed 1.000399, dry 0x, over 0
[334.611] other apps meter (10 s): loopback ch 3-4 peak silent, player out peak silent; other apps: fill 3007 (target 2205), varispeed 1.000404, dry 0x, over 0; plug-in: ProcessOutput calls 1847781, Music's 906108, other apps' frames 485902064, pid 48342; peak in 0.0000, read back 0.0000; time delta max 512 frames in 3 cycles
[344.721] other apps meter (10 s): loopback ch 3-4 peak silent, player out peak silent; other apps: fill 2839 (target 2205), varispeed 1.000388, dry 0x, over 0; plug-in: ProcessOutput calls 1849523, Music's 906979, other apps' frames 486348016, pid 48342; peak in 0.0000, read back 0.0000; time delta max 512 frames in 3 cycles
[354.866] other apps meter (10 s): loopback ch 3-4 peak silent, player out peak silent; other apps: fill 3185 (target 2205), varispeed 1.000364, dry 0x, over 0; plug-in: ProcessOutput calls 1851271, Music's 907853, other apps' frames 486795504, pid 48342; peak in 0.0000, read back 0.0000; time delta max 512 frames in 3 cycles
[357.356] volume 0.7500: DAC [0] -> -16.0 dB
[357.513] volume 0.8125: DAC [0] -> -12.0 dB
[360.608] NSRunningApplication lists no Music, but pid 48342 is alive: still running
[362.850] 44100 Hz fill 21538 scalar 0.999556824 under 0 over 0; clock locked, DAC scalar 0.999574; 2026-09-29 20:02:49.329 -05:00
[362.853] music only: ProcessOutput calls 1852648, Music's 908541, other apps' frames 487148272, pid 48342; peak in 0.0000, read back 0.0000; time delta max 512 frames in 3 cycles; other apps: fill 3048 (target 2205), varispeed 1.000394, dry 0x, over 0
[364.962] other apps meter (10 s): loopback ch 3-4 peak silent, player out peak silent; other apps: fill 3011 (target 2205), varispeed 1.000405, dry 0x, over 0; plug-in: ProcessOutput calls 1853011, Music's 908723, other apps' frames 487240944, pid 48342; peak in 0.0000, read back 0.0000; time delta max 512 frames in 3 cycles
[375.090] other apps meter (10 s): loopback ch 3-4 peak silent, player out peak silent; other apps: fill 2828 (target 2205), varispeed 1.000486, dry 0x, over 0; plug-in: ProcessOutput calls 1854757, Music's 909596, other apps' frames 487687920, pid 48342; peak in 0.0000, read back 0.0000; time delta max 512 frames in 3 cycles
[385.181] other apps meter (10 s): loopback ch 3-4 peak silent, player out peak silent; other apps: fill 2646 (target 2205), varispeed 1.000343, dry 0x, over 0; plug-in: ProcessOutput calls 1856495, Music's 910465, other apps' frames 488132848, pid 48342; peak in 0.0000, read back 0.0000; time delta max 512 frames in 3 cycles
[392.853] 44100 Hz fill 22050 scalar 0.999547770 under 0 over 0; clock locked, DAC scalar 0.999576; 2026-09-29 20:03:19.332 -05:00
[392.854] music only: ProcessOutput calls 1857819, Music's 911127, other apps' frames 488471792, pid 48342; peak in 0.0000, read back 0.0000; time delta max 512 frames in 3 cycles; other apps: fill 3025 (target 2205), varispeed 1.000417, dry 0x, over 0
[395.330] other apps meter (10 s): loopback ch 3-4 peak silent, player out peak silent; other apps: fill 2980 (target 2205), varispeed 1.000406, dry 0x, over 0; plug-in: ProcessOutput calls 1858245, Music's 911340, other apps' frames 488580848, pid 48342; peak in 0.0000, read back 0.0000; time delta max 512 frames in 3 cycles
[405.447] other apps meter (10 s): loopback ch 3-4 peak silent, player out peak silent; other apps: fill 3321 (target 2205), varispeed 1.000412, dry 0x, over 0; plug-in: ProcessOutput calls 1859989, Music's 912212, other apps' frames 489027312, pid 48342; peak in 0.0000, read back 0.0000; time delta max 512 frames in 3 cycles
[415.545] other apps meter (10 s): loopback ch 3-4 peak silent, player out peak silent; other apps: fill 3143 (target 2205), varispeed 1.000343, dry 0x, over 0; plug-in: ProcessOutput calls 1861729, Music's 913082, other apps' frames 489472752, pid 48342; peak in 0.0000, read back 0.0000; time delta max 512 frames in 3 cycles
[422.863] 44100 Hz fill 21538 scalar 0.999566346 under 0 over 0; clock locked, DAC scalar 0.999592; 2026-09-29 20:03:49.342 -05:00
[422.865] music only: ProcessOutput calls 1862989, Music's 913712, other apps' frames 489795312, pid 48342; peak in 0.0000, read back 0.0000; time delta max 512 frames in 3 cycles; other apps: fill 3021 (target 2205), varispeed 1.000381, dry 0x, over 0
[425.634] other apps meter (10 s): loopback ch 3-4 peak silent, player out peak silent; other apps: fill 2973 (target 2205), varispeed 1.000391, dry 0x, over 0; plug-in: ProcessOutput calls 1863467, Music's 913951, other apps' frames 489917680, pid 48342; peak in 0.0000, read back 0.0000; time delta max 512 frames in 3 cycles
[435.774] other apps meter (10 s): loopback ch 3-4 peak silent, player out peak silent; other apps: fill 3302 (target 2205), varispeed 1.000506, dry 0x, over 0; plug-in: ProcessOutput calls 1865215, Music's 914825, other apps' frames 490365168, pid 48342; peak in 0.0000, read back 0.0000; time delta max 512 frames in 3 cycles
[445.890] other apps meter (10 s): loopback ch 3-4 peak silent, player out peak silent; other apps: fill 2599 (target 2205), varispeed 1.000434, dry 0x, over 0; plug-in: ProcessOutput calls 1866959, Music's 915697, other apps' frames 490811632, pid 48342; peak in 0.0000, read back 0.0000; time delta max 512 frames in 3 cycles
[452.875] 44100 Hz fill 21538 scalar 0.999612072 under 0 over 0; clock locked, DAC scalar 0.999625; 2026-09-29 20:04:19.354 -05:00
[452.878] music only: ProcessOutput calls 1868163, Music's 916299, other apps' frames 491119856, pid 48342; peak in 0.0000, read back 0.0000; time delta max 512 frames in 3 cycles; other apps: fill 2982 (target 2205), varispeed 1.000382, dry 0x, over 0
[456.044] other apps meter (10 s): loopback ch 3-4 peak silent, player out peak silent; other apps: fill 2929 (target 2205), varispeed 1.000376, dry 0x, over 0; plug-in: ProcessOutput calls 1868707, Music's 916571, other apps' frames 491259120, pid 48342; peak in 0.0000, read back 0.0000; time delta max 512 frames in 3 cycles
[466.190] other apps meter (10 s): loopback ch 3-4 peak silent, player out peak silent; other apps: fill 2752 (target 2205), varispeed 1.000453, dry 0x, over 0; plug-in: ProcessOutput calls 1870457, Music's 917446, other apps' frames 491707120, pid 48342; peak in 0.0000, read back 0.0000; time delta max 512 frames in 3 cycles
[476.321] other apps meter (10 s): loopback ch 3-4 peak silent, player out peak silent; other apps: fill 3095 (target 2205), varispeed 1.000362, dry 0x, over 0; plug-in: ProcessOutput calls 1872203, Music's 918319, other apps' frames 492154096, pid 48342; peak in 0.0000, read back 0.0000; time delta max 512 frames in 3 cycles
[482.882] 44100 Hz fill 22050 scalar 0.999734236 under 0 over 0; clock locked, DAC scalar 0.999664; 2026-09-29 20:04:49.355 -05:00
[482.883] music only: ProcessOutput calls 1873333, Music's 918884, other apps' frames 492443376, pid 48342; peak in 0.0000, read back 0.0000; time delta max 512 frames in 3 cycles; other apps: fill 2978 (target 2205), varispeed 1.000400, dry 0x, over 0
[486.457] other apps meter (10 s): loopback ch 3-4 peak silent, player out peak silent; other apps: fill 2917 (target 2205), varispeed 1.000376, dry 0x, over 0; plug-in: ProcessOutput calls 1873949, Music's 919192, other apps' frames 492601072, pid 48342; peak in 0.0000, read back 0.0000; time delta max 512 frames in 3 cycles
[496.578] other apps meter (10 s): loopback ch 3-4 peak silent, player out peak silent; other apps: fill 3280 (target 2205), varispeed 1.000299, dry 0x, over 0; plug-in: ProcessOutput calls 1875693, Music's 920064, other apps' frames 493047536, pid 48342; peak in 0.0000, read back 0.0000; time delta max 512 frames in 3 cycles
[506.674] other apps meter (10 s): loopback ch 3-4 peak silent, player out peak silent; other apps: fill 3116 (target 2205), varispeed 1.000393, dry 0x, over 0; plug-in: ProcessOutput calls 1877433, Music's 920934, other apps' frames 493492976, pid 48342; peak in 0.0000, read back 0.0000; time delta max 512 frames in 3 cycles
[512.884] 44100 Hz fill 22050 scalar 0.999677233 under 0 over 0; clock locked, DAC scalar 0.999671; 2026-09-29 20:05:19.362 -05:00
[512.886] music only: ProcessOutput calls 1878503, Music's 921469, other apps' frames 493766896, pid 48342; peak in 0.0000, read back 0.0000; time delta max 512 frames in 3 cycles; other apps: fill 3001 (target 2205), varispeed 1.000413, dry 0x, over 0
[516.797] other apps meter (10 s): loopback ch 3-4 peak silent, player out peak silent; other apps: fill 2932 (target 2205), varispeed 1.000385, dry 0x, over 0; plug-in: ProcessOutput calls 1879177, Music's 921806, other apps' frames 493939440, pid 48342; peak in 0.0000, read back 0.0000; time delta max 512 frames in 3 cycles
[522.788] playerInfo: Playing Stars
[522.972] new track Stars (Music's rate for the track; no decoder line at it yet): decoder 44100.0 Hz lossless (seen 0.000 s before Playing), DAC 44100 Hz
[525.005] source depth from the samples: neither 16 nor 24 bit (on neither the 16- nor the 24-bit grid (85013 of 90112 samples): Music changes them (volume, Sound Check, EQ) or the source is float)
[527.031] other apps meter (10 s): loopback ch 3-4 peak silent, player out peak silent; other apps: fill 2753 (target 2205), varispeed 1.000394, dry 0x, over 0; plug-in: ProcessOutput calls 1880941, Music's 922688, other apps' frames 494391024, pid 48342; peak in 0.0000, read back 0.0000; time delta max 512 frames in 3 cycles
[537.169] other apps meter (10 s): loopback ch 3-4 peak silent, player out peak silent; other apps: fill 3084 (target 2205), varispeed 1.000417, dry 0x, over 0; plug-in: ProcessOutput calls 1882689, Music's 923562, other apps' frames 494838512, pid 48342; peak in 0.0000, read back 0.0000; time delta max 512 frames in 3 cycles
[538.431] volume 0.8750: DAC [0] -> -8.0 dB
[540.320] volume 0.9375: DAC [0] -> -4.0 dB
[542.888] 44100 Hz fill 22050 scalar 0.999564892 under 0 over 0; clock locked, DAC scalar 0.999571; 2026-09-29 20:05:49.367 -05:00
[542.890] music only: ProcessOutput calls 1883675, Music's 924055, other apps' frames 495090928, pid 48342; peak in 0.0000, read back 0.0000; time delta max 512 frames in 3 cycles; other apps: fill 2988 (target 2205), varispeed 1.000395, dry 0x, over 0
[547.280] other apps meter (10 s): loopback ch 3-4 peak silent, player out peak silent; other apps: fill 3423 (target 2205), varispeed 1.000414, dry 0x, over 0; plug-in: ProcessOutput calls 1884431, Music's 924433, other apps' frames 495284464, pid 48342; peak in 0.0000, read back 0.0000; time delta max 512 frames in 3 cycles
[557.412] other apps meter (10 s): loopback ch 3-4 peak silent, player out peak silent; other apps: fill 3233 (target 2205), varispeed 1.000405, dry 0x, over 0; plug-in: ProcessOutput calls 1886177, Music's 925306, other apps' frames 495731440, pid 48342; peak in 0.0000, read back 0.0000; time delta max 512 frames in 3 cycles
[567.525] other apps meter (10 s): loopback ch 3-4 peak silent, player out peak silent; other apps: fill 3048 (target 2205), varispeed 1.000424, dry 0x, over 0; plug-in: ProcessOutput calls 1887919, Music's 926177, other apps' frames 496177392, pid 48342; peak in 0.0000, read back 0.0000; time delta max 512 frames in 3 cycles
[572.892] 44100 Hz fill 22050 scalar 0.999556116 under 0 over 0; clock locked, DAC scalar 0.999584; 2026-09-29 20:06:19.371 -05:00
[572.895] music only: ProcessOutput calls 1888845, Music's 926640, other apps' frames 496414448, pid 48342; peak in 0.0000, read back 0.0000; time delta max 512 frames in 3 cycles; other apps: fill 2955 (target 2205), varispeed 1.000388, dry 0x, over 0
[577.641] other apps meter (10 s): loopback ch 3-4 peak silent, player out peak silent; other apps: fill 2878 (target 2205), varispeed 1.000356, dry 0x, over 0; plug-in: ProcessOutput calls 1889663, Music's 927049, other apps' frames 496623856, pid 48342; peak in 0.0000, read back 0.0000; time delta max 512 frames in 3 cycles
[587.756] other apps meter (10 s): loopback ch 3-4 peak silent, player out peak silent; other apps: fill 2708 (target 2205), varispeed 1.000377, dry 0x, over 0; plug-in: ProcessOutput calls 1891407, Music's 927921, other apps' frames 497070320, pid 48342; peak in 0.0000, read back 0.0000; time delta max 512 frames in 3 cycles
[597.870] other apps meter (10 s): loopback ch 3-4 peak silent, player out peak silent; other apps: fill 3026 (target 2205), varispeed 1.000391, dry 0x, over 0; plug-in: ProcessOutput calls 1893149, Music's 928792, other apps' frames 497516272, pid 48342; peak in 0.0000, read back 0.0000; time delta max 512 frames in 3 cycles
[602.899] 44100 Hz fill 21538 scalar 0.999563653 under 0 over 0; clock locked, DAC scalar 0.999568; 2026-09-29 20:06:49.376 -05:00
[602.905] music only: ProcessOutput calls 1894017, Music's 929226, other apps' frames 497738480, pid 48342; peak in 0.0000, read back 0.0000; time delta max 512 frames in 3 cycles; other apps: fill 2939 (target 2205), varispeed 1.000384, dry 0x, over 0
[607.996] other apps meter (10 s): loopback ch 3-4 peak silent, player out peak silent; other apps: fill 3369 (target 2205), varispeed 1.000346, dry 0x, over 0; plug-in: ProcessOutput calls 1894895, Music's 929665, other apps' frames 497963248, pid 48342; peak in 0.0000, read back 0.0000; time delta max 512 frames in 3 cycles
[618.115] other apps meter (10 s): loopback ch 3-4 peak silent, player out peak silent; other apps: fill 2670 (target 2205), varispeed 1.000371, dry 0x, over 0; plug-in: ProcessOutput calls 1896639, Music's 930537, other apps' frames 498409712, pid 48342; peak in 0.0000, read back 0.0000; time delta max 512 frames in 3 cycles
[628.228] other apps meter (10 s): loopback ch 3-4 peak silent, player out peak silent; other apps: fill 3013 (target 2205), varispeed 1.000396, dry 0x, over 0; plug-in: ProcessOutput calls 1898381, Music's 931408, other apps' frames 498855664, pid 48342; peak in 0.0000, read back 0.0000; time delta max 512 frames in 3 cycles
[632.900] 44100 Hz fill 22050 scalar 0.999552086 under 0 over 0; clock locked, DAC scalar 0.999573; 2026-09-29 20:07:19.379 -05:00
[632.901] music only: ProcessOutput calls 1899187, Music's 931811, other apps' frames 499062000, pid 48342; peak in 0.0000, read back 0.0000; time delta max 512 frames in 3 cycles; other apps: fill 2932 (target 2205), varispeed 1.000379, dry 0x, over 0
[638.349] other apps meter (10 s): loopback ch 3-4 peak silent, player out peak silent; other apps: fill 2846 (target 2205), varispeed 1.000340, dry 0x, over 0; plug-in: ProcessOutput calls 1900125, Music's 932280, other apps' frames 499302128, pid 48342; peak in 0.0000, read back 0.0000; time delta max 512 frames in 3 cycles
[648.466] other apps meter (10 s): loopback ch 3-4 peak silent, player out peak silent; other apps: fill 3205 (target 2205), varispeed 1.000376, dry 0x, over 0; plug-in: ProcessOutput calls 1901869, Music's 933152, other apps' frames 499748592, pid 48342; peak in 0.0000, read back 0.0000; time delta max 512 frames in 3 cycles
[658.588] other apps meter (10 s): loopback ch 3-4 peak silent, player out peak silent; other apps: fill 3027 (target 2205), varispeed 1.000422, dry 0x, over 0; plug-in: ProcessOutput calls 1903613, Music's 934024, other apps' frames 500195056, pid 48342; peak in 0.0000, read back 0.0000; time delta max 512 frames in 3 cycles
[662.901] 44100 Hz fill 22050 scalar 0.999543765 under 0 over 0; clock locked, DAC scalar 0.999597; 2026-09-29 20:07:49.380 -05:00
[662.903] music only: ProcessOutput calls 1904357, Music's 934396, other apps' frames 500385520, pid 48342; peak in 0.0000, read back 0.0000; time delta max 512 frames in 3 cycles; other apps: fill 2950 (target 2205), varispeed 1.000391, dry 0x, over 0
[668.716] other apps meter (10 s): loopback ch 3-4 peak silent, player out peak silent; other apps: fill 2855 (target 2205), varispeed 1.000397, dry 0x, over 0; plug-in: ProcessOutput calls 1905359, Music's 934897, other apps' frames 500642032, pid 48342; peak in 0.0000, read back 0.0000; time delta max 512 frames in 3 cycles
[678.847] other apps meter (10 s): loopback ch 3-4 peak silent, player out peak silent; other apps: fill 2656 (target 2205), varispeed 1.000475, dry 0x, over 0; plug-in: ProcessOutput calls 1907105, Music's 935770, other apps' frames 501089008, pid 48342; peak in 0.0000, read back 0.0000; time delta max 512 frames in 3 cycles
[688.970] other apps meter (10 s): loopback ch 3-4 peak silent, player out peak silent; other apps: fill 2981 (target 2205), varispeed 1.000367, dry 0x, over 0; plug-in: ProcessOutput calls 1908849, Music's 936642, other apps' frames 501535472, pid 48342; peak in 0.0000, read back 0.0000; time delta max 512 frames in 3 cycles
[692.911] 44100 Hz fill 22050 scalar 0.999608556 under 0 over 0; clock locked, DAC scalar 0.999599; 2026-09-29 20:08:19.390 -05:00
[692.915] music only: ProcessOutput calls 1909529, Music's 936982, other apps' frames 501709552, pid 48342; peak in 0.0000, read back 0.0000; time delta max 512 frames in 3 cycles; other apps: fill 2916 (target 2205), varispeed 1.000368, dry 0x, over 0
[695.476] decoder: 44100.0 Hz (lossy)
[695.937] playerInfo: Playing How Deep Is the Ocean
[696.030] new track How Deep Is the Ocean (Music's rate for the track): decoder 44100.0 Hz lossy (seen 0.451 s before Playing), DAC 44100 Hz
[697.010] decoder: 44100.0 Hz (lossless)
[699.112] other apps meter (10 s): loopback ch 3-4 peak silent, player out peak silent; other apps: fill 3328 (target 2205), varispeed 1.000394, dry 0x, over 0; plug-in: ProcessOutput calls 1910597, Music's 937516, other apps' frames 501982960, pid 48342; peak in 0.0000, read back 0.0000; time delta max 512 frames in 3 cycles
[699.113] source depth from the samples: neither 16 nor 24 bit (on neither the 16- nor the 24-bit grid (73830 of 90112 samples): Music changes them (volume, Sound Check, EQ) or the source is float)
[702.774] volume 0.8750: DAC [0] -> -8.0 dB
[703.004] volume 0.8125: DAC [0] -> -12.0 dB
[703.256] volume 0.7500: DAC [0] -> -16.0 dB
[703.681] volume 0.6875: DAC [0] -> -20.0 dB
[703.983] volume 0.6250: DAC [0] -> -24.0 dB
[704.406] volume 0.5625: DAC [0] -> -28.0 dB
[709.231] other apps meter (10 s): loopback ch 3-4 peak silent, player out peak silent; other apps: fill 2650 (target 2205), varispeed 1.000443, dry 0x, over 0; plug-in: ProcessOutput calls 1912341, Music's 938388, other apps' frames 502429424, pid 48342; peak in 0.0000, read back 0.0000; time delta max 512 frames in 3 cycles
[719.340] other apps meter (10 s): loopback ch 3-4 peak silent, player out peak silent; other apps: fill 2986 (target 2205), varispeed 1.000398, dry 0x, over 0; plug-in: ProcessOutput calls 1914083, Music's 939259, other apps' frames 502875376, pid 48342; peak in 0.0000, read back 0.0000; time delta max 512 frames in 3 cycles
[722.923] 44100 Hz fill 21538 scalar 0.999681946 under 0 over 0; clock locked, DAC scalar 0.999646; 2026-09-29 20:08:49.401 -05:00
[722.925] music only: ProcessOutput calls 1914701, Music's 939568, other apps' frames 503033584, pid 48342; peak in 0.0000, read back 0.0000; time delta max 512 frames in 3 cycles; other apps: fill 2925 (target 2205), varispeed 1.000375, dry 0x, over 0
[729.474] other apps meter (10 s): loopback ch 3-4 peak silent, player out peak silent; other apps: fill 2823 (target 2205), varispeed 1.000328, dry 0x, over 0; plug-in: ProcessOutput calls 1915829, Music's 940132, other apps' frames 503322352, pid 48342; peak in 0.0000, read back 0.0000; time delta max 512 frames in 3 cycles
[739.637] other apps meter (10 s): loopback ch 3-4 peak silent, player out peak silent; other apps: fill 2651 (target 2205), varispeed 1.000391, dry 0x, over 0; plug-in: ProcessOutput calls 1917581, Music's 941008, other apps' frames 503770864, pid 48342; peak in 0.0000, read back 0.0000; time delta max 512 frames in 3 cycles
[749.765] other apps meter (10 s): loopback ch 3-4 peak silent, player out peak silent; other apps: fill 2996 (target 2205), varispeed 1.000399, dry 0x, over 0; plug-in: ProcessOutput calls 1919325, Music's 941880, other apps' frames 504217328, pid 48342; peak in 0.0000, read back 0.0000; time delta max 512 frames in 3 cycles
[752.928] 44100 Hz fill 22050 scalar 0.999770029 under 0 over 0; clock locked, DAC scalar 0.999705; 2026-09-29 20:09:19.407 -05:00
[752.931] music only: ProcessOutput calls 1919871, Music's 942153, other apps' frames 504357104, pid 48342; peak in 0.0000, read back 0.0000; time delta max 512 frames in 3 cycles; other apps: fill 2941 (target 2205), varispeed 1.000383, dry 0x, over 0
[759.881] other apps meter (10 s): loopback ch 3-4 peak silent, player out peak silent; other apps: fill 2830 (target 2205), varispeed 1.000384, dry 0x, over 0; plug-in: ProcessOutput calls 1921069, Music's 942752, other apps' frames 504663792, pid 48342; peak in 0.0000, read back 0.0000; time delta max 512 frames in 3 cycles
[769.977] other apps meter (10 s): loopback ch 3-4 peak silent, player out peak silent; other apps: fill 3175 (target 2205), varispeed 1.000320, dry 0x, over 0; plug-in: ProcessOutput calls 1922809, Music's 943622, other apps' frames 505109232, pid 48342; peak in 0.0000, read back 0.0000; time delta max 512 frames in 3 cycles
[780.094] other apps meter (10 s): loopback ch 3-4 peak silent, player out peak silent; other apps: fill 2996 (target 2205), varispeed 1.000402, dry 0x, over 0; plug-in: ProcessOutput calls 1924553, Music's 944494, other apps' frames 505555696, pid 48342; peak in 0.0000, read back 0.0000; time delta max 512 frames in 3 cycles
[782.933] 44100 Hz fill 21538 scalar 0.999567672 under 0 over 0; clock locked, DAC scalar 0.999584; 2026-09-29 20:09:49.412 -05:00
[782.935] music only: ProcessOutput calls 1925043, Music's 944739, other apps' frames 505681136, pid 48342; peak in 0.0000, read back 0.0000; time delta max 512 frames in 3 cycles; other apps: fill 2946 (target 2205), varispeed 1.000387, dry 0x, over 0
[790.225] other apps meter (10 s): loopback ch 3-4 peak silent, player out peak silent; other apps: fill 3326 (target 2205), varispeed 1.000387, dry 0x, over 0; plug-in: ProcessOutput calls 1926299, Music's 945367, other apps' frames 506002672, pid 48342; peak in 0.0000, read back 0.0000; time delta max 512 frames in 3 cycles
[800.348] other apps meter (10 s): loopback ch 3-4 peak silent, player out peak silent; other apps: fill 3135 (target 2205), varispeed 1.000379, dry 0x, over 0; plug-in: ProcessOutput calls 1928043, Music's 946239, other apps' frames 506449136, pid 48342; peak in 0.0000, read back 0.0000; time delta max 512 frames in 3 cycles
[810.479] other apps meter (10 s): loopback ch 3-4 peak silent, player out peak silent; other apps: fill 2954 (target 2205), varispeed 1.000392, dry 0x, over 0; plug-in: ProcessOutput calls 1929789, Music's 947112, other apps' frames 506896112, pid 48342; peak in 0.0000, read back 0.0000; time delta max 512 frames in 3 cycles
[812.940] 44100 Hz fill 22050 scalar 0.999563966 under 0 over 0; clock locked, DAC scalar 0.999583; 2026-09-29 20:10:19.418 -05:00
[812.942] music only: ProcessOutput calls 1930213, Music's 947324, other apps' frames 507004656, pid 48342; peak in 0.0000, read back 0.0000; time delta max 512 frames in 3 cycles; other apps: fill 2912 (target 2205), varispeed 1.000373, dry 0x, over 0
[820.585] other apps meter (10 s): loopback ch 3-4 peak silent, player out peak silent; other apps: fill 3291 (target 2205), varispeed 1.000359, dry 0x, over 0; plug-in: ProcessOutput calls 1931531, Music's 947983, other apps' frames 507342064, pid 48342; peak in 0.0000, read back 0.0000; time delta max 512 frames in 3 cycles
[830.748] other apps meter (10 s): loopback ch 3-4 peak silent, player out peak silent; other apps: fill 3097 (target 2205), varispeed 1.000421, dry 0x, over 0; plug-in: ProcessOutput calls 1933281, Music's 948858, other apps' frames 507790064, pid 48342; peak in 0.0000, read back 0.0000; time delta max 512 frames in 3 cycles
[840.874] other apps meter (10 s): loopback ch 3-4 peak silent, player out peak silent; other apps: fill 2933 (target 2205), varispeed 1.000371, dry 0x, over 0; plug-in: ProcessOutput calls 1935027, Music's 949731, other apps' frames 508237040, pid 48342; peak in 0.0000, read back 0.0000; time delta max 512 frames in 3 cycles
[842.951] 44100 Hz fill 22050 scalar 0.999553078 under 0 over 0; clock locked, DAC scalar 0.999572; 2026-09-29 20:10:49.429 -05:00
[842.952] music only: ProcessOutput calls 1935385, Music's 949910, other apps' frames 508328688, pid 48342; peak in 0.0000, read back 0.0000; time delta max 512 frames in 3 cycles; other apps: fill 2900 (target 2205), varispeed 1.000360, dry 0x, over 0
[850.998] other apps meter (10 s): loopback ch 3-4 peak silent, player out peak silent; other apps: fill 2769 (target 2205), varispeed 1.000420, dry 0x, over 0; plug-in: ProcessOutput calls 1936771, Music's 950603, other apps' frames 508683504, pid 48342; peak in 0.0000, read back 0.0000; time delta max 512 frames in 3 cycles
[861.121] other apps meter (10 s): loopback ch 3-4 peak silent, player out peak silent; other apps: fill 2574 (target 2205), varispeed 1.000438, dry 0x, over 0; plug-in: ProcessOutput calls 1938516, Music's 951475, other apps' frames 509130480, pid 48342; peak in 0.0000, read back 0.0000; time delta max 512 frames in 3 cycles
[871.238] other apps meter (10 s): loopback ch 3-4 peak silent, player out peak silent; other apps: fill 2913 (target 2205), varispeed 1.000363, dry 0x, over 0; plug-in: ProcessOutput calls 1940259, Music's 952347, other apps' frames 509576432, pid 48342; peak in 0.0000, read back 0.0000; time delta max 512 frames in 3 cycles
[872.961] 44100 Hz fill 22050 scalar 0.999550498 under 0 over 0; clock locked, DAC scalar 0.999579; 2026-09-29 20:11:19.438 -05:00
[872.963] music only: ProcessOutput calls 1940557, Music's 952496, other apps' frames 509652720, pid 48342; peak in 0.0000, read back 0.0000; time delta max 512 frames in 3 cycles; other apps: fill 2886 (target 2205), varispeed 1.000354, dry 0x, over 0
[881.388] other apps meter (10 s): loopback ch 3-4 peak silent, player out peak silent; other apps: fill 3262 (target 2205), varispeed 1.000438, dry 0x, over 0; plug-in: ProcessOutput calls 1942009, Music's 953222, other apps' frames 510024432, pid 48342; peak in 0.0000, read back 0.0000; time delta max 512 frames in 3 cycles
[891.499] other apps meter (10 s): loopback ch 3-4 peak silent, player out peak silent; other apps: fill 3060 (target 2205), varispeed 1.000447, dry 0x, over 0; plug-in: ProcessOutput calls 1943751, Music's 954093, other apps' frames 510470384, pid 48342; peak in 0.0000, read back 0.0000; time delta max 512 frames in 3 cycles
[899.906] playerInfo: Playing Little Martha
[900.031] new track Little Martha (Music's rate for the track): decoder 44100.0 Hz lossless (seen 202.903 s before Playing), DAC 44100 Hz
[901.806] other apps meter (10 s): loopback ch 3-4 peak silent, player out peak silent; other apps: fill 2882 (target 2205), varispeed 1.000409, dry 0x, over 0; plug-in: ProcessOutput calls 1945527, Music's 954981, other apps' frames 510925040, pid 48342; peak in 0.0000, read back 0.0000; time delta max 512 frames in 3 cycles
[902.314] source depth from the samples: neither 16 nor 24 bit (on neither the 16- nor the 24-bit grid (55573 of 90106 samples): Music changes them (volume, Sound Check, EQ) or the source is float); Music's log said 24 bit
[902.965] 44100 Hz fill 22050 scalar 0.999558542 under 0 over 0; clock locked, DAC scalar 0.999593; 2026-09-29 20:11:49.444 -05:00
[902.968] music only: ProcessOutput calls 1945727, Music's 955081, other apps' frames 510976240, pid 48342; peak in 0.0000, read back 0.0000; time delta max 512 frames in 3 cycles; other apps: fill 2862 (target 2205), varispeed 1.000372, dry 0x, over 0
[911.934] other apps meter (10 s): loopback ch 3-4 peak silent, player out peak silent; other apps: fill 3238 (target 2205), varispeed 1.000363, dry 0x, over 0; plug-in: ProcessOutput calls 1947273, Music's 955854, other apps' frames 511372016, pid 48342; peak in 0.0000, read back 0.0000; time delta max 512 frames in 3 cycles
[922.050] other apps meter (10 s): loopback ch 3-4 peak silent, player out peak silent; other apps: fill 3079 (target 2205), varispeed 1.000409, dry 0x, over 0; plug-in: ProcessOutput calls 1949017, Music's 956726, other apps' frames 511818480, pid 48342; peak in 0.0000, read back 0.0000; time delta max 512 frames in 3 cycles
[932.165] other apps meter (10 s): loopback ch 3-4 peak silent, player out peak silent; other apps: fill 2900 (target 2205), varispeed 1.000368, dry 0x, over 0; plug-in: ProcessOutput calls 1950759, Music's 957597, other apps' frames 512264432, pid 48342; peak in 0.0000, read back 0.0000; time delta max 512 frames in 3 cycles
[932.965] 44100 Hz fill 22050 scalar 0.999608868 under 0 over 0; clock locked, DAC scalar 0.999598; 2026-09-29 20:12:19.444 -05:00
[932.968] music only: ProcessOutput calls 1950897, Music's 957666, other apps' frames 512299760, pid 48342; peak in 0.0000, read back 0.0000; time delta max 512 frames in 3 cycles; other apps: fill 2887 (target 2205), varispeed 1.000360, dry 0x, over 0
[942.280] other apps meter (10 s): loopback ch 3-4 peak silent, player out peak silent; other apps: fill 3255 (target 2205), varispeed 1.000350, dry 0x, over 0; plug-in: ProcessOutput calls 1952503, Music's 958469, other apps' frames 512710896, pid 48342; peak in 0.0000, read back 0.0000; time delta max 512 frames in 3 cycles
[952.399] other apps meter (10 s): loopback ch 3-4 peak silent, player out peak silent; other apps: fill 3082 (target 2205), varispeed 1.000393, dry 0x, over 0; plug-in: ProcessOutput calls 1954247, Music's 959341, other apps' frames 513157360, pid 48342; peak in 0.0000, read back 0.0000; time delta max 512 frames in 3 cycles
[962.512] other apps meter (10 s): loopback ch 3-4 peak silent, player out peak silent; other apps: fill 2909 (target 2205), varispeed 1.000371, dry 0x, over 0; plug-in: ProcessOutput calls 1955989, Music's 960212, other apps' frames 513603312, pid 48342; peak in 0.0000, read back 0.0000; time delta max 512 frames in 3 cycles
[962.972] 44100 Hz fill 22050 scalar 0.999748661 under 0 over 0; clock locked, DAC scalar 0.999665; 2026-09-29 20:12:49.449 -05:00
[962.973] music only: ProcessOutput calls 1956069, Music's 960252, other apps' frames 513623792, pid 48342; peak in 0.0000, read back 0.0000; time delta max 512 frames in 3 cycles; other apps: fill 2902 (target 2205), varispeed 1.000367, dry 0x, over 0
[972.626] other apps meter (10 s): loopback ch 3-4 peak silent, player out peak silent; other apps: fill 2736 (target 2205), varispeed 1.000377, dry 0x, over 0; plug-in: ProcessOutput calls 1957731, Music's 961083, other apps' frames 514049264, pid 48342; peak in 0.0000, read back 0.0000; time delta max 512 frames in 3 cycles
[982.749] other apps meter (10 s): loopback ch 3-4 peak silent, player out peak silent; other apps: fill 3062 (target 2205), varispeed 1.000420, dry 0x, over 0; plug-in: ProcessOutput calls 1959477, Music's 961956, other apps' frames 514496240, pid 48342; peak in 0.0000, read back 0.0000; time delta max 512 frames in 3 cycles
[992.870] other apps meter (10 s): loopback ch 3-4 peak silent, player out peak silent; other apps: fill 3393 (target 2205), varispeed 1.000381, dry 0x, over 0; plug-in: ProcessOutput calls 1961221, Music's 962828, other apps' frames 514942704, pid 48342; peak in 0.0000, read back 0.0000; time delta max 512 frames in 3 cycles
[992.980] 44100 Hz fill 21538 scalar 0.999601949 under 0 over 0; clock locked, DAC scalar 0.999618; 2026-09-29 20:13:19.459 -05:00
[992.983] music only: ProcessOutput calls 1961241, Music's 962838, other apps' frames 514947824, pid 48342; peak in 0.0000, read back 0.0000; time delta max 512 frames in 3 cycles; other apps: fill 3391 (target 2205), varispeed 1.000372, dry 0x, over 0
[1002.974] other apps meter (10 s): loopback ch 3-4 peak silent, player out peak silent; other apps: fill 2704 (target 2205), varispeed 1.000390, dry 0x, over 0; plug-in: ProcessOutput calls 1962961, Music's 963698, other apps' frames 515388144, pid 48342; peak in 0.0000, read back 0.0000; time delta max 512 frames in 3 cycles
[1013.087] other apps meter (10 s): loopback ch 3-4 peak silent, player out peak silent; other apps: fill 3046 (target 2205), varispeed 1.000361, dry 0x, over 0; plug-in: ProcessOutput calls 1964705, Music's 964570, other apps' frames 515834608, pid 48342; peak in 0.0000, read back 0.0000; time delta max 512 frames in 3 cycles
[1022.989] 44100 Hz fill 22050 scalar 0.999564987 under 0 over 0; clock locked, DAC scalar 0.999568; 2026-09-29 20:13:49.468 -05:00
[1022.991] music only: ProcessOutput calls 1966411, Music's 965423, other apps' frames 516271344, pid 48342; peak in 0.0000, read back 0.0000; time delta max 512 frames in 3 cycles; other apps: fill 2879 (target 2205), varispeed 1.000355, dry 0x, over 0
[1023.221] other apps meter (10 s): loopback ch 3-4 peak silent, player out peak silent; other apps: fill 2876 (target 2205), varispeed 1.000355, dry 0x, over 0; plug-in: ProcessOutput calls 1966451, Music's 965443, other apps' frames 516281584, pid 48342; peak in 0.0000, read back 0.0000; time delta max 512 frames in 3 cycles
[1033.339] other apps meter (10 s): loopback ch 3-4 peak silent, player out peak silent; other apps: fill 3221 (target 2205), varispeed 1.000424, dry 0x, over 0; plug-in: ProcessOutput calls 1968195, Music's 966315, other apps' frames 516728048, pid 48342; peak in 0.0000, read back 0.0000; time delta max 512 frames in 3 cycles
[1043.466] other apps meter (10 s): loopback ch 3-4 peak silent, player out peak silent; other apps: fill 2546 (target 2205), varispeed 1.000370, dry 0x, over 0; plug-in: ProcessOutput calls 1969941, Music's 967188, other apps' frames 517175024, pid 48342; peak in 0.0000, read back 0.0000; time delta max 512 frames in 3 cycles
[1053.010] 44100 Hz fill 22050 scalar 0.999563593 under 0 over 0; clock locked, DAC scalar 0.999576; 2026-09-29 20:14:19.482 -05:00
[1053.011] music only: ProcessOutput calls 1971585, Music's 968010, other apps' frames 517595888, pid 48342; peak in 0.0000, read back 0.0000; time delta max 512 frames in 3 cycles; other apps: fill 2887 (target 2205), varispeed 1.000473, dry 0x, over 0
[1053.589] other apps meter (10 s): loopback ch 3-4 peak silent, player out peak silent; other apps: fill 3388 (target 2205), varispeed 1.000447, dry 0x, over 0; plug-in: ProcessOutput calls 1971685, Music's 968060, other apps' frames 517621488, pid 48342; peak in 0.0000, read back 0.0000; time delta max 512 frames in 3 cycles
[1063.723] other apps meter (10 s): loopback ch 3-4 peak silent, player out peak silent; other apps: fill 3209 (target 2205), varispeed 1.000421, dry 0x, over 0; plug-in: ProcessOutput calls 1973431, Music's 968933, other apps' frames 518068464, pid 48342; peak in 0.0000, read back 0.0000; time delta max 512 frames in 3 cycles
[1073.853] other apps meter (10 s): loopback ch 3-4 peak silent, player out peak silent; other apps: fill 3021 (target 2205), varispeed 1.000420, dry 0x, over 0; plug-in: ProcessOutput calls 1975177, Music's 969806, other apps' frames 518515440, pid 48342; peak in 0.0000, read back 0.0000; time delta max 512 frames in 3 cycles
[1083.009] 44100 Hz fill 22050 scalar 0.999550740 under 0 over 0; clock locked, DAC scalar 0.999576; 2026-09-29 20:14:49.488 -05:00
[1083.012] music only: ProcessOutput calls 1976755, Music's 970595, other apps' frames 518919408, pid 48342; peak in 0.0000, read back 0.0000; time delta max 512 frames in 3 cycles; other apps: fill 2871 (target 2205), varispeed 1.000348, dry 0x, over 0
[1083.986] other apps meter (10 s): loopback ch 3-4 peak silent, player out peak silent; other apps: fill 2856 (target 2205), varispeed 1.000344, dry 0x, over 0; plug-in: ProcessOutput calls 1976923, Music's 970679, other apps' frames 518962416, pid 48342; peak in 0.0000, read back 0.0000; time delta max 512 frames in 3 cycles
[1094.117] other apps meter (10 s): loopback ch 3-4 peak silent, player out peak silent; other apps: fill 3202 (target 2205), varispeed 1.000431, dry 0x, over 0; plug-in: ProcessOutput calls 1978669, Music's 971552, other apps' frames 519409392, pid 48342; peak in 0.0000, read back 0.0000; time delta max 512 frames in 3 cycles
[1104.238] other apps meter (10 s): loopback ch 3-4 peak silent, player out peak silent; other apps: fill 3014 (target 2205), varispeed 1.000408, dry 0x, over 0; plug-in: ProcessOutput calls 1980413, Music's 972424, other apps' frames 519855856, pid 48342; peak in 0.0000, read back 0.0000; time delta max 512 frames in 3 cycles
[1113.018] 44100 Hz fill 22050 scalar 0.999558570 under 0 over 0; clock locked, DAC scalar 0.999589; 2026-09-29 20:15:19.496 -05:00
[1113.019] music only: ProcessOutput calls 1981927, Music's 973181, other apps' frames 520243440, pid 48342; peak in 0.0000, read back 0.0000; time delta max 512 frames in 3 cycles; other apps: fill 2860 (target 2205), varispeed 1.000456, dry 0x, over 0
[1114.385] other apps meter (10 s): loopback ch 3-4 peak silent, player out peak silent; other apps: fill 2835 (target 2205), varispeed 1.000408, dry 0x, over 0; plug-in: ProcessOutput calls 1982161, Music's 973298, other apps' frames 520303344, pid 48342; peak in 0.0000, read back 0.0000; time delta max 512 frames in 3 cycles
[1121.496] playerInfo: Playing I Wish You Would
[1121.606] new track I Wish You Would (Music's rate for the track; no decoder line at it yet): decoder 44100.0 Hz lossless (seen 0.000 s before Playing), DAC 44100 Hz
[1123.987] source depth from the samples: 24 bit (87686 of 88064 samples off the 16-bit grid, all on the 24-bit grid)
[1124.492] other apps meter (10 s): loopback ch 3-4 peak silent, player out peak silent; other apps: fill 3164 (target 2205), varispeed 1.000403, dry 0x, over 0; plug-in: ProcessOutput calls 1983903, Music's 974169, other apps' frames 520749296, pid 48342; peak in 0.0000, read back 0.0000; time delta max 512 frames in 3 cycles
[1134.639] other apps meter (10 s): loopback ch 3-4 peak silent, player out peak silent; other apps: fill 2989 (target 2205), varispeed 1.000385, dry 0x, over 0; plug-in: ProcessOutput calls 1985653, Music's 975044, other apps' frames 521197296, pid 48342; peak in 0.0000, read back 0.0000; time delta max 512 frames in 3 cycles
[1143.021] 44100 Hz fill 22050 scalar 0.999595944 under 0 over 0; clock locked, DAC scalar 0.999600; 2026-09-29 20:15:49.500 -05:00
[1143.023] music only: ProcessOutput calls 1987097, Music's 975766, other apps' frames 521566960, pid 48342; peak in 0.0000, read back 0.0000; time delta max 512 frames in 3 cycles; other apps: fill 2843 (target 2205), varispeed 1.000358, dry 0x, over 0
[1144.767] other apps meter (10 s): loopback ch 3-4 peak silent, player out peak silent; other apps: fill 2817 (target 2205), varispeed 1.000336, dry 0x, over 0; plug-in: ProcessOutput calls 1987397, Music's 975916, other apps' frames 521643760, pid 48342; peak in 0.0000, read back 0.0000; time delta max 512 frames in 3 cycles
[1154.880] other apps meter (10 s): loopback ch 3-4 peak silent, player out peak silent; other apps: fill 3164 (target 2205), varispeed 1.000403, dry 0x, over 0; plug-in: ProcessOutput calls 1989141, Music's 976788, other apps' frames 522090224, pid 48342; peak in 0.0000, read back 0.0000; time delta max 512 frames in 3 cycles
[1165.005] other apps meter (10 s): loopback ch 3-4 peak silent, player out peak silent; other apps: fill 2986 (target 2205), varispeed 1.000400, dry 0x, over 0; plug-in: ProcessOutput calls 1990885, Music's 977660, other apps' frames 522536688, pid 48342; peak in 0.0000, read back 0.0000; time delta max 512 frames in 3 cycles
[1173.032] 44100 Hz fill 22050 scalar 0.999687763 under 0 over 0; clock locked, DAC scalar 0.999630; 2026-09-29 20:16:19.510 -05:00
[1173.034] music only: ProcessOutput calls 1992269, Music's 978352, other apps' frames 522890992, pid 48342; peak in 0.0000, read back 0.0000; time delta max 512 frames in 3 cycles; other apps: fill 2844 (target 2205), varispeed 1.000361, dry 0x, over 0
[1175.151] other apps meter (10 s): loopback ch 3-4 peak silent, player out peak silent; other apps: fill 2812 (target 2205), varispeed 1.000332, dry 0x, over 0; plug-in: ProcessOutput calls 1992633, Music's 978534, other apps' frames 522984176, pid 48342; peak in 0.0000, read back 0.0000; time delta max 512 frames in 3 cycles
[1185.276] other apps meter (10 s): loopback ch 3-4 peak silent, player out peak silent; other apps: fill 3176 (target 2205), varispeed 1.000398, dry 0x, over 0; plug-in: ProcessOutput calls 1994379, Music's 979407, other apps' frames 523431152, pid 48342; peak in 0.0000, read back 0.0000; time delta max 512 frames in 3 cycles
[1195.398] other apps meter (10 s): loopback ch 3-4 peak silent, player out peak silent; other apps: fill 3006 (target 2205), varispeed 1.000401, dry 0x, over 0; plug-in: ProcessOutput calls 1996123, Music's 980279, other apps' frames 523877616, pid 48342; peak in 0.0000, read back 0.0000; time delta max 512 frames in 3 cycles
[1203.037] 44100 Hz fill 22050 scalar 0.999815794 under 0 over 0; clock locked, DAC scalar 0.999731; 2026-09-29 20:16:49.516 -05:00
[1203.039] music only: ProcessOutput calls 1997440, Music's 980937, other apps' frames 524215024, pid 48342; peak in 0.0000, read back 0.0000; time delta max 512 frames in 3 cycles; other apps: fill 3378 (target 2205), varispeed 1.000400, dry 0x, over 0
[1205.502] other apps meter (10 s): loopback ch 3-4 peak silent, player out peak silent; other apps: fill 3335 (target 2205), varispeed 1.000385, dry 0x, over 0; plug-in: ProcessOutput calls 1997865, Music's 981150, other apps' frames 524323568, pid 48342; peak in 0.0000, read back 0.0000; time delta max 512 frames in 3 cycles
[1215.638] other apps meter (10 s): loopback ch 3-4 peak silent, player out peak silent; other apps: fill 3151 (target 2205), varispeed 1.000356, dry 0x, over 0; plug-in: ProcessOutput calls 1999611, Music's 982023, other apps' frames 524770544, pid 48342; peak in 0.0000, read back 0.0000; time delta max 512 frames in 3 cycles
[1225.778] other apps meter (10 s): loopback ch 3-4 peak silent, player out peak silent; other apps: fill 2974 (target 2205), varispeed 1.000403, dry 0x, over 0; plug-in: ProcessOutput calls 2001359, Music's 982897, other apps' frames 525218032, pid 48342; peak in 0.0000, read back 0.0000; time delta max 512 frames in 3 cycles
[1233.044] 44100 Hz fill 22050 scalar 0.999572924 under 0 over 0; clock locked, DAC scalar 0.999579; 2026-09-29 20:17:19.522 -05:00
[1233.046] music only: ProcessOutput calls 2002611, Music's 983523, other apps' frames 525538544, pid 48342; peak in 0.0000, read back 0.0000; time delta max 512 frames in 3 cycles; other apps: fill 2849 (target 2205), varispeed 1.000397, dry 0x, over 0
[1235.873] other apps meter (10 s): loopback ch 3-4 peak silent, player out peak silent; other apps: fill 3310 (target 2205), varispeed 1.000399, dry 0x, over 0; plug-in: ProcessOutput calls 2003099, Music's 983767, other apps' frames 525663472, pid 48342; peak in 0.0000, read back 0.0000; time delta max 512 frames in 3 cycles
[1246.009] other apps meter (10 s): loopback ch 3-4 peak silent, player out peak silent; other apps: fill 3138 (target 2205), varispeed 1.000389, dry 0x, over 0; plug-in: ProcessOutput calls 2004845, Music's 984640, other apps' frames 526110448, pid 48342; peak in 0.0000, read back 0.0000; time delta max 512 frames in 3 cycles
[1256.140] other apps meter (10 s): loopback ch 3-4 peak silent, player out peak silent; other apps: fill 2950 (target 2205), varispeed 1.000394, dry 0x, over 0; plug-in: ProcessOutput calls 2006591, Music's 985513, other apps' frames 526557424, pid 48342; peak in 0.0000, read back 0.0000; time delta max 512 frames in 3 cycles
[1263.049] 44100 Hz fill 21538 scalar 0.999565452 under 0 over 0; clock locked, DAC scalar 0.999568; 2026-09-29 20:17:49.527 -05:00
[1263.051] music only: ProcessOutput calls 2007782, Music's 986108, other apps' frames 526862576, pid 48342; peak in 0.0000, read back 0.0000; time delta max 512 frames in 3 cycles; other apps: fill 3345 (target 2205), varispeed 1.000448, dry 0x, over 0
[1266.267] other apps meter (10 s): loopback ch 3-4 peak silent, player out peak silent; other apps: fill 2769 (target 2205), varispeed 1.000412, dry 0x, over 0; plug-in: ProcessOutput calls 2008337, Music's 986386, other apps' frames 527004400, pid 48342; peak in 0.0000, read back 0.0000; time delta max 512 frames in 3 cycles
[1276.387] other apps meter (10 s): loopback ch 3-4 peak silent, player out peak silent; other apps: fill 3096 (target 2205), varispeed 1.000425, dry 0x, over 0; plug-in: ProcessOutput calls 2010081, Music's 987258, other apps' frames 527450864, pid 48342; peak in 0.0000, read back 0.0000; time delta max 512 frames in 3 cycles
[1286.515] other apps meter (10 s): loopback ch 3-4 peak silent, player out peak silent; other apps: fill 2923 (target 2205), varispeed 1.000371, dry 0x, over 0; plug-in: ProcessOutput calls 2011825, Music's 988130, other apps' frames 527897328, pid 48342; peak in 0.0000, read back 0.0000; time delta max 512 frames in 3 cycles
[1293.059] 44100 Hz fill 22050 scalar 0.999561249 under 0 over 0; clock locked, DAC scalar 0.999571; 2026-09-29 20:18:19.538 -05:00
[1293.063] music only: ProcessOutput calls 2012953, Music's 988694, other apps' frames 528186096, pid 48342; peak in 0.0000, read back 0.0000; time delta max 512 frames in 3 cycles; other apps: fill 3322 (target 2205), varispeed 1.000446, dry 0x, over 0
[1296.642] other apps meter (10 s): loopback ch 3-4 peak silent, player out peak silent; other apps: fill 3257 (target 2205), varispeed 1.000412, dry 0x, over 0; plug-in: ProcessOutput calls 2013571, Music's 989003, other apps' frames 528344304, pid 48342; peak in 0.0000, read back 0.0000; time delta max 512 frames in 3 cycles
[1306.770] other apps meter (10 s): loopback ch 3-4 peak silent, player out peak silent; other apps: fill 2565 (target 2205), varispeed 1.000437, dry 0x, over 0; plug-in: ProcessOutput calls 2015317, Music's 989876, other apps' frames 528791280, pid 48342; peak in 0.0000, read back 0.0000; time delta max 512 frames in 3 cycles
[1316.911] other apps meter (10 s): loopback ch 3-4 peak silent, player out peak silent; other apps: fill 2895 (target 2205), varispeed 1.000366, dry 0x, over 0; plug-in: ProcessOutput calls 2017063, Music's 990749, other apps' frames 529238256, pid 48342; peak in 0.0000, read back 0.0000; time delta max 512 frames in 3 cycles
[1323.064] 44100 Hz fill 22050 scalar 0.999554780 under 0 over 0; clock locked, DAC scalar 0.999568; 2026-09-29 20:18:49.542 -05:00
[1323.065] music only: ProcessOutput calls 2018125, Music's 991280, other apps' frames 529510128, pid 48342; peak in 0.0000, read back 0.0000; time delta max 512 frames in 3 cycles; other apps: fill 3309 (target 2205), varispeed 1.000365, dry 0x, over 0
[1327.027] other apps meter (10 s): loopback ch 3-4 peak silent, player out peak silent; other apps: fill 3238 (target 2205), varispeed 1.000450, dry 0x, over 0; plug-in: ProcessOutput calls 2018807, Music's 991621, other apps' frames 529684720, pid 48342; peak in 0.0000, read back 0.0000; time delta max 512 frames in 3 cycles
[1328.796] decoder: 44100.0 Hz (lossy)
[1329.072] playerInfo: Playing Today
[1329.221] new track Today (Music's rate for the track): decoder 44100.0 Hz lossy (seen 0.280 s before Playing), DAC 44100 Hz
[1331.593] source depth from the samples: neither 16 nor 24 bit (on neither the 16- nor the 24-bit grid (87998 of 89088 samples): lossy)
[1337.177] other apps meter (10 s): loopback ch 3-4 peak silent, player out peak silent; other apps: fill 3062 (target 2205), varispeed 1.000403, dry 0x, over 0; plug-in: ProcessOutput calls 2020557, Music's 992496, other apps' frames 530132720, pid 48342; peak in 0.0000, read back 0.0000; time delta max 512 frames in 3 cycles
[1347.275] other apps meter (10 s): loopback ch 3-4 peak silent, player out peak silent; other apps: fill 3398 (target 2205), varispeed 1.000361, dry 0x, over 0; plug-in: ProcessOutput calls 2022297, Music's 993366, other apps' frames 530578160, pid 48342; peak in 0.0000, read back 0.0000; time delta max 512 frames in 3 cycles
[1353.067] 44100 Hz fill 22050 scalar 0.999544703 under 0 over 0; clock locked, DAC scalar 0.999592; 2026-09-29 20:19:19.545 -05:00
[1353.069] music only: ProcessOutput calls 2023295, Music's 993865, other apps' frames 530833648, pid 48342; peak in 0.0000, read back 0.0000; time delta max 512 frames in 3 cycles; other apps: fill 2791 (target 2205), varispeed 1.000384, dry 0x, over 0
[1357.395] other apps meter (10 s): loopback ch 3-4 peak silent, player out peak silent; other apps: fill 3231 (target 2205), varispeed 1.000381, dry 0x, over 0; plug-in: ProcessOutput calls 2024041, Music's 994238, other apps' frames 531024624, pid 48342; peak in 0.0000, read back 0.0000; time delta max 512 frames in 3 cycles
[1367.517] other apps meter (10 s): loopback ch 3-4 peak silent, player out peak silent; other apps: fill 3052 (target 2205), varispeed 1.000398, dry 0x, over 0; plug-in: ProcessOutput calls 2025785, Music's 995110, other apps' frames 531471088, pid 48342; peak in 0.0000, read back 0.0000; time delta max 512 frames in 3 cycles
[1377.628] other apps meter (10 s): loopback ch 3-4 peak silent, player out peak silent; other apps: fill 2873 (target 2205), varispeed 1.000420, dry 0x, over 0; plug-in: ProcessOutput calls 2027527, Music's 995981, other apps' frames 531917040, pid 48342; peak in 0.0000, read back 0.0000; time delta max 512 frames in 3 cycles
[1383.079] 44100 Hz fill 22050 scalar 0.999576927 under 0 over 0; clock locked, DAC scalar 0.999601; 2026-09-29 20:19:49.558 -05:00
[1383.082] music only: ProcessOutput calls 2028467, Music's 996451, other apps' frames 532157680, pid 48342; peak in 0.0000, read back 0.0000; time delta max 512 frames in 3 cycles; other apps: fill 2784 (target 2205), varispeed 1.000331, dry 0x, over 0
[1387.742] other apps meter (10 s): loopback ch 3-4 peak silent, player out peak silent; other apps: fill 2705 (target 2205), varispeed 1.000400, dry 0x, over 0; plug-in: ProcessOutput calls 2029271, Music's 996853, other apps' frames 532363504, pid 48342; peak in 0.0000, read back 0.0000; time delta max 512 frames in 3 cycles
[1397.846] other apps meter (10 s): loopback ch 3-4 peak silent, player out peak silent; other apps: fill 3035 (target 2205), varispeed 1.000418, dry 0x, over 0; plug-in: ProcessOutput calls 2031011, Music's 997723, other apps' frames 532808944, pid 48342; peak in 0.0000, read back 0.0000; time delta max 512 frames in 3 cycles
[1407.969] other apps meter (10 s): loopback ch 3-4 peak silent, player out peak silent; other apps: fill 3373 (target 2205), varispeed 1.000403, dry 0x, over 0; plug-in: ProcessOutput calls 2032757, Music's 998596, other apps' frames 533255920, pid 48342; peak in 0.0000, read back 0.0000; time delta max 512 frames in 3 cycles
[1413.079] 44100 Hz fill 22050 scalar 0.999637361 under 0 over 0; clock locked, DAC scalar 0.999620; 2026-09-29 20:20:19.558 -05:00
[1413.082] music only: ProcessOutput calls 2033637, Music's 999036, other apps' frames 533481200, pid 48342; peak in 0.0000, read back 0.0000; time delta max 512 frames in 3 cycles; other apps: fill 2762 (target 2205), varispeed 1.000425, dry 0x, over 0
[1418.076] other apps meter (10 s): loopback ch 3-4 peak silent, player out peak silent; other apps: fill 2676 (target 2205), varispeed 1.000383, dry 0x, over 0; plug-in: ProcessOutput calls 2034497, Music's 999466, other apps' frames 533701360, pid 48342; peak in 0.0000, read back 0.0000; time delta max 512 frames in 3 cycles
[1428.190] other apps meter (10 s): loopback ch 3-4 peak silent, player out peak silent; other apps: fill 3011 (target 2205), varispeed 1.000393, dry 0x, over 0; plug-in: ProcessOutput calls 2036241, Music's 1000338, other apps' frames 534147824, pid 48342; peak in 0.0000, read back 0.0000; time delta max 512 frames in 3 cycles
[1438.345] other apps meter (10 s): loopback ch 3-4 peak silent, player out peak silent; other apps: fill 2849 (target 2205), varispeed 1.000339, dry 0x, over 0; plug-in: ProcessOutput calls 2037991, Music's 1001213, other apps' frames 534595824, pid 48342; peak in 0.0000, read back 0.0000; time delta max 512 frames in 3 cycles
[1443.080] 44100 Hz fill 22050 scalar 0.999771422 under 0 over 0; clock locked, DAC scalar 0.999689; 2026-09-29 20:20:49.559 -05:00
[1443.082] music only: ProcessOutput calls 2038807, Music's 1001621, other apps' frames 534804720, pid 48342; peak in 0.0000, read back 0.0000; time delta max 512 frames in 3 cycles; other apps: fill 2770 (target 2205), varispeed 1.000405, dry 0x, over 0
[1448.447] other apps meter (10 s): loopback ch 3-4 peak silent, player out peak silent; other apps: fill 2676 (target 2205), varispeed 1.000391, dry 0x, over 0; plug-in: ProcessOutput calls 2039731, Music's 1002083, other apps' frames 535041264, pid 48342; peak in 0.0000, read back 0.0000; time delta max 512 frames in 3 cycles
[1458.575] other apps meter (10 s): loopback ch 3-4 peak silent, player out peak silent; other apps: fill 3027 (target 2205), varispeed 1.000400, dry 0x, over 0; plug-in: ProcessOutput calls 2041477, Music's 1002956, other apps' frames 535488240, pid 48342; peak in 0.0000, read back 0.0000; time delta max 512 frames in 3 cycles
[1468.687] other apps meter (10 s): loopback ch 3-4 peak silent, player out peak silent; other apps: fill 2865 (target 2205), varispeed 1.000388, dry 0x, over 0; plug-in: ProcessOutput calls 2043220, Music's 1003827, other apps' frames 535934704, pid 48342; peak in 0.0000, read back 0.0000; time delta max 512 frames in 3 cycles
[1473.083] 44100 Hz fill 22050 scalar 0.999569190 under 0 over 0; clock locked, DAC scalar 0.999604; 2026-09-29 20:21:19.562 -05:00
[1473.087] music only: ProcessOutput calls 2043979, Music's 1004207, other apps' frames 536128752, pid 48342; peak in 0.0000, read back 0.0000; time delta max 512 frames in 3 cycles; other apps: fill 3292 (target 2205), varispeed 1.000419, dry 0x, over 0
[1478.797] other apps meter (10 s): loopback ch 3-4 peak silent, player out peak silent; other apps: fill 2668 (target 2205), varispeed 1.000432, dry 0x, over 0; plug-in: ProcessOutput calls 2044962, Music's 1004698, other apps' frames 536380656, pid 48342; peak in 0.0000, read back 0.0000; time delta max 512 frames in 3 cycles
[1488.893] other apps meter (10 s): loopback ch 3-4 peak silent, player out peak silent; other apps: fill 3011 (target 2205), varispeed 1.000370, dry 0x, over 0; plug-in: ProcessOutput calls 2046701, Music's 1005568, other apps' frames 536825584, pid 48342; peak in 0.0000, read back 0.0000; time delta max 512 frames in 3 cycles
[1498.999] other apps meter (10 s): loopback ch 3-4 peak silent, player out peak silent; other apps: fill 2844 (target 2205), varispeed 1.000372, dry 0x, over 0; plug-in: ProcessOutput calls 2048443, Music's 1006439, other apps' frames 537271536, pid 48342; peak in 0.0000, read back 0.0000; time delta max 512 frames in 3 cycles
[1503.090] 44100 Hz fill 22050 scalar 0.999567147 under 0 over 0; clock locked, DAC scalar 0.999574; 2026-09-29 20:21:49.569 -05:00
[1503.092] music only: ProcessOutput calls 2049149, Music's 1006792, other apps' frames 537452272, pid 48342; peak in 0.0000, read back 0.0000; time delta max 512 frames in 3 cycles; other apps: fill 2775 (target 2205), varispeed 1.000387, dry 0x, over 0
[1509.095] other apps meter (10 s): loopback ch 3-4 peak silent, player out peak silent; other apps: fill 2668 (target 2205), varispeed 1.000435, dry 0x, over 0; plug-in: ProcessOutput calls 2050183, Music's 1007309, other apps' frames 537716976, pid 48342; peak in 0.0000, read back 0.0000; time delta max 512 frames in 3 cycles
[1519.231] other apps meter (10 s): loopback ch 3-4 peak silent, player out peak silent; other apps: fill 3021 (target 2205), varispeed 1.000389, dry 0x, over 0; plug-in: ProcessOutput calls 2051931, Music's 1008183, other apps' frames 538164464, pid 48342; peak in 0.0000, read back 0.0000; time delta max 512 frames in 3 cycles
[1529.341] other apps meter (10 s): loopback ch 3-4 peak silent, player out peak silent; other apps: fill 3349 (target 2205), varispeed 1.000414, dry 0x, over 0; plug-in: ProcessOutput calls 2053673, Music's 1009054, other apps' frames 538610416, pid 48342; peak in 0.0000, read back 0.0000; time delta max 512 frames in 3 cycles
[1531.088] playerInfo: Playing Moon Dreams
[1531.520] new track Moon Dreams (Music's rate for the track; no decoder line at it yet): decoder 44100.0 Hz lossless (seen 0.000 s before Playing), DAC 44100 Hz
[1533.096] 44100 Hz fill 22050 scalar 0.999571318 under 0 over 0; clock locked, DAC scalar 0.999582; 2026-09-29 20:22:19.574 -05:00
[1533.100] music only: ProcessOutput calls 2054321, Music's 1009378, other apps' frames 538776304, pid 48342; peak in 0.0000, read back 0.0000; time delta max 512 frames in 3 cycles; other apps: fill 3287 (target 2205), varispeed 1.000336, dry 0x, over 0
[1533.549] source depth from the samples: neither 16 nor 24 bit (on neither the 16- nor the 24-bit grid (84165 of 89088 samples): Music changes them (volume, Sound Check, EQ) or the source is float)
[1539.637] other apps meter (10 s): loopback ch 3-4 peak silent, player out peak silent; other apps: fill 3171 (target 2205), varispeed 1.000468, dry 0x, over 0; plug-in: ProcessOutput calls 2055447, Music's 1009941, other apps' frames 539064560, pid 48342; peak in 0.0000, read back 0.0000; time delta max 512 frames in 3 cycles
[1549.743] other apps meter (10 s): loopback ch 3-4 peak silent, player out peak silent; other apps: fill 2977 (target 2205), varispeed 1.000408, dry 0x, over 0; plug-in: ProcessOutput calls 2057189, Music's 1010812, other apps' frames 539510512, pid 48342; peak in 0.0000, read back 0.0000; time delta max 512 frames in 3 cycles
[1559.875] other apps meter (10 s): loopback ch 3-4 peak silent, player out peak silent; other apps: fill 3322 (target 2205), varispeed 1.000333, dry 0x, over 0; plug-in: ProcessOutput calls 2058935, Music's 1011685, other apps' frames 539957488, pid 48342; peak in 0.0000, read back 0.0000; time delta max 512 frames in 3 cycles
[1563.106] 44100 Hz fill 22050 scalar 0.999564626 under 0 over 0; clock locked, DAC scalar 0.999568; 2026-09-29 20:22:49.584 -05:00
[1563.108] music only: ProcessOutput calls 2059491, Music's 1011963, other apps' frames 540099824, pid 48342; peak in 0.0000, read back 0.0000; time delta max 512 frames in 3 cycles; other apps: fill 2761 (target 2205), varispeed 1.000365, dry 0x, over 0
[1570.007] other apps meter (10 s): loopback ch 3-4 peak silent, player out peak silent; other apps: fill 3152 (target 2205), varispeed 1.000457, dry 0x, over 0; plug-in: ProcessOutput calls 2060681, Music's 1012558, other apps' frames 540404464, pid 48342; peak in 0.0000, read back 0.0000; time delta max 512 frames in 3 cycles
[1580.155] other apps meter (10 s): loopback ch 3-4 peak silent, player out peak silent; other apps: fill 2961 (target 2205), varispeed 1.000400, dry 0x, over 0; plug-in: ProcessOutput calls 2062429, Music's 1013432, other apps' frames 540851952, pid 48342; peak in 0.0000, read back 0.0000; time delta max 512 frames in 3 cycles
[1590.252] other apps meter (10 s): loopback ch 3-4 peak silent, player out peak silent; other apps: fill 2800 (target 2205), varispeed 1.000343, dry 0x, over 0; plug-in: ProcessOutput calls 2064169, Music's 1014302, other apps' frames 541297392, pid 48342; peak in 0.0000, read back 0.0000; time delta max 512 frames in 3 cycles
[1593.115] 44100 Hz fill 22050 scalar 0.999549177 under 0 over 0; clock locked, DAC scalar 0.999593; 2026-09-29 20:23:19.592 -05:00
[1593.117] music only: ProcessOutput calls 2064663, Music's 1014549, other apps' frames 541423856, pid 48342; peak in 0.0000, read back 0.0000; time delta max 512 frames in 3 cycles; other apps: fill 2753 (target 2205), varispeed 1.000347, dry 0x, over 0
[1600.354] other apps meter (10 s): loopback ch 3-4 peak silent, player out peak silent; other apps: fill 3151 (target 2205), varispeed 1.000411, dry 0x, over 0; plug-in: ProcessOutput calls 2065911, Music's 1015173, other apps' frames 541743344, pid 48342; peak in 0.0000, read back 0.0000; time delta max 512 frames in 3 cycles
[1610.464] other apps meter (10 s): loopback ch 3-4 peak silent, player out peak silent; other apps: fill 2965 (target 2205), varispeed 1.000399, dry 0x, over 0; plug-in: ProcessOutput calls 2067653, Music's 1016044, other apps' frames 542189296, pid 48342; peak in 0.0000, read back 0.0000; time delta max 512 frames in 3 cycles
[1620.574] other apps meter (10 s): loopback ch 3-4 peak silent, player out peak silent; other apps: fill 3300 (target 2205), varispeed 1.000432, dry 0x, over 0; plug-in: ProcessOutput calls 2069395, Music's 1016915, other apps' frames 542635248, pid 48342; peak in 0.0000, read back 0.0000; time delta max 512 frames in 3 cycles
[1623.119] 44100 Hz fill 21538 scalar 0.999559573 under 0 over 0; clock locked, DAC scalar 0.999586; 2026-09-29 20:23:49.598 -05:00
[1623.120] music only: ProcessOutput calls 2069833, Music's 1017134, other apps' frames 542747376, pid 48342; peak in 0.0000, read back 0.0000; time delta max 512 frames in 3 cycles; other apps: fill 2741 (target 2205), varispeed 1.000365, dry 0x, over 0
[1630.696] other apps meter (10 s): loopback ch 3-4 peak silent, player out peak silent; other apps: fill 3122 (target 2205), varispeed 1.000454, dry 0x, over 0; plug-in: ProcessOutput calls 2071139, Music's 1017787, other apps' frames 543081712, pid 48342; peak in 0.0000, read back 0.0000; time delta max 512 frames in 3 cycles
[1635.483] volume 0.6250: DAC [0] -> -24.0 dB
[1636.461] volume 0.6875: DAC [0] -> -20.0 dB
[1640.823] other apps meter (10 s): loopback ch 3-4 peak silent, player out peak silent; other apps: fill 2947 (target 2205), varispeed 1.000389, dry 0x, over 0; plug-in: ProcessOutput calls 2072885, Music's 1018660, other apps' frames 543528688, pid 48342; peak in 0.0000, read back 0.0000; time delta max 512 frames in 3 cycles
[1650.959] other apps meter (10 s): loopback ch 3-4 peak silent, player out peak silent; other apps: fill 2775 (target 2205), varispeed 1.000439, dry 0x, over 0; plug-in: ProcessOutput calls 2074631, Music's 1019533, other apps' frames 543975664, pid 48342; peak in 0.0000, read back 0.0000; time delta max 512 frames in 3 cycles
[1653.127] 44100 Hz fill 22050 scalar 0.999626243 under 0 over 0; clock locked, DAC scalar 0.999615; 2026-09-29 20:24:19.605 -05:00
[1653.129] music only: ProcessOutput calls 2075005, Music's 1019720, other apps' frames 544071408, pid 48342; peak in 0.0000, read back 0.0000; time delta max 512 frames in 3 cycles; other apps: fill 2736 (target 2205), varispeed 1.000405, dry 0x, over 0
[1661.054] other apps meter (10 s): loopback ch 3-4 peak silent, player out peak silent; other apps: fill 3111 (target 2205), varispeed 1.000381, dry 0x, over 0; plug-in: ProcessOutput calls 2076371, Music's 1020403, other apps' frames 544421104, pid 48342; peak in 0.0000, read back 0.0000; time delta max 512 frames in 3 cycles
[1671.180] other apps meter (10 s): loopback ch 3-4 peak silent, player out peak silent; other apps: fill 2933 (target 2205), varispeed 1.000381, dry 0x, over 0; plug-in: ProcessOutput calls 2078116, Music's 1021275, other apps' frames 544868080, pid 48342; peak in 0.0000, read back 0.0000; time delta max 512 frames in 3 cycles
[1681.328] other apps meter (10 s): loopback ch 3-4 peak silent, player out peak silent; other apps: fill 3281 (target 2205), varispeed 1.000424, dry 0x, over 0; plug-in: ProcessOutput calls 2079865, Music's 1022150, other apps' frames 545315568, pid 48342; peak in 0.0000, read back 0.0000; time delta max 512 frames in 3 cycles
[1683.132] 44100 Hz fill 22050 scalar 0.999796616 under 0 over 0; clock locked, DAC scalar 0.999696; 2026-09-29 20:24:49.611 -05:00
[1683.133] music only: ProcessOutput calls 2080177, Music's 1022306, other apps' frames 545395440, pid 48342; peak in 0.0000, read back 0.0000; time delta max 512 frames in 3 cycles; other apps: fill 3249 (target 2205), varispeed 1.000428, dry 0x, over 0
[1691.422] other apps meter (10 s): loopback ch 3-4 peak silent, player out peak silent; other apps: fill 3105 (target 2205), varispeed 1.000419, dry 0x, over 0; plug-in: ProcessOutput calls 2081605, Music's 1023020, other apps' frames 545761008, pid 48342; peak in 0.0000, read back 0.0000; time delta max 512 frames in 3 cycles
[1701.550] other apps meter (10 s): loopback ch 3-4 peak silent, player out peak silent; other apps: fill 2926 (target 2205), varispeed 1.000380, dry 0x, over 0; plug-in: ProcessOutput calls 2083350, Music's 1023892, other apps' frames 546207472, pid 48342; peak in 0.0000, read back 0.0000; time delta max 512 frames in 3 cycles
[1711.674] other apps meter (10 s): loopback ch 3-4 peak silent, player out peak silent; other apps: fill 3269 (target 2205), varispeed 1.000409, dry 0x, over 0; plug-in: ProcessOutput calls 2085095, Music's 1024765, other apps' frames 546654448, pid 48342; peak in 0.0000, read back 0.0000; time delta max 512 frames in 3 cycles
[1713.149] 44100 Hz fill 22050 scalar 0.999573564 under 0 over 0; clock locked, DAC scalar 0.999575; 2026-09-29 20:25:19.621 -05:00
[1713.151] music only: ProcessOutput calls 2085349, Music's 1024892, other apps' frames 546719472, pid 48342; peak in 0.0000, read back 0.0000; time delta max 512 frames in 3 cycles; other apps: fill 2727 (target 2205), varispeed 1.000466, dry 0x, over 0
[1721.804] other apps meter (10 s): loopback ch 3-4 peak silent, player out peak silent; other apps: fill 2560 (target 2205), varispeed 1.000438, dry 0x, over 0; plug-in: ProcessOutput calls 2086841, Music's 1025638, other apps' frames 547101424, pid 48342; peak in 0.0000, read back 0.0000; time delta max 512 frames in 3 cycles
[1731.922] other apps meter (10 s): loopback ch 3-4 peak silent, player out peak silent; other apps: fill 2889 (target 2205), varispeed 1.000397, dry 0x, over 0; plug-in: ProcessOutput calls 2088583, Music's 1026509, other apps' frames 547547376, pid 48342; peak in 0.0000, read back 0.0000; time delta max 512 frames in 3 cycles
[1732.128] playerInfo: Playing Hand Covers Bruise, Reprise
[1732.155] new track Hand Covers Bruise, Reprise (Music's rate for the track; no decoder line at it yet): decoder 44100.0 Hz lossless (seen 0.000 s before Playing), DAC 44100 Hz
[1734.446] source depth from the samples: neither 16 nor 24 bit (on neither the 16- nor the 24-bit grid (87878 of 89088 samples): Music changes them (volume, Sound Check, EQ) or the source is float)
[1742.038] other apps meter (10 s): loopback ch 3-4 peak silent, player out peak silent; other apps: fill 2720 (target 2205), varispeed 1.000396, dry 0x, over 0; plug-in: ProcessOutput calls 2090327, Music's 1027381, other apps' frames 547993840, pid 48342; peak in 0.0000, read back 0.0000; time delta max 512 frames in 3 cycles
[1743.151] 44100 Hz fill 22050 scalar 0.999564122 under 0 over 0; clock locked, DAC scalar 0.999568; 2026-09-29 20:25:49.630 -05:00
[1743.154] music only: ProcessOutput calls 2090519, Music's 1027477, other apps' frames 548042992, pid 48342; peak in 0.0000, read back 0.0000; time delta max 512 frames in 3 cycles; other apps: fill 2703 (target 2205), varispeed 1.000378, dry 0x, over 0
[1752.165] other apps meter (10 s): loopback ch 3-4 peak silent, player out peak silent; other apps: fill 3060 (target 2205), varispeed 1.000378, dry 0x, over 0; plug-in: ProcessOutput calls 2092073, Music's 1028254, other apps' frames 548440816, pid 48342; peak in 0.0000, read back 0.0000; time delta max 512 frames in 3 cycles
[1762.296] other apps meter (10 s): loopback ch 3-4 peak silent, player out peak silent; other apps: fill 2886 (target 2205), varispeed 1.000361, dry 0x, over 0; plug-in: ProcessOutput calls 2093819, Music's 1029127, other apps' frames 548887792, pid 48342; peak in 0.0000, read back 0.0000; time delta max 512 frames in 3 cycles
[1772.426] other apps meter (10 s): loopback ch 3-4 peak silent, player out peak silent; other apps: fill 2715 (target 2205), varispeed 1.000396, dry 0x, over 0; plug-in: ProcessOutput calls 2095565, Music's 1030000, other apps' frames 549334768, pid 48342; peak in 0.0000, read back 0.0000; time delta max 512 frames in 3 cycles
[1773.152] 44100 Hz fill 22050 scalar 0.999552285 under 0 over 0; clock locked, DAC scalar 0.999581; 2026-09-29 20:26:19.630 -05:00
[1773.153] music only: ProcessOutput calls 2095689, Music's 1030062, other apps' frames 549366512, pid 48342; peak in 0.0000, read back 0.0000; time delta max 512 frames in 3 cycles; other apps: fill 2702 (target 2205), varispeed 1.000386, dry 0x, over 0
[1782.533] other apps meter (10 s): loopback ch 3-4 peak silent, player out peak silent; other apps: fill 3058 (target 2205), varispeed 1.000394, dry 0x, over 0; plug-in: ProcessOutput calls 2097305, Music's 1030870, other apps' frames 549780208, pid 48342; peak in 0.0000, read back 0.0000; time delta max 512 frames in 3 cycles
[1792.661] other apps meter (10 s): loopback ch 3-4 peak silent, player out peak silent; other apps: fill 2893 (target 2205), varispeed 1.000360, dry 0x, over 0; plug-in: ProcessOutput calls 2099051, Music's 1031743, other apps' frames 550227184, pid 48342; peak in 0.0000, read back 0.0000; time delta max 512 frames in 3 cycles
[1802.812] other apps meter (10 s): loopback ch 3-4 peak silent, player out peak silent; other apps: fill 3239 (target 2205), varispeed 1.000417, dry 0x, over 0; plug-in: ProcessOutput calls 2100801, Music's 1032618, other apps' frames 550675184, pid 48342; peak in 0.0000, read back 0.0000; time delta max 512 frames in 3 cycles
[1803.164] 44100 Hz fill 22050 scalar 0.999539854 under 0 over 0; clock locked, DAC scalar 0.999585; 2026-09-29 20:26:49.642 -05:00
[1803.166] music only: ProcessOutput calls 2100861, Music's 1032648, other apps' frames 550690544, pid 48342; peak in 0.0000, read back 0.0000; time delta max 512 frames in 3 cycles; other apps: fill 2720 (target 2205), varispeed 1.000437, dry 0x, over 0
[1812.952] other apps meter (10 s): loopback ch 3-4 peak silent, player out peak silent; other apps: fill 3056 (target 2205), varispeed 1.000419, dry 0x, over 0; plug-in: ProcessOutput calls 2102549, Music's 1033492, other apps' frames 551122672, pid 48342; peak in 0.0000, read back 0.0000; time delta max 512 frames in 3 cycles
[1823.088] other apps meter (10 s): loopback ch 3-4 peak silent, player out peak silent; other apps: fill 2878 (target 2205), varispeed 1.000409, dry 0x, over 0; plug-in: ProcessOutput calls 2104295, Music's 1034365, other apps' frames 551569648, pid 48342; peak in 0.0000, read back 0.0000; time delta max 512 frames in 3 cycles
[1833.168] 44100 Hz fill 22050 scalar 0.999553966 under 0 over 0; clock locked, DAC scalar 0.999580; 2026-09-29 20:27:19.647 -05:00
[1833.171] music only: ProcessOutput calls 2106033, Music's 1035234, other apps' frames 552014576, pid 48342; peak in 0.0000, read back 0.0000; time delta max 512 frames in 3 cycles; other apps: fill 3220 (target 2205), varispeed 1.000366, dry 0x, over 0
[1833.199] other apps meter (10 s): loopback ch 3-4 peak silent, player out peak silent; other apps: fill 3220 (target 2205), varispeed 1.000366, dry 0x, over 0; plug-in: ProcessOutput calls 2106037, Music's 1035236, other apps' frames 552015600, pid 48342; peak in 0.0000, read back 0.0000; time delta max 512 frames in 3 cycles
[1843.338] other apps meter (10 s): loopback ch 3-4 peak silent, player out peak silent; other apps: fill 3059 (target 2205), varispeed 1.000412, dry 0x, over 0; plug-in: ProcessOutput calls 2107785, Music's 1036110, other apps' frames 552463088, pid 48342; peak in 0.0000, read back 0.0000; time delta max 512 frames in 3 cycles
[1844.527] playerInfo: Playing 07 March of the Rotten Vegetables
[1844.604] new track 07 March of the Rotten Vegetables (Music's rate for the track; no decoder line at it yet): decoder 44100.0 Hz lossless (seen 0.000 s before Playing), DAC 44100 Hz
[1846.879] source depth from the samples: neither 16 nor 24 bit (on neither the 16- nor the 24-bit grid (89423 of 90112 samples): Music changes them (volume, Sound Check, EQ) or the source is float)
[1853.446] other apps meter (10 s): loopback ch 3-4 peak silent, player out peak silent; other apps: fill 3395 (target 2205), varispeed 1.000359, dry 0x, over 0; plug-in: ProcessOutput calls 2109527, Music's 1036981, other apps' frames 552909040, pid 48342; peak in 0.0000, read back 0.0000; time delta max 512 frames in 3 cycles
[1863.169] 44100 Hz fill 22050 scalar 0.999571394 under 0 over 0; clock locked, DAC scalar 0.999600; 2026-09-29 20:27:49.647 -05:00
[1863.170] music only: ProcessOutput calls 2111203, Music's 1037819, other apps' frames 553338096, pid 48342; peak in 0.0000, read back 0.0000; time delta max 512 frames in 3 cycles; other apps: fill 3248 (target 2205), varispeed 1.000345, dry 0x, over 0
[1863.558] other apps meter (10 s): loopback ch 3-4 peak silent, player out peak silent; other apps: fill 3242 (target 2205), varispeed 1.000345, dry 0x, over 0; plug-in: ProcessOutput calls 2111269, Music's 1037852, other apps' frames 553354992, pid 48342; peak in 0.0000, read back 0.0000; time delta max 512 frames in 3 cycles
[1873.699] other apps meter (10 s): loopback ch 3-4 peak silent, player out peak silent; other apps: fill 3059 (target 2205), varispeed 1.000420, dry 0x, over 0; plug-in: ProcessOutput calls 2113017, Music's 1038726, other apps' frames 553802480, pid 48342; peak in 0.0000, read back 0.0000; time delta max 512 frames in 3 cycles
[1883.808] other apps meter (10 s): loopback ch 3-4 peak silent, player out peak silent; other apps: fill 2875 (target 2205), varispeed 1.000401, dry 0x, over 0; plug-in: ProcessOutput calls 2114759, Music's 1039597, other apps' frames 554248432, pid 48342; peak in 0.0000, read back 0.0000; time delta max 512 frames in 3 cycles
[1893.179] 44100 Hz fill 21538 scalar 0.999634743 under 0 over 0; clock locked, DAC scalar 0.999607; 2026-09-29 20:28:19.658 -05:00
[1893.182] music only: ProcessOutput calls 2116375, Music's 1040405, other apps' frames 554662128, pid 48342; peak in 0.0000, read back 0.0000; time delta max 512 frames in 3 cycles; other apps: fill 3209 (target 2205), varispeed 1.000440, dry 0x, over 0
[1893.955] other apps meter (10 s): loopback ch 3-4 peak silent, player out peak silent; other apps: fill 2682 (target 2205), varispeed 1.000401, dry 0x, over 0; plug-in: ProcessOutput calls 2116507, Music's 1040471, other apps' frames 554695920, pid 48342; peak in 0.0000, read back 0.0000; time delta max 512 frames in 3 cycles
[1904.107] other apps meter (10 s): loopback ch 3-4 peak silent, player out peak silent; other apps: fill 3016 (target 2205), varispeed 1.000420, dry 0x, over 0; plug-in: ProcessOutput calls 2118257, Music's 1041346, other apps' frames 555143920, pid 48342; peak in 0.0000, read back 0.0000; time delta max 512 frames in 3 cycles
[1914.258] other apps meter (10 s): loopback ch 3-4 peak silent, player out peak silent; other apps: fill 3350 (target 2205), varispeed 1.000436, dry 0x, over 0; plug-in: ProcessOutput calls 2120007, Music's 1042221, other apps' frames 555591920, pid 48342; peak in 0.0000, read back 0.0000; time delta max 512 frames in 3 cycles
[1923.185] 44100 Hz fill 22050 scalar 0.999739464 under 0 over 0; clock locked, DAC scalar 0.999661; 2026-09-29 20:28:49.663 -05:00
[1923.187] music only: ProcessOutput calls 2121545, Music's 1042990, other apps' frames 555985648, pid 48342; peak in 0.0000, read back 0.0000; time delta max 512 frames in 3 cycles; other apps: fill 2668 (target 2205), varispeed 1.000444, dry 0x, over 0
[1924.364] other apps meter (10 s): loopback ch 3-4 peak silent, player out peak silent; other apps: fill 2644 (target 2205), varispeed 1.000458, dry 0x, over 0; plug-in: ProcessOutput calls 2121749, Music's 1043092, other apps' frames 556037872, pid 48342; peak in 0.0000, read back 0.0000; time delta max 512 frames in 3 cycles
[1934.507] other apps meter (10 s): loopback ch 3-4 peak silent, player out peak silent; other apps: fill 2979 (target 2205), varispeed 1.000377, dry 0x, over 0; plug-in: ProcessOutput calls 2123496, Music's 1043965, other apps' frames 556485360, pid 48342; peak in 0.0000, read back 0.0000; time delta max 512 frames in 3 cycles
[1944.609] other apps meter (10 s): loopback ch 3-4 peak silent, player out peak silent; other apps: fill 3322 (target 2205), varispeed 1.000412, dry 0x, over 0; plug-in: ProcessOutput calls 2125237, Music's 1044836, other apps' frames 556930800, pid 48342; peak in 0.0000, read back 0.0000; time delta max 512 frames in 3 cycles
[1953.193] 44100 Hz fill 22050 scalar 0.999653350 under 0 over 0; clock locked, DAC scalar 0.999672; 2026-09-29 20:29:19.671 -05:00
[1953.196] music only: ProcessOutput calls 2126717, Music's 1045576, other apps' frames 557309680, pid 48342; peak in 0.0000, read back 0.0000; time delta max 512 frames in 3 cycles; other apps: fill 3162 (target 2205), varispeed 1.000448, dry 0x, over 0
[1954.762] other apps meter (10 s): loopback ch 3-4 peak silent, player out peak silent; other apps: fill 3136 (target 2205), varispeed 1.000386, dry 0x, over 0; plug-in: ProcessOutput calls 2126987, Music's 1045711, other apps' frames 557378800, pid 48342; peak in 0.0000, read back 0.0000; time delta max 512 frames in 3 cycles
[1964.914] other apps meter (10 s): loopback ch 3-4 peak silent, player out peak silent; other apps: fill 2990 (target 2205), varispeed 1.000337, dry 0x, over 0; plug-in: ProcessOutput calls 2128737, Music's 1046586, other apps' frames 557826800, pid 48342; peak in 0.0000, read back 0.0000; time delta max 512 frames in 3 cycles
[1975.028] other apps meter (10 s): loopback ch 3-4 peak silent, player out peak silent; other apps: fill 2827 (target 2205), varispeed 1.000341, dry 0x, over 0; plug-in: ProcessOutput calls 2130479, Music's 1047457, other apps' frames 558272752, pid 48342; peak in 0.0000, read back 0.0000; time delta max 512 frames in 3 cycles
[1983.205] 44100 Hz fill 22050 scalar 0.999561753 under 0 over 0; clock locked, DAC scalar 0.999568; 2026-09-29 20:29:49.683 -05:00
[1983.206] music only: ProcessOutput calls 2131889, Music's 1048162, other apps' frames 558633712, pid 48342; peak in 0.0000, read back 0.0000; time delta max 512 frames in 3 cycles; other apps: fill 3211 (target 2205), varispeed 1.000346, dry 0x, over 0
[1985.147] other apps meter (10 s): loopback ch 3-4 peak silent, player out peak silent; other apps: fill 3183 (target 2205), varispeed 1.000345, dry 0x, over 0; plug-in: ProcessOutput calls 2132223, Music's 1048329, other apps' frames 558719216, pid 48342; peak in 0.0000, read back 0.0000; time delta max 512 frames in 3 cycles
[1995.272] other apps meter (10 s): loopback ch 3-4 peak silent, player out peak silent; other apps: fill 3001 (target 2205), varispeed 1.000417, dry 0x, over 0; plug-in: ProcessOutput calls 2133967, Music's 1049201, other apps' frames 559165680, pid 48342; peak in 0.0000, read back 0.0000; time delta max 512 frames in 3 cycles
[2005.388] other apps meter (10 s): loopback ch 3-4 peak silent, player out peak silent; other apps: fill 2817 (target 2205), varispeed 1.000456, dry 0x, over 0; plug-in: ProcessOutput calls 2135711, Music's 1050073, other apps' frames 559612144, pid 48342; peak in 0.0000, read back 0.0000; time delta max 512 frames in 3 cycles
[2013.218] 44100 Hz fill 22050 scalar 0.999564794 under 0 over 0; clock locked, DAC scalar 0.999571; 2026-09-29 20:30:19.696 -05:00
[2013.220] music only: ProcessOutput calls 2137061, Music's 1050748, other apps' frames 559957744, pid 48342; peak in 0.0000, read back 0.0000; time delta max 512 frames in 3 cycles; other apps: fill 3171 (target 2205), varispeed 1.000407, dry 0x, over 0
[2015.492] other apps meter (10 s): loopback ch 3-4 peak silent, player out peak silent; other apps: fill 2618 (target 2205), varispeed 1.000404, dry 0x, over 0; plug-in: ProcessOutput calls 2137453, Music's 1050944, other apps' frames 560058096, pid 48342; peak in 0.0000, read back 0.0000; time delta max 512 frames in 3 cycles
[2025.609] other apps meter (10 s): loopback ch 3-4 peak silent, player out peak silent; other apps: fill 2947 (target 2205), varispeed 1.000387, dry 0x, over 0; plug-in: ProcessOutput calls 2139196, Music's 1051815, other apps' frames 560504560, pid 48342; peak in 0.0000, read back 0.0000; time delta max 512 frames in 3 cycles
[2035.719] other apps meter (10 s): loopback ch 3-4 peak silent, player out peak silent; other apps: fill 2791 (target 2205), varispeed 1.000363, dry 0x, over 0; plug-in: ProcessOutput calls 2140939, Music's 1052687, other apps' frames 560950512, pid 48342; peak in 0.0000, read back 0.0000; time delta max 512 frames in 3 cycles
[2043.228] 44100 Hz fill 22050 scalar 0.999563017 under 0 over 0; clock locked, DAC scalar 0.999577; 2026-09-29 20:30:49.699 -05:00
[2043.229] music only: ProcessOutput calls 2142233, Music's 1053334, other apps' frames 561281776, pid 48342; peak in 0.0000, read back 0.0000; time delta max 512 frames in 3 cycles; other apps: fill 3179 (target 2205), varispeed 1.000333, dry 0x, over 0
[2045.863] other apps meter (10 s): loopback ch 3-4 peak silent, player out peak silent; other apps: fill 3140 (target 2205), varispeed 1.000376, dry 0x, over 0; plug-in: ProcessOutput calls 2142687, Music's 1053561, other apps' frames 561398000, pid 48342; peak in 0.0000, read back 0.0000; time delta max 512 frames in 3 cycles
[2048.476] playerInfo: Playing ...In That Quiet Earth
[2048.588] new track ...In That Quiet Earth (Music's rate for the track; no decoder line at it yet): decoder 44100.0 Hz lossless (seen 0.000 s before Playing), DAC 44100 Hz
[2048.676] decoder: 44100.0 Hz (lossless)
[2050.935] source depth from the samples: 16 bit (all 89079 on the 16-bit grid)
[2051.753] decoder: 44100.0 Hz (lossy)
[2051.893] playerInfo: Playing As Long As I Live
[2051.984] new track As Long As I Live (Music's rate for the track): decoder 44100.0 Hz lossy (seen 0.144 s before Playing), DAC 44100 Hz
[2053.775] decoder: 44100.0 Hz (lossy)
[2054.006] playerInfo: Playing They Bent Me
[2054.052] new track They Bent Me (Music's rate for the track): decoder 44100.0 Hz lossy (seen 0.223 s before Playing), DAC 44100 Hz
[2056.087] other apps meter (10 s): loopback ch 3-4 peak silent, player out peak silent; other apps: fill 2956 (target 2205), varispeed 1.000388, dry 0x, over 0; plug-in: ProcessOutput calls 2144449, Music's 1054442, other apps' frames 561849072, pid 48342; peak in 0.0000, read back 0.0000; time delta max 512 frames in 3 cycles
[2056.087] source depth from the samples: neither 16 nor 24 bit (on neither the 16- nor the 24-bit grid (72829 of 88064 samples): lossy)
[2066.219] other apps meter (10 s): loopback ch 3-4 peak silent, player out peak silent; other apps: fill 3302 (target 2205), varispeed 1.000406, dry 0x, over 0; plug-in: ProcessOutput calls 2146195, Music's 1055315, other apps' frames 562296048, pid 48342; peak in 0.0000, read back 0.0000; time delta max 512 frames in 3 cycles
[2073.234] 44100 Hz fill 22050 scalar 0.999562979 under 0 over 0; clock locked, DAC scalar 0.999580; 2026-09-29 20:31:19.711 -05:00
[2073.236] music only: ProcessOutput calls 2147403, Music's 1055919, other apps' frames 562605296, pid 48342; peak in 0.0000, read back 0.0000; time delta max 512 frames in 3 cycles; other apps: fill 2670 (target 2205), varispeed 1.000354, dry 0x, over 0
[2076.324] other apps meter (10 s): loopback ch 3-4 peak silent, player out peak silent; other apps: fill 3128 (target 2205), varispeed 1.000410, dry 0x, over 0; plug-in: ProcessOutput calls 2147935, Music's 1056185, other apps' frames 562741488, pid 48342; peak in 0.0000, read back 0.0000; time delta max 512 frames in 3 cycles
[2086.432] other apps meter (10 s): loopback ch 3-4 peak silent, player out peak silent; other apps: fill 2950 (target 2205), varispeed 1.000392, dry 0x, over 0; plug-in: ProcessOutput calls 2149677, Music's 1057056, other apps' frames 563187440, pid 48342; peak in 0.0000, read back 0.0000; time delta max 512 frames in 3 cycles
[2096.549] other apps meter (10 s): loopback ch 3-4 peak silent, player out peak silent; other apps: fill 3284 (target 2205), varispeed 1.000362, dry 0x, over 0; plug-in: ProcessOutput calls 2151421, Music's 1057928, other apps' frames 563633904, pid 48342; peak in 0.0000, read back 0.0000; time delta max 512 frames in 3 cycles
[2103.236] 44100 Hz fill 21538 scalar 0.999567689 under 0 over 0; clock locked, DAC scalar 0.999587; 2026-09-29 20:31:49.715 -05:00
[2103.238] music only: ProcessOutput calls 2152573, Music's 1058504, other apps' frames 563928816, pid 48342; peak in 0.0000, read back 0.0000; time delta max 512 frames in 3 cycles; other apps: fill 3178 (target 2205), varispeed 1.000381, dry 0x, over 0
[2106.687] other apps meter (10 s): loopback ch 3-4 peak silent, player out peak silent; other apps: fill 2602 (target 2205), varispeed 1.000446, dry 0x, over 0; plug-in: ProcessOutput calls 2153169, Music's 1058802, other apps' frames 564081392, pid 48342; peak in 0.0000, read back 0.0000; time delta max 512 frames in 3 cycles
[2116.796] other apps meter (10 s): loopback ch 3-4 peak silent, player out peak silent; other apps: fill 3448 (target 2205), varispeed 1.000384, dry 0x, over 0; plug-in: ProcessOutput calls 2154911, Music's 1059673, other apps' frames 564527344, pid 48342; peak in 0.0000, read back 0.0000; time delta max 512 frames in 3 cycles
[2126.922] other apps meter (10 s): loopback ch 3-4 peak silent, player out peak silent; other apps: fill 2742 (target 2205), varispeed 1.000460, dry 0x, over 0; plug-in: ProcessOutput calls 2156655, Music's 1060545, other apps' frames 564973808, pid 48342; peak in 0.0000, read back 0.0000; time delta max 512 frames in 3 cycles
[2133.238] 44100 Hz fill 22050 scalar 0.999593346 under 0 over 0; clock locked, DAC scalar 0.999612; 2026-09-29 20:32:19.717 -05:00
[2133.242] music only: ProcessOutput calls 2157745, Music's 1061090, other apps' frames 565252848, pid 48342; peak in 0.0000, read back 0.0000; time delta max 512 frames in 3 cycles; other apps: fill 3141 (target 2205), varispeed 1.000380, dry 0x, over 0
[2137.038] other apps meter (10 s): loopback ch 3-4 peak silent, player out peak silent; other apps: fill 3074 (target 2205), varispeed 1.000342, dry 0x, over 0; plug-in: ProcessOutput calls 2158399, Music's 1061417, other apps' frames 565420272, pid 48342; peak in 0.0000, read back 0.0000; time delta max 512 frames in 3 cycles
[2147.159] other apps meter (10 s): loopback ch 3-4 peak silent, player out peak silent; other apps: fill 2906 (target 2205), varispeed 1.000369, dry 0x, over 0; plug-in: ProcessOutput calls 2160143, Music's 1062289, other apps' frames 565866736, pid 48342; peak in 0.0000, read back 0.0000; time delta max 512 frames in 3 cycles
[2157.295] other apps meter (10 s): loopback ch 3-4 peak silent, player out peak silent; other apps: fill 2733 (target 2205), varispeed 1.000432, dry 0x, over 0; plug-in: ProcessOutput calls 2161890, Music's 1063162, other apps' frames 566314224, pid 48342; peak in 0.0000, read back 0.0000; time delta max 512 frames in 3 cycles
[2163.241] 44100 Hz fill 22050 scalar 0.999713624 under 0 over 0; clock locked, DAC scalar 0.999651; 2026-09-29 20:32:49.720 -05:00
[2163.243] music only: ProcessOutput calls 2162915, Music's 1063675, other apps' frames 566576368, pid 48342; peak in 0.0000, read back 0.0000; time delta max 512 frames in 3 cycles; other apps: fill 3142 (target 2205), varispeed 1.000356, dry 0x, over 0
[2167.419] other apps meter (10 s): loopback ch 3-4 peak silent, player out peak silent; other apps: fill 2557 (target 2205), varispeed 1.000399, dry 0x, over 0; plug-in: ProcessOutput calls 2163635, Music's 1064035, other apps' frames 566760688, pid 48342; peak in 0.0000, read back 0.0000; time delta max 512 frames in 3 cycles
[2177.541] other apps meter (10 s): loopback ch 3-4 peak silent, player out peak silent; other apps: fill 2897 (target 2205), varispeed 1.000363, dry 0x, over 0; plug-in: ProcessOutput calls 2165379, Music's 1064907, other apps' frames 567207152, pid 48342; peak in 0.0000, read back 0.0000; time delta max 512 frames in 3 cycles
[2187.681] other apps meter (10 s): loopback ch 3-4 peak silent, player out peak silent; other apps: fill 2736 (target 2205), varispeed 1.000346, dry 0x, over 0; plug-in: ProcessOutput calls 2167127, Music's 1065781, other apps' frames 567654640, pid 48342; peak in 0.0000, read back 0.0000; time delta max 512 frames in 3 cycles
[2193.243] 44100 Hz fill 22050 scalar 0.999702841 under 0 over 0; clock locked, DAC scalar 0.999701; 2026-09-29 20:33:19.722 -05:00
[2193.247] music only: ProcessOutput calls 2168085, Music's 1066260, other apps' frames 567899888, pid 48342; peak in 0.0000, read back 0.0000; time delta max 512 frames in 3 cycles; other apps: fill 2642 (target 2205), varispeed 1.000424, dry 0x, over 0
[2197.829] other apps meter (10 s): loopback ch 3-4 peak silent, player out peak silent; other apps: fill 3072 (target 2205), varispeed 1.000343, dry 0x, over 0; plug-in: ProcessOutput calls 2168875, Music's 1066655, other apps' frames 568102128, pid 48342; peak in 0.0000, read back 0.0000; time delta max 512 frames in 3 cycles
[2207.962] other apps meter (10 s): loopback ch 3-4 peak silent, player out peak silent; other apps: fill 2904 (target 2205), varispeed 1.000368, dry 0x, over 0; plug-in: ProcessOutput calls 2170621, Music's 1067528, other apps' frames 568549104, pid 48342; peak in 0.0000, read back 0.0000; time delta max 512 frames in 3 cycles
[2218.080] other apps meter (10 s): loopback ch 3-4 peak -9.0 dBFS, player out peak -9.0 dBFS; other apps: fill 3222 (target 2205), varispeed 1.000489, dry 0x, over 0; plug-in: ProcessOutput calls 2172716, Music's 1068400, other apps' frames 569354992, pid 48342; peak in 0.3558, read back 0.3558; time delta max 512 frames in 3 cycles
[2223.247] 44100 Hz fill 21538 scalar 0.999559744 under 0 over 0; clock locked, DAC scalar 0.999584; 2026-09-29 20:33:49.725 -05:00
[2223.249] music only: ProcessOutput calls 2173829, Music's 1068845, other apps' frames 569811184, pid 48342; peak in 0.2537, read back 0.2537; time delta max 512 frames in 3 cycles; other apps: fill 3120 (target 2205), varispeed 1.000459, dry 0x, over 0
[2228.220] other apps meter (10 s): loopback ch 3-4 peak -11.9 dBFS, player out peak -11.9 dBFS; other apps: fill 3028 (target 2205), varispeed 1.000370, dry 0x, over 0; plug-in: ProcessOutput calls 2174901, Music's 1069274, other apps' frames 570249968, pid 48342; peak in 0.2551, read back 0.2505; time delta max 512 frames in 3 cycles
[2238.339] other apps meter (10 s): loopback ch 3-4 peak -9.2 dBFS, player out peak -9.2 dBFS; other apps: fill 3373 (target 2205), varispeed 1.000347, dry 0x, over 0; plug-in: ProcessOutput calls 2177081, Music's 1070146, other apps' frames 571142896, pid 48342; peak in 0.3471, read back 0.3471; time delta max 512 frames in 3 cycles
[2248.445] other apps meter (10 s): loopback ch 3-4 peak -11.1 dBFS, player out peak -11.1 dBFS; other apps: fill 2699 (target 2205), varispeed 1.000437, dry 0x, over 0; plug-in: ProcessOutput calls 2179256, Music's 1071016, other apps' frames 572033776, pid 48342; peak in 0.2781, read back 0.2781; time delta max 512 frames in 3 cycles
[2253.247] 44100 Hz fill 21538 scalar 0.999555789 under 0 over 0; clock locked, DAC scalar 0.999578; 2026-09-29 20:34:19.726 -05:00
[2253.249] music only: ProcessOutput calls 2180292, Music's 1071430, other apps' frames 572458224, pid 48342; peak in 0.2605, read back 0.2510; time delta max 512 frames in 3 cycles; other apps: fill 3120 (target 2205), varispeed 1.000387, dry 0x, over 0
[2258.587] other apps meter (10 s): loopback ch 3-4 peak -11.7 dBFS, player out peak -11.7 dBFS; other apps: fill 3025 (target 2205), varispeed 1.000390, dry 0x, over 0; plug-in: ProcessOutput calls 2181441, Music's 1071890, other apps' frames 572928752, pid 48342; peak in 0.2467, read back 0.2467; time delta max 512 frames in 3 cycles
[2268.712] other apps meter (10 s): loopback ch 3-4 peak -9.3 dBFS, player out peak -9.3 dBFS; other apps: fill 3368 (target 2205), varispeed 1.000345, dry 0x, over 0; plug-in: ProcessOutput calls 2183623, Music's 1072763, other apps' frames 573822192, pid 48342; peak in 0.3430, read back 0.3430; time delta max 512 frames in 3 cycles
[2278.843] other apps meter (10 s): loopback ch 3-4 peak -11.1 dBFS, player out peak -11.1 dBFS; other apps: fill 3192 (target 2205), varispeed 1.000375, dry 0x, over 0; plug-in: ProcessOutput calls 2185806, Music's 1073636, other apps' frames 574716656, pid 48342; peak in 0.2802, read back 0.2718; time delta max 512 frames in 3 cycles
[2283.249] 44100 Hz fill 21538 scalar 0.999558943 under 0 over 0; clock locked, DAC scalar 0.999581; 2026-09-29 20:34:49.727 -05:00
[2283.251] music only: ProcessOutput calls 2186756, Music's 1074016, other apps' frames 575105776, pid 48342; peak in 0.1677, read back 0.1677; time delta max 512 frames in 3 cycles; other apps: fill 3115 (target 2205), varispeed 1.000420, dry 0x, over 0
[2288.953] other apps meter (10 s): loopback ch 3-4 peak -8.0 dBFS, player out peak -8.0 dBFS; other apps: fill 3007 (target 2205), varispeed 1.000420, dry 0x, over 0; plug-in: ProcessOutput calls 2187983, Music's 1074507, other apps' frames 575608048, pid 48342; peak in 0.4000, read back 0.4000; time delta max 512 frames in 3 cycles
[2299.086] other apps meter (10 s): loopback ch 3-4 peak -12.1 dBFS, player out peak -12.1 dBFS; other apps: fill 2839 (target 2205), varispeed 1.000336, dry 0x, over 0; plug-in: ProcessOutput calls 2190166, Music's 1075380, other apps' frames 576502512, pid 48342; peak in 0.2492, read back 0.2483; time delta max 512 frames in 3 cycles
[2309.181] other apps meter (10 s): loopback ch 3-4 peak -9.8 dBFS, player out peak -9.8 dBFS; other apps: fill 3185 (target 2205), varispeed 1.000378, dry 0x, over 0; plug-in: ProcessOutput calls 2192341, Music's 1076250, other apps' frames 577393392, pid 48342; peak in 0.3251, read back 0.3251; time delta max 512 frames in 3 cycles
[2313.249] 44100 Hz fill 21538 scalar 0.999546542 under 0 over 0; clock locked, DAC scalar 0.999573; 2026-09-29 20:35:19.727 -05:00
[2313.251] music only: ProcessOutput calls 2193218, Music's 1076601, other apps' frames 577752304, pid 48342; peak in 0.2871, read back 0.2871; time delta max 512 frames in 3 cycles; other apps: fill 3123 (target 2205), varispeed 1.000298, dry 0x, over 0
[2319.287] other apps meter (10 s): loopback ch 3-4 peak -10.8 dBFS, player out peak -10.8 dBFS; other apps: fill 3026 (target 2205), varispeed 1.000411, dry 0x, over 0; plug-in: ProcessOutput calls 2194518, Music's 1077121, other apps' frames 578284784, pid 48342; peak in 0.2887, read back 0.2705; time delta max 512 frames in 3 cycles
[2329.422] other apps meter (10 s): loopback ch 3-4 peak -9.6 dBFS, player out peak -9.6 dBFS; other apps: fill 2850 (target 2205), varispeed 1.000412, dry 0x, over 0; plug-in: ProcessOutput calls 2196701, Music's 1077994, other apps' frames 579179248, pid 48342; peak in 0.3324, read back 0.3324; time delta max 512 frames in 3 cycles
[2339.571] other apps meter (10 s): loopback ch 3-4 peak -10.4 dBFS, player out peak -10.4 dBFS; other apps: fill 2650 (target 2205), varispeed 1.000458, dry 0x, over 0; plug-in: ProcessOutput calls 2198886, Music's 1078868, other apps' frames 580074224, pid 48342; peak in 0.3006, read back 0.2931; time delta max 512 frames in 3 cycles
[2343.254] 44100 Hz fill 22050 scalar 0.999571037 under 0 over 0; clock locked, DAC scalar 0.999587; 2026-09-29 20:35:49.731 -05:00
[2343.256] music only: ProcessOutput calls 2199681, Music's 1079186, other apps' frames 580399856, pid 48342; peak in 0.2666, read back 0.2587; time delta max 512 frames in 3 cycles; other apps: fill 3089 (target 2205), varispeed 1.000363, dry 0x, over 0
[2349.699] other apps meter (10 s): loopback ch 3-4 peak -8.9 dBFS, player out peak -8.9 dBFS; other apps: fill 2980 (target 2205), varispeed 1.000399, dry 0x, over 0; plug-in: ProcessOutput calls 2201069, Music's 1079741, other apps' frames 580968688, pid 48342; peak in 0.3575, read back 0.3575; time delta max 512 frames in 3 cycles
[2359.835] other apps meter (10 s): loopback ch 3-4 peak -11.4 dBFS, player out peak -11.4 dBFS; other apps: fill 3322 (target 2205), varispeed 1.000358, dry 0x, over 0; plug-in: ProcessOutput calls 2203253, Music's 1080615, other apps' frames 581862640, pid 48342; peak in 0.2693, read back 0.2678; time delta max 512 frames in 3 cycles
[2369.950] other apps meter (10 s): loopback ch 3-4 peak -11.2 dBFS, player out peak -11.2 dBFS; other apps: fill 3139 (target 2205), varispeed 1.000432, dry 0x, over 0; plug-in: ProcessOutput calls 2205431, Music's 1081486, other apps' frames 582755056, pid 48342; peak in 0.2743, read back 0.2722; time delta max 512 frames in 3 cycles
[2373.264] 44100 Hz fill 22050 scalar 0.999613386 under 0 over 0; clock locked, DAC scalar 0.999611; 2026-09-29 20:36:19.742 -05:00
[2373.267] music only: ProcessOutput calls 2206146, Music's 1081772, other apps' frames 583047920, pid 48342; peak in 0.2471, read back 0.2471; time delta max 512 frames in 3 cycles; other apps: fill 3082 (target 2205), varispeed 1.000412, dry 0x, over 0
[2380.086] other apps meter (10 s): loopback ch 3-4 peak -9.2 dBFS, player out peak -9.2 dBFS; other apps: fill 2958 (target 2205), varispeed 1.000397, dry 0x, over 0; plug-in: ProcessOutput calls 2207616, Music's 1082360, other apps' frames 583650032, pid 48342; peak in 0.3468, read back 0.2980; time delta max 512 frames in 3 cycles
[2390.195] other apps meter (10 s): loopback ch 3-4 peak -9.0 dBFS, player out peak -9.0 dBFS; other apps: fill 2791 (target 2205), varispeed 1.000405, dry 0x, over 0; plug-in: ProcessOutput calls 2209793, Music's 1083231, other apps' frames 584541424, pid 48342; peak in 0.3535, read back 0.3535; time delta max 512 frames in 3 cycles
[2399.798] playerInfo: Playing Wet Ribbon
[2399.897] new track Wet Ribbon (Music's rate for the track; no decoder line at it yet): decoder 44100.0 Hz lossless (seen 0.000 s before Playing), DAC 44100 Hz
[2400.405] other apps meter (10 s): loopback ch 3-4 peak -11.2 dBFS, player out peak -11.2 dBFS; other apps: fill 2617 (target 2205), varispeed 1.000364, dry 0x, over 0; plug-in: ProcessOutput calls 2211991, Music's 1084110, other apps' frames 585442032, pid 48342; peak in 0.2759, read back 0.2759; time delta max 512 frames in 3 cycles
[2401.924] source depth from the samples: neither 16 nor 24 bit (on neither the 16- nor the 24-bit grid (81706 of 89088 samples): Music changes them (volume, Sound Check, EQ) or the source is float)
[2403.268] 44100 Hz fill 22050 scalar 0.999692354 under 0 over 0; clock locked, DAC scalar 0.999645; 2026-09-29 20:36:49.746 -05:00
[2403.269] music only: ProcessOutput calls 2212609, Music's 1084357, other apps' frames 585695472, pid 48342; peak in 0.2984, read back 0.2984; time delta max 512 frames in 3 cycles; other apps: fill 2571 (target 2205), varispeed 1.000373, dry 0x, over 0
[2410.517] other apps meter (10 s): loopback ch 3-4 peak -8.5 dBFS, player out peak -8.5 dBFS; other apps: fill 2964 (target 2205), varispeed 1.000371, dry 0x, over 0; plug-in: ProcessOutput calls 2214171, Music's 1084982, other apps' frames 586334960, pid 48342; peak in 0.3753, read back 0.3532; time delta max 512 frames in 3 cycles
[2420.625] other apps meter (10 s): loopback ch 3-4 peak -8.8 dBFS, player out peak -8.8 dBFS; other apps: fill 3310 (target 2205), varispeed 1.000406, dry 0x, over 0; plug-in: ProcessOutput calls 2216348, Music's 1085853, other apps' frames 587226352, pid 48342; peak in 0.3627, read back 0.3627; time delta max 512 frames in 3 cycles
[2430.759] other apps meter (10 s): loopback ch 3-4 peak -9.4 dBFS, player out peak -9.4 dBFS; other apps: fill 3132 (target 2205), varispeed 1.000383, dry 0x, over 0; plug-in: ProcessOutput calls 2218531, Music's 1086726, other apps' frames 588120816, pid 48342; peak in 0.3373, read back 0.3259; time delta max 512 frames in 3 cycles
[2433.277] 44100 Hz fill 22050 scalar 0.999764531 under 0 over 0; clock locked, DAC scalar 0.999717; 2026-09-29 20:37:19.756 -05:00
[2433.279] music only: ProcessOutput calls 2219074, Music's 1086943, other apps' frames 588343536, pid 48342; peak in 0.2694, read back 0.2694; time delta max 512 frames in 3 cycles; other apps: fill 3089 (target 2205), varispeed 1.000404, dry 0x, over 0
[2440.884] other apps meter (10 s): loopback ch 3-4 peak -11.4 dBFS, player out peak -11.4 dBFS; other apps: fill 2956 (target 2205), varispeed 1.000393, dry 0x, over 0; plug-in: ProcessOutput calls 2220711, Music's 1087598, other apps' frames 589013744, pid 48342; peak in 0.2637, read back 0.2637; time delta max 512 frames in 3 cycles
[2451.004] other apps meter (10 s): loopback ch 3-4 peak -10.1 dBFS, player out peak -10.1 dBFS; other apps: fill 2784 (target 2205), varispeed 1.000408, dry 0x, over 0; plug-in: ProcessOutput calls 2222891, Music's 1088470, other apps' frames 589906672, pid 48342; peak in 0.3127, read back 0.3002; time delta max 512 frames in 3 cycles
[2461.124] other apps meter (10 s): loopback ch 3-4 peak -11.1 dBFS, player out peak -11.1 dBFS; other apps: fill 2613 (target 2205), varispeed 1.000300, dry 0x, over 0; plug-in: ProcessOutput calls 2225071, Music's 1089342, other apps' frames 590799600, pid 48342; peak in 0.2785, read back 0.2726; time delta max 512 frames in 3 cycles
[2463.282] 44100 Hz fill 21538 scalar 0.999580372 under 0 over 0; clock locked, DAC scalar 0.999583; 2026-09-29 20:37:49.761 -05:00
[2463.284] music only: ProcessOutput calls 2225537, Music's 1089528, other apps' frames 590990576, pid 48342; peak in 0.2201, read back 0.2186; time delta max 512 frames in 3 cycles; other apps: fill 3094 (target 2205), varispeed 1.000381, dry 0x, over 0
[2471.254] other apps meter (10 s): loopback ch 3-4 peak -10.9 dBFS, player out peak -10.9 dBFS; other apps: fill 2951 (target 2205), varispeed 1.000393, dry 0x, over 0; plug-in: ProcessOutput calls 2227254, Music's 1090215, other apps' frames 591694064, pid 48342; peak in 0.2850, read back 0.2850; time delta max 512 frames in 3 cycles
[2481.385] other apps meter (10 s): loopback ch 3-4 peak -10.4 dBFS, player out peak -10.4 dBFS; other apps: fill 2779 (target 2205), varispeed 1.000380, dry 0x, over 0; plug-in: ProcessOutput calls 2229436, Music's 1091088, other apps' frames 592587504, pid 48342; peak in 0.3025, read back 0.3025; time delta max 512 frames in 3 cycles
[2491.489] other apps meter (10 s): loopback ch 3-4 peak -11.2 dBFS, player out peak -11.2 dBFS; other apps: fill 3125 (target 2205), varispeed 1.000394, dry 0x, over 0; plug-in: ProcessOutput calls 2231613, Music's 1091959, other apps' frames 593478896, pid 48342; peak in 0.2760, read back 0.2760; time delta max 512 frames in 3 cycles
[2493.283] 44100 Hz fill 21538 scalar 0.999557624 under 0 over 0; clock locked, DAC scalar 0.999578; 2026-09-29 20:38:19.761 -05:00
[2493.285] music only: ProcessOutput calls 2232001, Music's 1092114, other apps' frames 593638128, pid 48342; peak in 0.2492, read back 0.2492; time delta max 512 frames in 3 cycles; other apps: fill 3091 (target 2205), varispeed 1.000428, dry 0x, over 0
[2501.638] other apps meter (10 s): loopback ch 3-4 peak -9.7 dBFS, player out peak -9.7 dBFS; other apps: fill 2938 (target 2205), varispeed 1.000388, dry 0x, over 0; plug-in: ProcessOutput calls 2233799, Music's 1092833, other apps' frames 594374896, pid 48342; peak in 0.3273, read back 0.3253; time delta max 512 frames in 3 cycles
[2511.768] other apps meter (10 s): loopback ch 3-4 peak -11.1 dBFS, player out peak -11.1 dBFS; other apps: fill 3285 (target 2205), varispeed 1.000434, dry 0x, over 0; plug-in: ProcessOutput calls 2235981, Music's 1093706, other apps' frames 595268336, pid 48342; peak in 0.2777, read back 0.2708; time delta max 512 frames in 3 cycles
[2521.910] other apps meter (10 s): loopback ch 3-4 peak -11.4 dBFS, player out peak -11.4 dBFS; other apps: fill 3109 (target 2205), varispeed 1.000383, dry 0x, over 0; plug-in: ProcessOutput calls 2238166, Music's 1094580, other apps' frames 596163312, pid 48342; peak in 0.2679, read back 0.2602; time delta max 512 frames in 3 cycles
[2523.291] 44100 Hz fill 22050 scalar 0.999554426 under 0 over 0; clock locked, DAC scalar 0.999580; 2026-09-29 20:38:49.769 -05:00
[2523.293] music only: ProcessOutput calls 2238464, Music's 1094699, other apps' frames 596285680, pid 48342; peak in 0.2821, read back 0.2622; time delta max 512 frames in 3 cycles; other apps: fill 3085 (target 2205), varispeed 1.000414, dry 0x, over 0
[2532.047] other apps meter (10 s): loopback ch 3-4 peak -11.0 dBFS, player out peak -11.0 dBFS; other apps: fill 2927 (target 2205), varispeed 1.000382, dry 0x, over 0; plug-in: ProcessOutput calls 2240351, Music's 1095454, other apps' frames 597058288, pid 48342; peak in 0.2801, read back 0.2801; time delta max 512 frames in 3 cycles
[2542.172] other apps meter (10 s): loopback ch 3-4 peak -9.6 dBFS, player out peak -9.6 dBFS; other apps: fill 3264 (target 2205), varispeed 1.000409, dry 0x, over 0; plug-in: ProcessOutput calls 2242531, Music's 1096326, other apps' frames 597951216, pid 48342; peak in 0.3297, read back 0.3186; time delta max 512 frames in 3 cycles
[2552.284] other apps meter (10 s): loopback ch 3-4 peak -11.8 dBFS, player out peak -11.8 dBFS; other apps: fill 3095 (target 2205), varispeed 1.000390, dry 0x, over 0; plug-in: ProcessOutput calls 2244709, Music's 1097197, other apps' frames 598843632, pid 48342; peak in 0.2577, read back 0.2577; time delta max 512 frames in 3 cycles
[2553.303] 44100 Hz fill 22050 scalar 0.999552705 under 0 over 0; clock locked, DAC scalar 0.999588; 2026-09-29 20:39:19.777 -05:00
[2553.304] music only: ProcessOutput calls 2244929, Music's 1097285, other apps' frames 598933744, pid 48342; peak in 0.2451, read back 0.2451; time delta max 512 frames in 3 cycles; other apps: fill 3079 (target 2205), varispeed 1.000382, dry 0x, over 0
[2562.455] other apps meter (10 s): loopback ch 3-4 peak -9.7 dBFS, player out peak -9.7 dBFS; other apps: fill 3428 (target 2205), varispeed 1.000403, dry 0x, over 0; plug-in: ProcessOutput calls 2246901, Music's 1098074, other apps' frames 599741168, pid 48342; peak in 0.3257, read back 0.3239; time delta max 512 frames in 3 cycles
[2572.620] other apps meter (10 s): loopback ch 3-4 peak -10.4 dBFS, player out peak -10.4 dBFS; other apps: fill 2742 (target 2205), varispeed 1.000417, dry 0x, over 0; plug-in: ProcessOutput calls 2249089, Music's 1098949, other apps' frames 600637680, pid 48342; peak in 0.3023, read back 0.3018; time delta max 512 frames in 3 cycles
[2582.749] other apps meter (10 s): loopback ch 3-4 peak -10.4 dBFS, player out peak -10.4 dBFS; other apps: fill 3068 (target 2205), varispeed 1.000412, dry 0x, over 0; plug-in: ProcessOutput calls 2251271, Music's 1099822, other apps' frames 601531120, pid 48342; peak in 0.3011, read back 0.3011; time delta max 512 frames in 3 cycles
[2583.305] 44100 Hz fill 22050 scalar 0.999555213 under 0 over 0; clock locked, DAC scalar 0.999583; 2026-09-29 20:39:49.784 -05:00
[2583.307] music only: ProcessOutput calls 2251391, Music's 1099870, other apps' frames 601580272, pid 48342; peak in 0.2191, read back 0.2137; time delta max 512 frames in 3 cycles; other apps: fill 2547 (target 2205), varispeed 1.000377, dry 0x, over 0
[2592.874] other apps meter (10 s): loopback ch 3-4 peak -11.7 dBFS, player out peak -11.7 dBFS; other apps: fill 2892 (target 2205), varispeed 1.000391, dry 0x, over 0; plug-in: ProcessOutput calls 2253453, Music's 1100695, other apps' frames 602424560, pid 48342; peak in 0.2603, read back 0.2603; time delta max 512 frames in 3 cycles
[2602.988] other apps meter (10 s): loopback ch 3-4 peak -10.6 dBFS, player out peak -10.6 dBFS; other apps: fill 2712 (target 2205), varispeed 1.000401, dry 0x, over 0; plug-in: ProcessOutput calls 2255631, Music's 1101566, other apps' frames 603316976, pid 48342; peak in 0.2955, read back 0.2931; time delta max 512 frames in 3 cycles
[2613.096] other apps meter (10 s): loopback ch 3-4 peak -10.9 dBFS, player out peak -10.9 dBFS; other apps: fill 3063 (target 2205), varispeed 1.000367, dry 0x, over 0; plug-in: ProcessOutput calls 2257809, Music's 1102437, other apps' frames 604209392, pid 48342; peak in 0.2839, read back 0.2746; time delta max 512 frames in 3 cycles
[2613.316] 44100 Hz fill 22050 scalar 0.999567965 under 0 over 0; clock locked, DAC scalar 0.999601; 2026-09-29 20:40:19.794 -05:00
[2613.318] music only: ProcessOutput calls 2257856, Music's 1102456, other apps' frames 604228336, pid 48342; peak in 0.1999, read back 0.1932; time delta max 512 frames in 3 cycles; other apps: fill 2547 (target 2205), varispeed 1.000380, dry 0x, over 0
[2623.209] other apps meter (10 s): loopback ch 3-4 peak -11.3 dBFS, player out peak -11.3 dBFS; other apps: fill 3402 (target 2205), varispeed 1.000362, dry 0x, over 0; plug-in: ProcessOutput calls 2259988, Music's 1103309, other apps' frames 605101296, pid 48342; peak in 0.2726, read back 0.2726; time delta max 512 frames in 3 cycles
[2633.327] other apps meter (10 s): loopback ch 3-4 peak -10.9 dBFS, player out peak -10.9 dBFS; other apps: fill 2715 (target 2205), varispeed 1.000359, dry 0x, over 0; plug-in: ProcessOutput calls 2262166, Music's 1104180, other apps' frames 605993712, pid 48342; peak in 0.2864, read back 0.2666; time delta max 512 frames in 3 cycles
[2643.323] 44100 Hz fill 22050 scalar 0.999654942 under 0 over 0; clock locked, DAC scalar 0.999627; 2026-09-29 20:40:49.801 -05:00
[2643.324] music only: ProcessOutput calls 2264321, Music's 1105042, other apps' frames 606876400, pid 48342; peak in 0.2732, read back 0.2732; time delta max 512 frames in 3 cycles; other apps: fill 3038 (target 2205), varispeed 1.000415, dry 0x, over 0
[2643.439] other apps meter (10 s): loopback ch 3-4 peak -11.3 dBFS, player out peak -11.3 dBFS; other apps: fill 3036 (target 2205), varispeed 1.000415, dry 0x, over 0; plug-in: ProcessOutput calls 2264346, Music's 1105052, other apps' frames 606886640, pid 48342; peak in 0.1559, read back 0.1687; time delta max 512 frames in 3 cycles
[2653.567] other apps meter (10 s): loopback ch 3-4 peak -8.2 dBFS, player out peak -8.2 dBFS; other apps: fill 2863 (target 2205), varispeed 1.000349, dry 0x, over 0; plug-in: ProcessOutput calls 2266527, Music's 1105924, other apps' frames 607780080, pid 48342; peak in 0.3872, read back 0.3339; time delta max 512 frames in 3 cycles
[2663.670] other apps meter (10 s): loopback ch 3-4 peak -11.8 dBFS, player out peak -11.8 dBFS; other apps: fill 3211 (target 2205), varispeed 1.000400, dry 0x, over 0; plug-in: ProcessOutput calls 2268704, Music's 1106795, other apps' frames 608671984, pid 48342; peak in 0.2576, read back 0.2532; time delta max 512 frames in 3 cycles
[2673.331] 44100 Hz fill 22050 scalar 0.999783947 under 0 over 0; clock locked, DAC scalar 0.999695; 2026-09-29 20:41:19.807 -05:00
[2673.334] music only: ProcessOutput calls 2270786, Music's 1107628, other apps' frames 609524464, pid 48342; peak in 0.3276, read back 0.3209; time delta max 512 frames in 3 cycles; other apps: fill 3039 (target 2205), varispeed 1.000375, dry 0x, over 0
[2673.809] other apps meter (10 s): loopback ch 3-4 peak -9.7 dBFS, player out peak -9.7 dBFS; other apps: fill 3031 (target 2205), varispeed 1.000375, dry 0x, over 0; plug-in: ProcessOutput calls 2270888, Music's 1107669, other apps' frames 609565936, pid 48342; peak in 0.1977, read back 0.1722; time delta max 512 frames in 3 cycles
[2683.923] other apps meter (10 s): loopback ch 3-4 peak -10.8 dBFS, player out peak -10.8 dBFS; other apps: fill 2863 (target 2205), varispeed 1.000366, dry 0x, over 0; plug-in: ProcessOutput calls 2273066, Music's 1108540, other apps' frames 610458352, pid 48342; peak in 0.2887, read back 0.2887; time delta max 512 frames in 3 cycles
[2694.069] other apps meter (10 s): loopback ch 3-4 peak -10.9 dBFS, player out peak -10.9 dBFS; other apps: fill 2705 (target 2205), varispeed 1.000381, dry 0x, over 0; plug-in: ProcessOutput calls 2275251, Music's 1109414, other apps' frames 611353328, pid 48342; peak in 0.2843, read back 0.2635; time delta max 512 frames in 3 cycles
[2703.331] 44100 Hz fill 22050 scalar 0.999564619 under 0 over 0; clock locked, DAC scalar 0.999577; 2026-09-29 20:41:49.809 -05:00
[2703.334] music only: ProcessOutput calls 2277248, Music's 1110213, other apps' frames 612170992, pid 48342; peak in 0.2817, read back 0.2740; time delta max 512 frames in 3 cycles; other apps: fill 3063 (target 2205), varispeed 1.000429, dry 0x, over 0
[2704.155] other apps meter (10 s): loopback ch 3-4 peak -11.0 dBFS, player out peak -11.0 dBFS; other apps: fill 3048 (target 2205), varispeed 1.000428, dry 0x, over 0; plug-in: ProcessOutput calls 2277424, Music's 1110283, other apps' frames 612243696, pid 48342; peak in 0.2433, read back 0.2362; time delta max 512 frames in 3 cycles
[2714.277] other apps meter (10 s): loopback ch 3-4 peak -9.6 dBFS, player out peak -9.6 dBFS; other apps: fill 3381 (target 2205), varispeed 1.000380, dry 0x, over 0; plug-in: ProcessOutput calls 2279606, Music's 1111156, other apps' frames 613137136, pid 48342; peak in 0.3294, read back 0.3294; time delta max 512 frames in 3 cycles
[2724.398] other apps meter (10 s): loopback ch 3-4 peak -10.8 dBFS, player out peak -10.8 dBFS; other apps: fill 2694 (target 2205), varispeed 1.000453, dry 0x, over 0; plug-in: ProcessOutput calls 2281786, Music's 1112028, other apps' frames 614030064, pid 48342; peak in 0.2897, read back 0.2897; time delta max 512 frames in 3 cycles
[2733.343] 44100 Hz fill 22050 scalar 0.999570635 under 0 over 0; clock locked, DAC scalar 0.999580; 2026-09-29 20:42:19.822 -05:00
[2733.345] music only: ProcessOutput calls 2283713, Music's 1112799, other apps' frames 614819056, pid 48342; peak in 0.2497, read back 0.2497; time delta max 512 frames in 3 cycles; other apps: fill 3044 (target 2205), varispeed 1.000427, dry 0x, over 0
[2734.506] other apps meter (10 s): loopback ch 3-4 peak -12.1 dBFS, player out peak -12.1 dBFS; other apps: fill 3022 (target 2205), varispeed 1.000423, dry 0x, over 0; plug-in: ProcessOutput calls 2283963, Music's 1112899, other apps' frames 614921456, pid 48342; peak in 0.2356, read back 0.2356; time delta max 512 frames in 3 cycles
[2744.625] other apps meter (10 s): loopback ch 3-4 peak -10.9 dBFS, player out peak -10.9 dBFS; other apps: fill 2835 (target 2205), varispeed 1.000397, dry 0x, over 0; plug-in: ProcessOutput calls 2286143, Music's 1113771, other apps' frames 615814384, pid 48342; peak in 0.2855, read back 0.2855; time delta max 512 frames in 3 cycles
[2754.744] other apps meter (10 s): loopback ch 3-4 peak -11.2 dBFS, player out peak -11.2 dBFS; other apps: fill 2674 (target 2205), varispeed 1.000371, dry 0x, over 0; plug-in: ProcessOutput calls 2288321, Music's 1114642, other apps' frames 616706800, pid 48342; peak in 0.2743, read back 0.2728; time delta max 512 frames in 3 cycles
[2763.350] 44100 Hz fill 22050 scalar 0.999554538 under 0 over 0; clock locked, DAC scalar 0.999587; 2026-09-29 20:42:49.828 -05:00
[2763.351] music only: ProcessOutput calls 2290176, Music's 1115384, other apps' frames 617466608, pid 48342; peak in 0.3456, read back 0.3331; time delta max 512 frames in 3 cycles; other apps: fill 3040 (target 2205), varispeed 1.000349, dry 0x, over 0
[2764.873] other apps meter (10 s): loopback ch 3-4 peak -9.2 dBFS, player out peak -9.2 dBFS; other apps: fill 3015 (target 2205), varispeed 1.000380, dry 0x, over 0; plug-in: ProcessOutput calls 2290504, Music's 1115515, other apps' frames 617601264, pid 48342; peak in 0.2346, read back 0.2346; time delta max 512 frames in 3 cycles
[2775.001] other apps meter (10 s): loopback ch 3-4 peak -11.9 dBFS, player out peak -11.9 dBFS; other apps: fill 2838 (target 2205), varispeed 1.000407, dry 0x, over 0; plug-in: ProcessOutput calls 2292686, Music's 1116388, other apps' frames 618494704, pid 48342; peak in 0.2548, read back 0.2548; time delta max 512 frames in 3 cycles
[2785.098] other apps meter (10 s): loopback ch 3-4 peak -10.0 dBFS, player out peak -10.0 dBFS; other apps: fill 3169 (target 2205), varispeed 1.000370, dry 0x, over 0; plug-in: ProcessOutput calls 2294861, Music's 1117258, other apps' frames 619385584, pid 48342; peak in 0.3178, read back 0.3135; time delta max 512 frames in 3 cycles
[2793.353] 44100 Hz fill 21538 scalar 0.999548293 under 0 over 0; clock locked, DAC scalar 0.999578; 2026-09-29 20:43:19.829 -05:00
[2793.356] music only: ProcessOutput calls 2296641, Music's 1117970, other apps' frames 620114672, pid 48342; peak in 0.3402, read back 0.2944; time delta max 512 frames in 3 cycles; other apps: fill 3031 (target 2205), varispeed 1.000419, dry 0x, over 0
[2795.213] other apps meter (10 s): loopback ch 3-4 peak -9.4 dBFS, player out peak -9.4 dBFS; other apps: fill 2998 (target 2205), varispeed 1.000412, dry 0x, over 0; plug-in: ProcessOutput calls 2297041, Music's 1118130, other apps' frames 620278512, pid 48342; peak in 0.2268, read back 0.2247; time delta max 512 frames in 3 cycles
[2805.385] other apps meter (10 s): loopback ch 3-4 peak -11.7 dBFS, player out peak -11.7 dBFS; other apps: fill 2819 (target 2205), varispeed 1.000385, dry 0x, over 0; plug-in: ProcessOutput calls 2299231, Music's 1119006, other apps' frames 621175536, pid 48342; peak in 0.2600, read back 0.2490; time delta max 512 frames in 3 cycles
[2815.505] other apps meter (10 s): loopback ch 3-4 peak -9.6 dBFS, player out peak -9.6 dBFS; other apps: fill 3162 (target 2205), varispeed 1.000394, dry 0x, over 0; plug-in: ProcessOutput calls 2301411, Music's 1119878, other apps' frames 622068464, pid 48342; peak in 0.3302, read back 0.2401; time delta max 512 frames in 3 cycles
[2823.352] 44100 Hz fill 22050 scalar 0.999552332 under 0 over 0; clock locked, DAC scalar 0.999583; 2026-09-29 20:43:49.830 -05:00
[2823.354] music only: ProcessOutput calls 2303101, Music's 1120554, other apps' frames 622760688, pid 48342; peak in 0.2675, read back 0.2675; time delta max 512 frames in 3 cycles; other apps: fill 2510 (target 2205), varispeed 1.000374, dry 0x, over 0
[2825.623] other apps meter (10 s): loopback ch 3-4 peak -10.8 dBFS, player out peak -10.8 dBFS; other apps: fill 2984 (target 2205), varispeed 1.000389, dry 0x, over 0; plug-in: ProcessOutput calls 2303591, Music's 1120750, other apps' frames 622961392, pid 48342; peak in 0.2894, read back 0.2894; time delta max 512 frames in 3 cycles
[2828.293] playerInfo: Playing Magnet
[2828.384] new track Magnet (Music's rate for the track; no decoder line at it yet): decoder 44100.0 Hz lossless (seen 0.000 s before Playing), DAC 44100 Hz
[2830.685] source depth from the samples: neither 16 nor 24 bit (on neither the 16- nor the 24-bit grid (75439 of 90112 samples): Music changes them (volume, Sound Check, EQ) or the source is float)
[2835.741] other apps meter (10 s): loopback ch 3-4 peak -10.4 dBFS, player out peak -10.4 dBFS; other apps: fill 3325 (target 2205), varispeed 1.000347, dry 0x, over 0; plug-in: ProcessOutput calls 2305771, Music's 1121622, other apps' frames 623854320, pid 48342; peak in 0.3025, read back 0.3025; time delta max 512 frames in 3 cycles
[2845.882] other apps meter (10 s): loopback ch 3-4 peak -11.8 dBFS, player out peak -11.8 dBFS; other apps: fill 2639 (target 2205), varispeed 1.000363, dry 0x, over 0; plug-in: ProcessOutput calls 2307956, Music's 1122496, other apps' frames 624749296, pid 48342; peak in 0.2567, read back 0.2447; time delta max 512 frames in 3 cycles
[2853.356] 44100 Hz fill 22050 scalar 0.999584687 under 0 over 0; clock locked, DAC scalar 0.999609; 2026-09-29 20:44:19.834 -05:00
[2853.358] music only: ProcessOutput calls 2309566, Music's 1123140, other apps' frames 625408752, pid 48342; peak in 0.5260, read back 0.4858; time delta max 512 frames in 3 cycles; other apps: fill 3016 (target 2205), varispeed 1.000420, dry 0x, over 0
[2856.000] other apps meter (10 s): loopback ch 3-4 peak -5.6 dBFS, player out peak -5.6 dBFS; other apps: fill 2968 (target 2205), varispeed 1.000402, dry 0x, over 0; plug-in: ProcessOutput calls 2310134, Music's 1123367, other apps' frames 625641712, pid 48342; peak in 0.2942, read back 0.2565; time delta max 512 frames in 3 cycles
[2866.127] other apps meter (10 s): loopback ch 3-4 peak -10.2 dBFS, player out peak -10.2 dBFS; other apps: fill 2800 (target 2205), varispeed 1.000414, dry 0x, over 0; plug-in: ProcessOutput calls 2312316, Music's 1124240, other apps' frames 626535152, pid 48342; peak in 0.3080, read back 0.3080; time delta max 512 frames in 3 cycles
[2876.275] other apps meter (10 s): loopback ch 3-4 peak -11.4 dBFS, player out peak -11.4 dBFS; other apps: fill 2633 (target 2205), varispeed 1.000424, dry 0x, over 0; plug-in: ProcessOutput calls 2314503, Music's 1125115, other apps' frames 627430640, pid 48342; peak in 0.2705, read back 0.2609; time delta max 512 frames in 3 cycles
[2883.364] 44100 Hz fill 22050 scalar 0.999689640 under 0 over 0; clock locked, DAC scalar 0.999647; 2026-09-29 20:44:49.842 -05:00
[2883.365] music only: ProcessOutput calls 2316029, Music's 1125725, other apps' frames 628056304, pid 48342; peak in 0.2654, read back 0.2559; time delta max 512 frames in 3 cycles; other apps: fill 2496 (target 2205), varispeed 1.000418, dry 0x, over 0
[2886.392] other apps meter (10 s): loopback ch 3-4 peak -10.2 dBFS, player out peak -10.2 dBFS; other apps: fill 2953 (target 2205), varispeed 1.000396, dry 0x, over 0; plug-in: ProcessOutput calls 2316681, Music's 1125986, other apps' frames 628323056, pid 48342; peak in 0.3095, read back 0.3095; time delta max 512 frames in 3 cycles
[2896.514] other apps meter (10 s): loopback ch 3-4 peak -11.2 dBFS, player out peak -11.2 dBFS; other apps: fill 2781 (target 2205), varispeed 1.000385, dry 0x, over 0; plug-in: ProcessOutput calls 2318861, Music's 1126858, other apps' frames 629215984, pid 48342; peak in 0.2741, read back 0.2729; time delta max 512 frames in 3 cycles
[2906.664] other apps meter (10 s): loopback ch 3-4 peak -10.2 dBFS, player out peak -10.2 dBFS; other apps: fill 3115 (target 2205), varispeed 1.000406, dry 0x, over 0; plug-in: ProcessOutput calls 2321048, Music's 1127733, other apps' frames 630111472, pid 48342; peak in 0.3091, read back 0.2973; time delta max 512 frames in 3 cycles
[2913.373] 44100 Hz fill 22050 scalar 0.999752262 under 0 over 0; clock locked, DAC scalar 0.999703; 2026-09-29 20:45:19.852 -05:00
[2913.376] music only: ProcessOutput calls 2322494, Music's 1128311, other apps' frames 630704368, pid 48342; peak in 0.4107, read back 0.3379; time delta max 512 frames in 3 cycles; other apps: fill 3003 (target 2205), varispeed 1.000380, dry 0x, over 0
[2916.805] other apps meter (10 s): loopback ch 3-4 peak -7.7 dBFS, player out peak -7.7 dBFS; other apps: fill 2945 (target 2205), varispeed 1.000382, dry 0x, over 0; plug-in: ProcessOutput calls 2323233, Music's 1128607, other apps' frames 631006448, pid 48342; peak in 0.2906, read back 0.2722; time delta max 512 frames in 3 cycles
[2926.919] other apps meter (10 s): loopback ch 3-4 peak -10.6 dBFS, player out peak -10.6 dBFS; other apps: fill 2778 (target 2205), varispeed 1.000417, dry 0x, over 0; plug-in: ProcessOutput calls 2325411, Music's 1129478, other apps' frames 631898864, pid 48342; peak in 0.2954, read back 0.2631; time delta max 512 frames in 3 cycles
[2937.103] other apps meter (10 s): loopback ch 3-4 peak -10.1 dBFS, player out peak -10.1 dBFS; other apps: fill 3113 (target 2205), varispeed 1.000451, dry 0x, over 0; plug-in: ProcessOutput calls 2327606, Music's 1130356, other apps' frames 632797936, pid 48342; peak in 0.3113, read back 0.3113; time delta max 512 frames in 3 cycles
[2943.374] 44100 Hz fill 22050 scalar 0.999568098 under 0 over 0; clock locked, DAC scalar 0.999576; 2026-09-29 20:45:49.852 -05:00
[2943.376] music only: ProcessOutput calls 2328956, Music's 1130896, other apps' frames 633350896, pid 48342; peak in 0.2531, read back 0.2455; time delta max 512 frames in 3 cycles; other apps: fill 2992 (target 2205), varispeed 1.000413, dry 0x, over 0
[2947.247] other apps meter (10 s): loopback ch 3-4 peak -11.3 dBFS, player out peak -11.3 dBFS; other apps: fill 2920 (target 2205), varispeed 1.000455, dry 0x, over 0; plug-in: ProcessOutput calls 2329791, Music's 1131230, other apps' frames 633692912, pid 48342; peak in 0.2734, read back 0.2734; time delta max 512 frames in 3 cycles
[2957.355] other apps meter (10 s): loopback ch 3-4 peak -8.8 dBFS, player out peak -8.8 dBFS; other apps: fill 3250 (target 2205), varispeed 1.000369, dry 0x, over 0; plug-in: ProcessOutput calls 2331968, Music's 1132101, other apps' frames 634584304, pid 48342; peak in 0.3621, read back 0.3375; time delta max 512 frames in 3 cycles
[2967.485] other apps meter (10 s): loopback ch 3-4 peak -10.8 dBFS, player out peak -10.8 dBFS; other apps: fill 3085 (target 2205), varispeed 1.000368, dry 0x, over 0; plug-in: ProcessOutput calls 2334151, Music's 1132974, other apps' frames 635478768, pid 48342; peak in 0.2889, read back 0.2701; time delta max 512 frames in 3 cycles
[2973.381] 44100 Hz fill 22050 scalar 0.999570897 under 0 over 0; clock locked, DAC scalar 0.999570; 2026-09-29 20:46:19.859 -05:00
[2973.383] music only: ProcessOutput calls 2335421, Music's 1133482, other apps' frames 635998960, pid 48342; peak in 0.2357, read back 0.2290; time delta max 512 frames in 3 cycles; other apps: fill 2980 (target 2205), varispeed 1.000402, dry 0x, over 0
[2977.613] other apps meter (10 s): loopback ch 3-4 peak -11.6 dBFS, player out peak -11.6 dBFS; other apps: fill 2908 (target 2205), varispeed 1.000372, dry 0x, over 0; plug-in: ProcessOutput calls 2336331, Music's 1133846, other apps' frames 636371696, pid 48342; peak in 0.2645, read back 0.2616; time delta max 512 frames in 3 cycles
[2987.729] other apps meter (10 s): loopback ch 3-4 peak -9.4 dBFS, player out peak -9.4 dBFS; other apps: fill 2741 (target 2205), varispeed 1.000379, dry 0x, over 0; plug-in: ProcessOutput calls 2338511, Music's 1134718, other apps' frames 637264624, pid 48342; peak in 0.3384, read back 0.3252; time delta max 512 frames in 3 cycles
[2997.852] other apps meter (10 s): loopback ch 3-4 peak -10.3 dBFS, player out peak -10.3 dBFS; other apps: fill 3085 (target 2205), varispeed 1.000411, dry 0x, over 0; plug-in: ProcessOutput calls 2340691, Music's 1135590, other apps' frames 638157552, pid 48342; peak in 0.3049, read back 0.3017; time delta max 512 frames in 3 cycles
[3003.394] 44100 Hz fill 22050 scalar 0.999555925 under 0 over 0; clock locked, DAC scalar 0.999576; 2026-09-29 20:46:49.869 -05:00
[3003.395] music only: ProcessOutput calls 2341886, Music's 1136068, other apps' frames 638647024, pid 48342; peak in 0.2635, read back 0.2635; time delta max 512 frames in 3 cycles; other apps: fill 2988 (target 2205), varispeed 1.000401, dry 0x, over 0
[3007.951] other apps meter (10 s): loopback ch 3-4 peak -10.1 dBFS, player out peak -10.1 dBFS; other apps: fill 3422 (target 2205), varispeed 1.000373, dry 0x, over 0; plug-in: ProcessOutput calls 2342868, Music's 1136461, other apps' frames 639048944, pid 48342; peak in 0.3119, read back 0.3114; time delta max 512 frames in 3 cycles
[3009.293] decoder: 44100.0 Hz (lossy)
[3018.067] other apps meter (10 s): loopback ch 3-4 peak -10.8 dBFS, player out peak -10.8 dBFS; other apps: fill 2726 (target 2205), varispeed 1.000375, dry 0x, over 0; plug-in: ProcessOutput calls 2345046, Music's 1137332, other apps' frames 639941360, pid 48342; peak in 0.2880, read back 0.2880; time delta max 512 frames in 3 cycles
[3021.911] playerInfo: Playing An Gleann
[3021.997] new track An Gleann (Music's rate for the track): decoder 44100.0 Hz lossy (seen 12.604 s before Playing), DAC 44100 Hz
[3024.153] source depth from the samples: neither 16 nor 24 bit (on neither the 16- nor the 24-bit grid (67092 of 72704 samples): lossy)
[3028.205] other apps meter (10 s): loopback ch 3-4 peak -10.6 dBFS, player out peak -10.6 dBFS; other apps: fill 3050 (target 2205), varispeed 1.000363, dry 0x, over 0; plug-in: ProcessOutput calls 2347231, Music's 1138206, other apps' frames 640836336, pid 48342; peak in 0.2963, read back 0.2963; time delta max 512 frames in 3 cycles
[3033.395] 44100 Hz fill 22050 scalar 0.999562499 under 0 over 0; clock locked, DAC scalar 0.999582; 2026-09-29 20:47:19.873 -05:00
[3033.398] music only: ProcessOutput calls 2348349, Music's 1138653, other apps' frames 641294576, pid 48342; peak in 0.3422, read back 0.3395; time delta max 512 frames in 3 cycles; other apps: fill 2960 (target 2205), varispeed 1.000389, dry 0x, over 0
[3038.320] other apps meter (10 s): loopback ch 3-4 peak -9.3 dBFS, player out peak -9.3 dBFS; other apps: fill 2879 (target 2205), varispeed 1.000357, dry 0x, over 0; plug-in: ProcessOutput calls 2349409, Music's 1139077, other apps' frames 641728752, pid 48342; peak in 0.2735, read back 0.2735; time delta max 512 frames in 3 cycles
[3048.440] other apps meter (10 s): loopback ch 3-4 peak -9.5 dBFS, player out peak -9.5 dBFS; other apps: fill 2720 (target 2205), varispeed 1.000398, dry 0x, over 0; plug-in: ProcessOutput calls 2351589, Music's 1139949, other apps' frames 642621680, pid 48342; peak in 0.3357, read back 0.2847; time delta max 512 frames in 3 cycles
[3058.555] other apps meter (10 s): loopback ch 3-4 peak -11.9 dBFS, player out peak -11.0 dBFS; other apps: fill 3034 (target 2205), varispeed 1.000374, dry 0x, over 0; plug-in: ProcessOutput calls 2353768, Music's 1140821, other apps' frames 643513584, pid 48342; peak in 0.2546, read back 0.2506; time delta max 512 frames in 3 cycles
[3063.398] 44100 Hz fill 22050 scalar 0.999578300 under 0 over 0; clock locked, DAC scalar 0.999585; 2026-09-29 20:47:49.877 -05:00
[3063.400] music only: ProcessOutput calls 2354811, Music's 1141238, other apps' frames 643941104, pid 48342; peak in 0.2751, read back 0.2722; time delta max 512 frames in 3 cycles; other apps: fill 2951 (target 2205), varispeed 1.000386, dry 0x, over 0
[3068.644] other apps meter (10 s): loopback ch 3-4 peak -9.4 dBFS, player out peak -9.4 dBFS; other apps: fill 2862 (target 2205), varispeed 1.000442, dry 0x, over 0; plug-in: ProcessOutput calls 2355941, Music's 1141690, other apps' frames 644403952, pid 48342; peak in 0.3404, read back 0.3323; time delta max 512 frames in 3 cycles
[3078.739] other apps meter (10 s): loopback ch 3-4 peak -9.8 dBFS, player out peak -9.8 dBFS; other apps: fill 3186 (target 2205), varispeed 1.000381, dry 0x, over 0; plug-in: ProcessOutput calls 2358116, Music's 1142560, other apps' frames 645294832, pid 48342; peak in 0.3252, read back 0.3252; time delta max 512 frames in 3 cycles
[3088.845] other apps meter (10 s): loopback ch 3-4 peak -11.8 dBFS, player out peak -11.8 dBFS; other apps: fill 3014 (target 2205), varispeed 1.000386, dry 0x, over 0; plug-in: ProcessOutput calls 2360293, Music's 1143431, other apps' frames 646186224, pid 48342; peak in 0.2565, read back 0.2565; time delta max 512 frames in 3 cycles
[3093.407] 44100 Hz fill 22050 scalar 0.999613926 under 0 over 0; clock locked, DAC scalar 0.999612; 2026-09-29 20:48:19.886 -05:00
[3093.411] music only: ProcessOutput calls 2361276, Music's 1143824, other apps' frames 646589168, pid 48342; peak in 0.2705, read back 0.2705; time delta max 512 frames in 3 cycles; other apps: fill 2936 (target 2205), varispeed 1.000379, dry 0x, over 0
[3098.955] other apps meter (10 s): loopback ch 3-4 peak -11.4 dBFS, player out peak -11.4 dBFS; other apps: fill 2847 (target 2205), varispeed 1.000392, dry 0x, over 0; plug-in: ProcessOutput calls 2362471, Music's 1144302, other apps' frames 647078640, pid 48342; peak in 0.2383, read back 0.2317; time delta max 512 frames in 3 cycles
[3109.057] other apps meter (10 s): loopback ch 3-4 peak -8.7 dBFS, player out peak -8.7 dBFS; other apps: fill 2671 (target 2205), varispeed 1.000326, dry 0x, over 0; plug-in: ProcessOutput calls 2364648, Music's 1145173, other apps' frames 647970032, pid 48342; peak in 0.3679, read back 0.3679; time delta max 512 frames in 3 cycles
[3119.160] other apps meter (10 s): loopback ch 3-4 peak -9.8 dBFS, player out peak -9.8 dBFS; other apps: fill 2998 (target 2205), varispeed 1.000415, dry 0x, over 0; plug-in: ProcessOutput calls 2366824, Music's 1146043, other apps' frames 648861936, pid 48342; peak in 0.3229, read back 0.3045; time delta max 512 frames in 3 cycles
[3123.413] 44100 Hz fill 22050 scalar 0.999742114 under 0 over 0; clock locked, DAC scalar 0.999654; 2026-09-29 20:48:49.891 -05:00
[3123.415] music only: ProcessOutput calls 2367741, Music's 1146410, other apps' frames 649237232, pid 48342; peak in 0.2178, read back 0.2172; time delta max 512 frames in 3 cycles; other apps: fill 2924 (target 2205), varispeed 1.000378, dry 0x, over 0
[3129.291] other apps meter (10 s): loopback ch 3-4 peak -11.0 dBFS, player out peak -11.0 dBFS; other apps: fill 2832 (target 2205), varispeed 1.000333, dry 0x, over 0; plug-in: ProcessOutput calls 2369006, Music's 1146916, other apps' frames 649755376, pid 48342; peak in 0.2818, read back 0.2667; time delta max 512 frames in 3 cycles
[3139.453] other apps meter (10 s): loopback ch 3-4 peak -11.1 dBFS, player out peak -11.1 dBFS; other apps: fill 3171 (target 2205), varispeed 1.000407, dry 0x, over 0; plug-in: ProcessOutput calls 2371196, Music's 1147792, other apps' frames 650652400, pid 48342; peak in 0.2787, read back 0.2787; time delta max 512 frames in 3 cycles
[3149.587] other apps meter (10 s): loopback ch 3-4 peak -4.0 dBFS, player out peak -4.0 dBFS; other apps: fill 3005 (target 2205), varispeed 1.000388, dry 0x, over 0; plug-in: ProcessOutput calls 2373378, Music's 1148665, other apps' frames 651545840, pid 48342; peak in 0.6274, read back 0.6170; time delta max 512 frames in 3 cycles
[3153.413] 44100 Hz fill 22050 scalar 0.999612882 under 0 over 0; clock locked, DAC scalar 0.999628; 2026-09-29 20:49:19.892 -05:00
[3153.415] music only: ProcessOutput calls 2374203, Music's 1148995, other apps' frames 651883760, pid 48342; peak in 0.3346, read back 0.3163; time delta max 512 frames in 3 cycles; other apps: fill 2940 (target 2205), varispeed 1.000381, dry 0x, over 0
[3159.706] other apps meter (10 s): loopback ch 3-4 peak -9.5 dBFS, player out peak -9.5 dBFS; other apps: fill 3342 (target 2205), varispeed 1.000401, dry 0x, over 0; plug-in: ProcessOutput calls 2375558, Music's 1149537, other apps' frames 652438768, pid 48342; peak in 0.2991, read back 0.2991; time delta max 512 frames in 3 cycles
[3169.837] other apps meter (10 s): loopback ch 3-4 peak -10.2 dBFS, player out peak -10.2 dBFS; other apps: fill 3171 (target 2205), varispeed 1.000428, dry 0x, over 0; plug-in: ProcessOutput calls 2377741, Music's 1150410, other apps' frames 653333232, pid 48342; peak in 0.3101, read back 0.3071; time delta max 512 frames in 3 cycles
[3179.927] other apps meter (10 s): loopback ch 3-4 peak -8.3 dBFS, player out peak -8.3 dBFS; other apps: fill 2990 (target 2205), varispeed 1.000410, dry 0x, over 0; plug-in: ProcessOutput calls 2379914, Music's 1151279, other apps' frames 654223600, pid 48342; peak in 0.3839, read back 0.3839; time delta max 512 frames in 3 cycles
[3183.422] 44100 Hz fill 21538 scalar 0.999571536 under 0 over 0; clock locked, DAC scalar 0.999585; 2026-09-29 20:49:49.899 -05:00
[3183.424] music only: ProcessOutput calls 2380666, Music's 1151580, other apps' frames 654531312, pid 48342; peak in 0.3173, read back 0.2947; time delta max 512 frames in 3 cycles; other apps: fill 3441 (target 2205), varispeed 1.000383, dry 0x, over 0
[3190.063] other apps meter (10 s): loopback ch 3-4 peak -9.4 dBFS, player out peak -9.4 dBFS; other apps: fill 3316 (target 2205), varispeed 1.000461, dry 0x, over 0; plug-in: ProcessOutput calls 2382098, Music's 1152153, other apps' frames 655117552, pid 48342; peak in 0.3374, read back 0.3140; time delta max 512 frames in 3 cycles
[3200.190] other apps meter (10 s): loopback ch 3-4 peak -11.1 dBFS, player out peak -11.1 dBFS; other apps: fill 3132 (target 2205), varispeed 1.000303, dry 0x, over 0; plug-in: ProcessOutput calls 2384279, Music's 1153025, other apps' frames 656011504, pid 48342; peak in 0.2782, read back 0.2782; time delta max 512 frames in 3 cycles
[3210.316] other apps meter (10 s): loopback ch 3-4 peak -11.3 dBFS, player out peak -11.3 dBFS; other apps: fill 2967 (target 2205), varispeed 1.000390, dry 0x, over 0; plug-in: ProcessOutput calls 2386461, Music's 1153898, other apps' frames 656904944, pid 48342; peak in 0.2713, read back 0.2692; time delta max 512 frames in 3 cycles
[3213.421] 44100 Hz fill 22050 scalar 0.999563945 under 0 over 0; clock locked, DAC scalar 0.999578; 2026-09-29 20:50:19.900 -05:00
[3213.423] music only: ProcessOutput calls 2387129, Music's 1154165, other apps' frames 657178864, pid 48342; peak in 0.2174, read back 0.2174; time delta max 512 frames in 3 cycles; other apps: fill 2915 (target 2205), varispeed 1.000370, dry 0x, over 0
[3220.451] other apps meter (10 s): loopback ch 3-4 peak -12.6 dBFS, player out peak -12.6 dBFS; other apps: fill 3292 (target 2205), varispeed 1.000439, dry 0x, over 0; plug-in: ProcessOutput calls 2388643, Music's 1154771, other apps' frames 657798384, pid 48342; peak in 0.2348, read back 0.2296; time delta max 512 frames in 3 cycles
[3230.596] other apps meter (10 s): loopback ch 3-4 peak -8.0 dBFS, player out peak -8.0 dBFS; other apps: fill 3117 (target 2205), varispeed 1.000346, dry 0x, over 0; plug-in: ProcessOutput calls 2390828, Music's 1155645, other apps' frames 658693360, pid 48342; peak in 0.3985, read back 0.3725; time delta max 512 frames in 3 cycles
[3240.700] other apps meter (10 s): loopback ch 3-4 peak -9.1 dBFS, player out peak -9.1 dBFS; other apps: fill 2961 (target 2205), varispeed 1.000388, dry 0x, over 0; plug-in: ProcessOutput calls 2393006, Music's 1156516, other apps' frames 659585776, pid 48342; peak in 0.3501, read back 0.2735; time delta max 512 frames in 3 cycles
[3243.427] 44100 Hz fill 22050 scalar 0.999566493 under 0 over 0; clock locked, DAC scalar 0.999572; 2026-09-29 20:50:49.906 -05:00
[3243.429] music only: ProcessOutput calls 2393593, Music's 1156751, other apps' frames 659825904, pid 48342; peak in 0.3948, read back 0.3494; time delta max 512 frames in 3 cycles; other apps: fill 2916 (target 2205), varispeed 1.000371, dry 0x, over 0
[3250.827] other apps meter (10 s): loopback ch 3-4 peak -8.1 dBFS, player out peak -8.1 dBFS; other apps: fill 2787 (target 2205), varispeed 1.000378, dry 0x, over 0; plug-in: ProcessOutput calls 2395186, Music's 1157388, other apps' frames 660478704, pid 48342; peak in 0.3375, read back 0.2487; time delta max 512 frames in 3 cycles
[3260.948] other apps meter (10 s): loopback ch 3-4 peak -11.7 dBFS, player out peak -11.7 dBFS; other apps: fill 3133 (target 2205), varispeed 1.000398, dry 0x, over 0; plug-in: ProcessOutput calls 2397366, Music's 1158260, other apps' frames 661371632, pid 48342; peak in 0.2610, read back 0.2564; time delta max 512 frames in 3 cycles
[3271.073] other apps meter (10 s): loopback ch 3-4 peak -9.7 dBFS, player out peak -9.7 dBFS; other apps: fill 2950 (target 2205), varispeed 1.000391, dry 0x, over 0; plug-in: ProcessOutput calls 2399548, Music's 1159133, other apps' frames 662265072, pid 48342; peak in 0.3262, read back 0.3262; time delta max 512 frames in 3 cycles
[3273.430] 44100 Hz fill 22050 scalar 0.999546680 under 0 over 0; clock locked, DAC scalar 0.999582; 2026-09-29 20:51:19.909 -05:00
[3273.433] music only: ProcessOutput calls 2400056, Music's 1159336, other apps' frames 662473456, pid 48342; peak in 0.2446, read back 0.2446; time delta max 512 frames in 3 cycles; other apps: fill 2910 (target 2205), varispeed 1.000423, dry 0x, over 0
[3281.201] other apps meter (10 s): loopback ch 3-4 peak -11.2 dBFS, player out peak -11.2 dBFS; other apps: fill 3282 (target 2205), varispeed 1.000416, dry 0x, over 0; plug-in: ProcessOutput calls 2401731, Music's 1160006, other apps' frames 663159536, pid 48342; peak in 0.2768, read back 0.2697; time delta max 512 frames in 3 cycles
[3291.318] other apps meter (10 s): loopback ch 3-4 peak -9.1 dBFS, player out peak -9.1 dBFS; other apps: fill 2585 (target 2205), varispeed 1.000358, dry 0x, over 0; plug-in: ProcessOutput calls 2403909, Music's 1160877, other apps' frames 664051952, pid 48342; peak in 0.3523, read back 0.3523; time delta max 512 frames in 3 cycles
[3301.490] other apps meter (10 s): loopback ch 3-4 peak -11.3 dBFS, player out peak -11.3 dBFS; other apps: fill 2923 (target 2205), varispeed 1.000377, dry 0x, over 0; plug-in: ProcessOutput calls 2406101, Music's 1161754, other apps' frames 664949488, pid 48342; peak in 0.2736, read back 0.2735; time delta max 512 frames in 3 cycles
[3303.437] 44100 Hz fill 22050 scalar 0.999571212 under 0 over 0; clock locked, DAC scalar 0.999588; 2026-09-29 20:51:49.915 -05:00
[3303.438] music only: ProcessOutput calls 2406521, Music's 1161922, other apps' frames 665121520, pid 48342; peak in 0.1403, read back 0.1403; time delta max 512 frames in 3 cycles; other apps: fill 2891 (target 2205), varispeed 1.000362, dry 0x, over 0
[3304.178] decoder: 44100.0 Hz (lossy)
[3311.603] other apps meter (10 s): loopback ch 3-4 peak -9.0 dBFS, player out peak -9.0 dBFS; other apps: fill 2759 (target 2205), varispeed 1.000403, dry 0x, over 0; plug-in: ProcessOutput calls 2408279, Music's 1162625, other apps' frames 665841904, pid 48342; peak in 0.3544, read back 0.3544; time delta max 512 frames in 3 cycles
[3312.884] playerInfo: Playing Veneno Para Las Hadas
[3312.939] new track Veneno Para Las Hadas (Music's rate for the track): decoder 44100.0 Hz lossy (seen 8.703 s before Playing), DAC 44100 Hz
[3315.138] source depth from the samples: neither 16 nor 24 bit (on neither the 16- nor the 24-bit grid (86536 of 89088 samples): lossy)
[3321.700] other apps meter (10 s): loopback ch 3-4 peak -11.9 dBFS, player out peak -11.9 dBFS; other apps: fill 3099 (target 2205), varispeed 1.000423, dry 0x, over 0; plug-in: ProcessOutput calls 2410454, Music's 1163495, other apps' frames 666732784, pid 48342; peak in 0.2540, read back 0.2281; time delta max 512 frames in 3 cycles
[3331.804] other apps meter (10 s): loopback ch 3-4 peak -11.6 dBFS, player out peak -11.6 dBFS; other apps: fill 2926 (target 2205), varispeed 1.000380, dry 0x, over 0; plug-in: ProcessOutput calls 2412631, Music's 1164366, other apps' frames 667624176, pid 48342; peak in 0.2632, read back 0.2632; time delta max 512 frames in 3 cycles
[3333.437] 44100 Hz fill 22050 scalar 0.999652801 under 0 over 0; clock locked, DAC scalar 0.999627; 2026-09-29 20:52:19.916 -05:00
[3333.439] music only: ProcessOutput calls 2412983, Music's 1164507, other apps' frames 667768048, pid 48342; peak in 0.2087, read back 0.2087; time delta max 512 frames in 3 cycles; other apps: fill 2899 (target 2205), varispeed 1.000364, dry 0x, over 0
[3341.913] other apps meter (10 s): loopback ch 3-4 peak -10.9 dBFS, player out peak -10.9 dBFS; other apps: fill 3270 (target 2205), varispeed 1.000426, dry 0x, over 0; plug-in: ProcessOutput calls 2414808, Music's 1165237, other apps' frames 668515568, pid 48342; peak in 0.2855, read back 0.2855; time delta max 512 frames in 3 cycles
[3352.058] other apps meter (10 s): loopback ch 3-4 peak -10.9 dBFS, player out peak -10.9 dBFS; other apps: fill 3096 (target 2205), varispeed 1.000353, dry 0x, over 0; plug-in: ProcessOutput calls 2416994, Music's 1166111, other apps' frames 669411568, pid 48342; peak in 0.2836, read back 0.2836; time delta max 512 frames in 3 cycles
[3362.200] other apps meter (10 s): loopback ch 3-4 peak -11.8 dBFS, player out peak -11.8 dBFS; other apps: fill 2918 (target 2205), varispeed 1.000377, dry 0x, over 0; plug-in: ProcessOutput calls 2419179, Music's 1166985, other apps' frames 670306544, pid 48342; peak in 0.2585, read back 0.2585; time delta max 512 frames in 3 cycles
[3363.437] 44100 Hz fill 22050 scalar 0.999789694 under 0 over 0; clock locked, DAC scalar 0.999715; 2026-09-29 20:52:49.916 -05:00
[3363.439] music only: ProcessOutput calls 2419446, Music's 1167092, other apps' frames 670415600, pid 48342; peak in 0.2068, read back 0.2068; time delta max 512 frames in 3 cycles; other apps: fill 2895 (target 2205), varispeed 1.000456, dry 0x, over 0
[3372.311] other apps meter (10 s): loopback ch 3-4 peak -10.9 dBFS, player out peak -10.9 dBFS; other apps: fill 2726 (target 2205), varispeed 1.000417, dry 0x, over 0; plug-in: ProcessOutput calls 2421356, Music's 1167856, other apps' frames 671197936, pid 48342; peak in 0.2843, read back 0.2843; time delta max 512 frames in 3 cycles
[3382.439] other apps meter (10 s): loopback ch 3-4 peak -10.9 dBFS, player out peak -10.9 dBFS; other apps: fill 3068 (target 2205), varispeed 1.000319, dry 0x, over 0; plug-in: ProcessOutput calls 2423538, Music's 1168729, other apps' frames 672091376, pid 48342; peak in 0.2841, read back 0.2769; time delta max 512 frames in 3 cycles
[3392.587] other apps meter (10 s): loopback ch 3-4 peak -11.6 dBFS, player out peak -11.6 dBFS; other apps: fill 2898 (target 2205), varispeed 1.000366, dry 0x, over 0; plug-in: ProcessOutput calls 2425724, Music's 1169603, other apps' frames 672987376, pid 48342; peak in 0.2636, read back 0.2618; time delta max 512 frames in 3 cycles
[3393.447] 44100 Hz fill 21538 scalar 0.999580525 under 0 over 0; clock locked, DAC scalar 0.999571; 2026-09-29 20:53:19.925 -05:00
[3393.449] music only: ProcessOutput calls 2425911, Music's 1169678, other apps' frames 673063664, pid 48342; peak in 0.2513, read back 0.2313; time delta max 512 frames in 3 cycles; other apps: fill 3395 (target 2205), varispeed 1.000409, dry 0x, over 0
[3402.697] other apps meter (10 s): loopback ch 3-4 peak -9.4 dBFS, player out peak -9.4 dBFS; other apps: fill 2711 (target 2205), varispeed 1.000355, dry 0x, over 0; plug-in: ProcessOutput calls 2427901, Music's 1170474, other apps' frames 673878768, pid 48342; peak in 0.3369, read back 0.3369; time delta max 512 frames in 3 cycles
[3412.823] other apps meter (10 s): loopback ch 3-4 peak -11.4 dBFS, player out peak -11.4 dBFS; other apps: fill 3034 (target 2205), varispeed 1.000375, dry 0x, over 0; plug-in: ProcessOutput calls 2430083, Music's 1171347, other apps' frames 674772208, pid 48342; peak in 0.2692, read back 0.2692; time delta max 512 frames in 3 cycles
[3422.934] other apps meter (10 s): loopback ch 3-4 peak -12.5 dBFS, player out peak -12.5 dBFS; other apps: fill 2863 (target 2205), varispeed 1.000391, dry 0x, over 0; plug-in: ProcessOutput calls 2432261, Music's 1172218, other apps' frames 675664624, pid 48342; peak in 0.2375, read back 0.2375; time delta max 512 frames in 3 cycles
[3423.457] 44100 Hz fill 22050 scalar 0.999566358 under 0 over 0; clock locked, DAC scalar 0.999573; 2026-09-29 20:53:49.935 -05:00
[3423.459] music only: ProcessOutput calls 2432374, Music's 1172263, other apps' frames 675711216, pid 48342; peak in 0.1937, read back 0.2259; time delta max 512 frames in 3 cycles; other apps: fill 3367 (target 2205), varispeed 1.000368, dry 0x, over 0
[3433.033] other apps meter (10 s): loopback ch 3-4 peak -8.7 dBFS, player out peak -8.7 dBFS; other apps: fill 2686 (target 2205), varispeed 1.000410, dry 0x, over 0; plug-in: ProcessOutput calls 2434436, Music's 1173088, other apps' frames 676555504, pid 48342; peak in 0.3685, read back 0.3685; time delta max 512 frames in 3 cycles
[3443.134] other apps meter (10 s): loopback ch 3-4 peak -9.2 dBFS, player out peak -9.2 dBFS; other apps: fill 3023 (target 2205), varispeed 1.000398, dry 0x, over 0; plug-in: ProcessOutput calls 2436613, Music's 1173959, other apps' frames 677446896, pid 48342; peak in 0.3478, read back 0.3223; time delta max 512 frames in 3 cycles
[3453.234] other apps meter (10 s): loopback ch 3-4 peak -9.8 dBFS, player out peak -9.8 dBFS; other apps: fill 2852 (target 2205), varispeed 1.000450, dry 0x, over 0; plug-in: ProcessOutput calls 2438788, Music's 1174829, other apps' frames 678337776, pid 48342; peak in 0.3223, read back 0.3223; time delta max 512 frames in 3 cycles
[3453.462] 44100 Hz fill 22050 scalar 0.999566066 under 0 over 0; clock locked, DAC scalar 0.999571; 2026-09-29 20:54:19.938 -05:00
[3453.464] music only: ProcessOutput calls 2438838, Music's 1174849, other apps' frames 678358256, pid 48342; peak in 0.2773, read back 0.2773; time delta max 512 frames in 3 cycles; other apps: fill 2847 (target 2205), varispeed 1.000425, dry 0x, over 0
[3463.374] other apps meter (10 s): loopback ch 3-4 peak -8.6 dBFS, player out peak -8.6 dBFS; other apps: fill 2668 (target 2205), varispeed 1.000441, dry 0x, over 0; plug-in: ProcessOutput calls 2440973, Music's 1175703, other apps' frames 679232752, pid 48342; peak in 0.3718, read back 0.3718; time delta max 512 frames in 3 cycles
[3473.486] other apps meter (10 s): loopback ch 3-4 peak -11.2 dBFS, player out peak -11.2 dBFS; other apps: fill 3000 (target 2205), varispeed 1.000383, dry 0x, over 0; plug-in: ProcessOutput calls 2443151, Music's 1176574, other apps' frames 680125168, pid 48342; peak in 0.2740, read back 0.2725; time delta max 512 frames in 3 cycles
[3483.468] 44100 Hz fill 22050 scalar 0.999553458 under 0 over 0; clock locked, DAC scalar 0.999580; 2026-09-29 20:54:49.947 -05:00
[3483.470] music only: ProcessOutput calls 2445301, Music's 1177434, other apps' frames 681005808, pid 48342; peak in 0.2541, read back 0.2455; time delta max 512 frames in 3 cycles; other apps: fill 2838 (target 2205), varispeed 1.000395, dry 0x, over 0
[3483.672] other apps meter (10 s): loopback ch 3-4 peak -11.9 dBFS, player out peak -11.9 dBFS; other apps: fill 2834 (target 2205), varispeed 1.000395, dry 0x, over 0; plug-in: ProcessOutput calls 2445346, Music's 1177452, other apps' frames 681024240, pid 48342; peak in 0.0163, read back 0.0163; time delta max 512 frames in 3 cycles
[3493.784] other apps meter (10 s): loopback ch 3-4 peak -11.7 dBFS, player out peak -11.7 dBFS; other apps: fill 2657 (target 2205), varispeed 1.000417, dry 0x, over 0; plug-in: ProcessOutput calls 2447524, Music's 1178323, other apps' frames 681916656, pid 48342; peak in 0.2591, read back 0.2515; time delta max 512 frames in 3 cycles
[3503.893] other apps meter (10 s): loopback ch 3-4 peak -11.4 dBFS, player out peak -11.4 dBFS; other apps: fill 2988 (target 2205), varispeed 1.000384, dry 0x, over 0; plug-in: ProcessOutput calls 2449701, Music's 1179194, other apps' frames 682808048, pid 48342; peak in 0.2705, read back 0.2705; time delta max 512 frames in 3 cycles
[3513.474] 44100 Hz fill 22050 scalar 0.999549984 under 0 over 0; clock locked, DAC scalar 0.999592; 2026-09-29 20:55:19.953 -05:00
[3513.477] music only: ProcessOutput calls 2451766, Music's 1180020, other apps' frames 683653872, pid 48342; peak in 0.3118, read back 0.2896; time delta max 512 frames in 3 cycles; other apps: fill 2831 (target 2205), varispeed 1.000366, dry 0x, over 0
[3514.017] other apps meter (10 s): loopback ch 3-4 peak -10.1 dBFS, player out peak -10.1 dBFS; other apps: fill 2822 (target 2205), varispeed 1.000406, dry 0x, over 0; plug-in: ProcessOutput calls 2451882, Music's 1180066, other apps' frames 683701488, pid 48342; peak in 0.1383, read back 0.1379; time delta max 512 frames in 3 cycles
[3524.135] other apps meter (10 s): loopback ch 3-4 peak -10.5 dBFS, player out peak -10.5 dBFS; other apps: fill 2652 (target 2205), varispeed 1.000357, dry 0x, over 0; plug-in: ProcessOutput calls 2454061, Music's 1180938, other apps' frames 684593904, pid 48342; peak in 0.3000, read back 0.2656; time delta max 512 frames in 3 cycles
[3534.256] other apps meter (10 s): loopback ch 3-4 peak -10.1 dBFS, player out peak -10.1 dBFS; other apps: fill 2990 (target 2205), varispeed 1.000404, dry 0x, over 0; plug-in: ProcessOutput calls 2456241, Music's 1181810, other apps' frames 685486832, pid 48342; peak in 0.3138, read back 0.2971; time delta max 512 frames in 3 cycles
[3543.486] 44100 Hz fill 22050 scalar 0.999591388 under 0 over 0; clock locked, DAC scalar 0.999600; 2026-09-29 20:55:49.964 -05:00
[3543.487] music only: ProcessOutput calls 2458231, Music's 1182606, other apps' frames 686301936, pid 48342; peak in 0.2751, read back 0.2594; time delta max 512 frames in 3 cycles; other apps: fill 2833 (target 2205), varispeed 1.000378, dry 0x, over 0
[3544.364] other apps meter (10 s): loopback ch 3-4 peak -11.2 dBFS, player out peak -11.2 dBFS; other apps: fill 2818 (target 2205), varispeed 1.000365, dry 0x, over 0; plug-in: ProcessOutput calls 2458419, Music's 1182681, other apps' frames 686379248, pid 48342; peak in 0.2295, read back 0.2295; time delta max 512 frames in 3 cycles
[3554.531] other apps meter (10 s): loopback ch 3-4 peak -9.2 dBFS, player out peak -9.2 dBFS; other apps: fill 3172 (target 2205), varispeed 1.000322, dry 0x, over 0; plug-in: ProcessOutput calls 2460609, Music's 1183557, other apps' frames 687276272, pid 48342; peak in 0.3487, read back 0.3487; time delta max 512 frames in 3 cycles
[3564.646] other apps meter (10 s): loopback ch 3-4 peak -11.0 dBFS, player out peak -11.0 dBFS; other apps: fill 2984 (target 2205), varispeed 1.000411, dry 0x, over 0; plug-in: ProcessOutput calls 2462789, Music's 1184429, other apps' frames 688169200, pid 48342; peak in 0.2832, read back 0.2737; time delta max 512 frames in 3 cycles
[3573.491] 44100 Hz fill 22050 scalar 0.999662499 under 0 over 0; clock locked, DAC scalar 0.999637; 2026-09-29 20:56:19.969 -05:00
[3573.497] music only: ProcessOutput calls 2464694, Music's 1185191, other apps' frames 688949488, pid 48342; peak in 0.2979, read back 0.2979; time delta max 512 frames in 3 cycles; other apps: fill 2837 (target 2205), varispeed 1.000376, dry 0x, over 0
[3574.768] other apps meter (10 s): loopback ch 3-4 peak -10.5 dBFS, player out peak -10.5 dBFS; other apps: fill 2817 (target 2205), varispeed 1.000353, dry 0x, over 0; plug-in: ProcessOutput calls 2464969, Music's 1185301, other apps' frames 689062128, pid 48342; peak in 0.2325, read back 0.2325; time delta max 512 frames in 3 cycles
[3581.316] volume 0.7500: DAC [0] -> -16.0 dB
[3581.973] volume 0.8125: DAC [0] -> -12.0 dB
[3584.886] other apps meter (10 s): loopback ch 3-4 peak -11.6 dBFS, player out peak -11.8 dBFS; other apps: fill 3156 (target 2205), varispeed 1.000377, dry 0x, over 0; plug-in: ProcessOutput calls 2467148, Music's 1186173, other apps' frames 689954032, pid 48342; peak in 0.2643, read back 0.2550; time delta max 512 frames in 3 cycles
[3595.024] other apps meter (10 s): loopback ch 3-4 peak -11.2 dBFS, player out peak -11.2 dBFS; other apps: fill 2971 (target 2205), varispeed 1.000397, dry 0x, over 0; plug-in: ProcessOutput calls 2469059, Music's 1187047, other apps' frames 690568432, pid 48342; peak in 0.2761, read back 0.2761; time delta max 512 frames in 3 cycles
[3603.493] 44100 Hz fill 22050 scalar 0.999814585 under 0 over 0; clock locked, DAC scalar 0.999732; 2026-09-29 20:56:49.972 -05:00
[3603.495] music only: ProcessOutput calls 2470519, Music's 1187777, other apps' frames 690942192, pid 48342; peak in 0.0000, read back 0.0000; time delta max 512 frames in 3 cycles; other apps: fill 3338 (target 2205), varispeed 1.000417, dry 0x, over 0
[3605.166] other apps meter (10 s): loopback ch 3-4 peak silent, player out peak silent; other apps: fill 2798 (target 2205), varispeed 1.000362, dry 0x, over 0; plug-in: ProcessOutput calls 2470806, Music's 1187920, other apps' frames 691015920, pid 48342; peak in 0.0000, read back 0.0000; time delta max 512 frames in 3 cycles
[3615.291] other apps meter (10 s): loopback ch 3-4 peak silent, player out peak silent; other apps: fill 3135 (target 2205), varispeed 1.000391, dry 0x, over 0; plug-in: ProcessOutput calls 2472551, Music's 1188793, other apps' frames 691462384, pid 48342; peak in 0.0000, read back 0.0000; time delta max 512 frames in 3 cycles
[3625.419] other apps meter (10 s): loopback ch 3-4 peak silent, player out peak silent; other apps: fill 2959 (target 2205), varispeed 1.000390, dry 0x, over 0; plug-in: ProcessOutput calls 2474297, Music's 1189666, other apps' frames 691909360, pid 48342; peak in 0.0000, read back 0.0000; time delta max 512 frames in 3 cycles
[3633.496] 44100 Hz fill 22050 scalar 0.999579342 under 0 over 0; clock locked, DAC scalar 0.999575; 2026-09-29 20:57:19.974 -05:00
[3633.500] music only: ProcessOutput calls 2475689, Music's 1190362, other apps' frames 692265712, pid 48342; peak in 0.0000, read back 0.0000; time delta max 512 frames in 3 cycles; other apps: fill 2823 (target 2205), varispeed 1.000384, dry 0x, over 0
[3635.539] other apps meter (10 s): loopback ch 3-4 peak silent, player out peak silent; other apps: fill 3302 (target 2205), varispeed 1.000387, dry 0x, over 0; plug-in: ProcessOutput calls 2476041, Music's 1190538, other apps' frames 692355824, pid 48342; peak in 0.0000, read back 0.0000; time delta max 512 frames in 3 cycles
[3645.674] other apps meter (10 s): loopback ch 3-4 peak silent, player out peak silent; other apps: fill 3115 (target 2205), varispeed 1.000419, dry 0x, over 0; plug-in: ProcessOutput calls 2477787, Music's 1191411, other apps' frames 692802800, pid 48342; peak in 0.0000, read back 0.0000; time delta max 512 frames in 3 cycles
[3655.813] other apps meter (10 s): loopback ch 3-4 peak silent, player out peak silent; other apps: fill 2943 (target 2205), varispeed 1.000374, dry 0x, over 0; plug-in: ProcessOutput calls 2479533, Music's 1192284, other apps' frames 693249776, pid 48342; peak in 0.0000, read back 0.0000; time delta max 512 frames in 3 cycles
[3663.505] 44100 Hz fill 21538 scalar 0.999572245 under 0 over 0; clock locked, DAC scalar 0.999581; 2026-09-29 20:57:49.983 -05:00
[3663.507] music only: ProcessOutput calls 2480861, Music's 1192948, other apps' frames 693589744, pid 48342; peak in 0.0000, read back 0.0000; time delta max 512 frames in 3 cycles; other apps: fill 3330 (target 2205), varispeed 1.000381, dry 0x, over 0
[3665.917] other apps meter (10 s): loopback ch 3-4 peak silent, player out peak silent; other apps: fill 2777 (target 2205), varispeed 1.000357, dry 0x, over 0; plug-in: ProcessOutput calls 2481275, Music's 1193155, other apps' frames 693695728, pid 48342; peak in 0.0000, read back 0.0000; time delta max 512 frames in 3 cycles
[3676.036] other apps meter (10 s): loopback ch 3-4 peak silent, player out peak silent; other apps: fill 3123 (target 2205), varispeed 1.000363, dry 0x, over 0; plug-in: ProcessOutput calls 2483019, Music's 1194027, other apps' frames 694142192, pid 48342; peak in 0.0000, read back 0.0000; time delta max 512 frames in 3 cycles
[3686.168] other apps meter (10 s): loopback ch 3-4 peak silent, player out peak silent; other apps: fill 2950 (target 2205), varispeed 1.000391, dry 0x, over 0; plug-in: ProcessOutput calls 2484765, Music's 1194900, other apps' frames 694589168, pid 48342; peak in 0.0000, read back 0.0000; time delta max 512 frames in 3 cycles
[3693.509] 44100 Hz fill 22050 scalar 0.999555064 under 0 over 0; clock locked, DAC scalar 0.999571; 2026-09-29 20:58:19.988 -05:00
[3693.512] music only: ProcessOutput calls 2486031, Music's 1195533, other apps' frames 694913264, pid 48342; peak in 0.0000, read back 0.0000; time delta max 512 frames in 3 cycles; other apps: fill 2821 (target 2205), varispeed 1.000379, dry 0x, over 0
[3696.270] other apps meter (10 s): loopback ch 3-4 peak silent, player out peak silent; other apps: fill 2776 (target 2205), varispeed 1.000349, dry 0x, over 0; plug-in: ProcessOutput calls 2486507, Music's 1195771, other apps' frames 695035120, pid 48342; peak in 0.0000, read back 0.0000; time delta max 512 frames in 3 cycles
[3706.397] other apps meter (10 s): loopback ch 3-4 peak silent, player out peak silent; other apps: fill 3106 (target 2205), varispeed 1.000422, dry 0x, over 0; plug-in: ProcessOutput calls 2488251, Music's 1196643, other apps' frames 695481584, pid 48342; peak in 0.0000, read back 0.0000; time delta max 512 frames in 3 cycles
[3716.504] other apps meter (10 s): loopback ch 3-4 peak silent, player out peak silent; other apps: fill 2941 (target 2205), varispeed 1.000365, dry 0x, over 0; plug-in: ProcessOutput calls 2489993, Music's 1197514, other apps' frames 695927536, pid 48342; peak in 0.0000, read back 0.0000; time delta max 512 frames in 3 cycles
[3723.516] 44100 Hz fill 21538 scalar 0.999559991 under 0 over 0; clock locked, DAC scalar 0.999585; 2026-09-29 20:58:49.995 -05:00
[3723.518] music only: ProcessOutput calls 2491202, Music's 1198118, other apps' frames 696237296, pid 48342; peak in 0.0000, read back 0.0000; time delta max 512 frames in 3 cycles; other apps: fill 3344 (target 2205), varispeed 1.000331, dry 0x, over 0
[3726.641] other apps meter (10 s): loopback ch 3-4 peak silent, player out peak silent; other apps: fill 2783 (target 2205), varispeed 1.000381, dry 0x, over 0; plug-in: ProcessOutput calls 2491741, Music's 1198388, other apps' frames 696375024, pid 48342; peak in 0.0000, read back 0.0000; time delta max 512 frames in 3 cycles
[3729.639] decoder: 44100.0 Hz (lossy)
[3730.032] playerInfo: Playing Swallowed Whole
[3730.260] new track Swallowed Whole (Music's rate for the track): decoder 44100.0 Hz lossy (seen 0.389 s before Playing), DAC 44100 Hz
[3730.975] decoder: 44100.0 Hz (lossless)
[3733.290] source depth from the samples: neither 16 nor 24 bit (on neither the 16- nor the 24-bit grid (82527 of 88064 samples): Music changes them (volume, Sound Check, EQ) or the source is float)
[3736.822] other apps meter (10 s): loopback ch 3-4 peak silent, player out peak silent; other apps: fill 3102 (target 2205), varispeed 1.000400, dry 0x, over 0; plug-in: ProcessOutput calls 2493495, Music's 1199265, other apps' frames 696824048, pid 48342; peak in 0.0000, read back 0.0000; time delta max 512 frames in 3 cycles
[3739.092] volume 0.7500: DAC [0] -> -16.0 dB
[3740.058] volume 0.6875: DAC [0] -> -20.0 dB
[3742.889] volume 0.7500: DAC [0] -> -16.0 dB
[3743.585] volume 0.6875: DAC [0] -> -20.0 dB
[3746.953] other apps meter (10 s): loopback ch 3-4 peak silent, player out peak silent; other apps: fill 2919 (target 2205), varispeed 1.000378, dry 0x, over 0; plug-in: ProcessOutput calls 2495241, Music's 1200138, other apps' frames 697271024, pid 48342; peak in 0.0000, read back 0.0000; time delta max 512 frames in 3 cycles
[3753.528] 44100 Hz fill 21538 scalar 0.999562197 under 0 over 0; clock locked, DAC scalar 0.999602; 2026-09-29 20:59:20.007 -05:00
[3753.531] music only: ProcessOutput calls 2496375, Music's 1200705, other apps' frames 697561328, pid 48342; peak in 0.0000, read back 0.0000; time delta max 512 frames in 3 cycles; other apps: fill 3317 (target 2205), varispeed 1.000436, dry 0x, over 0
[3757.106] other apps meter (10 s): loopback ch 3-4 peak silent, player out peak silent; other apps: fill 2746 (target 2205), varispeed 1.000408, dry 0x, over 0; plug-in: ProcessOutput calls 2496991, Music's 1201013, other apps' frames 697719024, pid 48342; peak in 0.0000, read back 0.0000; time delta max 512 frames in 3 cycles
[3767.208] other apps meter (10 s): loopback ch 3-4 peak silent, player out peak silent; other apps: fill 3060 (target 2205), varispeed 1.000383, dry 0x, over 0; plug-in: ProcessOutput calls 2498731, Music's 1201883, other apps' frames 698164464, pid 48342; peak in 0.0000, read back 0.0000; time delta max 512 frames in 3 cycles
[3777.329] other apps meter (10 s): loopback ch 3-4 peak silent, player out peak silent; other apps: fill 2886 (target 2205), varispeed 1.000361, dry 0x, over 0; plug-in: ProcessOutput calls 2500475, Music's 1202755, other apps' frames 698610928, pid 48342; peak in 0.0000, read back 0.0000; time delta max 512 frames in 3 cycles
[3783.533] 44100 Hz fill 22050 scalar 0.999612828 under 0 over 0; clock locked, DAC scalar 0.999612; 2026-09-29 20:59:50.011 -05:00
[3783.535] music only: ProcessOutput calls 2501545, Music's 1203290, other apps' frames 698884848, pid 48342; peak in 0.0000, read back 0.0000; time delta max 512 frames in 3 cycles; other apps: fill 2778 (target 2205), varispeed 1.000420, dry 0x, over 0
[3787.450] other apps meter (10 s): loopback ch 3-4 peak silent, player out peak silent; other apps: fill 3222 (target 2205), varispeed 1.000399, dry 0x, over 0; plug-in: ProcessOutput calls 2502219, Music's 1203627, other apps' frames 699057392, pid 48342; peak in 0.0000, read back 0.0000; time delta max 512 frames in 3 cycles
[3797.554] other apps meter (10 s): loopback ch 3-4 peak silent, player out peak silent; other apps: fill 3053 (target 2205), varispeed 1.000329, dry 0x, over 0; plug-in: ProcessOutput calls 2503961, Music's 1204498, other apps' frames 699503344, pid 48342; peak in 0.0000, read back 0.0000; time delta max 512 frames in 3 cycles
[3807.663] other apps meter (10 s): loopback ch 3-4 peak silent, player out peak silent; other apps: fill 3402 (target 2205), varispeed 1.000359, dry 0x, over 0; plug-in: ProcessOutput calls 2505703, Music's 1205369, other apps' frames 699949296, pid 48342; peak in 0.0000, read back 0.0000; time delta max 512 frames in 3 cycles
[3813.545] 44100 Hz fill 22050 scalar 0.999725735 under 0 over 0; clock locked, DAC scalar 0.999671; 2026-09-29 21:00:20.023 -05:00
[3813.547] music only: ProcessOutput calls 2506717, Music's 1205876, other apps' frames 700208880, pid 48342; peak in 0.0000, read back 0.0000; time delta max 512 frames in 3 cycles; other apps: fill 2787 (target 2205), varispeed 1.000379, dry 0x, over 0
[3817.800] other apps meter (10 s): loopback ch 3-4 peak silent, player out peak silent; other apps: fill 2713 (target 2205), varispeed 1.000393, dry 0x, over 0; plug-in: ProcessOutput calls 2507449, Music's 1206242, other apps' frames 700396272, pid 48342; peak in 0.0000, read back 0.0000; time delta max 512 frames in 3 cycles
[3827.912] other apps meter (10 s): loopback ch 3-4 peak silent, player out peak silent; other apps: fill 3055 (target 2205), varispeed 1.000386, dry 0x, over 0; plug-in: ProcessOutput calls 2509193, Music's 1207114, other apps' frames 700842736, pid 48342; peak in 0.0000, read back 0.0000; time delta max 512 frames in 3 cycles
[3838.022] other apps meter (10 s): loopback ch 3-4 peak silent, player out peak silent; other apps: fill 2886 (target 2205), varispeed 1.000410, dry 0x, over 0; plug-in: ProcessOutput calls 2510935, Music's 1207985, other apps' frames 701288688, pid 48342; peak in 0.0000, read back 0.0000; time delta max 512 frames in 3 cycles
[3843.550] 44100 Hz fill 22050 scalar 0.999686472 under 0 over 0; clock locked, DAC scalar 0.999677; 2026-09-29 21:00:50.029 -05:00
[3843.553] music only: ProcessOutput calls 2511888, Music's 1208461, other apps' frames 701532912, pid 48342; peak in 0.0000, read back 0.0000; time delta max 512 frames in 3 cycles; other apps: fill 3300 (target 2205), varispeed 1.000373, dry 0x, over 0
[3848.117] other apps meter (10 s): loopback ch 3-4 peak silent, player out peak silent; other apps: fill 3220 (target 2205), varispeed 1.000423, dry 0x, over 0; plug-in: ProcessOutput calls 2512675, Music's 1208855, other apps' frames 701734128, pid 48342; peak in 0.0000, read back 0.0000; time delta max 512 frames in 3 cycles
[3858.223] other apps meter (10 s): loopback ch 3-4 peak silent, player out peak silent; other apps: fill 3042 (target 2205), varispeed 1.000362, dry 0x, over 0; plug-in: ProcessOutput calls 2514417, Music's 1209726, other apps' frames 702180080, pid 48342; peak in 0.0000, read back 0.0000; time delta max 512 frames in 3 cycles
[3868.352] other apps meter (10 s): loopback ch 3-4 peak silent, player out peak silent; other apps: fill 2861 (target 2205), varispeed 1.000415, dry 0x, over 0; plug-in: ProcessOutput calls 2516161, Music's 1210598, other apps' frames 702626544, pid 48342; peak in 0.0000, read back 0.0000; time delta max 512 frames in 3 cycles
[3873.561] 44100 Hz fill 22050 scalar 0.999578482 under 0 over 0; clock locked, DAC scalar 0.999572; 2026-09-29 21:01:20.040 -05:00
[3873.565] music only: ProcessOutput calls 2517059, Music's 1211047, other apps' frames 702856432, pid 48342; peak in 0.0000, read back 0.0000; time delta max 512 frames in 3 cycles; other apps: fill 3282 (target 2205), varispeed 1.000358, dry 0x, over 0
[3878.460] other apps meter (10 s): loopback ch 3-4 peak silent, player out peak silent; other apps: fill 2691 (target 2205), varispeed 1.000385, dry 0x, over 0; plug-in: ProcessOutput calls 2517903, Music's 1211469, other apps' frames 703072496, pid 48342; peak in 0.0000, read back 0.0000; time delta max 512 frames in 3 cycles
[3888.616] other apps meter (10 s): loopback ch 3-4 peak silent, player out peak silent; other apps: fill 3027 (target 2205), varispeed 1.000329, dry 0x, over 0; plug-in: ProcessOutput calls 2519653, Music's 1212344, other apps' frames 703520496, pid 48342; peak in 0.0000, read back 0.0000; time delta max 512 frames in 3 cycles
[3890.855] volume 0.6250: DAC [0] -> -24.0 dB
[3898.727] other apps meter (10 s): loopback ch 3-4 peak silent, player out peak silent; other apps: fill 2863 (target 2205), varispeed 1.000348, dry 0x, over 0; plug-in: ProcessOutput calls 2521397, Music's 1213216, other apps' frames 703966960, pid 48342; peak in 0.0000, read back 0.0000; time delta max 512 frames in 3 cycles
[3903.573] 44100 Hz fill 22050 scalar 0.999561845 under 0 over 0; clock locked, DAC scalar 0.999578; 2026-09-29 21:01:50.052 -05:00
[3903.575] music only: ProcessOutput calls 2522231, Music's 1213633, other apps' frames 704180464, pid 48342; peak in 0.0000, read back 0.0000; time delta max 512 frames in 3 cycles; other apps: fill 3300 (target 2205), varispeed 1.000320, dry 0x, over 0
[3908.850] other apps meter (10 s): loopback ch 3-4 peak silent, player out peak silent; other apps: fill 3214 (target 2205), varispeed 1.000391, dry 0x, over 0; plug-in: ProcessOutput calls 2523141, Music's 1214088, other apps' frames 704413424, pid 48342; peak in 0.0000, read back 0.0000; time delta max 512 frames in 3 cycles
[3918.963] other apps meter (10 s): loopback ch 3-4 peak silent, player out peak silent; other apps: fill 3033 (target 2205), varispeed 1.000414, dry 0x, over 0; plug-in: ProcessOutput calls 2524883, Music's 1214959, other apps' frames 704859376, pid 48342; peak in 0.0000, read back 0.0000; time delta max 512 frames in 3 cycles
[3929.076] other apps meter (10 s): loopback ch 3-4 peak silent, player out peak silent; other apps: fill 2857 (target 2205), varispeed 1.000357, dry 0x, over 0; plug-in: ProcessOutput calls 2526627, Music's 1215831, other apps' frames 705305840, pid 48342; peak in 0.0000, read back 0.0000; time delta max 512 frames in 3 cycles
[3933.579] 44100 Hz fill 22050 scalar 0.999557417 under 0 over 0; clock locked, DAC scalar 0.999588; 2026-09-29 21:02:20.058 -05:00
[3933.582] music only: ProcessOutput calls 2527403, Music's 1216219, other apps' frames 705504496, pid 48342; peak in 0.0000, read back 0.0000; time delta max 512 frames in 3 cycles; other apps: fill 2791 (target 2205), varispeed 1.000312, dry 0x, over 0
[3939.196] other apps meter (10 s): loopback ch 3-4 peak silent, player out peak silent; other apps: fill 3204 (target 2205), varispeed 1.000413, dry 0x, over 0; plug-in: ProcessOutput calls 2528371, Music's 1216703, other apps' frames 705752304, pid 48342; peak in 0.0000, read back 0.0000; time delta max 512 frames in 3 cycles
[3949.344] other apps meter (10 s): loopback ch 3-4 peak silent, player out peak silent; other apps: fill 3008 (target 2205), varispeed 1.000424, dry 0x, over 0; plug-in: ProcessOutput calls 2530119, Music's 1217577, other apps' frames 706199792, pid 48342; peak in 0.0000, read back 0.0000; time delta max 512 frames in 3 cycles
[3959.483] other apps meter (10 s): loopback ch 3-4 peak silent, player out peak silent; other apps: fill 2833 (target 2205), varispeed 1.000385, dry 0x, over 0; plug-in: ProcessOutput calls 2531867, Music's 1218451, other apps' frames 706647280, pid 48342; peak in 0.0000, read back 0.0000; time delta max 512 frames in 3 cycles
[3962.557] playerInfo: Playing Wrecking Ball
[3963.226] new track Wrecking Ball (Music's rate for the track): decoder 44100.0 Hz lossless (seen 231.588 s before Playing), DAC 44100 Hz
[3963.591] 44100 Hz fill 22050 scalar 0.999559590 under 0 over 0; clock locked, DAC scalar 0.999573; 2026-09-29 21:02:50.069 -05:00
[3963.593] music only: ProcessOutput calls 2532575, Music's 1218805, other apps' frames 706828528, pid 48342; peak in 0.0000, read back 0.0000; time delta max 512 frames in 3 cycles; other apps: fill 2761 (target 2205), varispeed 1.000448, dry 0x, over 0
[3965.255] source depth from the samples: neither 16 nor 24 bit (on neither the 16- nor the 24-bit grid (37733 of 90112 samples): Music changes them (volume, Sound Check, EQ) or the source is float); Music's log said 24 bit
[3969.803] other apps meter (10 s): loopback ch 3-4 peak silent, player out peak silent; other apps: fill 3154 (target 2205), varispeed 1.000468, dry 0x, over 0; plug-in: ProcessOutput calls 2533645, Music's 1219340, other apps' frames 707102448, pid 48342; peak in 0.0000, read back 0.0000; time delta max 512 frames in 3 cycles
[3979.952] other apps meter (10 s): loopback ch 3-4 peak silent, player out peak silent; other apps: fill 3479 (target 2205), varispeed 1.000398, dry 0x, over 0; plug-in: ProcessOutput calls 2535395, Music's 1220215, other apps' frames 707550448, pid 48342; peak in 0.0000, read back 0.0000; time delta max 512 frames in 3 cycles
[3990.074] other apps meter (10 s): loopback ch 3-4 peak silent, player out peak silent; other apps: fill 2793 (target 2205), varispeed 1.000405, dry 0x, over 0; plug-in: ProcessOutput calls 2537139, Music's 1221087, other apps' frames 707996912, pid 48342; peak in 0.0000, read back 0.0000; time delta max 512 frames in 3 cycles
[3993.609] 44100 Hz fill 22050 scalar 0.999556121 under 0 over 0; clock locked, DAC scalar 0.999582; 2026-09-29 21:03:20.081 -05:00
[3993.611] music only: ProcessOutput calls 2537747, Music's 1221391, other apps' frames 708152560, pid 48342; peak in 0.0000, read back 0.0000; time delta max 512 frames in 3 cycles; other apps: fill 3241 (target 2205), varispeed 1.000399, dry 0x, over 0
[4000.185] other apps meter (10 s): loopback ch 3-4 peak silent, player out peak silent; other apps: fill 3130 (target 2205), varispeed 1.000344, dry 0x, over 0; plug-in: ProcessOutput calls 2538881, Music's 1221958, other apps' frames 708442864, pid 48342; peak in 0.0000, read back 0.0000; time delta max 512 frames in 3 cycles
[4010.301] other apps meter (10 s): loopback ch 3-4 peak silent, player out peak silent; other apps: fill 2948 (target 2205), varispeed 1.000392, dry 0x, over 0; plug-in: ProcessOutput calls 2540625, Music's 1222830, other apps' frames 708889328, pid 48342; peak in 0.0000, read back 0.0000; time delta max 512 frames in 3 cycles
[4014.057] volume 0.6875: DAC [0] -> -20.0 dB
[4020.439] other apps meter (10 s): loopback ch 3-4 peak silent, player out peak silent; other apps: fill 2782 (target 2205), varispeed 1.000392, dry 0x, over 0; plug-in: ProcessOutput calls 2542371, Music's 1223703, other apps' frames 709336304, pid 48342; peak in 0.0000, read back 0.0000; time delta max 512 frames in 3 cycles
[4023.606] 44100 Hz fill 22050 scalar 0.999590295 under 0 over 0; clock locked, DAC scalar 0.999610; 2026-09-29 21:03:50.084 -05:00
[4023.608] music only: ProcessOutput calls 2542917, Music's 1223976, other apps' frames 709476080, pid 48342; peak in 0.0000, read back 0.0000; time delta max 512 frames in 3 cycles; other apps: fill 2732 (target 2205), varispeed 1.000376, dry 0x, over 0
[4030.561] other apps meter (10 s): loopback ch 3-4 peak silent, player out peak silent; other apps: fill 3132 (target 2205), varispeed 1.000405, dry 0x, over 0; plug-in: ProcessOutput calls 2544115, Music's 1224575, other apps' frames 709782768, pid 48342; peak in 0.0000, read back 0.0000; time delta max 512 frames in 3 cycles
[4040.677] other apps meter (10 s): loopback ch 3-4 peak silent, player out peak silent; other apps: fill 2964 (target 2205), varispeed 1.000385, dry 0x, over 0; plug-in: ProcessOutput calls 2545859, Music's 1225447, other apps' frames 710229232, pid 48342; peak in 0.0000, read back 0.0000; time delta max 512 frames in 3 cycles
[4050.805] other apps meter (10 s): loopback ch 3-4 peak silent, player out peak silent; other apps: fill 2791 (target 2205), varispeed 1.000402, dry 0x, over 0; plug-in: ProcessOutput calls 2547605, Music's 1226320, other apps' frames 710676208, pid 48342; peak in 0.0000, read back 0.0000; time delta max 512 frames in 3 cycles
[4053.608] 44100 Hz fill 22050 scalar 0.999676825 under 0 over 0; clock locked, DAC scalar 0.999633; 2026-09-29 21:04:20.086 -05:00
[4053.612] music only: ProcessOutput calls 2548087, Music's 1226561, other apps' frames 710799600, pid 48342; peak in 0.0000, read back 0.0000; time delta max 512 frames in 3 cycles; other apps: fill 3252 (target 2205), varispeed 1.000453, dry 0x, over 0
[4060.952] other apps meter (10 s): loopback ch 3-4 peak silent, player out peak silent; other apps: fill 3131 (target 2205), varispeed 1.000301, dry 0x, over 0; plug-in: ProcessOutput calls 2549353, Music's 1227194, other apps' frames 711123696, pid 48342; peak in 0.0000, read back 0.0000; time delta max 512 frames in 3 cycles
[4071.060] other apps meter (10 s): loopback ch 3-4 peak silent, player out peak silent; other apps: fill 2956 (target 2205), varispeed 1.000395, dry 0x, over 0; plug-in: ProcessOutput calls 2551095, Music's 1228065, other apps' frames 711569648, pid 48342; peak in 0.0000, read back 0.0000; time delta max 512 frames in 3 cycles
[4081.169] other apps meter (10 s): loopback ch 3-4 peak silent, player out peak silent; other apps: fill 2776 (target 2205), varispeed 1.000425, dry 0x, over 0; plug-in: ProcessOutput calls 2552837, Music's 1228936, other apps' frames 712015600, pid 48342; peak in 0.0000, read back 0.0000; time delta max 512 frames in 3 cycles
[4083.608] 44100 Hz fill 22050 scalar 0.999800447 under 0 over 0; clock locked, DAC scalar 0.999705; 2026-09-29 21:04:50.087 -05:00
[4083.615] music only: ProcessOutput calls 2553258, Music's 1229146, other apps' frames 712123632, pid 48342; peak in 0.0000, read back 0.0000; time delta max 512 frames in 3 cycles; other apps: fill 3243 (target 2205), varispeed 1.000434, dry 0x, over 0
[4091.285] other apps meter (10 s): loopback ch 3-4 peak silent, player out peak silent; other apps: fill 3101 (target 2205), varispeed 1.000364, dry 0x, over 0; plug-in: ProcessOutput calls 2554581, Music's 1229808, other apps' frames 712462064, pid 48342; peak in 0.0000, read back 0.0000; time delta max 512 frames in 3 cycles
[4101.418] other apps meter (10 s): loopback ch 3-4 peak silent, player out peak silent; other apps: fill 2931 (target 2205), varispeed 1.000379, dry 0x, over 0; plug-in: ProcessOutput calls 2556327, Music's 1230681, other apps' frames 712909040, pid 48342; peak in 0.0000, read back 0.0000; time delta max 512 frames in 3 cycles
[4111.565] other apps meter (10 s): loopback ch 3-4 peak silent, player out peak silent; other apps: fill 3275 (target 2205), varispeed 1.000437, dry 0x, over 0; plug-in: ProcessOutput calls 2558075, Music's 1231555, other apps' frames 713356528, pid 48342; peak in 0.0000, read back 0.0000; time delta max 512 frames in 3 cycles
[4113.615] 44100 Hz fill 22050 scalar 0.999588157 under 0 over 0; clock locked, DAC scalar 0.999589; 2026-09-29 21:05:20.093 -05:00
[4113.617] music only: ProcessOutput calls 2558429, Music's 1231732, other apps' frames 713447152, pid 48342; peak in 0.0000, read back 0.0000; time delta max 512 frames in 3 cycles; other apps: fill 2726 (target 2205), varispeed 1.000400, dry 0x, over 0
[4121.696] other apps meter (10 s): loopback ch 3-4 peak silent, player out peak silent; other apps: fill 3097 (target 2205), varispeed 1.000402, dry 0x, over 0; plug-in: ProcessOutput calls 2559821, Music's 1232428, other apps' frames 713803504, pid 48342; peak in 0.0000, read back 0.0000; time delta max 512 frames in 3 cycles
[4131.808] other apps meter (10 s): loopback ch 3-4 peak silent, player out peak silent; other apps: fill 2926 (target 2205), varispeed 1.000378, dry 0x, over 0; plug-in: ProcessOutput calls 2561563, Music's 1233299, other apps' frames 714249456, pid 48342; peak in 0.0000, read back 0.0000; time delta max 512 frames in 3 cycles
[4141.934] other apps meter (10 s): loopback ch 3-4 peak silent, player out peak silent; other apps: fill 3246 (target 2205), varispeed 1.000450, dry 0x, over 0; plug-in: ProcessOutput calls 2563309, Music's 1234172, other apps' frames 714696432, pid 48342; peak in 0.0000, read back 0.0000; time delta max 512 frames in 3 cycles
[4143.618] 44100 Hz fill 22050 scalar 0.999570997 under 0 over 0; clock locked, DAC scalar 0.999578; 2026-09-29 21:05:50.097 -05:00
[4143.621] music only: ProcessOutput calls 2563599, Music's 1234317, other apps' frames 714770672, pid 48342; peak in 0.0000, read back 0.0000; time delta max 512 frames in 3 cycles; other apps: fill 2702 (target 2205), varispeed 1.000409, dry 0x, over 0
[4152.054] other apps meter (10 s): loopback ch 3-4 peak silent, player out peak silent; other apps: fill 3056 (target 2205), varispeed 1.000440, dry 0x, over 0; plug-in: ProcessOutput calls 2565053, Music's 1235044, other apps' frames 715142896, pid 48342; peak in 0.0000, read back 0.0000; time delta max 512 frames in 3 cycles
[4162.163] other apps meter (10 s): loopback ch 3-4 peak silent, player out peak silent; other apps: fill 2883 (target 2205), varispeed 1.000357, dry 0x, over 0; plug-in: ProcessOutput calls 2566795, Music's 1235915, other apps' frames 715588848, pid 48342; peak in 0.0000, read back 0.0000; time delta max 512 frames in 3 cycles
[4172.292] other apps meter (10 s): loopback ch 3-4 peak silent, player out peak silent; other apps: fill 3228 (target 2205), varispeed 1.000374, dry 0x, over 0; plug-in: ProcessOutput calls 2568541, Music's 1236788, other apps' frames 716035824, pid 48342; peak in 0.0000, read back 0.0000; time delta max 512 frames in 3 cycles
[4173.637] 44100 Hz fill 22050 scalar 0.999564721 under 0 over 0; clock locked, DAC scalar 0.999582; 2026-09-29 21:06:20.116 -05:00
[4173.640] music only: ProcessOutput calls 2568773, Music's 1236904, other apps' frames 716095216, pid 48342; peak in 0.0000, read back 0.0000; time delta max 512 frames in 3 cycles; other apps: fill 2694 (target 2205), varispeed 1.000347, dry 0x, over 0
[4182.411] other apps meter (10 s): loopback ch 3-4 peak silent, player out peak silent; other apps: fill 3054 (target 2205), varispeed 1.000403, dry 0x, over 0; plug-in: ProcessOutput calls 2570285, Music's 1237660, other apps' frames 716482288, pid 48342; peak in 0.0000, read back 0.0000; time delta max 512 frames in 3 cycles
[4192.542] other apps meter (10 s): loopback ch 3-4 peak silent, player out peak silent; other apps: fill 2884 (target 2205), varispeed 1.000351, dry 0x, over 0; plug-in: ProcessOutput calls 2572031, Music's 1238533, other apps' frames 716929264, pid 48342; peak in 0.0000, read back 0.0000; time delta max 512 frames in 3 cycles
[4202.672] other apps meter (10 s): loopback ch 3-4 peak silent, player out peak silent; other apps: fill 2714 (target 2205), varispeed 1.000396, dry 0x, over 0; plug-in: ProcessOutput calls 2573776, Music's 1239405, other apps' frames 717376240, pid 48342; peak in 0.0000, read back 0.0000; time delta max 512 frames in 3 cycles
[4203.649] 44100 Hz fill 22050 scalar 0.999552194 under 0 over 0; clock locked, DAC scalar 0.999577; 2026-09-29 21:06:50.128 -05:00
[4203.652] music only: ProcessOutput calls 2573945, Music's 1239490, other apps' frames 717419248, pid 48342; peak in 0.0000, read back 0.0000; time delta max 512 frames in 3 cycles; other apps: fill 2695 (target 2205), varispeed 1.000436, dry 0x, over 0
[4212.782] other apps meter (10 s): loopback ch 3-4 peak silent, player out peak silent; other apps: fill 3052 (target 2205), varispeed 1.000399, dry 0x, over 0; plug-in: ProcessOutput calls 2575519, Music's 1240277, other apps' frames 717822192, pid 48342; peak in 0.0000, read back 0.0000; time delta max 512 frames in 3 cycles
[4222.897] other apps meter (10 s): loopback ch 3-4 peak silent, player out peak silent; other apps: fill 2876 (target 2205), varispeed 1.000397, dry 0x, over 0; plug-in: ProcessOutput calls 2577261, Music's 1241148, other apps' frames 718268144, pid 48342; peak in 0.0000, read back 0.0000; time delta max 512 frames in 3 cycles
[4233.040] other apps meter (10 s): loopback ch 3-4 peak silent, player out peak silent; other apps: fill 2714 (target 2205), varispeed 1.000390, dry 0x, over 0; plug-in: ProcessOutput calls 2579009, Music's 1242022, other apps' frames 718715632, pid 48342; peak in 0.0000, read back 0.0000; time delta max 512 frames in 3 cycles
[4233.657] 44100 Hz fill 21538 scalar 0.999542058 under 0 over 0; clock locked, DAC scalar 0.999592; 2026-09-29 21:07:20.135 -05:00
[4233.660] music only: ProcessOutput calls 2579117, Music's 1242076, other apps' frames 718743280, pid 48342; peak in 0.0000, read back 0.0000; time delta max 512 frames in 3 cycles; other apps: fill 3216 (target 2205), varispeed 1.000340, dry 0x, over 0
[4243.146] other apps meter (10 s): loopback ch 3-4 peak silent, player out peak silent; other apps: fill 3044 (target 2205), varispeed 1.000437, dry 0x, over 0; plug-in: ProcessOutput calls 2580751, Music's 1242893, other apps' frames 719161584, pid 48342; peak in 0.0000, read back 0.0000; time delta max 512 frames in 3 cycles
[4251.522] decoder: 44100.0 Hz (lossy)
[4251.789] playerInfo: Playing Codex
[4252.039] new track Codex (Music's rate for the track): decoder 44100.0 Hz lossy (seen 0.265 s before Playing), DAC 44100 Hz
[4253.295] other apps meter (10 s): loopback ch 3-4 peak silent, player out peak silent; other apps: fill 2866 (target 2205), varispeed 1.000393, dry 0x, over 0; plug-in: ProcessOutput calls 2582500, Music's 1243767, other apps' frames 719609584, pid 48342; peak in 0.0000, read back 0.0000; time delta max 512 frames in 3 cycles
[4254.308] source depth from the samples: neither 16 nor 24 bit (on neither the 16- nor the 24-bit grid (88413 of 89088 samples): lossy)
[4263.439] other apps meter (10 s): loopback ch 3-4 peak silent, player out peak silent; other apps: fill 2697 (target 2205), varispeed 1.000345, dry 0x, over 0; plug-in: ProcessOutput calls 2584249, Music's 1244642, other apps' frames 720057072, pid 48342; peak in 0.0000, read back 0.0000; time delta max 512 frames in 3 cycles
[4263.668] 44100 Hz fill 21538 scalar 0.999566683 under 0 over 0; clock locked, DAC scalar 0.999589; 2026-09-29 21:07:50.146 -05:00
[4263.669] music only: ProcessOutput calls 2584287, Music's 1244661, other apps' frames 720066800, pid 48342; peak in 0.0000, read back 0.0000; time delta max 512 frames in 3 cycles; other apps: fill 3205 (target 2205), varispeed 1.000376, dry 0x, over 0
[4273.572] other apps meter (10 s): loopback ch 3-4 peak silent, player out peak silent; other apps: fill 3023 (target 2205), varispeed 1.000428, dry 0x, over 0; plug-in: ProcessOutput calls 2585995, Music's 1245515, other apps' frames 720504048, pid 48342; peak in 0.0000, read back 0.0000; time delta max 512 frames in 3 cycles
[4283.717] other apps meter (10 s): loopback ch 3-4 peak silent, player out peak silent; other apps: fill 2850 (target 2205), varispeed 1.000394, dry 0x, over 0; plug-in: ProcessOutput calls 2587743, Music's 1246389, other apps' frames 720951536, pid 48342; peak in 0.0000, read back 0.0000; time delta max 512 frames in 3 cycles
[4293.671] 44100 Hz fill 22050 scalar 0.999593236 under 0 over 0; clock locked, DAC scalar 0.999595; 2026-09-29 21:08:20.150 -05:00
[4293.674] music only: ProcessOutput calls 2589459, Music's 1247247, other apps' frames 721390832, pid 48342; peak in 0.0000, read back 0.0000; time delta max 512 frames in 3 cycles; other apps: fill 3177 (target 2205), varispeed 1.000378, dry 0x, over 0
[4293.814] other apps meter (10 s): loopback ch 3-4 peak silent, player out peak silent; other apps: fill 3175 (target 2205), varispeed 1.000378, dry 0x, over 0; plug-in: ProcessOutput calls 2589483, Music's 1247259, other apps' frames 721396976, pid 48342; peak in 0.0000, read back 0.0000; time delta max 512 frames in 3 cycles
[4303.961] other apps meter (10 s): loopback ch 3-4 peak silent, player out peak silent; other apps: fill 3010 (target 2205), varispeed 1.000390, dry 0x, over 0; plug-in: ProcessOutput calls 2591231, Music's 1248133, other apps' frames 721844464, pid 48342; peak in 0.0000, read back 0.0000; time delta max 512 frames in 3 cycles
[4314.091] other apps meter (10 s): loopback ch 3-4 peak silent, player out peak silent; other apps: fill 2836 (target 2205), varispeed 1.000372, dry 0x, over 0; plug-in: ProcessOutput calls 2592977, Music's 1249006, other apps' frames 722291440, pid 48342; peak in 0.0000, read back 0.0000; time delta max 512 frames in 3 cycles
[4323.681] 44100 Hz fill 22050 scalar 0.999669114 under 0 over 0; clock locked, DAC scalar 0.999632; 2026-09-29 21:08:50.160 -05:00
[4323.682] music only: ProcessOutput calls 2594631, Music's 1249833, other apps' frames 722714864, pid 48342; peak in 0.0000, read back 0.0000; time delta max 512 frames in 3 cycles; other apps: fill 3185 (target 2205), varispeed 1.000402, dry 0x, over 0
[4324.178] other apps meter (10 s): loopback ch 3-4 peak silent, player out peak silent; other apps: fill 3177 (target 2205), varispeed 1.000402, dry 0x, over 0; plug-in: ProcessOutput calls 2594715, Music's 1249875, other apps' frames 722736368, pid 48342; peak in 0.0000, read back 0.0000; time delta max 512 frames in 3 cycles
[4334.290] other apps meter (10 s): loopback ch 3-4 peak silent, player out peak silent; other apps: fill 3017 (target 2205), varispeed 1.000402, dry 0x, over 0; plug-in: ProcessOutput calls 2596459, Music's 1250747, other apps' frames 723182832, pid 48342; peak in 0.0000, read back 0.0000; time delta max 512 frames in 3 cycles
[4335.642] NSRunningApplication lists no Music, but pid 48342 is alive: still running
[4344.401] other apps meter (10 s): loopback ch 3-4 peak silent, player out peak silent; other apps: fill 3357 (target 2205), varispeed 1.000434, dry 0x, over 0; plug-in: ProcessOutput calls 2598201, Music's 1251618, other apps' frames 723628784, pid 48342; peak in 0.0000, read back 0.0000; time delta max 512 frames in 3 cycles
[4353.686] 44100 Hz fill 22050 scalar 0.999800110 under 0 over 0; clock locked, DAC scalar 0.999708; 2026-09-29 21:09:20.164 -05:00
[4353.688] music only: ProcessOutput calls 2599801, Music's 1252418, other apps' frames 724038384, pid 48342; peak in 0.0000, read back 0.0000; time delta max 512 frames in 3 cycles; other apps: fill 2670 (target 2205), varispeed 1.000419, dry 0x, over 0
[4354.523] other apps meter (10 s): loopback ch 3-4 peak silent, player out peak silent; other apps: fill 3167 (target 2205), varispeed 1.000381, dry 0x, over 0; plug-in: ProcessOutput calls 2599945, Music's 1252490, other apps' frames 724075248, pid 48342; peak in 0.0000, read back 0.0000; time delta max 512 frames in 3 cycles
[4364.645] other apps meter (10 s): loopback ch 3-4 peak silent, player out peak silent; other apps: fill 2998 (target 2205), varispeed 1.000375, dry 0x, over 0; plug-in: ProcessOutput calls 2601689, Music's 1253362, other apps' frames 724521712, pid 48342; peak in 0.0000, read back 0.0000; time delta max 512 frames in 3 cycles
[4374.783] other apps meter (10 s): loopback ch 3-4 peak silent, player out peak silent; other apps: fill 3338 (target 2205), varispeed 1.000420, dry 0x, over 0; plug-in: ProcessOutput calls 2603437, Music's 1254236, other apps' frames 724969200, pid 48342; peak in 0.0000, read back 0.0000; time delta max 512 frames in 3 cycles
[4383.693] 44100 Hz fill 22050 scalar 0.999567870 under 0 over 0; clock locked, DAC scalar 0.999566; 2026-09-29 21:09:50.171 -05:00
[4383.694] music only: ProcessOutput calls 2604973, Music's 1255004, other apps' frames 725362416, pid 48342; peak in 0.0000, read back 0.0000; time delta max 512 frames in 3 cycles; other apps: fill 3178 (target 2205), varispeed 1.000393, dry 0x, over 0
[4384.900] other apps meter (10 s): loopback ch 3-4 peak silent, player out peak silent; other apps: fill 3159 (target 2205), varispeed 1.000333, dry 0x, over 0; plug-in: ProcessOutput calls 2605181, Music's 1255108, other apps' frames 725415664, pid 48342; peak in 0.0000, read back 0.0000; time delta max 512 frames in 3 cycles
[4395.038] other apps meter (10 s): loopback ch 3-4 peak silent, player out peak silent; other apps: fill 2987 (target 2205), varispeed 1.000405, dry 0x, over 0; plug-in: ProcessOutput calls 2606927, Music's 1255981, other apps' frames 725862640, pid 48342; peak in 0.0000, read back 0.0000; time delta max 512 frames in 3 cycles
[4405.168] other apps meter (10 s): loopback ch 3-4 peak silent, player out peak silent; other apps: fill 3328 (target 2205), varispeed 1.000374, dry 0x, over 0; plug-in: ProcessOutput calls 2608673, Music's 1256854, other apps' frames 726309616, pid 48342; peak in 0.0000, read back 0.0000; time delta max 512 frames in 3 cycles
[4413.694] 44100 Hz fill 22050 scalar 0.999564938 under 0 over 0; clock locked, DAC scalar 0.999573; 2026-09-29 21:10:20.173 -05:00
[4413.697] music only: ProcessOutput calls 2610143, Music's 1257589, other apps' frames 726685936, pid 48342; peak in 0.0000, read back 0.0000; time delta max 512 frames in 3 cycles; other apps: fill 3173 (target 2205), varispeed 1.000410, dry 0x, over 0
[4415.312] other apps meter (10 s): loopback ch 3-4 peak silent, player out peak silent; other apps: fill 3142 (target 2205), varispeed 1.000443, dry 0x, over 0; plug-in: ProcessOutput calls 2610421, Music's 1257728, other apps' frames 726757104, pid 48342; peak in 0.0000, read back 0.0000; time delta max 512 frames in 3 cycles
[4425.449] other apps meter (10 s): loopback ch 3-4 peak silent, player out peak silent; other apps: fill 2960 (target 2205), varispeed 1.000389, dry 0x, over 0; plug-in: ProcessOutput calls 2612168, Music's 1258601, other apps' frames 727204592, pid 48342; peak in 0.0000, read back 0.0000; time delta max 512 frames in 3 cycles
[4435.582] other apps meter (10 s): loopback ch 3-4 peak silent, player out peak silent; other apps: fill 3295 (target 2205), varispeed 1.000415, dry 0x, over 0; plug-in: ProcessOutput calls 2613915, Music's 1259475, other apps' frames 727651568, pid 48342; peak in 0.0000, read back 0.0000; time delta max 512 frames in 3 cycles
[4443.705] 44100 Hz fill 22050 scalar 0.999569675 under 0 over 0; clock locked, DAC scalar 0.999582; 2026-09-29 21:10:50.184 -05:00
[4443.708] music only: ProcessOutput calls 2615315, Music's 1260175, other apps' frames 728009968, pid 48342; peak in 0.0000, read back 0.0000; time delta max 512 frames in 3 cycles; other apps: fill 3156 (target 2205), varispeed 1.000310, dry 0x, over 0
[4445.703] other apps meter (10 s): loopback ch 3-4 peak silent, player out peak silent; other apps: fill 3125 (target 2205), varispeed 1.000387, dry 0x, over 0; plug-in: ProcessOutput calls 2615659, Music's 1260347, other apps' frames 728098032, pid 48342; peak in 0.0000, read back 0.0000; time delta max 512 frames in 3 cycles
[4455.821] other apps meter (10 s): loopback ch 3-4 peak silent, player out peak silent; other apps: fill 2945 (target 2205), varispeed 1.000390, dry 0x, over 0; plug-in: ProcessOutput calls 2617402, Music's 1261218, other apps' frames 728544496, pid 48342; peak in 0.0000, read back 0.0000; time delta max 512 frames in 3 cycles
[4465.966] other apps meter (10 s): loopback ch 3-4 peak silent, player out peak silent; other apps: fill 2779 (target 2205), varispeed 1.000378, dry 0x, over 0; plug-in: ProcessOutput calls 2619151, Music's 1262093, other apps' frames 728991984, pid 48342; peak in 0.0000, read back 0.0000; time delta max 512 frames in 3 cycles
[4473.707] 44100 Hz fill 22050 scalar 0.999558344 under 0 over 0; clock locked, DAC scalar 0.999581; 2026-09-29 21:11:20.186 -05:00
[4473.710] music only: ProcessOutput calls 2620485, Music's 1262760, other apps' frames 729333488, pid 48342; peak in 0.0000, read back 0.0000; time delta max 512 frames in 3 cycles; other apps: fill 3145 (target 2205), varispeed 1.000442, dry 0x, over 0
[4476.090] other apps meter (10 s): loopback ch 3-4 peak silent, player out peak silent; other apps: fill 3103 (target 2205), varispeed 1.000327, dry 0x, over 0; plug-in: ProcessOutput calls 2620895, Music's 1262965, other apps' frames 729438448, pid 48342; peak in 0.0000, read back 0.0000; time delta max 512 frames in 3 cycles
[4486.232] other apps meter (10 s): loopback ch 3-4 peak silent, player out peak silent; other apps: fill 2931 (target 2205), varispeed 1.000371, dry 0x, over 0; plug-in: ProcessOutput calls 2622643, Music's 1263839, other apps' frames 729885936, pid 48342; peak in 0.0000, read back 0.0000; time delta max 512 frames in 3 cycles
[4496.354] other apps meter (10 s): loopback ch 3-4 peak silent, player out peak silent; other apps: fill 3276 (target 2205), varispeed 1.000439, dry 0x, over 0; plug-in: ProcessOutput calls 2624387, Music's 1264711, other apps' frames 730332400, pid 48342; peak in 0.0000, read back 0.0000; time delta max 512 frames in 3 cycles
[4503.711] 44100 Hz fill 22050 scalar 0.999546156 under 0 over 0; clock locked, DAC scalar 0.999591; 2026-09-29 21:11:50.189 -05:00
[4503.714] music only: ProcessOutput calls 2625655, Music's 1265345, other apps' frames 730657008, pid 48342; peak in 0.0000, read back 0.0000; time delta max 512 frames in 3 cycles; other apps: fill 2646 (target 2205), varispeed 1.000342, dry 0x, over 0
[4506.514] other apps meter (10 s): loopback ch 3-4 peak silent, player out peak silent; other apps: fill 3114 (target 2205), varispeed 1.000351, dry 0x, over 0; plug-in: ProcessOutput calls 2626139, Music's 1265587, other apps' frames 730780912, pid 48342; peak in 0.0000, read back 0.0000; time delta max 512 frames in 3 cycles
[4516.636] other apps meter (10 s): loopback ch 3-4 peak silent, player out peak silent; other apps: fill 2943 (target 2205), varispeed 1.000384, dry 0x, over 0; plug-in: ProcessOutput calls 2627883, Music's 1266459, other apps' frames 731227376, pid 48342; peak in 0.0000, read back 0.0000; time delta max 512 frames in 3 cycles
[4526.770] other apps meter (10 s): loopback ch 3-4 peak silent, player out peak silent; other apps: fill 3266 (target 2205), varispeed 1.000400, dry 0x, over 0; plug-in: ProcessOutput calls 2629629, Music's 1267332, other apps' frames 731674352, pid 48342; peak in 0.0000, read back 0.0000; time delta max 512 frames in 3 cycles
[4533.723] 44100 Hz fill 22050 scalar 0.999571195 under 0 over 0; clock locked, DAC scalar 0.999581; 2026-09-29 21:12:20.202 -05:00
[4533.726] music only: ProcessOutput calls 2630827, Music's 1267931, other apps' frames 731981040, pid 48342; peak in 0.0000, read back 0.0000; time delta max 512 frames in 3 cycles; other apps: fill 2631 (target 2205), varispeed 1.000443, dry 0x, over 0
[4536.912] other apps meter (10 s): loopback ch 3-4 peak silent, player out peak silent; other apps: fill 3085 (target 2205), varispeed 1.000378, dry 0x, over 0; plug-in: ProcessOutput calls 2631377, Music's 1268206, other apps' frames 732121840, pid 48342; peak in 0.0000, read back 0.0000; time delta max 512 frames in 3 cycles
[4539.567] playerInfo: Playing The Coke Dares Theme One
[4539.664] new track The Coke Dares Theme One (Music's rate for the track; no decoder line at it yet): decoder 44100.0 Hz lossless (seen 0.000 s before Playing), DAC 44100 Hz
[4541.987] source depth from the samples: neither 16 nor 24 bit (on neither the 16- nor the 24-bit grid (78065 of 90112 samples): Music changes them (volume, Sound Check, EQ) or the source is float)
[4547.077] other apps meter (10 s): loopback ch 3-4 peak silent, player out peak silent; other apps: fill 3424 (target 2205), varispeed 1.000370, dry 0x, over 0; plug-in: ProcessOutput calls 2633129, Music's 1269082, other apps' frames 732570352, pid 48342; peak in 0.0000, read back 0.0000; time delta max 512 frames in 3 cycles
[4557.195] other apps meter (10 s): loopback ch 3-4 peak silent, player out peak silent; other apps: fill 2740 (target 2205), varispeed 1.000391, dry 0x, over 0; plug-in: ProcessOutput calls 2634873, Music's 1269954, other apps' frames 733016816, pid 48342; peak in 0.0000, read back 0.0000; time delta max 512 frames in 3 cycles
[4563.727] 44100 Hz fill 21538 scalar 0.999587198 under 0 over 0; clock locked, DAC scalar 0.999606; 2026-09-29 21:12:50.205 -05:00
[4563.732] music only: ProcessOutput calls 2635999, Music's 1270517, other apps' frames 733305072, pid 48342; peak in 0.0000, read back 0.0000; time delta max 512 frames in 3 cycles; other apps: fill 3139 (target 2205), varispeed 1.000288, dry 0x, over 0
[4567.309] other apps meter (10 s): loopback ch 3-4 peak silent, player out peak silent; other apps: fill 3082 (target 2205), varispeed 1.000385, dry 0x, over 0; plug-in: ProcessOutput calls 2636615, Music's 1270825, other apps' frames 733462768, pid 48342; peak in 0.0000, read back 0.0000; time delta max 512 frames in 3 cycles
[4568.875] decoder: 44100.0 Hz (lossless)
[4569.177] playerInfo: Playing Same Mistakes
[4569.972] new track Same Mistakes (Music's rate for the track): decoder 44100.0 Hz lossless (seen 0.300 s before Playing), DAC 44100 Hz
[4572.004] source depth from the samples: 16 bit (all 89075 on the 16-bit grid); Music's log said 24 bit
[4577.581] other apps meter (10 s): loopback ch 3-4 peak silent, player out peak silent; other apps: fill 2907 (target 2205), varispeed 1.000365, dry 0x, over 0; plug-in: ProcessOutput calls 2638385, Music's 1271710, other apps' frames 733915888, pid 48342; peak in 0.0000, read back 0.0000; time delta max 512 frames in 3 cycles
[4587.716] other apps meter (10 s): loopback ch 3-4 peak silent, player out peak silent; other apps: fill 2722 (target 2205), varispeed 1.000486, dry 0x, over 0; plug-in: ProcessOutput calls 2640133, Music's 1272584, other apps' frames 734363376, pid 48342; peak in 0.0000, read back 0.0000; time delta max 512 frames in 3 cycles
[4593.732] 44100 Hz fill 22050 scalar 0.999672033 under 0 over 0; clock locked, DAC scalar 0.999625; 2026-09-29 21:13:20.210 -05:00
[4593.734] music only: ProcessOutput calls 2641169, Music's 1273102, other apps' frames 734628592, pid 48342; peak in 0.0000, read back 0.0000; time delta max 512 frames in 3 cycles; other apps: fill 3120 (target 2205), varispeed 1.000407, dry 0x, over 0
[4597.849] other apps meter (10 s): loopback ch 3-4 peak silent, player out peak silent; other apps: fill 3042 (target 2205), varispeed 1.000430, dry 0x, over 0; plug-in: ProcessOutput calls 2641879, Music's 1273457, other apps' frames 734810352, pid 48342; peak in 0.0000, read back 0.0000; time delta max 512 frames in 3 cycles
[4607.971] other apps meter (10 s): loopback ch 3-4 peak silent, player out peak silent; other apps: fill 2873 (target 2205), varispeed 1.000352, dry 0x, over 0; plug-in: ProcessOutput calls 2643623, Music's 1274329, other apps' frames 735256816, pid 48342; peak in 0.0000, read back 0.0000; time delta max 512 frames in 3 cycles
[4618.086] other apps meter (10 s): loopback ch 3-4 peak silent, player out peak silent; other apps: fill 2717 (target 2205), varispeed 1.000415, dry 0x, over 0; plug-in: ProcessOutput calls 2645365, Music's 1275200, other apps' frames 735702768, pid 48342; peak in 0.0000, read back 0.0000; time delta max 512 frames in 3 cycles
[4623.736] 44100 Hz fill 22050 scalar 0.999785600 under 0 over 0; clock locked, DAC scalar 0.999699; 2026-09-29 21:13:50.214 -05:00
[4623.738] music only: ProcessOutput calls 2646339, Music's 1275687, other apps' frames 735952112, pid 48342; peak in 0.0000, read back 0.0000; time delta max 512 frames in 3 cycles; other apps: fill 3128 (target 2205), varispeed 1.000403, dry 0x, over 0
[4628.234] other apps meter (10 s): loopback ch 3-4 peak silent, player out peak silent; other apps: fill 3046 (target 2205), varispeed 1.000398, dry 0x, over 0; plug-in: ProcessOutput calls 2647115, Music's 1276075, other apps' frames 736150768, pid 48342; peak in 0.0000, read back 0.0000; time delta max 512 frames in 3 cycles
[4638.381] other apps meter (10 s): loopback ch 3-4 peak silent, player out peak silent; other apps: fill 2870 (target 2205), varispeed 1.000387, dry 0x, over 0; plug-in: ProcessOutput calls 2648863, Music's 1276949, other apps' frames 736598256, pid 48342; peak in 0.0000, read back 0.0000; time delta max 512 frames in 3 cycles
[4648.528] other apps meter (10 s): loopback ch 3-4 peak silent, player out peak silent; other apps: fill 2710 (target 2205), varispeed 1.000325, dry 0x, over 0; plug-in: ProcessOutput calls 2650611, Music's 1277823, other apps' frames 737045744, pid 48342; peak in 0.0000, read back 0.0000; time delta max 512 frames in 3 cycles
[4653.738] 44100 Hz fill 22050 scalar 0.999580899 under 0 over 0; clock locked, DAC scalar 0.999580; 2026-09-29 21:14:20.217 -05:00
[4653.741] music only: ProcessOutput calls 2651511, Music's 1278273, other apps' frames 737276144, pid 48342; peak in 0.0000, read back 0.0000; time delta max 512 frames in 3 cycles; other apps: fill 3133 (target 2205), varispeed 1.000402, dry 0x, over 0
[4658.667] other apps meter (10 s): loopback ch 3-4 peak silent, player out peak silent; other apps: fill 3044 (target 2205), varispeed 1.000418, dry 0x, over 0; plug-in: ProcessOutput calls 2652359, Music's 1278697, other apps' frames 737493232, pid 48342; peak in 0.0000, read back 0.0000; time delta max 512 frames in 3 cycles
[4668.806] other apps meter (10 s): loopback ch 3-4 peak silent, player out peak silent; other apps: fill 3387 (target 2205), varispeed 1.000350, dry 0x, over 0; plug-in: ProcessOutput calls 2654107, Music's 1279571, other apps' frames 737940720, pid 48342; peak in 0.0000, read back 0.0000; time delta max 512 frames in 3 cycles
[4678.932] other apps meter (10 s): loopback ch 3-4 peak silent, player out peak silent; other apps: fill 3229 (target 2205), varispeed 1.000394, dry 0x, over 0; plug-in: ProcessOutput calls 2655851, Music's 1280443, other apps' frames 738387184, pid 48342; peak in 0.0000, read back 0.0000; time delta max 512 frames in 3 cycles
[4683.751] 44100 Hz fill 22050 scalar 0.999561653 under 0 over 0; clock locked, DAC scalar 0.999565; 2026-09-29 21:14:50.229 -05:00
[4683.753] music only: ProcessOutput calls 2656683, Music's 1280859, other apps' frames 738600176, pid 48342; peak in 0.0000, read back 0.0000; time delta max 512 frames in 3 cycles; other apps: fill 3146 (target 2205), varispeed 1.000396, dry 0x, over 0
[4689.063] other apps meter (10 s): loopback ch 3-4 peak silent, player out peak silent; other apps: fill 3061 (target 2205), varispeed 1.000361, dry 0x, over 0; plug-in: ProcessOutput calls 2657597, Music's 1281316, other apps' frames 738834160, pid 48342; peak in 0.0000, read back 0.0000; time delta max 512 frames in 3 cycles
[4699.160] other apps meter (10 s): loopback ch 3-4 peak silent, player out peak silent; other apps: fill 2885 (target 2205), varispeed 1.000382, dry 0x, over 0; plug-in: ProcessOutput calls 2659337, Music's 1282186, other apps' frames 739279600, pid 48342; peak in 0.0000, read back 0.0000; time delta max 512 frames in 3 cycles
[4709.284] other apps meter (10 s): loopback ch 3-4 peak silent, player out peak silent; other apps: fill 3201 (target 2205), varispeed 1.000501, dry 0x, over 0; plug-in: ProcessOutput calls 2661083, Music's 1283059, other apps' frames 739726576, pid 48342; peak in 0.0000, read back 0.0000; time delta max 512 frames in 3 cycles
[4713.760] 44100 Hz fill 22050 scalar 0.999572257 under 0 over 0; clock locked, DAC scalar 0.999571; 2026-09-29 21:15:20.238 -05:00
[4713.763] music only: ProcessOutput calls 2661853, Music's 1283444, other apps' frames 739923696, pid 48342; peak in 0.0000, read back 0.0000; time delta max 512 frames in 3 cycles; other apps: fill 3110 (target 2205), varispeed 1.000406, dry 0x, over 0
[4719.422] other apps meter (10 s): loopback ch 3-4 peak silent, player out peak silent; other apps: fill 3004 (target 2205), varispeed 1.000417, dry 0x, over 0; plug-in: ProcessOutput calls 2662829, Music's 1283932, other apps' frames 740173552, pid 48342; peak in 0.0000, read back 0.0000; time delta max 512 frames in 3 cycles
[4729.542] other apps meter (10 s): loopback ch 3-4 peak silent, player out peak silent; other apps: fill 2834 (target 2205), varispeed 1.000368, dry 0x, over 0; plug-in: ProcessOutput calls 2664573, Music's 1284804, other apps' frames 740620016, pid 48342; peak in 0.0000, read back 0.0000; time delta max 512 frames in 3 cycles
[4739.700] other apps meter (10 s): loopback ch 3-4 peak silent, player out peak silent; other apps: fill 2685 (target 2205), varispeed 1.000359, dry 0x, over 0; plug-in: ProcessOutput calls 2666323, Music's 1285679, other apps' frames 741068016, pid 48342; peak in 0.0000, read back 0.0000; time delta max 512 frames in 3 cycles
[4743.763] 44100 Hz fill 22050 scalar 0.999560068 under 0 over 0; clock locked, DAC scalar 0.999580; 2026-09-29 21:15:50.242 -05:00
[4743.766] music only: ProcessOutput calls 2667025, Music's 1286030, other apps' frames 741247728, pid 48342; peak in 0.0000, read back 0.0000; time delta max 512 frames in 3 cycles; other apps: fill 3130 (target 2205), varispeed 1.000393, dry 0x, over 0
[4749.839] other apps meter (10 s): loopback ch 3-4 peak silent, player out peak silent; other apps: fill 3022 (target 2205), varispeed 1.000419, dry 0x, over 0; plug-in: ProcessOutput calls 2668071, Music's 1286553, other apps' frames 741515504, pid 48342; peak in 0.0000, read back 0.0000; time delta max 512 frames in 3 cycles
[4757.903] decoder: 44100.0 Hz (lossy)
[4758.134] playerInfo: Playing Tom Devil
[4758.350] new track Tom Devil (Music's rate for the track): decoder 44100.0 Hz lossy (seen 0.233 s before Playing), DAC 44100 Hz
[4759.972] other apps meter (10 s): loopback ch 3-4 peak silent, player out peak silent; other apps: fill 2836 (target 2205), varispeed 1.000419, dry 0x, over 0; plug-in: ProcessOutput calls 2669817, Music's 1287426, other apps' frames 741962480, pid 48342; peak in 0.0000, read back 0.0000; time delta max 512 frames in 3 cycles
[4760.475] source depth from the samples: neither 16 nor 24 bit (on neither the 16- nor the 24-bit grid (87490 of 90112 samples): lossy)
[4770.080] other apps meter (10 s): loopback ch 3-4 peak silent, player out peak silent; other apps: fill 3168 (target 2205), varispeed 1.000400, dry 0x, over 0; plug-in: ProcessOutput calls 2671559, Music's 1288297, other apps' frames 742408432, pid 48342; peak in 0.0000, read back 0.0000; time delta max 512 frames in 3 cycles
[4773.764] 44100 Hz fill 22050 scalar 0.999557804 under 0 over 0; clock locked, DAC scalar 0.999586; 2026-09-29 21:16:20.243 -05:00
[4773.767] music only: ProcessOutput calls 2672195, Music's 1288615, other apps' frames 742571248, pid 48342; peak in 0.0000, read back 0.0000; time delta max 512 frames in 3 cycles; other apps: fill 3107 (target 2205), varispeed 1.000392, dry 0x, over 0
[4780.197] other apps meter (10 s): loopback ch 3-4 peak silent, player out peak silent; other apps: fill 2994 (target 2205), varispeed 1.000406, dry 0x, over 0; plug-in: ProcessOutput calls 2673303, Music's 1289169, other apps' frames 742854896, pid 48342; peak in 0.0000, read back 0.0000; time delta max 512 frames in 3 cycles
[4790.299] other apps meter (10 s): loopback ch 3-4 peak silent, player out peak silent; other apps: fill 2817 (target 2205), varispeed 1.000373, dry 0x, over 0; plug-in: ProcessOutput calls 2675043, Music's 1290039, other apps' frames 743300336, pid 48342; peak in 0.0000, read back 0.0000; time delta max 512 frames in 3 cycles
[4800.415] other apps meter (10 s): loopback ch 3-4 peak silent, player out peak silent; other apps: fill 3149 (target 2205), varispeed 1.000366, dry 0x, over 0; plug-in: ProcessOutput calls 2676787, Music's 1290911, other apps' frames 743746800, pid 48342; peak in 0.0000, read back 0.0000; time delta max 512 frames in 3 cycles
[4803.769] 44100 Hz fill 22050 scalar 0.999559011 under 0 over 0; clock locked, DAC scalar 0.999589; 2026-09-29 21:16:50.247 -05:00
[4803.772] music only: ProcessOutput calls 2677365, Music's 1291200, other apps' frames 743894768, pid 48342; peak in 0.0000, read back 0.0000; time delta max 512 frames in 3 cycles; other apps: fill 2587 (target 2205), varispeed 1.000387, dry 0x, over 0
[4810.546] other apps meter (10 s): loopback ch 3-4 peak silent, player out peak silent; other apps: fill 2976 (target 2205), varispeed 1.000404, dry 0x, over 0; plug-in: ProcessOutput calls 2678533, Music's 1291784, other apps' frames 744193776, pid 48342; peak in 0.0000, read back 0.0000; time delta max 512 frames in 3 cycles
[4820.691] other apps meter (10 s): loopback ch 3-4 peak silent, player out peak silent; other apps: fill 2811 (target 2205), varispeed 1.000356, dry 0x, over 0; plug-in: ProcessOutput calls 2680281, Music's 1292658, other apps' frames 744641264, pid 48342; peak in 0.0000, read back 0.0000; time delta max 512 frames in 3 cycles
[4830.808] other apps meter (10 s): loopback ch 3-4 peak silent, player out peak silent; other apps: fill 3153 (target 2205), varispeed 1.000348, dry 0x, over 0; plug-in: ProcessOutput calls 2682025, Music's 1293530, other apps' frames 745087728, pid 48342; peak in 0.0000, read back 0.0000; time delta max 512 frames in 3 cycles
[4833.775] 44100 Hz fill 22050 scalar 0.999596937 under 0 over 0; clock locked, DAC scalar 0.999602; 2026-09-29 21:17:20.254 -05:00
[4833.779] music only: ProcessOutput calls 2682537, Music's 1293786, other apps' frames 745218800, pid 48342; peak in 0.0000, read back 0.0000; time delta max 512 frames in 3 cycles; other apps: fill 3105 (target 2205), varispeed 1.000360, dry 0x, over 0
[4840.925] other apps meter (10 s): loopback ch 3-4 peak silent, player out peak silent; other apps: fill 2976 (target 2205), varispeed 1.000404, dry 0x, over 0; plug-in: ProcessOutput calls 2683769, Music's 1294402, other apps' frames 745534192, pid 48342; peak in 0.0000, read back 0.0000; time delta max 512 frames in 3 cycles
[4851.072] other apps meter (10 s): loopback ch 3-4 peak silent, player out peak silent; other apps: fill 3309 (target 2205), varispeed 1.000504, dry 0x, over 0; plug-in: ProcessOutput calls 2685517, Music's 1295276, other apps' frames 745981680, pid 48342; peak in 0.0000, read back 0.0000; time delta max 512 frames in 3 cycles
[4861.182] other apps meter (10 s): loopback ch 3-4 peak silent, player out peak silent; other apps: fill 3113 (target 2205), varispeed 1.000449, dry 0x, over 0; plug-in: ProcessOutput calls 2687259, Music's 1296147, other apps' frames 746427632, pid 48342; peak in 0.0000, read back 0.0000; time delta max 512 frames in 3 cycles
[4863.778] 44100 Hz fill 22050 scalar 0.999674857 under 0 over 0; clock locked, DAC scalar 0.999635; 2026-09-29 21:17:50.256 -05:00
[4863.780] music only: ProcessOutput calls 2687707, Music's 1296371, other apps' frames 746542320, pid 48342; peak in 0.0000, read back 0.0000; time delta max 512 frames in 3 cycles; other apps: fill 3065 (target 2205), varispeed 1.000374, dry 0x, over 0
[4871.313] other apps meter (10 s): loopback ch 3-4 peak silent, player out peak silent; other apps: fill 2934 (target 2205), varispeed 1.000383, dry 0x, over 0; plug-in: ProcessOutput calls 2689005, Music's 1297020, other apps' frames 746874608, pid 48342; peak in 0.0000, read back 0.0000; time delta max 512 frames in 3 cycles
[4881.443] other apps meter (10 s): loopback ch 3-4 peak silent, player out peak silent; other apps: fill 3291 (target 2205), varispeed 1.000347, dry 0x, over 0; plug-in: ProcessOutput calls 2690751, Music's 1297893, other apps' frames 747321584, pid 48342; peak in 0.0000, read back 0.0000; time delta max 512 frames in 3 cycles
[4891.568] other apps meter (10 s): loopback ch 3-4 peak silent, player out peak silent; other apps: fill 2608 (target 2205), varispeed 1.000442, dry 0x, over 0; plug-in: ProcessOutput calls 2692495, Music's 1298765, other apps' frames 747768048, pid 48342; peak in 0.0000, read back 0.0000; time delta max 512 frames in 3 cycles
[4893.785] 44100 Hz fill 22050 scalar 0.999780911 under 0 over 0; clock locked, DAC scalar 0.999725; 2026-09-29 21:18:20.264 -05:00
[4893.788] music only: ProcessOutput calls 2692879, Music's 1298957, other apps' frames 747866352, pid 48342; peak in 0.0000, read back 0.0000; time delta max 512 frames in 3 cycles; other apps: fill 3080 (target 2205), varispeed 1.000424, dry 0x, over 0
[4901.702] other apps meter (10 s): loopback ch 3-4 peak silent, player out peak silent; other apps: fill 2941 (target 2205), varispeed 1.000371, dry 0x, over 0; plug-in: ProcessOutput calls 2694241, Music's 1299638, other apps' frames 748215024, pid 48342; peak in 0.0000, read back 0.0000; time delta max 512 frames in 3 cycles
[4911.816] other apps meter (10 s): loopback ch 3-4 peak silent, player out peak silent; other apps: fill 3292 (target 2205), varispeed 1.000413, dry 0x, over 0; plug-in: ProcessOutput calls 2695985, Music's 1300510, other apps' frames 748661488, pid 48342; peak in 0.0000, read back 0.0000; time delta max 512 frames in 3 cycles
[4921.944] other apps meter (10 s): loopback ch 3-4 peak silent, player out peak silent; other apps: fill 3107 (target 2205), varispeed 1.000391, dry 0x, over 0; plug-in: ProcessOutput calls 2697731, Music's 1301383, other apps' frames 749108464, pid 48342; peak in 0.0000, read back 0.0000; time delta max 512 frames in 3 cycles
[4923.788] 44100 Hz fill 22050 scalar 0.999572482 under 0 over 0; clock locked, DAC scalar 0.999574; 2026-09-29 21:18:50.267 -05:00
[4923.792] music only: ProcessOutput calls 2698049, Music's 1301542, other apps' frames 749189872, pid 48342; peak in 0.0000, read back 0.0000; time delta max 512 frames in 3 cycles; other apps: fill 3073 (target 2205), varispeed 1.000422, dry 0x, over 0
[4932.055] other apps meter (10 s): loopback ch 3-4 peak silent, player out peak silent; other apps: fill 2930 (target 2205), varispeed 1.000381, dry 0x, over 0; plug-in: ProcessOutput calls 2699473, Music's 1302254, other apps' frames 749554416, pid 48342; peak in 0.0000, read back 0.0000; time delta max 512 frames in 3 cycles
[4942.160] other apps meter (10 s): loopback ch 3-4 peak silent, player out peak silent; other apps: fill 2758 (target 2205), varispeed 1.000391, dry 0x, over 0; plug-in: ProcessOutput calls 2701215, Music's 1303125, other apps' frames 750000368, pid 48342; peak in 0.0000, read back 0.0000; time delta max 512 frames in 3 cycles
[4952.291] other apps meter (10 s): loopback ch 3-4 peak silent, player out peak silent; other apps: fill 2584 (target 2205), varispeed 1.000381, dry 0x, over 0; plug-in: ProcessOutput calls 2702961, Music's 1303998, other apps' frames 750447344, pid 48342; peak in 0.0000, read back 0.0000; time delta max 512 frames in 3 cycles
[4953.805] 44100 Hz fill 22050 scalar 0.999570015 under 0 over 0; clock locked, DAC scalar 0.999580; 2026-09-29 21:19:20.275 -05:00
[4953.806] music only: ProcessOutput calls 2703221, Music's 1304128, other apps' frames 750513904, pid 48342; peak in 0.0000, read back 0.0000; time delta max 512 frames in 3 cycles; other apps: fill 3069 (target 2205), varispeed 1.000414, dry 0x, over 0
[4962.397] other apps meter (10 s): loopback ch 3-4 peak silent, player out peak silent; other apps: fill 3433 (target 2205), varispeed 1.000375, dry 0x, over 0; plug-in: ProcessOutput calls 2704703, Music's 1304869, other apps' frames 750893296, pid 48342; peak in 0.0000, read back 0.0000; time delta max 512 frames in 3 cycles
[4972.525] other apps meter (10 s): loopback ch 3-4 peak silent, player out peak silent; other apps: fill 3255 (target 2205), varispeed 1.000405, dry 0x, over 0; plug-in: ProcessOutput calls 2706447, Music's 1305741, other apps' frames 751339760, pid 48342; peak in 0.0000, read back 0.0000; time delta max 512 frames in 3 cycles
[4982.640] other apps meter (10 s): loopback ch 3-4 peak silent, player out peak silent; other apps: fill 3078 (target 2205), varispeed 1.000386, dry 0x, over 0; plug-in: ProcessOutput calls 2708191, Music's 1306613, other apps' frames 751786224, pid 48342; peak in 0.0000, read back 0.0000; time delta max 512 frames in 3 cycles
[4983.801] 44100 Hz fill 22050 scalar 0.999546625 under 0 over 0; clock locked, DAC scalar 0.999565; 2026-09-29 21:19:50.280 -05:00
[4983.804] music only: ProcessOutput calls 2708391, Music's 1306713, other apps' frames 751837424, pid 48342; peak in 0.0000, read back 0.0000; time delta max 512 frames in 3 cycles; other apps: fill 3059 (target 2205), varispeed 1.000316, dry 0x, over 0
[4992.762] other apps meter (10 s): loopback ch 3-4 peak silent, player out peak silent; other apps: fill 3428 (target 2205), varispeed 1.000371, dry 0x, over 0; plug-in: ProcessOutput calls 2709935, Music's 1307485, other apps' frames 752232688, pid 48342; peak in 0.0000, read back 0.0000; time delta max 512 frames in 3 cycles
[5002.902] other apps meter (10 s): loopback ch 3-4 peak silent, player out peak silent; other apps: fill 2740 (target 2205), varispeed 1.000370, dry 0x, over 0; plug-in: ProcessOutput calls 2711683, Music's 1308359, other apps' frames 752680176, pid 48342; peak in 0.0000, read back 0.0000; time delta max 512 frames in 3 cycles
[5013.031] other apps meter (10 s): loopback ch 3-4 peak -15.6 dBFS, player out peak -15.6 dBFS; other apps: fill 2578 (target 2205), varispeed 1.000403, dry 0x, over 0; plug-in: ProcessOutput calls 2713760, Music's 1309231, other apps' frames 753467120, pid 48342; peak in 0.1659, read back 0.1659; time delta max 512 frames in 3 cycles
[5013.804] 44100 Hz fill 22050 scalar 0.999562150 under 0 over 0; clock locked, DAC scalar 0.999575; 2026-09-29 21:20:20.282 -05:00
[5013.806] music only: ProcessOutput calls 2713926, Music's 1309298, other apps' frames 753534704, pid 48342; peak in 0.0000, read back 0.0000; time delta max 512 frames in 3 cycles; other apps: fill 3076 (target 2205), varispeed 1.000416, dry 0x, over 0
[5023.143] other apps meter (10 s): loopback ch 3-4 peak -9.1 dBFS, player out peak -9.1 dBFS; other apps: fill 2909 (target 2205), varispeed 1.000373, dry 0x, over 0; plug-in: ProcessOutput calls 2715938, Music's 1310103, other apps' frames 754358512, pid 48342; peak in 0.3525, read back 0.3525; time delta max 512 frames in 3 cycles
[5033.269] other apps meter (10 s): loopback ch 3-4 peak -11.6 dBFS, player out peak -11.6 dBFS; other apps: fill 2743 (target 2205), varispeed 1.000333, dry 0x, over 0; plug-in: ProcessOutput calls 2718119, Music's 1310975, other apps' frames 755252464, pid 48342; peak in 0.2640, read back 0.2640; time delta max 512 frames in 3 cycles
[5043.408] other apps meter (10 s): loopback ch 3-4 peak -11.3 dBFS, player out peak -11.3 dBFS; other apps: fill 3096 (target 2205), varispeed 1.000352, dry 0x, over 0; plug-in: ProcessOutput calls 2720303, Music's 1311849, other apps' frames 756146416, pid 48342; peak in 0.2734, read back 0.2734; time delta max 512 frames in 3 cycles
[5043.805] 44100 Hz fill 22050 scalar 0.999558069 under 0 over 0; clock locked, DAC scalar 0.999583; 2026-09-29 21:20:50.283 -05:00
[5043.808] music only: ProcessOutput calls 2720389, Music's 1311883, other apps' frames 756182256, pid 48342; peak in 0.1955, read back 0.1955; time delta max 512 frames in 3 cycles; other apps: fill 2577 (target 2205), varispeed 1.000371, dry 0x, over 0
[5053.528] other apps meter (10 s): loopback ch 3-4 peak -11.6 dBFS, player out peak -11.6 dBFS; other apps: fill 2917 (target 2205), varispeed 1.000428, dry 0x, over 0; plug-in: ProcessOutput calls 2722483, Music's 1312721, other apps' frames 757039344, pid 48342; peak in 0.2620, read back 0.2620; time delta max 512 frames in 3 cycles
[5063.706] other apps meter (10 s): loopback ch 3-4 peak -12.7 dBFS, player out peak -12.7 dBFS; other apps: fill 3246 (target 2205), varispeed 1.000468, dry 0x, over 0; plug-in: ProcessOutput calls 2724676, Music's 1313598, other apps' frames 757937904, pid 48342; peak in 0.2321, read back 0.2059; time delta max 512 frames in 3 cycles
[5073.817] other apps meter (10 s): loopback ch 3-4 peak -12.1 dBFS, player out peak -12.1 dBFS; other apps: fill 3068 (target 2205), varispeed 1.000415, dry 0x, over 0; plug-in: ProcessOutput calls 2726853, Music's 1314469, other apps' frames 758829296, pid 48342; peak in 0.2481, read back 0.2481; time delta max 512 frames in 3 cycles
[5073.817] 44100 Hz fill 22050 scalar 0.999575009 under 0 over 0; clock locked, DAC scalar 0.999594; 2026-09-29 21:21:20.289 -05:00
[5073.818] music only: ProcessOutput calls 2726854, Music's 1314469, other apps' frames 758830320, pid 48342; peak in 0.1538, read back 0.0000; time delta max 512 frames in 3 cycles; other apps: fill 3068 (target 2205), varispeed 1.000418, dry 0x, over 0
[5078.461] decoder: 44100.0 Hz (lossless)
[5078.746] playerInfo: Playing Maxwell's Silver Hammer
[5078.833] new track Maxwell's Silver Hammer (Music's rate for the track): decoder 44100.0 Hz lossless (seen 0.280 s before Playing), DAC 44100 Hz
[5080.901] source depth from the samples: 24 bit (87721 of 88064 samples off the 16-bit grid, all on the 24-bit grid)
[5083.957] other apps meter (10 s): loopback ch 3-4 peak -9.4 dBFS, player out peak -9.4 dBFS; other apps: fill 2890 (target 2205), varispeed 1.000363, dry 0x, over 0; plug-in: ProcessOutput calls 2729038, Music's 1315343, other apps' frames 759724272, pid 48342; peak in 0.3398, read back 0.3137; time delta max 512 frames in 3 cycles
[5094.090] other apps meter (10 s): loopback ch 3-4 peak -11.3 dBFS, player out peak -11.3 dBFS; other apps: fill 3228 (target 2205), varispeed 1.000439, dry 0x, over 0; plug-in: ProcessOutput calls 2731221, Music's 1316216, other apps' frames 760618736, pid 48342; peak in 0.2735, read back 0.2735; time delta max 512 frames in 3 cycles
[5103.813] 44100 Hz fill 22050 scalar 0.999645233 under 0 over 0; clock locked, DAC scalar 0.999631; 2026-09-29 21:21:50.292 -05:00
[5103.815] music only: ProcessOutput calls 2733316, Music's 1317054, other apps' frames 761476848, pid 48342; peak in 0.2431, read back 0.2388; time delta max 512 frames in 3 cycles; other apps: fill 3070 (target 2205), varispeed 1.000376, dry 0x, over 0
[5104.210] other apps meter (10 s): loopback ch 3-4 peak -12.3 dBFS, player out peak -12.3 dBFS; other apps: fill 3063 (target 2205), varispeed 1.000376, dry 0x, over 0; plug-in: ProcessOutput calls 2733401, Music's 1317088, other apps' frames 761511664, pid 48342; peak in 0.2114, read back 0.2072; time delta max 512 frames in 3 cycles
[5114.336] other apps meter (10 s): loopback ch 3-4 peak -10.9 dBFS, player out peak -10.9 dBFS; other apps: fill 2889 (target 2205), varispeed 1.000362, dry 0x, over 0; plug-in: ProcessOutput calls 2735582, Music's 1317960, other apps' frames 762405104, pid 48342; peak in 0.2851, read back 0.2851; time delta max 512 frames in 3 cycles
[5124.451] other apps meter (10 s): loopback ch 3-4 peak -11.4 dBFS, player out peak -11.4 dBFS; other apps: fill 3210 (target 2205), varispeed 1.000405, dry 0x, over 0; plug-in: ProcessOutput calls 2737761, Music's 1318832, other apps' frames 763297520, pid 48342; peak in 0.2676, read back 0.2674; time delta max 512 frames in 3 cycles
[5133.825] 44100 Hz fill 22050 scalar 0.999769535 under 0 over 0; clock locked, DAC scalar 0.999677; 2026-09-29 21:22:20.303 -05:00
[5133.827] music only: ProcessOutput calls 2739781, Music's 1319640, other apps' frames 764124912, pid 48342; peak in 0.3489, read back 0.2865; time delta max 512 frames in 3 cycles; other apps: fill 3061 (target 2205), varispeed 1.000392, dry 0x, over 0
[5134.597] other apps meter (10 s): loopback ch 3-4 peak -9.1 dBFS, player out peak -9.1 dBFS; other apps: fill 3047 (target 2205), varispeed 1.000398, dry 0x, over 0; plug-in: ProcessOutput calls 2739946, Music's 1319706, other apps' frames 764192496, pid 48342; peak in 0.2529, read back 0.2411; time delta max 512 frames in 3 cycles
[5144.734] other apps meter (10 s): loopback ch 3-4 peak -11.3 dBFS, player out peak -11.3 dBFS; other apps: fill 2874 (target 2205), varispeed 1.000363, dry 0x, over 0; plug-in: ProcessOutput calls 2742131, Music's 1320580, other apps' frames 765087472, pid 48342; peak in 0.2726, read back 0.2726; time delta max 512 frames in 3 cycles
[5154.855] other apps meter (10 s): loopback ch 3-4 peak -10.5 dBFS, player out peak -10.5 dBFS; other apps: fill 3217 (target 2205), varispeed 1.000401, dry 0x, over 0; plug-in: ProcessOutput calls 2744311, Music's 1321452, other apps' frames 765980400, pid 48342; peak in 0.2975, read back 0.2671; time delta max 512 frames in 3 cycles
[5163.835] 44100 Hz fill 22050 scalar 0.999571497 under 0 over 0; clock locked, DAC scalar 0.999581; 2026-09-29 21:22:50.314 -05:00
[5163.837] music only: ProcessOutput calls 2746246, Music's 1322226, other apps' frames 766772976, pid 48342; peak in 0.2834, read back 0.2599; time delta max 512 frames in 3 cycles; other apps: fill 3077 (target 2205), varispeed 1.000424, dry 0x, over 0
[5164.962] other apps meter (10 s): loopback ch 3-4 peak -11.0 dBFS, player out peak -11.0 dBFS; other apps: fill 3056 (target 2205), varispeed 1.000427, dry 0x, over 0; plug-in: ProcessOutput calls 2746488, Music's 1322323, other apps' frames 766871792, pid 48342; peak in 0.1888, read back 0.1888; time delta max 512 frames in 3 cycles
[5175.102] other apps meter (10 s): loopback ch 3-4 peak -11.2 dBFS, player out peak -11.2 dBFS; other apps: fill 2869 (target 2205), varispeed 1.000360, dry 0x, over 0; plug-in: ProcessOutput calls 2748671, Music's 1323196, other apps' frames 767766256, pid 48342; peak in 0.2767, read back 0.2723; time delta max 512 frames in 3 cycles
[5185.213] other apps meter (10 s): loopback ch 3-4 peak -10.8 dBFS, player out peak -10.8 dBFS; other apps: fill 2673 (target 2205), varispeed 1.000440, dry 0x, over 0; plug-in: ProcessOutput calls 2750851, Music's 1324068, other apps' frames 768659184, pid 48342; peak in 0.2892, read back 0.2614; time delta max 512 frames in 3 cycles
[5193.843] 44100 Hz fill 21538 scalar 0.999568573 under 0 over 0; clock locked, DAC scalar 0.999577; 2026-09-29 21:23:20.321 -05:00
[5193.844] music only: ProcessOutput calls 2752710, Music's 1324811, other apps' frames 769421040, pid 48342; peak in 0.2590, read back 0.2572; time delta max 512 frames in 3 cycles; other apps: fill 3031 (target 2205), varispeed 1.000390, dry 0x, over 0
[5195.344] other apps meter (10 s): loopback ch 3-4 peak -11.7 dBFS, player out peak -11.7 dBFS; other apps: fill 3005 (target 2205), varispeed 1.000396, dry 0x, over 0; plug-in: ProcessOutput calls 2753033, Music's 1324941, other apps' frames 769552624, pid 48342; peak in 0.2191, read back 0.2191; time delta max 512 frames in 3 cycles
[5205.445] other apps meter (10 s): loopback ch 3-4 peak -10.2 dBFS, player out peak -10.2 dBFS; other apps: fill 2826 (target 2205), varispeed 1.000432, dry 0x, over 0; plug-in: ProcessOutput calls 2755209, Music's 1325811, other apps' frames 770444528, pid 48342; peak in 0.3106, read back 0.2997; time delta max 512 frames in 3 cycles
[5215.554] other apps meter (10 s): loopback ch 3-4 peak -11.3 dBFS, player out peak -11.3 dBFS; other apps: fill 3176 (target 2205), varispeed 1.000355, dry 0x, over 0; plug-in: ProcessOutput calls 2757386, Music's 1326682, other apps' frames 771335920, pid 48342; peak in 0.2708, read back 0.2708; time delta max 512 frames in 3 cycles
[5223.844] 44100 Hz fill 22050 scalar 0.999546090 under 0 over 0; clock locked, DAC scalar 0.999587; 2026-09-29 21:23:50.323 -05:00
[5223.847] music only: ProcessOutput calls 2759173, Music's 1327397, other apps' frames 772067568, pid 48342; peak in 0.3634, read back 0.3634; time delta max 512 frames in 3 cycles; other apps: fill 3038 (target 2205), varispeed 1.000411, dry 0x, over 0
[5225.649] other apps meter (10 s): loopback ch 3-4 peak -8.8 dBFS, player out peak -8.8 dBFS; other apps: fill 3005 (target 2205), varispeed 1.000410, dry 0x, over 0; plug-in: ProcessOutput calls 2759561, Music's 1327552, other apps' frames 772226800, pid 48342; peak in 0.2673, read back 0.2673; time delta max 512 frames in 3 cycles
[5235.800] other apps meter (10 s): loopback ch 3-4 peak -11.5 dBFS, player out peak -11.5 dBFS; other apps: fill 3335 (target 2205), varispeed 1.000482, dry 0x, over 0; plug-in: ProcessOutput calls 2761748, Music's 1328427, other apps' frames 773122288, pid 48342; peak in 0.2675, read back 0.2583; time delta max 512 frames in 3 cycles
[5245.934] other apps meter (10 s): loopback ch 3-4 peak -9.8 dBFS, player out peak -9.8 dBFS; other apps: fill 3154 (target 2205), varispeed 1.000354, dry 0x, over 0; plug-in: ProcessOutput calls 2763931, Music's 1329300, other apps' frames 774016752, pid 48342; peak in 0.3227, read back 0.3227; time delta max 512 frames in 3 cycles
[5253.845] 44100 Hz fill 22050 scalar 0.999547159 under 0 over 0; clock locked, DAC scalar 0.999574; 2026-09-29 21:24:20.323 -05:00
[5253.848] music only: ProcessOutput calls 2765636, Music's 1329982, other apps' frames 774715120, pid 48342; peak in 0.2776, read back 0.2776; time delta max 512 frames in 3 cycles; other apps: fill 3015 (target 2205), varispeed 1.000408, dry 0x, over 0
[5256.059] other apps meter (10 s): loopback ch 3-4 peak -11.1 dBFS, player out peak -11.1 dBFS; other apps: fill 2976 (target 2205), varispeed 1.000400, dry 0x, over 0; plug-in: ProcessOutput calls 2766111, Music's 1330172, other apps' frames 774909680, pid 48342; peak in 0.2341, read back 0.2186; time delta max 512 frames in 3 cycles
[5266.180] other apps meter (10 s): loopback ch 3-4 peak -10.8 dBFS, player out peak -10.8 dBFS; other apps: fill 2794 (target 2205), varispeed 1.000401, dry 0x, over 0; plug-in: ProcessOutput calls 2768291, Music's 1331044, other apps' frames 775802608, pid 48342; peak in 0.2879, read back 0.2799; time delta max 512 frames in 3 cycles
[5276.296] other apps meter (10 s): loopback ch 3-4 peak -11.1 dBFS, player out peak -11.1 dBFS; other apps: fill 3110 (target 2205), varispeed 1.000398, dry 0x, over 0; plug-in: ProcessOutput calls 2770471, Music's 1331916, other apps' frames 776695536, pid 48342; peak in 0.2793, read back 0.2793; time delta max 512 frames in 3 cycles
[5283.856] 44100 Hz fill 22050 scalar 0.999572301 under 0 over 0; clock locked, DAC scalar 0.999585; 2026-09-29 21:24:50.334 -05:00
[5283.858] music only: ProcessOutput calls 2772101, Music's 1332568, other apps' frames 777363184, pid 48342; peak in 0.3211, read back 0.2944; time delta max 512 frames in 3 cycles; other apps: fill 2970 (target 2205), varispeed 1.000403, dry 0x, over 0
[5286.404] other apps meter (10 s): loopback ch 3-4 peak -9.9 dBFS, player out peak -9.9 dBFS; other apps: fill 2927 (target 2205), varispeed 1.000382, dry 0x, over 0; plug-in: ProcessOutput calls 2772648, Music's 1332787, other apps' frames 777586928, pid 48342; peak in 0.2458, read back 0.2255; time delta max 512 frames in 3 cycles
[5287.178] decoder: 44100.0 Hz (lossy)
[5287.605] playerInfo: Playing Time to Kill (Steven Wilson 2021 Remix)
[5288.270] new track Time to Kill (Steven Wilson 2021 Remix) (Music's rate for the track): decoder 44100.0 Hz lossy (seen 0.426 s before Playing), DAC 44100 Hz
[5290.304] source depth from the samples: neither 16 nor 24 bit (on neither the 16- nor the 24-bit grid (68647 of 68736 samples): lossy)
[5296.885] other apps meter (10 s): loopback ch 3-4 peak -11.5 dBFS, player out peak -11.5 dBFS; other apps: fill 2754 (target 2205), varispeed 1.000366, dry 0x, over 0; plug-in: ProcessOutput calls 2774906, Music's 1333690, other apps' frames 778512112, pid 48342; peak in 0.2669, read back 0.2454; time delta max 512 frames in 3 cycles
[5307.004] other apps meter (10 s): loopback ch 3-4 peak -11.5 dBFS, player out peak -11.5 dBFS; other apps: fill 3106 (target 2205), varispeed 1.000403, dry 0x, over 0; plug-in: ProcessOutput calls 2777086, Music's 1334562, other apps' frames 779405040, pid 48342; peak in 0.2663, read back 0.2613; time delta max 512 frames in 3 cycles
[5313.857] 44100 Hz fill 22050 scalar 0.999624774 under 0 over 0; clock locked, DAC scalar 0.999607; 2026-09-29 21:25:20.335 -05:00
[5313.860] music only: ProcessOutput calls 2778563, Music's 1335153, other apps' frames 780009712, pid 48342; peak in 0.2581, read back 0.2437; time delta max 512 frames in 3 cycles; other apps: fill 2990 (target 2205), varispeed 1.000342, dry 0x, over 0
[5317.138] other apps meter (10 s): loopback ch 3-4 peak -10.7 dBFS, player out peak -10.7 dBFS; other apps: fill 2937 (target 2205), varispeed 1.000368, dry 0x, over 0; plug-in: ProcessOutput calls 2779269, Music's 1335435, other apps' frames 780299504, pid 48342; peak in 0.2931, read back 0.2931; time delta max 512 frames in 3 cycles
[5327.269] other apps meter (10 s): loopback ch 3-4 peak -8.2 dBFS, player out peak -8.2 dBFS; other apps: fill 2762 (target 2205), varispeed 1.000428, dry 0x, over 0; plug-in: ProcessOutput calls 2781451, Music's 1336308, other apps' frames 781192944, pid 48342; peak in 0.3900, read back 0.3900; time delta max 512 frames in 3 cycles
[5337.393] other apps meter (10 s): loopback ch 3-4 peak -10.2 dBFS, player out peak -10.2 dBFS; other apps: fill 3107 (target 2205), varispeed 1.000388, dry 0x, over 0; plug-in: ProcessOutput calls 2783633, Music's 1337181, other apps' frames 782086384, pid 48342; peak in 0.3079, read back 0.3079; time delta max 512 frames in 3 cycles
[5343.862] 44100 Hz fill 22050 scalar 0.999761000 under 0 over 0; clock locked, DAC scalar 0.999675; 2026-09-29 21:25:50.340 -05:00
[5343.863] music only: ProcessOutput calls 2785026, Music's 1337738, other apps' frames 782657264, pid 48342; peak in 0.2424, read back 0.2424; time delta max 512 frames in 3 cycles; other apps: fill 2988 (target 2205), varispeed 1.000409, dry 0x, over 0
[5347.505] other apps meter (10 s): loopback ch 3-4 peak -11.3 dBFS, player out peak -11.3 dBFS; other apps: fill 2925 (target 2205), varispeed 1.000381, dry 0x, over 0; plug-in: ProcessOutput calls 2785811, Music's 1338052, other apps' frames 782978800, pid 48342; peak in 0.2716, read back 0.2594; time delta max 512 frames in 3 cycles
[5357.623] other apps meter (10 s): loopback ch 3-4 peak -10.4 dBFS, player out peak -10.4 dBFS; other apps: fill 3257 (target 2205), varispeed 1.000413, dry 0x, over 0; plug-in: ProcessOutput calls 2787991, Music's 1338924, other apps' frames 783871728, pid 48342; peak in 0.3030, read back 0.2999; time delta max 512 frames in 3 cycles
[5367.744] other apps meter (10 s): loopback ch 3-4 peak -10.1 dBFS, player out peak -10.1 dBFS; other apps: fill 3064 (target 2205), varispeed 1.000394, dry 0x, over 0; plug-in: ProcessOutput calls 2790171, Music's 1339796, other apps' frames 784764656, pid 48342; peak in 0.3131, read back 0.2749; time delta max 512 frames in 3 cycles
[5373.867] 44100 Hz fill 22050 scalar 0.999565394 under 0 over 0; clock locked, DAC scalar 0.999568; 2026-09-29 21:26:20.345 -05:00
[5373.870] music only: ProcessOutput calls 2791491, Music's 1340324, other apps' frames 785305328, pid 48342; peak in 0.3261, read back 0.3261; time delta max 512 frames in 3 cycles; other apps: fill 2964 (target 2205), varispeed 1.000378, dry 0x, over 0
[5377.888] other apps meter (10 s): loopback ch 3-4 peak -9.7 dBFS, player out peak -9.7 dBFS; other apps: fill 2898 (target 2205), varispeed 1.000364, dry 0x, over 0; plug-in: ProcessOutput calls 2792356, Music's 1340670, other apps' frames 785659632, pid 48342; peak in 0.2508, read back 0.2402; time delta max 512 frames in 3 cycles
[5388.008] other apps meter (10 s): loopback ch 3-4 peak -10.3 dBFS, player out peak -10.3 dBFS; other apps: fill 3239 (target 2205), varispeed 1.000427, dry 0x, over 0; plug-in: ProcessOutput calls 2794536, Music's 1341542, other apps' frames 786552560, pid 48342; peak in 0.3053, read back 0.3053; time delta max 512 frames in 3 cycles
[5398.122] other apps meter (10 s): loopback ch 3-4 peak -8.0 dBFS, player out peak -8.0 dBFS; other apps: fill 2550 (target 2205), varispeed 1.000434, dry 0x, over 0; plug-in: ProcessOutput calls 2796714, Music's 1342413, other apps' frames 787444976, pid 48342; peak in 0.3984, read back 0.3984; time delta max 512 frames in 3 cycles
[5403.875] 44100 Hz fill 22050 scalar 0.999568539 under 0 over 0; clock locked, DAC scalar 0.999576; 2026-09-29 21:26:50.354 -05:00
[5403.878] music only: ProcessOutput calls 2797954, Music's 1342909, other apps' frames 787952880, pid 48342; peak in 0.5156, read back 0.5156; time delta max 512 frames in 3 cycles; other apps: fill 3468 (target 2205), varispeed 1.000394, dry 0x, over 0
[5408.269] other apps meter (10 s): loopback ch 3-4 peak -5.8 dBFS, player out peak -5.8 dBFS; other apps: fill 2880 (target 2205), varispeed 1.000392, dry 0x, over 0; plug-in: ProcessOutput calls 2798901, Music's 1343288, other apps' frames 788340464, pid 48342; peak in 0.2755, read back 0.2755; time delta max 512 frames in 3 cycles
[5418.431] other apps meter (10 s): loopback ch 3-4 peak -5.7 dBFS, player out peak -5.7 dBFS; other apps: fill 2707 (target 2205), varispeed 1.000396, dry 0x, over 0; plug-in: ProcessOutput calls 2801089, Music's 1344163, other apps' frames 789236976, pid 48342; peak in 0.5169, read back 0.5169; time delta max 512 frames in 3 cycles
[5428.565] other apps meter (10 s): loopback ch 3-4 peak -11.0 dBFS, player out peak -11.0 dBFS; other apps: fill 3069 (target 2205), varispeed 1.000360, dry 0x, over 0; plug-in: ProcessOutput calls 2803273, Music's 1345037, other apps' frames 790130928, pid 48342; peak in 0.2814, read back 0.2814; time delta max 512 frames in 3 cycles
[5433.877] 44100 Hz fill 21538 scalar 0.999565453 under 0 over 0; clock locked, DAC scalar 0.999583; 2026-09-29 21:27:20.356 -05:00
[5433.881] music only: ProcessOutput calls 2804418, Music's 1345495, other apps' frames 790599920, pid 48342; peak in 0.3071, read back 0.3071; time delta max 512 frames in 3 cycles; other apps: fill 2976 (target 2205), varispeed 1.000397, dry 0x, over 0
[5438.701] other apps meter (10 s): loopback ch 3-4 peak -10.3 dBFS, player out peak -10.3 dBFS; other apps: fill 2895 (target 2205), varispeed 1.000365, dry 0x, over 0; plug-in: ProcessOutput calls 2805456, Music's 1345910, other apps' frames 791025392, pid 48342; peak in 0.2736, read back 0.2572; time delta max 512 frames in 3 cycles
[5448.829] other apps meter (10 s): loopback ch 3-4 peak -8.9 dBFS, player out peak -8.9 dBFS; other apps: fill 3240 (target 2205), varispeed 1.000350, dry 0x, over 0; plug-in: ProcessOutput calls 2807638, Music's 1346783, other apps' frames 791918832, pid 48342; peak in 0.3594, read back 0.3594; time delta max 512 frames in 3 cycles
[5458.944] other apps meter (10 s): loopback ch 3-4 peak -8.1 dBFS, player out peak -8.1 dBFS; other apps: fill 3067 (target 2205), varispeed 1.000407, dry 0x, over 0; plug-in: ProcessOutput calls 2809816, Music's 1347654, other apps' frames 792811248, pid 48342; peak in 0.3949, read back 0.3949; time delta max 512 frames in 3 cycles
[5463.880] 44100 Hz fill 22050 scalar 0.999545628 under 0 over 0; clock locked, DAC scalar 0.999575; 2026-09-29 21:27:50.359 -05:00
[5463.881] music only: ProcessOutput calls 2810881, Music's 1348080, other apps' frames 793247472, pid 48342; peak in 0.2862, read back 0.2811; time delta max 512 frames in 3 cycles; other apps: fill 2982 (target 2205), varispeed 1.000391, dry 0x, over 0
[5469.084] other apps meter (10 s): loopback ch 3-4 peak -10.8 dBFS, player out peak -10.8 dBFS; other apps: fill 2891 (target 2205), varispeed 1.000384, dry 0x, over 0; plug-in: ProcessOutput calls 2812001, Music's 1348528, other apps' frames 793706224, pid 48342; peak in 0.2896, read back 0.2889; time delta max 512 frames in 3 cycles
[5479.231] other apps meter (10 s): loopback ch 3-4 peak -10.0 dBFS, player out peak -10.0 dBFS; other apps: fill 2707 (target 2205), varispeed 1.000418, dry 0x, over 0; plug-in: ProcessOutput calls 2814186, Music's 1349402, other apps' frames 794601200, pid 48342; peak in 0.3175, read back 0.3175; time delta max 512 frames in 3 cycles
[5489.341] other apps meter (10 s): loopback ch 3-4 peak -11.6 dBFS, player out peak -11.6 dBFS; other apps: fill 3036 (target 2205), varispeed 1.000423, dry 0x, over 0; plug-in: ProcessOutput calls 2816364, Music's 1350273, other apps' frames 795493616, pid 48342; peak in 0.2632, read back 0.2632; time delta max 512 frames in 3 cycles
[5493.894] 44100 Hz fill 22050 scalar 0.999549843 under 0 over 0; clock locked, DAC scalar 0.999583; 2026-09-29 21:28:20.367 -05:00
[5493.896] music only: ProcessOutput calls 2817346, Music's 1350666, other apps' frames 795895536, pid 48342; peak in 0.2441, read back 0.2375; time delta max 512 frames in 3 cycles; other apps: fill 2958 (target 2205), varispeed 1.000386, dry 0x, over 0
[5499.460] other apps meter (10 s): loopback ch 3-4 peak -12.2 dBFS, player out peak -12.2 dBFS; other apps: fill 2864 (target 2205), varispeed 1.000371, dry 0x, over 0; plug-in: ProcessOutput calls 2818544, Music's 1351145, other apps' frames 796386544, pid 48342; peak in 0.2337, read back 0.2328; time delta max 512 frames in 3 cycles
[5509.580] other apps meter (10 s): loopback ch 3-4 peak -9.7 dBFS, player out peak -9.7 dBFS; other apps: fill 2681 (target 2205), varispeed 1.000453, dry 0x, over 0; plug-in: ProcessOutput calls 2820724, Music's 1352017, other apps' frames 797279472, pid 48342; peak in 0.3276, read back 0.3082; time delta max 512 frames in 3 cycles
[5519.690] other apps meter (10 s): loopback ch 3-4 peak -8.5 dBFS, player out peak -8.5 dBFS; other apps: fill 2485 (target 2205), varispeed 1.000360, dry 0x, over 0; plug-in: ProcessOutput calls 2822901, Music's 1352888, other apps' frames 798170864, pid 48342; peak in 0.3737, read back 0.3035; time delta max 512 frames in 3 cycles
[5523.890] 44100 Hz fill 21538 scalar 0.999579395 under 0 over 0; clock locked, DAC scalar 0.999587; 2026-09-29 21:28:50.369 -05:00
[5523.893] music only: ProcessOutput calls 2823808, Music's 1353251, other apps' frames 798542064, pid 48342; peak in 0.3052, read back 0.2918; time delta max 512 frames in 3 cycles; other apps: fill 2928 (target 2205), varispeed 1.000372, dry 0x, over 0
[5529.814] other apps meter (10 s): loopback ch 3-4 peak -10.3 dBFS, player out peak -10.3 dBFS; other apps: fill 2831 (target 2205), varispeed 1.000346, dry 0x, over 0; plug-in: ProcessOutput calls 2825083, Music's 1353761, other apps' frames 799064304, pid 48342; peak in 0.2528, read back 0.2490; time delta max 512 frames in 3 cycles
[5539.934] other apps meter (10 s): loopback ch 3-4 peak -10.1 dBFS, player out peak -10.1 dBFS; other apps: fill 3172 (target 2205), varispeed 1.000366, dry 0x, over 0; plug-in: ProcessOutput calls 2827263, Music's 1354633, other apps' frames 799957232, pid 48342; peak in 0.3125, read back 0.2806; time delta max 512 frames in 3 cycles
[5550.043] other apps meter (10 s): loopback ch 3-4 peak -11.5 dBFS, player out peak -11.5 dBFS; other apps: fill 2998 (target 2205), varispeed 1.000380, dry 0x, over 0; plug-in: ProcessOutput calls 2829441, Music's 1355504, other apps' frames 800849648, pid 48342; peak in 0.2673, read back 0.2647; time delta max 512 frames in 3 cycles
[5553.903] 44100 Hz fill 22050 scalar 0.999669651 under 0 over 0; clock locked, DAC scalar 0.999640; 2026-09-29 21:29:20.380 -05:00
[5553.905] music only: ProcessOutput calls 2830273, Music's 1355837, other apps' frames 801190128, pid 48342; peak in 0.2748, read back 0.2748; time delta max 512 frames in 3 cycles; other apps: fill 2933 (target 2205), varispeed 1.000377, dry 0x, over 0
[5560.166] other apps meter (10 s): loopback ch 3-4 peak -11.2 dBFS, player out peak -11.2 dBFS; other apps: fill 2827 (target 2205), varispeed 1.000376, dry 0x, over 0; plug-in: ProcessOutput calls 2831621, Music's 1356376, other apps' frames 801742576, pid 48342; peak in 0.2740, read back 0.2728; time delta max 512 frames in 3 cycles
[5570.307] other apps meter (10 s): loopback ch 3-4 peak -10.4 dBFS, player out peak -10.4 dBFS; other apps: fill 3157 (target 2205), varispeed 1.000377, dry 0x, over 0; plug-in: ProcessOutput calls 2833806, Music's 1357250, other apps' frames 802637552, pid 48342; peak in 0.3032, read back 0.3032; time delta max 512 frames in 3 cycles
[5580.424] other apps meter (10 s): loopback ch 3-4 peak -11.3 dBFS, player out peak -11.3 dBFS; other apps: fill 2972 (target 2205), varispeed 1.000401, dry 0x, over 0; plug-in: ProcessOutput calls 2835986, Music's 1358122, other apps' frames 803530480, pid 48342; peak in 0.2723, read back 0.2555; time delta max 512 frames in 3 cycles
[5583.908] 44100 Hz fill 22050 scalar 0.999794655 under 0 over 0; clock locked, DAC scalar 0.999715; 2026-09-29 21:29:50.386 -05:00
[5583.911] music only: ProcessOutput calls 2836736, Music's 1358422, other apps' frames 803837680, pid 48342; peak in 0.2411, read back 0.2411; time delta max 512 frames in 3 cycles; other apps: fill 2913 (target 2205), varispeed 1.000374, dry 0x, over 0
[5590.532] other apps meter (10 s): loopback ch 3-4 peak -11.9 dBFS, player out peak -11.9 dBFS; other apps: fill 3324 (target 2205), varispeed 1.000322, dry 0x, over 0; plug-in: ProcessOutput calls 2838163, Music's 1358993, other apps' frames 804421872, pid 48342; peak in 0.2534, read back 0.2403; time delta max 512 frames in 3 cycles
[5600.652] other apps meter (10 s): loopback ch 3-4 peak -10.9 dBFS, player out peak -10.9 dBFS; other apps: fill 2655 (target 2205), varispeed 1.000341, dry 0x, over 0; plug-in: ProcessOutput calls 2840343, Music's 1359865, other apps' frames 805314800, pid 48342; peak in 0.2864, read back 0.2864; time delta max 512 frames in 3 cycles
[5601.834] playerInfo: Playing What A Difference A Day Made
[5601.950] new track What A Difference A Day Made (Music's rate for the track; no decoder line at it yet): decoder 44100.0 Hz lossless (seen 0.000 s before Playing), DAC 44100 Hz
[5604.182] source depth from the samples: neither 16 nor 24 bit (on neither the 16- nor the 24-bit grid (83621 of 88064 samples): Music changes them (volume, Sound Check, EQ) or the source is float)
[5610.754] other apps meter (10 s): loopback ch 3-4 peak -11.0 dBFS, player out peak -11.0 dBFS; other apps: fill 2984 (target 2205), varispeed 1.000405, dry 0x, over 0; plug-in: ProcessOutput calls 2842519, Music's 1360735, other apps' frames 806206704, pid 48342; peak in 0.2802, read back 0.2633; time delta max 512 frames in 3 cycles
[5613.916] 44100 Hz fill 22050 scalar 0.999563998 under 0 over 0; clock locked, DAC scalar 0.999580; 2026-09-29 21:30:20.394 -05:00
[5613.919] music only: ProcessOutput calls 2843201, Music's 1361008, other apps' frames 806485744, pid 48342; peak in 0.2916, read back 0.2752; time delta max 512 frames in 3 cycles; other apps: fill 2929 (target 2205), varispeed 1.000379, dry 0x, over 0
[5620.872] other apps meter (10 s): loopback ch 3-4 peak -8.8 dBFS, player out peak -8.8 dBFS; other apps: fill 2810 (target 2205), varispeed 1.000387, dry 0x, over 0; plug-in: ProcessOutput calls 2844698, Music's 1361607, other apps' frames 807098608, pid 48342; peak in 0.3630, read back 0.3630; time delta max 512 frames in 3 cycles
[5630.996] other apps meter (10 s): loopback ch 3-4 peak -11.9 dBFS, player out peak -11.9 dBFS; other apps: fill 2630 (target 2205), varispeed 1.000374, dry 0x, over 0; plug-in: ProcessOutput calls 2846879, Music's 1362479, other apps' frames 807992560, pid 48342; peak in 0.2533, read back 0.2533; time delta max 512 frames in 3 cycles
[5641.139] other apps meter (10 s): loopback ch 3-4 peak -10.8 dBFS, player out peak -10.8 dBFS; other apps: fill 2974 (target 2205), varispeed 1.000401, dry 0x, over 0; plug-in: ProcessOutput calls 2849064, Music's 1363353, other apps' frames 808887536, pid 48342; peak in 0.2895, read back 0.2695; time delta max 512 frames in 3 cycles
[5643.925] 44100 Hz fill 22050 scalar 0.999567030 under 0 over 0; clock locked, DAC scalar 0.999569; 2026-09-29 21:30:50.403 -05:00
[5643.926] music only: ProcessOutput calls 2849666, Music's 1363594, other apps' frames 809133808, pid 48342; peak in 0.2704, read back 0.2704; time delta max 512 frames in 3 cycles; other apps: fill 3439 (target 2205), varispeed 1.000379, dry 0x, over 0
[5651.252] other apps meter (10 s): loopback ch 3-4 peak -11.4 dBFS, player out peak -11.4 dBFS; other apps: fill 3319 (target 2205), varispeed 1.000435, dry 0x, over 0; plug-in: ProcessOutput calls 2851243, Music's 1364225, other apps' frames 809779440, pid 48342; peak in 0.2410, read back 0.2403; time delta max 512 frames in 3 cycles
[5661.372] other apps meter (10 s): loopback ch 3-4 peak -11.4 dBFS, player out peak -11.4 dBFS; other apps: fill 3143 (target 2205), varispeed 1.000401, dry 0x, over 0; plug-in: ProcessOutput calls 2853423, Music's 1365097, other apps' frames 810672368, pid 48342; peak in 0.2704, read back 0.2704; time delta max 512 frames in 3 cycles
[5663.129] volume 0.7500: DAC [0] -> -16.0 dB
[5671.508] other apps meter (10 s): loopback ch 3-4 peak -11.6 dBFS, player out peak -11.6 dBFS; other apps: fill 2972 (target 2205), varispeed 1.000370, dry 0x, over 0; plug-in: ProcessOutput calls 2855606, Music's 1365970, other apps' frames 811566832, pid 48342; peak in 0.2638, read back 0.2638; time delta max 512 frames in 3 cycles
[5673.930] 44100 Hz fill 22050 scalar 0.999563322 under 0 over 0; clock locked, DAC scalar 0.999568; 2026-09-29 21:31:20.409 -05:00
[5673.932] music only: ProcessOutput calls 2856128, Music's 1366179, other apps' frames 811780336, pid 48342; peak in 0.2337, read back 0.2280; time delta max 512 frames in 3 cycles; other apps: fill 2932 (target 2205), varispeed 1.000372, dry 0x, over 0
[5681.608] other apps meter (10 s): loopback ch 3-4 peak -9.1 dBFS, player out peak -9.1 dBFS; other apps: fill 2786 (target 2205), varispeed 1.000439, dry 0x, over 0; plug-in: ProcessOutput calls 2857782, Music's 1366840, other apps' frames 812458224, pid 48342; peak in 0.3516, read back 0.3516; time delta max 512 frames in 3 cycles
[5691.732] other apps meter (10 s): loopback ch 3-4 peak -10.8 dBFS, player out peak -10.8 dBFS; other apps: fill 3114 (target 2205), varispeed 1.000440, dry 0x, over 0; plug-in: ProcessOutput calls 2859963, Music's 1367713, other apps' frames 813351152, pid 48342; peak in 0.2884, read back 0.2884; time delta max 512 frames in 3 cycles
[5701.852] other apps meter (10 s): loopback ch 3-4 peak -11.4 dBFS, player out peak -11.4 dBFS; other apps: fill 2941 (target 2205), varispeed 1.000385, dry 0x, over 0; plug-in: ProcessOutput calls 2862143, Music's 1368585, other apps' frames 814244080, pid 48342; peak in 0.2685, read back 0.2685; time delta max 512 frames in 3 cycles
[5703.941] 44100 Hz fill 22050 scalar 0.999549059 under 0 over 0; clock locked, DAC scalar 0.999576; 2026-09-29 21:31:50.419 -05:00
[5703.944] music only: ProcessOutput calls 2862593, Music's 1368765, other apps' frames 814428400, pid 48342; peak in 0.2651, read back 0.2637; time delta max 512 frames in 3 cycles; other apps: fill 2907 (target 2205), varispeed 1.000367, dry 0x, over 0
[5711.981] other apps meter (10 s): loopback ch 3-4 peak -10.9 dBFS, player out peak -10.9 dBFS; other apps: fill 2775 (target 2205), varispeed 1.000362, dry 0x, over 0; plug-in: ProcessOutput calls 2864326, Music's 1369458, other apps' frames 815138544, pid 48342; peak in 0.2841, read back 0.2693; time delta max 512 frames in 3 cycles
[5722.135] other apps meter (10 s): loopback ch 3-4 peak -10.9 dBFS, player out peak -10.9 dBFS; other apps: fill 2590 (target 2205), varispeed 1.000388, dry 0x, over 0; plug-in: ProcessOutput calls 2866511, Music's 1370332, other apps' frames 816033520, pid 48342; peak in 0.2837, read back 0.2837; time delta max 512 frames in 3 cycles
[5732.239] other apps meter (10 s): loopback ch 3-4 peak -10.7 dBFS, player out peak -10.7 dBFS; other apps: fill 2926 (target 2205), varispeed 1.000378, dry 0x, over 0; plug-in: ProcessOutput calls 2868688, Music's 1371203, other apps' frames 816924912, pid 48342; peak in 0.2918, read back 0.2918; time delta max 512 frames in 3 cycles
[5733.944] 44100 Hz fill 22050 scalar 0.999550119 under 0 over 0; clock locked, DAC scalar 0.999577; 2026-09-29 21:32:20.423 -05:00
[5733.946] music only: ProcessOutput calls 2869056, Music's 1371350, other apps' frames 817075952, pid 48342; peak in 0.2036, read back 0.2036; time delta max 512 frames in 3 cycles; other apps: fill 2898 (target 2205), varispeed 1.000363, dry 0x, over 0
[5742.359] other apps meter (10 s): loopback ch 3-4 peak -9.4 dBFS, player out peak -9.4 dBFS; other apps: fill 2764 (target 2205), varispeed 1.000359, dry 0x, over 0; plug-in: ProcessOutput calls 2870869, Music's 1372075, other apps' frames 817818864, pid 48342; peak in 0.3404, read back 0.3394; time delta max 512 frames in 3 cycles
[5752.454] other apps meter (10 s): loopback ch 3-4 peak -11.6 dBFS, player out peak -11.6 dBFS; other apps: fill 3105 (target 2205), varispeed 1.000326, dry 0x, over 0; plug-in: ProcessOutput calls 2873043, Music's 1372945, other apps' frames 818708720, pid 48342; peak in 0.2644, read back 0.2644; time delta max 512 frames in 3 cycles
[5762.599] other apps meter (10 s): loopback ch 3-4 peak -9.2 dBFS, player out peak -9.2 dBFS; other apps: fill 2937 (target 2205), varispeed 1.000375, dry 0x, over 0; plug-in: ProcessOutput calls 2875229, Music's 1373819, other apps' frames 819604720, pid 48342; peak in 0.3474, read back 0.3124; time delta max 512 frames in 3 cycles
[5763.954] 44100 Hz fill 22050 scalar 0.999595269 under 0 over 0; clock locked, DAC scalar 0.999603; 2026-09-29 21:32:50.432 -05:00
[5763.955] music only: ProcessOutput calls 2875521, Music's 1373936, other apps' frames 819724016, pid 48342; peak in 0.2410, read back 0.2410; time delta max 512 frames in 3 cycles; other apps: fill 2915 (target 2205), varispeed 1.000368, dry 0x, over 0
[5772.704] other apps meter (10 s): loopback ch 3-4 peak -12.4 dBFS, player out peak -12.4 dBFS; other apps: fill 3277 (target 2205), varispeed 1.000399, dry 0x, over 0; plug-in: ProcessOutput calls 2877406, Music's 1374690, other apps' frames 820496112, pid 48342; peak in 0.1781, read back 0.1781; time delta max 512 frames in 3 cycles
[5782.838] other apps meter (10 s): loopback ch 3-4 peak -8.2 dBFS, player out peak -8.2 dBFS; other apps: fill 3112 (target 2205), varispeed 1.000394, dry 0x, over 0; plug-in: ProcessOutput calls 2879588, Music's 1375563, other apps' frames 821389552, pid 48342; peak in 0.3891, read back 0.3743; time delta max 512 frames in 3 cycles
[5792.957] other apps meter (10 s): loopback ch 3-4 peak -11.3 dBFS, player out peak -11.3 dBFS; other apps: fill 2922 (target 2205), varispeed 1.000444, dry 0x, over 0; plug-in: ProcessOutput calls 2881768, Music's 1376435, other apps' frames 822282480, pid 48342; peak in 0.2715, read back 0.2715; time delta max 512 frames in 3 cycles
[5793.956] 44100 Hz fill 22050 scalar 0.999695838 under 0 over 0; clock locked, DAC scalar 0.999652; 2026-09-29 21:33:20.434 -05:00
[5793.958] music only: ProcessOutput calls 2881984, Music's 1376521, other apps' frames 822371568, pid 48342; peak in 0.1347, read back 0.1347; time delta max 512 frames in 3 cycles; other apps: fill 2903 (target 2205), varispeed 1.000463, dry 0x, over 0
[5803.081] other apps meter (10 s): loopback ch 3-4 peak -10.0 dBFS, player out peak -10.0 dBFS; other apps: fill 2735 (target 2205), varispeed 1.000359, dry 0x, over 0; plug-in: ProcessOutput calls 2883949, Music's 1377307, other apps' frames 823176432, pid 48342; peak in 0.3174, read back 0.3135; time delta max 512 frames in 3 cycles
[5813.184] other apps meter (10 s): loopback ch 3-4 peak -10.0 dBFS, player out peak -10.0 dBFS; other apps: fill 3080 (target 2205), varispeed 1.000321, dry 0x, over 0; plug-in: ProcessOutput calls 2886126, Music's 1378178, other apps' frames 824067824, pid 48342; peak in 0.3159, read back 0.2800; time delta max 512 frames in 3 cycles
[5823.324] other apps meter (10 s): loopback ch 3-4 peak -11.3 dBFS, player out peak -11.3 dBFS; other apps: fill 2907 (target 2205), varispeed 1.000371, dry 0x, over 0; plug-in: ProcessOutput calls 2888311, Music's 1379052, other apps' frames 824962800, pid 48342; peak in 0.2708, read back 0.2708; time delta max 512 frames in 3 cycles
[5823.962] 44100 Hz fill 22050 scalar 0.999733475 under 0 over 0; clock locked, DAC scalar 0.999689; 2026-09-29 21:33:50.441 -05:00
[5823.965] music only: ProcessOutput calls 2888448, Music's 1379107, other apps' frames 825018608, pid 48342; peak in 0.2050, read back 0.2050; time delta max 512 frames in 3 cycles; other apps: fill 2897 (target 2205), varispeed 1.000363, dry 0x, over 0
[5833.437] other apps meter (10 s): loopback ch 3-4 peak -11.0 dBFS, player out peak -11.0 dBFS; other apps: fill 3254 (target 2205), varispeed 1.000400, dry 0x, over 0; plug-in: ProcessOutput calls 2890488, Music's 1379923, other apps' frames 825854192, pid 48342; peak in 0.2832, read back 0.2832; time delta max 512 frames in 3 cycles
[5843.571] other apps meter (10 s): loopback ch 3-4 peak -10.8 dBFS, player out peak -10.8 dBFS; other apps: fill 3091 (target 2205), varispeed 1.000428, dry 0x, over 0; plug-in: ProcessOutput calls 2892671, Music's 1380796, other apps' frames 826748656, pid 48342; peak in 0.2874, read back 0.2689; time delta max 512 frames in 3 cycles
[5853.703] other apps meter (10 s): loopback ch 3-4 peak -9.6 dBFS, player out peak -9.6 dBFS; other apps: fill 2903 (target 2205), varispeed 1.000450, dry 0x, over 0; plug-in: ProcessOutput calls 2894854, Music's 1381669, other apps' frames 827643120, pid 48342; peak in 0.3329, read back 0.3329; time delta max 512 frames in 3 cycles
[5853.972] 44100 Hz fill 22050 scalar 0.999570423 under 0 over 0; clock locked, DAC scalar 0.999583; 2026-09-29 21:34:20.451 -05:00
[5853.976] music only: ProcessOutput calls 2894913, Music's 1381693, other apps' frames 827666672, pid 48342; peak in 0.1262, read back 0.1239; time delta max 512 frames in 3 cycles; other apps: fill 2898 (target 2205), varispeed 1.000430, dry 0x, over 0
[5863.823] other apps meter (10 s): loopback ch 3-4 peak -11.1 dBFS, player out peak -11.1 dBFS; other apps: fill 2710 (target 2205), varispeed 1.000431, dry 0x, over 0; plug-in: ProcessOutput calls 2897034, Music's 1382541, other apps' frames 828536048, pid 48342; peak in 0.2781, read back 0.2729; time delta max 512 frames in 3 cycles
[5873.946] other apps meter (10 s): loopback ch 3-4 peak -11.3 dBFS, player out peak -11.3 dBFS; other apps: fill 2532 (target 2205), varispeed 1.000384, dry 0x, over 0; plug-in: ProcessOutput calls 2899215, Music's 1383413, other apps' frames 829429488, pid 48342; peak in 0.2738, read back 0.2621; time delta max 512 frames in 3 cycles
[5883.978] 44100 Hz fill 22050 scalar 0.999559506 under 0 over 0; clock locked, DAC scalar 0.999583; 2026-09-29 21:34:50.457 -05:00
[5883.979] music only: ProcessOutput calls 2901376, Music's 1384278, other apps' frames 830314224, pid 48342; peak in 0.3387, read back 0.3360; time delta max 512 frames in 3 cycles; other apps: fill 2871 (target 2205), varispeed 1.000384, dry 0x, over 0
[5884.081] other apps meter (10 s): loopback ch 3-4 peak -9.4 dBFS, player out peak -9.4 dBFS; other apps: fill 2869 (target 2205), varispeed 1.000384, dry 0x, over 0; plug-in: ProcessOutput calls 2901398, Music's 1384287, other apps' frames 830322928, pid 48342; peak in 0.1551, read back 0.1551; time delta max 512 frames in 3 cycles
[5894.184] other apps meter (10 s): loopback ch 3-4 peak -11.4 dBFS, player out peak -11.4 dBFS; other apps: fill 2676 (target 2205), varispeed 1.000429, dry 0x, over 0; plug-in: ProcessOutput calls 2903574, Music's 1385157, other apps' frames 831214832, pid 48342; peak in 0.2691, read back 0.2691; time delta max 512 frames in 3 cycles
[5904.314] other apps meter (10 s): loopback ch 3-4 peak -12.6 dBFS, player out peak -12.6 dBFS; other apps: fill 3003 (target 2205), varispeed 1.000395, dry 0x, over 0; plug-in: ProcessOutput calls 2905756, Music's 1386030, other apps' frames 832108272, pid 48342; peak in 0.2348, read back 0.2348; time delta max 512 frames in 3 cycles
[5910.619] playerInfo: Playing Bravest Face
[5910.733] new track Bravest Face (Music's rate for the track; no decoder line at it yet): decoder 44100.0 Hz lossless (seen 0.000 s before Playing), DAC 44100 Hz
[5911.999] volume 0.6875: DAC [0] -> -20.0 dB
[5912.232] volume 0.6250: DAC [0] -> -24.0 dB
[5912.912] source depth from the samples: neither 16 nor 24 bit (on neither the 16- nor the 24-bit grid (73443 of 90112 samples): Music changes them (volume, Sound Check, EQ) or the source is float)
[5913.980] 44100 Hz fill 22050 scalar 0.999562916 under 0 over 0; clock locked, DAC scalar 0.999583; 2026-09-29 21:35:20.458 -05:00
[5913.985] music only: ProcessOutput calls 2907841, Music's 1386864, other apps' frames 832962288, pid 48342; peak in 0.3467, read back 0.3467; time delta max 512 frames in 3 cycles; other apps: fill 3355 (target 2205), varispeed 1.000376, dry 0x, over 0
[5914.000] volume 0.5625: DAC [0] -> -28.0 dB
[5914.430] other apps meter (10 s): loopback ch 3-4 peak -9.2 dBFS, player out peak -9.2 dBFS; other apps: fill 2835 (target 2205), varispeed 1.000376, dry 0x, over 0; plug-in: ProcessOutput calls 2907936, Music's 1386902, other apps' frames 833001200, pid 48342; peak in 0.1838, read back 0.1509; time delta max 512 frames in 3 cycles
[5924.569] other apps meter (10 s): loopback ch 3-4 peak -10.6 dBFS, player out peak -10.6 dBFS; other apps: fill 2663 (target 2205), varispeed 1.000325, dry 0x, over 0; plug-in: ProcessOutput calls 2910121, Music's 1387776, other apps' frames 833896176, pid 48342; peak in 0.2948, read back 0.2948; time delta max 512 frames in 3 cycles
[5934.687] other apps meter (10 s): loopback ch 3-4 peak -8.9 dBFS, player out peak -8.9 dBFS; other apps: fill 2991 (target 2205), varispeed 1.000412, dry 0x, over 0; plug-in: ProcessOutput calls 2912299, Music's 1388647, other apps' frames 834788592, pid 48342; peak in 0.3609, read back 0.3420; time delta max 512 frames in 3 cycles
[5943.983] 44100 Hz fill 21538 scalar 0.999543794 under 0 over 0; clock locked, DAC scalar 0.999587; 2026-09-29 21:35:50.462 -05:00
[5943.984] music only: ProcessOutput calls 2914303, Music's 1389449, other apps' frames 835608816, pid 48342; peak in 0.1842, read back 0.1842; time delta max 512 frames in 3 cycles; other apps: fill 3346 (target 2205), varispeed 1.000403, dry 0x, over 0
[5944.813] other apps meter (10 s): loopback ch 3-4 peak -14.7 dBFS, player out peak -14.7 dBFS; other apps: fill 2819 (target 2205), varispeed 1.000385, dry 0x, over 0; plug-in: ProcessOutput calls 2914481, Music's 1389520, other apps' frames 835682032, pid 48342; peak in 0.1630, read back 0.1630; time delta max 512 frames in 3 cycles
[5947.940] NSRunningApplication lists no Music, but pid 48342 is alive: still running
[5954.934] other apps meter (10 s): loopback ch 3-4 peak -11.5 dBFS, player out peak -11.5 dBFS; other apps: fill 3147 (target 2205), varispeed 1.000403, dry 0x, over 0; plug-in: ProcessOutput calls 2916661, Music's 1390392, other apps' frames 836574960, pid 48342; peak in 0.2668, read back 0.2652; time delta max 512 frames in 3 cycles
[5965.081] other apps meter (10 s): loopback ch 3-4 peak -6.9 dBFS, player out peak -6.9 dBFS; other apps: fill 2966 (target 2205), varispeed 1.000400, dry 0x, over 0; plug-in: ProcessOutput calls 2918846, Music's 1391266, other apps' frames 837469936, pid 48342; peak in 0.4513, read back 0.4513; time delta max 512 frames in 3 cycles
[5973.990] 44100 Hz fill 22050 scalar 0.999567007 under 0 over 0; clock locked, DAC scalar 0.999592; 2026-09-29 21:36:20.468 -05:00
[5973.992] music only: ProcessOutput calls 2920766, Music's 1392034, other apps' frames 838256368, pid 48342; peak in 0.2829, read back 0.2829; time delta max 512 frames in 3 cycles; other apps: fill 2817 (target 2205), varispeed 1.000369, dry 0x, over 0
[5975.195] other apps meter (10 s): loopback ch 3-4 peak -11.0 dBFS, player out peak -11.0 dBFS; other apps: fill 2799 (target 2205), varispeed 1.000345, dry 0x, over 0; plug-in: ProcessOutput calls 2921026, Music's 1392138, other apps' frames 838362864, pid 48342; peak in 0.2573, read back 0.2565; time delta max 512 frames in 3 cycles
[5985.297] other apps meter (10 s): loopback ch 3-4 peak -10.2 dBFS, player out peak -10.2 dBFS; other apps: fill 2632 (target 2205), varispeed 1.000418, dry 0x, over 0; plug-in: ProcessOutput calls 2923201, Music's 1393008, other apps' frames 839253744, pid 48342; peak in 0.3092, read back 0.3055; time delta max 512 frames in 3 cycles
[5995.420] other apps meter (10 s): loopback ch 3-4 peak -10.3 dBFS, player out peak -10.3 dBFS; other apps: fill 2968 (target 2205), varispeed 1.000399, dry 0x, over 0; plug-in: ProcessOutput calls 2925383, Music's 1393881, other apps' frames 840147184, pid 48342; peak in 0.3071, read back 0.2990; time delta max 512 frames in 3 cycles
[6003.999] 44100 Hz fill 22050 scalar 0.999681290 under 0 over 0; clock locked, DAC scalar 0.999627; 2026-09-29 21:36:50.478 -05:00
[6004.001] music only: ProcessOutput calls 2927231, Music's 1394620, other apps' frames 840904432, pid 48342; peak in 0.2730, read back 0.2730; time delta max 512 frames in 3 cycles; other apps: fill 2829 (target 2205), varispeed 1.000383, dry 0x, over 0
[6005.572] other apps meter (10 s): loopback ch 3-4 peak -10.4 dBFS, player out peak -10.4 dBFS; other apps: fill 2805 (target 2205), varispeed 1.000346, dry 0x, over 0; plug-in: ProcessOutput calls 2927569, Music's 1394755, other apps' frames 841043184, pid 48342; peak in 0.3021, read back 0.3021; time delta max 512 frames in 3 cycles
[6015.683] other apps meter (10 s): loopback ch 3-4 peak -10.9 dBFS, player out peak -10.9 dBFS; other apps: fill 2649 (target 2205), varispeed 1.000371, dry 0x, over 0; plug-in: ProcessOutput calls 2929747, Music's 1395626, other apps' frames 841935088, pid 48342; peak in 0.2850, read back 0.2804; time delta max 512 frames in 3 cycles
[6025.835] other apps meter (10 s): loopback ch 3-4 peak -9.7 dBFS, player out peak -11.1 dBFS; other apps: fill 2985 (target 2205), varispeed 1.000383, dry 0x, over 0; plug-in: ProcessOutput calls 2931934, Music's 1396501, other apps' frames 842831088, pid 48342; peak in 0.3268, read back 0.3268; time delta max 512 frames in 3 cycles
[6034.001] 44100 Hz fill 22050 scalar 0.999803675 under 0 over 0; clock locked, DAC scalar 0.999734; 2026-09-29 21:37:20.480 -05:00
[6034.003] music only: ProcessOutput calls 2933694, Music's 1397205, other apps' frames 843551984, pid 48342; peak in 0.2804, read back 0.2799; time delta max 512 frames in 3 cycles; other apps: fill 2844 (target 2205), varispeed 1.000423, dry 0x, over 0
[6035.933] other apps meter (10 s): loopback ch 3-4 peak -11.0 dBFS, player out peak -9.7 dBFS; other apps: fill 2811 (target 2205), varispeed 1.000368, dry 0x, over 0; plug-in: ProcessOutput calls 2934109, Music's 1397371, other apps' frames 843721968, pid 48342; peak in 0.2341, read back 0.2341; time delta max 512 frames in 3 cycles
[6046.063] other apps meter (10 s): loopback ch 3-4 peak -11.0 dBFS, player out peak -11.0 dBFS; other apps: fill 2627 (target 2205), varispeed 1.000375, dry 0x, over 0; plug-in: ProcessOutput calls 2936291, Music's 1398244, other apps' frames 844615408, pid 48342; peak in 0.2815, read back 0.2815; time delta max 512 frames in 3 cycles
[6056.181] other apps meter (10 s): loopback ch 3-4 peak -9.4 dBFS, player out peak -9.4 dBFS; other apps: fill 2973 (target 2205), varispeed 1.000393, dry 0x, over 0; plug-in: ProcessOutput calls 2938471, Music's 1399116, other apps' frames 845508336, pid 48342; peak in 0.3387, read back 0.2997; time delta max 512 frames in 3 cycles
[6064.008] 44100 Hz fill 22050 scalar 0.999571735 under 0 over 0; clock locked, DAC scalar 0.999566; 2026-09-29 21:37:50.483 -05:00
[6064.010] music only: ProcessOutput calls 2940158, Music's 1399791, other apps' frames 846199024, pid 48342; peak in 0.2693, read back 0.2385; time delta max 512 frames in 3 cycles; other apps: fill 2842 (target 2205), varispeed 1.000353, dry 0x, over 0
[6066.317] other apps meter (10 s): loopback ch 3-4 peak -11.4 dBFS, player out peak -11.4 dBFS; other apps: fill 2804 (target 2205), varispeed 1.000353, dry 0x, over 0; plug-in: ProcessOutput calls 2940655, Music's 1399989, other apps' frames 846403312, pid 48342; peak in 0.2516, read back 0.2420; time delta max 512 frames in 3 cycles
[6076.422] other apps meter (10 s): loopback ch 3-4 peak -10.6 dBFS, player out peak -10.6 dBFS; other apps: fill 3145 (target 2205), varispeed 1.000361, dry 0x, over 0; plug-in: ProcessOutput calls 2942831, Music's 1400860, other apps' frames 847294192, pid 48342; peak in 0.2962, read back 0.2962; time delta max 512 frames in 3 cycles
[6086.549] other apps meter (10 s): loopback ch 3-4 peak -11.6 dBFS, player out peak -11.6 dBFS; other apps: fill 2968 (target 2205), varispeed 1.000397, dry 0x, over 0; plug-in: ProcessOutput calls 2945013, Music's 1401733, other apps' frames 848187632, pid 48342; peak in 0.2641, read back 0.2641; time delta max 512 frames in 3 cycles
[6094.016] 44100 Hz fill 22050 scalar 0.999564227 under 0 over 0; clock locked, DAC scalar 0.999582; 2026-09-29 21:38:20.494 -05:00
[6094.017] music only: ProcessOutput calls 2946621, Music's 1402376, other apps' frames 848846576, pid 48342; peak in 0.3365, read back 0.3365; time delta max 512 frames in 3 cycles; other apps: fill 2839 (target 2205), varispeed 1.000367, dry 0x, over 0
[6096.699] other apps meter (10 s): loopback ch 3-4 peak -9.5 dBFS, player out peak -9.5 dBFS; other apps: fill 2791 (target 2205), varispeed 1.000444, dry 0x, over 0; plug-in: ProcessOutput calls 2947199, Music's 1402607, other apps' frames 849083632, pid 48342; peak in 0.2780, read back 0.1821; time delta max 512 frames in 3 cycles
[6106.831] other apps meter (10 s): loopback ch 3-4 peak -11.8 dBFS, player out peak -11.8 dBFS; other apps: fill 2600 (target 2205), varispeed 1.000439, dry 0x, over 0; plug-in: ProcessOutput calls 2949381, Music's 1403480, other apps' frames 849977072, pid 48342; peak in 0.2575, read back 0.2268; time delta max 512 frames in 3 cycles
[6116.956] other apps meter (10 s): loopback ch 3-4 peak -10.7 dBFS, player out peak -10.7 dBFS; other apps: fill 2934 (target 2205), varispeed 1.000428, dry 0x, over 0; plug-in: ProcessOutput calls 2951563, Music's 1404353, other apps' frames 850870512, pid 48342; peak in 0.2929, read back 0.2809; time delta max 512 frames in 3 cycles
[6124.027] 44100 Hz fill 22050 scalar 0.999552169 under 0 over 0; clock locked, DAC scalar 0.999586; 2026-09-29 21:38:50.505 -05:00
[6124.028] music only: ProcessOutput calls 2953086, Music's 1404962, other apps' frames 851494640, pid 48342; peak in 0.3407, read back 0.3407; time delta max 512 frames in 3 cycles; other apps: fill 2807 (target 2205), varispeed 1.000435, dry 0x, over 0
[6127.088] other apps meter (10 s): loopback ch 3-4 peak -9.4 dBFS, player out peak -9.4 dBFS; other apps: fill 3267 (target 2205), varispeed 1.000352, dry 0x, over 0; plug-in: ProcessOutput calls 2953746, Music's 1405226, other apps' frames 851764976, pid 48342; peak in 0.2497, read back 0.2451; time delta max 512 frames in 3 cycles
[6137.192] other apps meter (10 s): loopback ch 3-4 peak -9.6 dBFS, player out peak -9.6 dBFS; other apps: fill 3074 (target 2205), varispeed 1.000426, dry 0x, over 0; plug-in: ProcessOutput calls 2955923, Music's 1406097, other apps' frames 852656368, pid 48342; peak in 0.3302, read back 0.3279; time delta max 512 frames in 3 cycles
[6147.322] other apps meter (10 s): loopback ch 3-4 peak -10.6 dBFS, player out peak -10.6 dBFS; other apps: fill 2899 (target 2205), varispeed 1.000366, dry 0x, over 0; plug-in: ProcessOutput calls 2958104, Music's 1406969, other apps' frames 853550320, pid 48342; peak in 0.2963, read back 0.2963; time delta max 512 frames in 3 cycles
[6154.033] 44100 Hz fill 22050 scalar 0.999550374 under 0 over 0; clock locked, DAC scalar 0.999577; 2026-09-29 21:39:20.512 -05:00
[6154.035] music only: ProcessOutput calls 2959551, Music's 1407548, other apps' frames 854142704, pid 48342; peak in 0.2694, read back 0.2649; time delta max 512 frames in 3 cycles; other apps: fill 2795 (target 2205), varispeed 1.000386, dry 0x, over 0
[6157.446] other apps meter (10 s): loopback ch 3-4 peak -11.4 dBFS, player out peak -11.4 dBFS; other apps: fill 3243 (target 2205), varispeed 1.000410, dry 0x, over 0; plug-in: ProcessOutput calls 2960286, Music's 1407842, other apps' frames 854443760, pid 48342; peak in 0.2592, read back 0.2592; time delta max 512 frames in 3 cycles
[6167.580] other apps meter (10 s): loopback ch 3-4 peak -10.6 dBFS, player out peak -10.6 dBFS; other apps: fill 3060 (target 2205), varispeed 1.000422, dry 0x, over 0; plug-in: ProcessOutput calls 2962468, Music's 1408715, other apps' frames 855337200, pid 48342; peak in 0.2938, read back 0.2938; time delta max 512 frames in 3 cycles
[6177.718] other apps meter (10 s): loopback ch 3-4 peak -11.2 dBFS, player out peak -11.2 dBFS; other apps: fill 2879 (target 2205), varispeed 1.000385, dry 0x, over 0; plug-in: ProcessOutput calls 2964653, Music's 1409589, other apps' frames 856232176, pid 48342; peak in 0.2760, read back 0.2760; time delta max 512 frames in 3 cycles
[6184.039] 44100 Hz fill 22050 scalar 0.999560141 under 0 over 0; clock locked, DAC scalar 0.999578; 2026-09-29 21:39:50.518 -05:00
[6184.041] music only: ProcessOutput calls 2966014, Music's 1410133, other apps' frames 856790256, pid 48342; peak in 0.3335, read back 0.3204; time delta max 512 frames in 3 cycles; other apps: fill 2771 (target 2205), varispeed 1.000455, dry 0x, over 0
[6187.833] other apps meter (10 s): loopback ch 3-4 peak -9.5 dBFS, player out peak -9.5 dBFS; other apps: fill 3214 (target 2205), varispeed 1.000455, dry 0x, over 0; plug-in: ProcessOutput calls 2966831, Music's 1410460, other apps' frames 857124592, pid 48342; peak in 0.2364, read back 0.2364; time delta max 512 frames in 3 cycles
[6197.983] other apps meter (10 s): loopback ch 3-4 peak -11.0 dBFS, player out peak -11.0 dBFS; other apps: fill 3032 (target 2205), varispeed 1.000403, dry 0x, over 0; plug-in: ProcessOutput calls 2969018, Music's 1411335, other apps' frames 858020080, pid 48342; peak in 0.2831, read back 0.2831; time delta max 512 frames in 3 cycles
[6208.088] other apps meter (10 s): loopback ch 3-4 peak -11.3 dBFS, player out peak -11.3 dBFS; other apps: fill 2857 (target 2205), varispeed 1.000368, dry 0x, over 0; plug-in: ProcessOutput calls 2971194, Music's 1412205, other apps' frames 858911984, pid 48342; peak in 0.2713, read back 0.2597; time delta max 512 frames in 3 cycles
[6214.040] 44100 Hz fill 22050 scalar 0.999611089 under 0 over 0; clock locked, DAC scalar 0.999603; 2026-09-29 21:40:20.518 -05:00
[6214.043] music only: ProcessOutput calls 2972476, Music's 1412718, other apps' frames 859436784, pid 48342; peak in 0.2855, read back 0.2666; time delta max 512 frames in 3 cycles; other apps: fill 3274 (target 2205), varispeed 1.000380, dry 0x, over 0
[6218.197] other apps meter (10 s): loopback ch 3-4 peak -10.9 dBFS, player out peak -10.9 dBFS; other apps: fill 2700 (target 2205), varispeed 1.000364, dry 0x, over 0; plug-in: ProcessOutput calls 2973371, Music's 1413076, other apps' frames 859803376, pid 48342; peak in 0.2551, read back 0.2551; time delta max 512 frames in 3 cycles
[6221.471] playerInfo: Playing Patience [alt. ver.]
[6221.512] new track Patience [alt. ver.] (Music's rate for the track; no decoder line at it yet): decoder 44100.0 Hz lossless (seen 0.000 s before Playing), DAC 44100 Hz
[6223.762] source depth from the samples: neither 16 nor 24 bit (on neither the 16- nor the 24-bit grid (68137 of 89088 samples): Music changes them (volume, Sound Check, EQ) or the source is float)
[6228.322] other apps meter (10 s): loopback ch 3-4 peak -11.0 dBFS, player out peak -11.0 dBFS; other apps: fill 3053 (target 2205), varispeed 1.000406, dry 0x, over 0; plug-in: ProcessOutput calls 2975553, Music's 1413949, other apps' frames 860696816, pid 48342; peak in 0.2830, read back 0.2660; time delta max 512 frames in 3 cycles
[6238.453] other apps meter (10 s): loopback ch 3-4 peak -11.9 dBFS, player out peak -11.9 dBFS; other apps: fill 3391 (target 2205), varispeed 1.000357, dry 0x, over 0; plug-in: ProcessOutput calls 2977736, Music's 1414822, other apps' frames 861591280, pid 48342; peak in 0.2550, read back 0.2490; time delta max 512 frames in 3 cycles
[6244.050] 44100 Hz fill 22050 scalar 0.999711034 under 0 over 0; clock locked, DAC scalar 0.999658; 2026-09-29 21:40:50.528 -05:00
[6244.052] music only: ProcessOutput calls 2978941, Music's 1415304, other apps' frames 862084848, pid 48342; peak in 0.2743, read back 0.2558; time delta max 512 frames in 3 cycles; other apps: fill 2782 (target 2205), varispeed 1.000433, dry 0x, over 0
[6248.551] other apps meter (10 s): loopback ch 3-4 peak -11.2 dBFS, player out peak -11.2 dBFS; other apps: fill 3208 (target 2205), varispeed 1.000419, dry 0x, over 0; plug-in: ProcessOutput calls 2979911, Music's 1415692, other apps' frames 862482160, pid 48342; peak in 0.2431, read back 0.2347; time delta max 512 frames in 3 cycles
[6258.690] other apps meter (10 s): loopback ch 3-4 peak -9.2 dBFS, player out peak -9.2 dBFS; other apps: fill 3033 (target 2205), varispeed 1.000385, dry 0x, over 0; plug-in: ProcessOutput calls 2982096, Music's 1416566, other apps' frames 863377136, pid 48342; peak in 0.3470, read back 0.3470; time delta max 512 frames in 3 cycles
[6268.834] other apps meter (10 s): loopback ch 3-4 peak -10.3 dBFS, player out peak -10.3 dBFS; other apps: fill 3378 (target 2205), varispeed 1.000390, dry 0x, over 0; plug-in: ProcessOutput calls 2984281, Music's 1417440, other apps' frames 864272112, pid 48342; peak in 0.3059, read back 0.3059; time delta max 512 frames in 3 cycles
[6274.056] 44100 Hz fill 22050 scalar 0.999702422 under 0 over 0; clock locked, DAC scalar 0.999668; 2026-09-29 21:41:20.534 -05:00
[6274.057] music only: ProcessOutput calls 2985406, Music's 1417890, other apps' frames 864732912, pid 48342; peak in 0.2534, read back 0.2534; time delta max 512 frames in 3 cycles; other apps: fill 3288 (target 2205), varispeed 1.000362, dry 0x, over 0
[6278.978] other apps meter (10 s): loopback ch 3-4 peak -10.8 dBFS, player out peak -10.8 dBFS; other apps: fill 2703 (target 2205), varispeed 1.000335, dry 0x, over 0; plug-in: ProcessOutput calls 2986466, Music's 1418314, other apps' frames 865167088, pid 48342; peak in 0.2893, read back 0.2783; time delta max 512 frames in 3 cycles
[6289.097] other apps meter (10 s): loopback ch 3-4 peak -11.4 dBFS, player out peak -11.4 dBFS; other apps: fill 3048 (target 2205), varispeed 1.000416, dry 0x, over 0; plug-in: ProcessOutput calls 2988646, Music's 1419186, other apps' frames 866060016, pid 48342; peak in 0.2701, read back 0.2701; time delta max 512 frames in 3 cycles
[6299.196] other apps meter (10 s): loopback ch 3-4 peak -11.1 dBFS, player out peak -11.1 dBFS; other apps: fill 2869 (target 2205), varispeed 1.000422, dry 0x, over 0; plug-in: ProcessOutput calls 2990821, Music's 1420056, other apps' frames 866950896, pid 48342; peak in 0.2792, read back 0.2792; time delta max 512 frames in 3 cycles
[6304.064] 44100 Hz fill 21538 scalar 0.999566311 under 0 over 0; clock locked, DAC scalar 0.999576; 2026-09-29 21:41:50.542 -05:00
[6304.067] music only: ProcessOutput calls 2991871, Music's 1420476, other apps' frames 867380976, pid 48342; peak in 0.2348, read back 0.2348; time delta max 512 frames in 3 cycles; other apps: fill 3286 (target 2205), varispeed 1.000420, dry 0x, over 0
[6309.328] other apps meter (10 s): loopback ch 3-4 peak -9.2 dBFS, player out peak -9.2 dBFS; other apps: fill 3200 (target 2205), varispeed 1.000345, dry 0x, over 0; plug-in: ProcessOutput calls 2993003, Music's 1420929, other apps' frames 867844336, pid 48342; peak in 0.3467, read back 0.3338; time delta max 512 frames in 3 cycles
[6319.465] other apps meter (10 s): loopback ch 3-4 peak -8.6 dBFS, player out peak -8.6 dBFS; other apps: fill 3027 (target 2205), varispeed 1.000377, dry 0x, over 0; plug-in: ProcessOutput calls 2995186, Music's 1421802, other apps' frames 868738800, pid 48342; peak in 0.3722, read back 0.3645; time delta max 512 frames in 3 cycles
[6329.607] other apps meter (10 s): loopback ch 3-4 peak -9.6 dBFS, player out peak -9.6 dBFS; other apps: fill 2858 (target 2205), varispeed 1.000415, dry 0x, over 0; plug-in: ProcessOutput calls 2997371, Music's 1422676, other apps' frames 869633776, pid 48342; peak in 0.3308, read back 0.3308; time delta max 512 frames in 3 cycles
[6334.068] 44100 Hz fill 22050 scalar 0.999555726 under 0 over 0; clock locked, DAC scalar 0.999573; 2026-09-29 21:42:20.547 -05:00
[6334.071] music only: ProcessOutput calls 2998333, Music's 1423061, other apps' frames 870027504, pid 48342; peak in 0.2975, read back 0.2975; time delta max 512 frames in 3 cycles; other apps: fill 2778 (target 2205), varispeed 1.000445, dry 0x, over 0
[6339.714] other apps meter (10 s): loopback ch 3-4 peak -10.0 dBFS, player out peak -10.0 dBFS; other apps: fill 3189 (target 2205), varispeed 1.000372, dry 0x, over 0; plug-in: ProcessOutput calls 2999549, Music's 1423547, other apps' frames 870526192, pid 48342; peak in 0.3170, read back 0.3170; time delta max 512 frames in 3 cycles
[6349.850] other apps meter (10 s): loopback ch 3-4 peak -9.7 dBFS, player out peak -9.7 dBFS; other apps: fill 3028 (target 2205), varispeed 1.000385, dry 0x, over 0; plug-in: ProcessOutput calls 3001732, Music's 1424420, other apps' frames 871420144, pid 48342; peak in 0.3272, read back 0.3013; time delta max 512 frames in 3 cycles
[6359.964] other apps meter (10 s): loopback ch 3-4 peak -10.4 dBFS, player out peak -10.7 dBFS; other apps: fill 2852 (target 2205), varispeed 1.000393, dry 0x, over 0; plug-in: ProcessOutput calls 3003911, Music's 1425292, other apps' frames 872312560, pid 48342; peak in 0.3256, read back 0.2613; time delta max 512 frames in 3 cycles
[6364.078] 44100 Hz fill 22050 scalar 0.999552166 under 0 over 0; clock locked, DAC scalar 0.999576; 2026-09-29 21:42:50.556 -05:00
[6364.079] music only: ProcessOutput calls 3004798, Music's 1425647, other apps' frames 872675568, pid 48342; peak in 0.2721, read back 0.3256; time delta max 512 frames in 3 cycles; other apps: fill 3298 (target 2205), varispeed 1.000340, dry 0x, over 0
[6370.129] other apps meter (10 s): loopback ch 3-4 peak -9.7 dBFS, player out peak -9.7 dBFS; other apps: fill 3191 (target 2205), varispeed 1.000465, dry 0x, over 0; plug-in: ProcessOutput calls 3006101, Music's 1426168, other apps' frames 873209584, pid 48342; peak in 0.2451, read back 0.2451; time delta max 512 frames in 3 cycles
[6380.280] other apps meter (10 s): loopback ch 3-4 peak -10.4 dBFS, player out peak -10.4 dBFS; other apps: fill 2993 (target 2205), varispeed 1.000415, dry 0x, over 0; plug-in: ProcessOutput calls 3008288, Music's 1427043, other apps' frames 874105072, pid 48342; peak in 0.3025, read back 0.2940; time delta max 512 frames in 3 cycles
[6390.405] other apps meter (10 s): loopback ch 3-4 peak -10.4 dBFS, player out peak -10.4 dBFS; other apps: fill 2827 (target 2205), varispeed 1.000382, dry 0x, over 0; plug-in: ProcessOutput calls 3010468, Music's 1427915, other apps' frames 874998000, pid 48342; peak in 0.3036, read back 0.2809; time delta max 512 frames in 3 cycles
[6394.083] 44100 Hz fill 22050 scalar 0.999553855 under 0 over 0; clock locked, DAC scalar 0.999576; 2026-09-29 21:43:20.562 -05:00
[6394.084] music only: ProcessOutput calls 3011261, Music's 1428232, other apps' frames 875323120, pid 48342; peak in 0.2531, read back 0.2531; time delta max 512 frames in 3 cycles; other apps: fill 2768 (target 2205), varispeed 1.000328, dry 0x, over 0
[6400.522] other apps meter (10 s): loopback ch 3-4 peak -10.4 dBFS, player out peak -10.4 dBFS; other apps: fill 3168 (target 2205), varispeed 1.000468, dry 0x, over 0; plug-in: ProcessOutput calls 3012648, Music's 1428787, other apps' frames 875890928, pid 48342; peak in 0.3015, read back 0.3015; time delta max 512 frames in 3 cycles
[6410.662] other apps meter (10 s): loopback ch 3-4 peak -10.1 dBFS, player out peak -10.1 dBFS; other apps: fill 2989 (target 2205), varispeed 1.000404, dry 0x, over 0; plug-in: ProcessOutput calls 3014833, Music's 1429661, other apps' frames 876785904, pid 48342; peak in 0.3136, read back 0.2979; time delta max 512 frames in 3 cycles
[6420.785] other apps meter (10 s): loopback ch 3-4 peak -9.2 dBFS, player out peak -9.2 dBFS; other apps: fill 3320 (target 2205), varispeed 1.000437, dry 0x, over 0; plug-in: ProcessOutput calls 3017013, Music's 1430533, other apps' frames 877678832, pid 48342; peak in 0.3465, read back 0.3299; time delta max 512 frames in 3 cycles
[6424.089] 44100 Hz fill 22050 scalar 0.999573777 under 0 over 0; clock locked, DAC scalar 0.999586; 2026-09-29 21:43:50.568 -05:00
[6424.091] music only: ProcessOutput calls 3017726, Music's 1430818, other apps' frames 877971184, pid 48342; peak in 0.2697, read back 0.2642; time delta max 512 frames in 3 cycles; other apps: fill 3260 (target 2205), varispeed 1.000414, dry 0x, over 0
[6430.915] other apps meter (10 s): loopback ch 3-4 peak -10.7 dBFS, player out peak -10.7 dBFS; other apps: fill 3137 (target 2205), varispeed 1.000393, dry 0x, over 0; plug-in: ProcessOutput calls 3019196, Music's 1431406, other apps' frames 878573296, pid 48342; peak in 0.2930, read back 0.2692; time delta max 512 frames in 3 cycles
[6441.039] other apps meter (10 s): loopback ch 3-4 peak -11.2 dBFS, player out peak -11.2 dBFS; other apps: fill 2960 (target 2205), varispeed 1.000394, dry 0x, over 0; plug-in: ProcessOutput calls 3021376, Music's 1432278, other apps' frames 879466224, pid 48342; peak in 0.2747, read back 0.2747; time delta max 512 frames in 3 cycles
[6447.893] decoder: 44100.0 Hz (lossy)
[6448.269] playerInfo: Playing Ava Adore
[6448.372] new track Ava Adore (Music's rate for the track): decoder 44100.0 Hz lossy (seen 0.381 s before Playing), DAC 44100 Hz
[6448.849] decoder: 44100.0 Hz (lossless)
[6451.202] other apps meter (10 s): loopback ch 3-4 peak -11.7 dBFS, player out peak -11.7 dBFS; other apps: fill 3290 (target 2205), varispeed 1.000430, dry 0x, over 0; plug-in: ProcessOutput calls 3023566, Music's 1433154, other apps' frames 880363248, pid 48342; peak in 0.2598, read back 0.2561; time delta max 512 frames in 3 cycles
[6451.202] source depth from the samples: neither 16 nor 24 bit (on neither the 16- nor the 24-bit grid (87464 of 89088 samples): Music changes them (volume, Sound Check, EQ) or the source is float)
[6454.095] 44100 Hz fill 22050 scalar 0.999612573 under 0 over 0; clock locked, DAC scalar 0.999617; 2026-09-29 21:44:20.572 -05:00
[6454.096] music only: ProcessOutput calls 3024189, Music's 1433403, other apps' frames 880618736, pid 48342; peak in 0.2361, read back 0.2361; time delta max 512 frames in 3 cycles; other apps: fill 2723 (target 2205), varispeed 1.000448, dry 0x, over 0
[6461.312] other apps meter (10 s): loopback ch 3-4 peak -10.4 dBFS, player out peak -10.4 dBFS; other apps: fill 3115 (target 2205), varispeed 1.000387, dry 0x, over 0; plug-in: ProcessOutput calls 3025743, Music's 1434025, other apps' frames 881254640, pid 48342; peak in 0.3028, read back 0.3028; time delta max 512 frames in 3 cycles
[6471.462] other apps meter (10 s): loopback ch 3-4 peak -9.0 dBFS, player out peak -9.0 dBFS; other apps: fill 2931 (target 2205), varispeed 1.000384, dry 0x, over 0; plug-in: ProcessOutput calls 3027931, Music's 1434900, other apps' frames 882151152, pid 48342; peak in 0.3550, read back 0.3364; time delta max 512 frames in 3 cycles
[6481.587] other apps meter (10 s): loopback ch 3-4 peak -9.0 dBFS, player out peak -9.0 dBFS; other apps: fill 3254 (target 2205), varispeed 1.000513, dry 0x, over 0; plug-in: ProcessOutput calls 3030111, Music's 1435772, other apps' frames 883044080, pid 48342; peak in 0.3532, read back 0.3532; time delta max 512 frames in 3 cycles
[6484.096] 44100 Hz fill 22050 scalar 0.999726863 under 0 over 0; clock locked, DAC scalar 0.999664; 2026-09-29 21:44:50.575 -05:00
[6484.098] music only: ProcessOutput calls 3030651, Music's 1435988, other apps' frames 883265264, pid 48342; peak in 0.3586, read back 0.3306; time delta max 512 frames in 3 cycles; other apps: fill 2694 (target 2205), varispeed 1.000418, dry 0x, over 0
[6491.705] other apps meter (10 s): loopback ch 3-4 peak -8.9 dBFS, player out peak -8.9 dBFS; other apps: fill 3090 (target 2205), varispeed 1.000320, dry 0x, over 0; plug-in: ProcessOutput calls 3032291, Music's 1436644, other apps' frames 883937008, pid 48342; peak in 0.2781, read back 0.2689; time delta max 512 frames in 3 cycles
[6501.833] other apps meter (10 s): loopback ch 3-4 peak -9.4 dBFS, player out peak -9.4 dBFS; other apps: fill 2936 (target 2205), varispeed 1.000373, dry 0x, over 0; plug-in: ProcessOutput calls 3034471, Music's 1437516, other apps' frames 884829936, pid 48342; peak in 0.3372, read back 0.3372; time delta max 512 frames in 3 cycles
[6511.948] other apps meter (10 s): loopback ch 3-4 peak -10.4 dBFS, player out peak -10.4 dBFS; other apps: fill 2754 (target 2205), varispeed 1.000388, dry 0x, over 0; plug-in: ProcessOutput calls 3036651, Music's 1438388, other apps' frames 885722864, pid 48342; peak in 0.3037, read back 0.2860; time delta max 512 frames in 3 cycles
[6514.097] 44100 Hz fill 22050 scalar 0.999660817 under 0 over 0; clock locked, DAC scalar 0.999659; 2026-09-29 21:45:20.576 -05:00
[6514.099] music only: ProcessOutput calls 3037114, Music's 1438573, other apps' frames 885912816, pid 48342; peak in 0.2312, read back 0.2218; time delta max 512 frames in 3 cycles; other apps: fill 2716 (target 2205), varispeed 1.000363, dry 0x, over 0
[6522.082] other apps meter (10 s): loopback ch 3-4 peak -11.8 dBFS, player out peak -11.8 dBFS; other apps: fill 3106 (target 2205), varispeed 1.000427, dry 0x, over 0; plug-in: ProcessOutput calls 3038834, Music's 1439261, other apps' frames 886617328, pid 48342; peak in 0.2578, read back 0.2578; time delta max 512 frames in 3 cycles
[6532.212] other apps meter (10 s): loopback ch 3-4 peak -11.0 dBFS, player out peak -11.0 dBFS; other apps: fill 2931 (target 2205), varispeed 1.000382, dry 0x, over 0; plug-in: ProcessOutput calls 3041016, Music's 1440134, other apps' frames 887510768, pid 48342; peak in 0.2815, read back 0.2635; time delta max 512 frames in 3 cycles
[6542.344] other apps meter (10 s): loopback ch 3-4 peak -11.5 dBFS, player out peak -11.5 dBFS; other apps: fill 2753 (target 2205), varispeed 1.000383, dry 0x, over 0; plug-in: ProcessOutput calls 3043199, Music's 1441007, other apps' frames 888405232, pid 48342; peak in 0.2675, read back 0.2674; time delta max 512 frames in 3 cycles
[6544.106] 44100 Hz fill 22050 scalar 0.999568922 under 0 over 0; clock locked, DAC scalar 0.999583; 2026-09-29 21:45:50.584 -05:00
[6544.108] music only: ProcessOutput calls 3043579, Music's 1441159, other apps' frames 888560880, pid 48342; peak in 0.2436, read back 0.2425; time delta max 512 frames in 3 cycles; other apps: fill 2725 (target 2205), varispeed 1.000355, dry 0x, over 0
[6552.468] other apps meter (10 s): loopback ch 3-4 peak -9.5 dBFS, player out peak -9.5 dBFS; other apps: fill 2577 (target 2205), varispeed 1.000417, dry 0x, over 0; plug-in: ProcessOutput calls 3045380, Music's 1441879, other apps' frames 889298672, pid 48342; peak in 0.3355, read back 0.3355; time delta max 512 frames in 3 cycles
[6562.582] other apps meter (10 s): loopback ch 3-4 peak -10.9 dBFS, player out peak -10.9 dBFS; other apps: fill 2918 (target 2205), varispeed 1.000367, dry 0x, over 0; plug-in: ProcessOutput calls 3047558, Music's 1442751, other apps' frames 890190064, pid 48342; peak in 0.2846, read back 0.2846; time delta max 512 frames in 3 cycles
[6572.708] other apps meter (10 s): loopback ch 3-4 peak -11.0 dBFS, player out peak -11.0 dBFS; other apps: fill 2751 (target 2205), varispeed 1.000333, dry 0x, over 0; plug-in: ProcessOutput calls 3049740, Music's 1443623, other apps' frames 891084528, pid 48342; peak in 0.2823, read back 0.2800; time delta max 512 frames in 3 cycles
[6574.115] 44100 Hz fill 22050 scalar 0.999554575 under 0 over 0; clock locked, DAC scalar 0.999585; 2026-09-29 21:46:20.593 -05:00
[6574.117] music only: ProcessOutput calls 3050043, Music's 1443745, other apps' frames 891207920, pid 48342; peak in 0.2324, read back 0.2300; time delta max 512 frames in 3 cycles; other apps: fill 3240 (target 2205), varispeed 1.000386, dry 0x, over 0
[6582.845] other apps meter (10 s): loopback ch 3-4 peak -11.4 dBFS, player out peak -11.4 dBFS; other apps: fill 3068 (target 2205), varispeed 1.000452, dry 0x, over 0; plug-in: ProcessOutput calls 3051923, Music's 1444497, other apps' frames 891977968, pid 48342; peak in 0.2695, read back 0.2695; time delta max 512 frames in 3 cycles
[6592.961] other apps meter (10 s): loopback ch 3-4 peak -10.1 dBFS, player out peak -10.1 dBFS; other apps: fill 3397 (target 2205), varispeed 1.000395, dry 0x, over 0; plug-in: ProcessOutput calls 3054103, Music's 1445369, other apps' frames 892870896, pid 48342; peak in 0.3139, read back 0.3139; time delta max 512 frames in 3 cycles
[6603.055] other apps meter (10 s): loopback ch 3-4 peak -11.7 dBFS, player out peak -11.7 dBFS; other apps: fill 2724 (target 2205), varispeed 1.000354, dry 0x, over 0; plug-in: ProcessOutput calls 3056276, Music's 1446238, other apps' frames 893761264, pid 48342; peak in 0.2610, read back 0.2610; time delta max 512 frames in 3 cycles
[6604.122] 44100 Hz fill 21538 scalar 0.999553356 under 0 over 0; clock locked, DAC scalar 0.999576; 2026-09-29 21:46:50.600 -05:00
[6604.123] music only: ProcessOutput calls 3056506, Music's 1446330, other apps' frames 893855472, pid 48342; peak in 0.3034, read back 0.2841; time delta max 512 frames in 3 cycles; other apps: fill 3220 (target 2205), varispeed 1.000306, dry 0x, over 0
[6613.181] other apps meter (10 s): loopback ch 3-4 peak -8.2 dBFS, player out peak -8.2 dBFS; other apps: fill 3064 (target 2205), varispeed 1.000440, dry 0x, over 0; plug-in: ProcessOutput calls 3058458, Music's 1447111, other apps' frames 894654704, pid 48342; peak in 0.3883, read back 0.3450; time delta max 512 frames in 3 cycles
[6623.313] other apps meter (10 s): loopback ch 3-4 peak -9.5 dBFS, player out peak -9.5 dBFS; other apps: fill 2882 (target 2205), varispeed 1.000387, dry 0x, over 0; plug-in: ProcessOutput calls 3060641, Music's 1447984, other apps' frames 895549168, pid 48342; peak in 0.3350, read back 0.3350; time delta max 512 frames in 3 cycles
[6633.453] other apps meter (10 s): loopback ch 3-4 peak -10.3 dBFS, player out peak -10.3 dBFS; other apps: fill 2716 (target 2205), varispeed 1.000348, dry 0x, over 0; plug-in: ProcessOutput calls 3062826, Music's 1448858, other apps' frames 896444144, pid 48342; peak in 0.3050, read back 0.3015; time delta max 512 frames in 3 cycles
[6634.125] 44100 Hz fill 22050 scalar 0.999553790 under 0 over 0; clock locked, DAC scalar 0.999577; 2026-09-29 21:47:20.603 -05:00
[6634.127] music only: ProcessOutput calls 3062971, Music's 1448916, other apps' frames 896503536, pid 48342; peak in 0.2510, read back 0.2504; time delta max 512 frames in 3 cycles; other apps: fill 3216 (target 2205), varispeed 1.000406, dry 0x, over 0
[6643.571] other apps meter (10 s): loopback ch 3-4 peak -11.0 dBFS, player out peak -11.0 dBFS; other apps: fill 2521 (target 2205), varispeed 1.000433, dry 0x, over 0; plug-in: ProcessOutput calls 3065004, Music's 1449729, other apps' frames 897336560, pid 48342; peak in 0.2813, read back 0.2813; time delta max 512 frames in 3 cycles
[6653.714] other apps meter (10 s): loopback ch 3-4 peak -9.7 dBFS, player out peak -9.7 dBFS; other apps: fill 2860 (target 2205), varispeed 1.000422, dry 0x, over 0; plug-in: ProcessOutput calls 3067189, Music's 1450603, other apps' frames 898231536, pid 48342; peak in 0.3288, read back 0.3288; time delta max 512 frames in 3 cycles
[6663.822] other apps meter (10 s): loopback ch 3-4 peak -11.1 dBFS, player out peak -11.1 dBFS; other apps: fill 2654 (target 2205), varispeed 1.000396, dry 0x, over 0; plug-in: ProcessOutput calls 3069366, Music's 1451474, other apps' frames 899122928, pid 48342; peak in 0.2783, read back 0.2461; time delta max 512 frames in 3 cycles
[6664.125] 44100 Hz fill 22050 scalar 0.999572244 under 0 over 0; clock locked, DAC scalar 0.999585; 2026-09-29 21:47:50.604 -05:00
[6664.127] music only: ProcessOutput calls 3069433, Music's 1451501, other apps' frames 899150064, pid 48342; peak in 0.1182, read back 0.1182; time delta max 512 frames in 3 cycles; other apps: fill 3160 (target 2205), varispeed 1.000413, dry 0x, over 0
[6673.961] other apps meter (10 s): loopback ch 3-4 peak -10.4 dBFS, player out peak -10.4 dBFS; other apps: fill 3002 (target 2205), varispeed 1.000384, dry 0x, over 0; plug-in: ProcessOutput calls 3071551, Music's 1452348, other apps' frames 900017904, pid 48342; peak in 0.3030, read back 0.2941; time delta max 512 frames in 3 cycles
[6684.086] other apps meter (10 s): loopback ch 3-4 peak -11.7 dBFS, player out peak -11.7 dBFS; other apps: fill 2832 (target 2205), varispeed 1.000396, dry 0x, over 0; plug-in: ProcessOutput calls 3073733, Music's 1453221, other apps' frames 900911344, pid 48342; peak in 0.2585, read back 0.2585; time delta max 512 frames in 3 cycles
[6694.130] 44100 Hz fill 22050 scalar 0.999640190 under 0 over 0; clock locked, DAC scalar 0.999619; 2026-09-29 21:48:20.609 -05:00
[6694.133] music only: ProcessOutput calls 3075896, Music's 1454086, other apps' frames 901797616, pid 48342; peak in 0.3639, read back 0.3425; time delta max 512 frames in 3 cycles; other apps: fill 2654 (target 2205), varispeed 1.000388, dry 0x, over 0
[6694.234] other apps meter (10 s): loopback ch 3-4 peak -8.8 dBFS, player out peak -8.8 dBFS; other apps: fill 3164 (target 2205), varispeed 1.000388, dry 0x, over 0; plug-in: ProcessOutput calls 3075918, Music's 1454095, other apps' frames 901806320, pid 48342; peak in 0.1733, read back 0.1927; time delta max 512 frames in 3 cycles
[6704.337] other apps meter (10 s): loopback ch 3-4 peak -11.1 dBFS, player out peak -11.1 dBFS; other apps: fill 3004 (target 2205), varispeed 1.000345, dry 0x, over 0; plug-in: ProcessOutput calls 3078094, Music's 1454965, other apps' frames 902698224, pid 48342; peak in 0.2780, read back 0.2667; time delta max 512 frames in 3 cycles
[6710.277] playerInfo: Playing Across The Universe
[6710.911] new track Across The Universe (Music's rate for the track): decoder 44100.0 Hz lossless (seen 261.419 s before Playing), DAC 44100 Hz
[6712.940] source depth from the samples: neither 16 nor 24 bit (on neither the 16- nor the 24-bit grid (38169 of 89088 samples): Music changes them (volume, Sound Check, EQ) or the source is float); Music's log said 24 bit
[6714.456] other apps meter (10 s): loopback ch 3-4 peak -10.3 dBFS, player out peak -10.3 dBFS; other apps: fill 2833 (target 2205), varispeed 1.000439, dry 0x, over 0; plug-in: ProcessOutput calls 3080274, Music's 1455837, other apps' frames 903591152, pid 48342; peak in 0.3053, read back 0.2998; time delta max 512 frames in 3 cycles
[6724.136] 44100 Hz fill 22050 scalar 0.999767026 under 0 over 0; clock locked, DAC scalar 0.999689; 2026-09-29 21:48:50.615 -05:00
[6724.138] music only: ProcessOutput calls 3082361, Music's 1456672, other apps' frames 904445680, pid 48342; peak in 0.2745, read back 0.2745; time delta max 512 frames in 3 cycles; other apps: fill 3160 (target 2205), varispeed 1.000382, dry 0x, over 0
[6724.616] other apps meter (10 s): loopback ch 3-4 peak -11.2 dBFS, player out peak -11.2 dBFS; other apps: fill 3152 (target 2205), varispeed 1.000382, dry 0x, over 0; plug-in: ProcessOutput calls 3082463, Music's 1456713, other apps' frames 904487152, pid 48342; peak in 0.1603, read back 0.2104; time delta max 512 frames in 3 cycles
[6734.729] other apps meter (10 s): loopback ch 3-4 peak -9.7 dBFS, player out peak -9.7 dBFS; other apps: fill 2982 (target 2205), varispeed 1.000373, dry 0x, over 0; plug-in: ProcessOutput calls 3084641, Music's 1457584, other apps' frames 905379568, pid 48342; peak in 0.3257, read back 0.3257; time delta max 512 frames in 3 cycles
[6744.854] other apps meter (10 s): loopback ch 3-4 peak -11.4 dBFS, player out peak -11.4 dBFS; other apps: fill 3318 (target 2205), varispeed 1.000407, dry 0x, over 0; plug-in: ProcessOutput calls 3086823, Music's 1458457, other apps' frames 906273008, pid 48342; peak in 0.2686, read back 0.2686; time delta max 512 frames in 3 cycles
[6754.142] 44100 Hz fill 22050 scalar 0.999570387 under 0 over 0; clock locked, DAC scalar 0.999570; 2026-09-29 21:49:20.620 -05:00
[6754.144] music only: ProcessOutput calls 3088824, Music's 1459257, other apps' frames 907093232, pid 48342; peak in 0.3592, read back 0.3592; time delta max 512 frames in 3 cycles; other apps: fill 2648 (target 2205), varispeed 1.000397, dry 0x, over 0
[6754.970] other apps meter (10 s): loopback ch 3-4 peak -8.9 dBFS, player out peak -8.9 dBFS; other apps: fill 2634 (target 2205), varispeed 1.000361, dry 0x, over 0; plug-in: ProcessOutput calls 3089001, Music's 1459328, other apps' frames 907165424, pid 48342; peak in 0.2546, read back 0.2546; time delta max 512 frames in 3 cycles
[6765.103] other apps meter (10 s): loopback ch 3-4 peak -9.1 dBFS, player out peak -9.1 dBFS; other apps: fill 2968 (target 2205), varispeed 1.000384, dry 0x, over 0; plug-in: ProcessOutput calls 3091184, Music's 1460201, other apps' frames 908059888, pid 48342; peak in 0.3527, read back 0.3527; time delta max 512 frames in 3 cycles
[6775.230] other apps meter (10 s): loopback ch 3-4 peak -9.9 dBFS, player out peak -9.9 dBFS; other apps: fill 2799 (target 2205), varispeed 1.000389, dry 0x, over 0; plug-in: ProcessOutput calls 3093366, Music's 1461074, other apps' frames 908953328, pid 48342; peak in 0.3202, read back 0.3202; time delta max 512 frames in 3 cycles
[6784.038] playerInfo: Playing Across The Universe
[6784.133] decoder: 44100.0 Hz (lossless)
[6784.150] 44100 Hz fill 22050 scalar 0.999566413 under 0 over 0; clock locked, DAC scalar 0.999572; 2026-09-29 21:49:50.628 -05:00
[6784.151] music only: ProcessOutput calls 3095288, Music's 1461843, other apps' frames 909740272, pid 48342; peak in 0.3402, read back 0.2862; time delta max 512 frames in 3 cycles; other apps: fill 3157 (target 2205), varispeed 1.000381, dry 0x, over 0
[6784.320] playerInfo: Paused Across The Universe
[6785.357] other apps meter (10 s): loopback ch 3-4 peak -9.4 dBFS, player out peak -9.4 dBFS; other apps: fill 3136 (target 2205), varispeed 1.000413, dry 0x, over 0; plug-in: ProcessOutput calls 3095548, Music's 1461947, other apps' frames 909846768, pid 48342; peak in 0.2349, read back 0.2233; time delta max 512 frames in 3 cycles
[6795.465] other apps meter (10 s): loopback ch 3-4 peak -9.7 dBFS, player out peak -9.7 dBFS; other apps: fill 2962 (target 2205), varispeed 1.000389, dry 0x, over 0; plug-in: ProcessOutput calls 3096926, Music's 1462018, other apps' frames 910739184, pid 48342; peak in 0.3271, read back 0.3139; time delta max 512 frames in 3 cycles
[6805.604] other apps meter (10 s): loopback ch 3-4 peak -5.4 dBFS, player out peak -5.4 dBFS; other apps: fill 2785 (target 2205), varispeed 1.000485, dry 0x, over 0; plug-in: ProcessOutput calls 3098236, Music's 1462018, other apps' frames 911633648, pid 48342; peak in 0.5396, read back 0.5396; time delta max 512 frames in 3 cycles
[6814.154] 44100 Hz fill 22050 scalar 0.999553766 under 0 over 0; clock locked, DAC scalar 0.999579; 2026-09-29 21:50:20.633 -05:00
[6814.157] music only: ProcessOutput calls 3099341, Music's 1462018, other apps' frames 912387824, pid 48342; peak in 0.4189, read back 0.4189; time delta max 512 frames in 3 cycles; other apps: fill 2628 (target 2205), varispeed 1.000427, dry 0x, over 0
[6815.766] other apps meter (10 s): loopback ch 3-4 peak -7.6 dBFS, player out peak -7.6 dBFS; other apps: fill 3109 (target 2205), varispeed 1.000444, dry 0x, over 0; plug-in: ProcessOutput calls 3099549, Music's 1462018, other apps' frames 912529648, pid 48342; peak in 0.1260, read back 0.1202; time delta max 512 frames in 3 cycles
[6825.884] other apps meter (10 s): loopback ch 3-4 peak -10.0 dBFS, player out peak -10.0 dBFS; other apps: fill 2932 (target 2205), varispeed 1.000377, dry 0x, over 0; plug-in: ProcessOutput calls 3100857, Music's 1462018, other apps' frames 913422576, pid 48342; peak in 0.3172, read back 0.2714; time delta max 512 frames in 3 cycles
[6836.014] other apps meter (10 s): loopback ch 3-4 peak -10.4 dBFS, player out peak -10.4 dBFS; other apps: fill 3270 (target 2205), varispeed 1.000354, dry 0x, over 0; plug-in: ProcessOutput calls 3102167, Music's 1462018, other apps' frames 914317040, pid 48342; peak in 0.3029, read back 0.3029; time delta max 512 frames in 3 cycles
[6844.157] 44100 Hz fill 21538 scalar 0.999557517 under 0 over 0; clock locked, DAC scalar 0.999578; 2026-09-29 21:50:50.635 -05:00
[6844.158] music only: ProcessOutput calls 3103219, Music's 1462018, other apps' frames 915035376, pid 48342; peak in 0.2728, read back 0.2728; time delta max 512 frames in 3 cycles; other apps: fill 3133 (target 2205), varispeed 1.000349, dry 0x, over 0
[6844.329] Music idle 60 s: stepping aside (DAC and default output given back)
[6844.342] other apps: player stopped (other apps: fill 2106 (target 2205), varispeed 1.000349, dry 0x, over 0)
[6844.413] DAC mixable again: 0
[6844.415] hog released: 0, owner -1
[6844.418] music only off ('LSmx' = 0): 0
[6844.419] virtual device latency -> 0 frames: 0
[6844.421] virtual device scalar reset: 0
[6844.437] default output restored to AudioQuest DragonFly Black v1.5: 0
[6844.510] coreaudiod put the virtual device back as the default; restoring again: 0
[6847.476] default output after 3 s: AudioQuest DragonFly Black v1.5 (1 re-restores)
[6847.479] detached (pid 0): 0
[6847.493] DAC probe: start 0 after 0.008 s
[6874.168] 44100 Hz fill 18978 scalar 0.999557517 under 0 over 0; clock stepped aside, DAC scalar 0.999576; 2026-09-29 21:51:20.647 -05:00
[6904.175] 44100 Hz fill 18978 scalar 0.999557517 under 0 over 0; clock stepped aside, DAC scalar 0.999576; 2026-09-29 21:51:50.653 -05:00
[6934.180] 44100 Hz fill 18978 scalar 0.999557517 under 0 over 0; clock stepped aside, DAC scalar 0.999576; 2026-09-29 21:52:20.659 -05:00
[6964.191] 44100 Hz fill 18978 scalar 0.999557517 under 0 over 0; clock stepped aside, DAC scalar 0.999576; 2026-09-29 21:52:50.669 -05:00
[6994.195] 44100 Hz fill 18978 scalar 0.999557517 under 0 over 0; clock stepped aside, DAC scalar 0.999576; 2026-09-29 21:53:20.673 -05:00
[7024.206] 44100 Hz fill 18978 scalar 0.999557517 under 0 over 0; clock stepped aside, DAC scalar 0.999576; 2026-09-29 21:53:50.685 -05:00
[7054.207] 44100 Hz fill 18978 scalar 0.999557517 under 0 over 0; clock stepped aside, DAC scalar 0.999576; 2026-09-29 21:54:20.685 -05:00
[7084.213] 44100 Hz fill 18978 scalar 0.999557517 under 0 over 0; clock stepped aside, DAC scalar 0.999576; 2026-09-29 21:54:50.692 -05:00
[7114.215] 44100 Hz fill 18978 scalar 0.999557517 under 0 over 0; clock stepped aside, DAC scalar 0.999576; 2026-09-29 21:55:20.693 -05:00
[7144.225] 44100 Hz fill 18978 scalar 0.999557517 under 0 over 0; clock stepped aside, DAC scalar 0.999576; 2026-09-29 21:55:50.703 -05:00
[7174.230] 44100 Hz fill 18978 scalar 0.999557517 under 0 over 0; clock stepped aside, DAC scalar 0.999576; 2026-09-29 21:56:20.708 -05:00
[7204.241] 44100 Hz fill 18978 scalar 0.999557517 under 0 over 0; clock stepped aside, DAC scalar 0.999576; 2026-09-29 21:56:50.720 -05:00
[7234.248] 44100 Hz fill 18978 scalar 0.999557517 under 0 over 0; clock stepped aside, DAC scalar 0.999576; 2026-09-29 21:57:20.726 -05:00
[7264.249] 44100 Hz fill 18978 scalar 0.999557517 under 0 over 0; clock stepped aside, DAC scalar 0.999576; 2026-09-29 21:57:50.727 -05:00
[7294.257] 44100 Hz fill 18978 scalar 0.999557517 under 0 over 0; clock stepped aside, DAC scalar 0.999576; 2026-09-29 21:58:20.736 -05:00
[7324.267] 44100 Hz fill 18978 scalar 0.999557517 under 0 over 0; clock stepped aside, DAC scalar 0.999576; 2026-09-29 21:58:50.746 -05:00
[7354.270] 44100 Hz fill 18978 scalar 0.999557517 under 0 over 0; clock stepped aside, DAC scalar 0.999576; 2026-09-29 21:59:20.749 -05:00
[7384.275] 44100 Hz fill 18978 scalar 0.999557517 under 0 over 0; clock stepped aside, DAC scalar 0.999576; 2026-09-29 21:59:50.753 -05:00
[7389.413] playerInfo: Paused Across The Universe
[7389.447] playerInfo: Playing Across The Universe
[7389.448] playback began while stepped aside (Across The Universe); taking the output back
[7389.583] playerInfo: Playing Across The Universe
[7389.668] decoder: 44100.0 Hz (lossless)
[7389.851] playerInfo: Paused Across The Universe
[7389.876] attached (pid 27308): 0
[7389.881] music only: 'LSmx' = 48342 (Music; was 0): 0
[7389.887] default output -> virtual device: 0
[7389.895] virtual device 130 @ 44100.0 Hz; scalar reset 0
[7389.911] A: output streams off: 0
[7389.936] start A: 0
[7389.946] DAC AudioQuest DragonFly Black v1.5 (AppleUSBAudioEngine:AudioQuest:AudioQuest DragonFly Black v1.5:AQDFBL0120002531:1) @ 44100.0 Hz, hog owner -1, my pid 27308
[7390.029] DAC was still running for another client; stopped after 0.082 s
[7390.029] hog DAC: 0, hogged
[7390.031] DAC format -> 44100.0 Hz 2 ch 24 bit flags 76: 0
[7390.033] virtual device latency -> 22050 frames: 0
[7390.034] B: DAC inputs off: 0
[7390.516] start B: 0
[7391.022] DAC ready after 0.503 s: phys 44100.0 Hz 2 ch 24 bit flags 76 / virt 44100.0 Hz 2 ch 24 bit flags 76
[7391.024] B writes int24 in 3 bytes, channels 1/2 (virtual format 44100.0 Hz 2 ch 24 bit flags 76)
[7391.025] format listeners: 0 0
[7391.082] volume: forwarding to DAC element 0 (-28.0 dB), linear in dB, 0 to -64 dB (4.0 dB per key step), set in dB (no dB -> scalar on the DAC); mute to element 0; slider -> 0.5625: 0, mute -> 0: 0
[7391.090] other apps and alert sounds: MacBook Air Speakers (built-in speakers (automatic))
[7391.161] other apps -> MacBook Air Speakers at 44100 Hz (AVAudioEngine + varispeed; target fill 2205 frames)
[7391.171] switch 1: Across The Universe restarts at 44100 Hz (no rate change); not latched: cut at the play position; paused; boundary reached 0.009 s
[7391.522]   rewound to 73.871 (was 74.155, played ~0.184 s), play; switch 1 done 0.360 s after the request
[7391.532] decoder: 44100.0 Hz (lossless)
[7391.537] clock: DAC scalar 0.998925 not steady yet; following it until the lock
[7391.542] other apps meter (10 s): loopback ch 3-4 peak -11.3 dBFS, player out peak -11.3 dBFS; other apps: fill 1693 (target 2205), varispeed 1.000000, dry 0x, over 0; plug-in: ProcessOutput calls 3103453, Music's 1462018, other apps' frames 915194908, pid 48342; peak in 0.2268, read back 0.2260; time delta max 512 frames in 6 cycles
[7391.555] playerInfo: Paused Across The Universe
[7391.567] playerInfo: Playing Across The Universe
[7395.595] clock: DAC scalar steady at 0.998862 after 4.1 s
[7395.595] clock lock: phase0 26260.251, fill 22528, cycles A 590098 B 590019
[7401.672] other apps meter (10 s): loopback ch 3-4 peak -10.2 dBFS, player out peak -10.2 dBFS; other apps: fill 2740 (target 2205), varispeed 1.000058, dry 0x, over 0; plug-in: ProcessOutput calls 3105632, Music's 1462886, other apps' frames 916089884, pid 48342; peak in 0.3077, read back 0.3077; time delta max 512 frames in 6 cycles
[7411.821] other apps meter (10 s): loopback ch 3-4 peak -10.1 dBFS, player out peak -10.1 dBFS; other apps: fill 3135 (target 2205), varispeed 1.000364, dry 0x, over 0; plug-in: ProcessOutput calls 3107819, Music's 1463761, other apps' frames 916985372, pid 48342; peak in 0.3129, read back 0.2967; time delta max 512 frames in 6 cycles
[7414.276] 44100 Hz fill 22528 scalar 0.998861706 under 0 over 0; clock locked, DAC scalar 0.998869; 2026-09-29 22:00:20.754 -05:00
[7414.279] music only: ProcessOutput calls 3108349, Music's 1463973, other apps' frames 917202460, pid 48342; peak in 0.2441, read back 0.2438; time delta max 512 frames in 6 cycles; other apps: fill 3093 (target 2205), varispeed 1.000384, dry 0x, over 0
[7421.954] other apps meter (10 s): loopback ch 3-4 peak -9.9 dBFS, player out peak -9.9 dBFS; other apps: fill 3452 (target 2205), varispeed 1.000548, dry 0x, over 0; plug-in: ProcessOutput calls 3110004, Music's 1464635, other apps' frames 917880348, pid 48342; peak in 0.3194, read back 0.3098; time delta max 512 frames in 6 cycles
[7432.071] other apps meter (10 s): loopback ch 3-4 peak -10.0 dBFS, player out peak -10.0 dBFS; other apps: fill 3694 (target 2205), varispeed 1.000645, dry 0x, over 0; plug-in: ProcessOutput calls 3112185, Music's 1465507, other apps' frames 918774300, pid 48342; peak in 0.3145, read back 0.3145; time delta max 512 frames in 6 cycles
[7442.195] other apps meter (10 s): loopback ch 3-4 peak -11.1 dBFS, player out peak -11.1 dBFS; other apps: fill 3895 (target 2205), varispeed 1.000722, dry 0x, over 0; plug-in: ProcessOutput calls 3114367, Music's 1466380, other apps' frames 919667740, pid 48342; peak in 0.2776, read back 0.2632; time delta max 512 frames in 6 cycles
[7444.277] 44100 Hz fill 22528 scalar 0.998865442 under 0 over 0; clock locked, DAC scalar 0.998865; 2026-09-29 22:00:50.755 -05:00
[7444.278] music only: ProcessOutput calls 3114817, Music's 1466560, other apps' frames 919852060, pid 48342; peak in 0.2487, read back 0.2487; time delta max 512 frames in 6 cycles; other apps: fill 3831 (target 2205), varispeed 1.000694, dry 0x, over 0
[7452.324] other apps meter (10 s): loopback ch 3-4 peak -9.5 dBFS, player out peak -9.5 dBFS; other apps: fill 3558 (target 2205), varispeed 1.000851, dry 0x, over 0; plug-in: ProcessOutput calls 3116550, Music's 1467253, other apps' frames 920562204, pid 48342; peak in 0.3357, read back 0.3357; time delta max 512 frames in 6 cycles
[7462.459] other apps meter (10 s): loopback ch 3-4 peak -10.3 dBFS, player out peak -10.3 dBFS; other apps: fill 3714 (target 2205), varispeed 1.000787, dry 0x, over 0; plug-in: ProcessOutput calls 3118735, Music's 1468127, other apps' frames 921457180, pid 48342; peak in 0.3057, read back 0.2982; time delta max 512 frames in 6 cycles
[7472.597] other apps meter (10 s): loopback ch 3-4 peak -10.5 dBFS, player out peak -10.5 dBFS; other apps: fill 3387 (target 2205), varispeed 1.000693, dry 0x, over 0; plug-in: ProcessOutput calls 3120917, Music's 1469000, other apps' frames 922350620, pid 48342; peak in 0.2998, read back 0.2827; time delta max 512 frames in 6 cycles
[7474.278] 44100 Hz fill 22528 scalar 0.999839259 under 0 over 0; clock locked, DAC scalar 0.999573; 2026-09-29 22:01:20.756 -05:00
[7474.279] music only: ProcessOutput calls 3121280, Music's 1469145, other apps' frames 922499612, pid 48342; peak in 0.2430, read back 0.2317; time delta max 512 frames in 6 cycles; other apps: fill 3335 (target 2205), varispeed 1.000702, dry 0x, over 0
[7482.727] other apps meter (10 s): loopback ch 3-4 peak -9.8 dBFS, player out peak -9.8 dBFS; other apps: fill 3084 (target 2205), varispeed 1.000601, dry 0x, over 0; plug-in: ProcessOutput calls 3123100, Music's 1469873, other apps' frames 923245084, pid 48342; peak in 0.3220, read back 0.3220; time delta max 512 frames in 6 cycles
[7492.871] other apps meter (10 s): loopback ch 3-4 peak -11.5 dBFS, player out peak -11.5 dBFS; other apps: fill 3350 (target 2205), varispeed 1.000580, dry 0x, over 0; plug-in: ProcessOutput calls 3125285, Music's 1470747, other apps' frames 924140060, pid 48342; peak in 0.2650, read back 0.2606; time delta max 512 frames in 6 cycles
[7503.025] other apps meter (10 s): loopback ch 3-4 peak -10.2 dBFS, player out peak -10.2 dBFS; other apps: fill 3116 (target 2205), varispeed 1.000482, dry 0x, over 0; plug-in: ProcessOutput calls 3127472, Music's 1471622, other apps' frames 925035548, pid 48342; peak in 0.3093, read back 0.2948; time delta max 512 frames in 6 cycles
[7504.279] 44100 Hz fill 22016 scalar 0.999539086 under 0 over 0; clock locked, DAC scalar 0.999582; 2026-09-29 22:01:50.757 -05:00
[7504.280] music only: ProcessOutput calls 3127742, Music's 1471730, other apps' frames 925146140, pid 48342; peak in 0.2315, read back 0.2315; time delta max 512 frames in 6 cycles; other apps: fill 3089 (target 2205), varispeed 1.000517, dry 0x, over 0
[7513.159] other apps meter (10 s): loopback ch 3-4 peak -11.5 dBFS, player out peak -11.5 dBFS; other apps: fill 3390 (target 2205), varispeed 1.000596, dry 0x, over 0; plug-in: ProcessOutput calls 3129655, Music's 1472495, other apps' frames 925930012, pid 48342; peak in 0.2651, read back 0.2651; time delta max 512 frames in 6 cycles
[7523.278] other apps meter (10 s): loopback ch 3-4 peak -10.8 dBFS, player out peak -10.8 dBFS; other apps: fill 3164 (target 2205), varispeed 1.000495, dry 0x, over 0; plug-in: ProcessOutput calls 3131835, Music's 1473367, other apps' frames 926822940, pid 48342; peak in 0.2890, read back 0.2716; time delta max 512 frames in 6 cycles
[7533.387] other apps meter (10 s): loopback ch 3-4 peak -10.1 dBFS, player out peak -10.1 dBFS; other apps: fill 2961 (target 2205), varispeed 1.000429, dry 0x, over 0; plug-in: ProcessOutput calls 3134012, Music's 1474238, other apps' frames 927714332, pid 48342; peak in 0.3110, read back 0.3110; time delta max 512 frames in 6 cycles
[7534.288] 44100 Hz fill 22528 scalar 0.999545710 under 0 over 0; clock locked, DAC scalar 0.999578; 2026-09-29 22:02:20.766 -05:00
[7534.291] music only: ProcessOutput calls 3134207, Music's 1474316, other apps' frames 927794204, pid 48342; peak in 0.2521, read back 0.2521; time delta max 512 frames in 6 cycles; other apps: fill 2942 (target 2205), varispeed 1.000450, dry 0x, over 0
[7543.519] other apps meter (10 s): loopback ch 3-4 peak -11.9 dBFS, player out peak -11.9 dBFS; other apps: fill 2757 (target 2205), varispeed 1.000371, dry 0x, over 0; plug-in: ProcessOutput calls 3136195, Music's 1475111, other apps' frames 928608796, pid 48342; peak in 0.2540, read back 0.2540; time delta max 512 frames in 6 cycles
[7546.534] decoder: 44100.0 Hz (lossy)
[7546.805] playerInfo: Playing Imaginary Song [alt. ver.]
[7546.859] new track Imaginary Song [alt. ver.] (Music's rate for the track): decoder 44100.0 Hz lossy (seen 0.264 s before Playing), DAC 44100 Hz
[7549.086] source depth from the samples: neither 16 nor 24 bit (on neither the 16- nor the 24-bit grid (68459 of 89088 samples): lossy)
[7553.629] other apps meter (10 s): loopback ch 3-4 peak -10.4 dBFS, player out peak -10.4 dBFS; other apps: fill 3076 (target 2205), varispeed 1.000444, dry 0x, over 0; plug-in: ProcessOutput calls 3138374, Music's 1475983, other apps' frames 929500700, pid 48342; peak in 0.3026, read back 0.3026; time delta max 512 frames in 6 cycles
[7563.762] other apps meter (10 s): loopback ch 3-4 peak -9.9 dBFS, player out peak -9.9 dBFS; other apps: fill 3402 (target 2205), varispeed 1.000449, dry 0x, over 0; plug-in: ProcessOutput calls 3140557, Music's 1476856, other apps' frames 930395164, pid 48342; peak in 0.3211, read back 0.3211; time delta max 512 frames in 6 cycles
[7564.290] 44100 Hz fill 22528 scalar 0.999555618 under 0 over 0; clock locked, DAC scalar 0.999586; 2026-09-29 22:02:50.768 -05:00
[7564.291] music only: ProcessOutput calls 3140670, Music's 1476901, other apps' frames 930441756, pid 48342; peak in 0.2588, read back 0.2588; time delta max 512 frames in 6 cycles; other apps: fill 2879 (target 2205), varispeed 1.000451, dry 0x, over 0
[7573.882] other apps meter (10 s): loopback ch 3-4 peak -11.7 dBFS, player out peak -11.7 dBFS; other apps: fill 3213 (target 2205), varispeed 1.000400, dry 0x, over 0; plug-in: ProcessOutput calls 3142737, Music's 1477728, other apps' frames 931288092, pid 48342; peak in 0.2419, read back 0.2419; time delta max 512 frames in 6 cycles
[7583.977] other apps meter (10 s): loopback ch 3-4 peak -9.3 dBFS, player out peak -9.3 dBFS; other apps: fill 3525 (target 2205), varispeed 1.000427, dry 0x, over 0; plug-in: ProcessOutput calls 3144912, Music's 1478598, other apps' frames 932178972, pid 48342; peak in 0.3423, read back 0.3423; time delta max 512 frames in 6 cycles
[7594.097] other apps meter (10 s): loopback ch 3-4 peak -10.9 dBFS, player out peak -10.9 dBFS; other apps: fill 2835 (target 2205), varispeed 1.000438, dry 0x, over 0; plug-in: ProcessOutput calls 3147091, Music's 1479469, other apps' frames 933071900, pid 48342; peak in 0.2839, read back 0.2839; time delta max 512 frames in 6 cycles
[7594.300] 44100 Hz fill 22528 scalar 0.999570651 under 0 over 0; clock locked, DAC scalar 0.999586; 2026-09-29 22:03:20.779 -05:00
[7594.303] music only: ProcessOutput calls 3147135, Music's 1479487, other apps' frames 933089820, pid 48342; peak in 0.1371, read back 0.0985; time delta max 512 frames in 6 cycles; other apps: fill 2831 (target 2205), varispeed 1.000465, dry 0x, over 0
[7604.210] other apps meter (10 s): loopback ch 3-4 peak -9.2 dBFS, player out peak -9.2 dBFS; other apps: fill 3177 (target 2205), varispeed 1.000416, dry 0x, over 0; plug-in: ProcessOutput calls 3149269, Music's 1480341, other apps' frames 933963292, pid 48342; peak in 0.3484, read back 0.3436; time delta max 512 frames in 6 cycles
[7614.310] other apps meter (10 s): loopback ch 3-4 peak -11.2 dBFS, player out peak -11.2 dBFS; other apps: fill 2991 (target 2205), varispeed 1.000410, dry 0x, over 0; plug-in: ProcessOutput calls 3151445, Music's 1481211, other apps' frames 934855196, pid 48342; peak in 0.2740, read back 0.2503; time delta max 512 frames in 6 cycles
[7624.308] 44100 Hz fill 22528 scalar 0.999676875 under 0 over 0; clock locked, DAC scalar 0.999638; 2026-09-29 22:03:50.786 -05:00
[7624.309] music only: ProcessOutput calls 3153599, Music's 1482073, other apps' frames 935736860, pid 48342; peak in 0.3125, read back 0.3021; time delta max 512 frames in 6 cycles; other apps: fill 2817 (target 2205), varispeed 1.000447, dry 0x, over 0
[7624.447] other apps meter (10 s): loopback ch 3-4 peak -10.1 dBFS, player out peak -10.1 dBFS; other apps: fill 3327 (target 2205), varispeed 1.000447, dry 0x, over 0; plug-in: ProcessOutput calls 3153629, Music's 1482085, other apps' frames 935749148, pid 48342; peak in 0.1165, read back 0.0998; time delta max 512 frames in 6 cycles
[7634.561] other apps meter (10 s): loopback ch 3-4 peak -10.3 dBFS, player out peak -10.3 dBFS; other apps: fill 3146 (target 2205), varispeed 1.000422, dry 0x, over 0; plug-in: ProcessOutput calls 3155807, Music's 1482956, other apps' frames 936641564, pid 48342; peak in 0.3043, read back 0.3043; time delta max 512 frames in 6 cycles
[7644.669] other apps meter (10 s): loopback ch 3-4 peak -11.2 dBFS, player out peak -11.2 dBFS; other apps: fill 2973 (target 2205), varispeed 1.000449, dry 0x, over 0; plug-in: ProcessOutput calls 3157985, Music's 1483827, other apps' frames 937533980, pid 48342; peak in 0.2741, read back 0.2667; time delta max 512 frames in 6 cycles
[7654.320] 44100 Hz fill 22528 scalar 0.999829089 under 0 over 0; clock locked, DAC scalar 0.999738; 2026-09-29 22:04:20.798 -05:00
[7654.322] music only: ProcessOutput calls 3160065, Music's 1484659, other apps' frames 938385948, pid 48342; peak in 0.3473, read back 0.3473; time delta max 512 frames in 6 cycles; other apps: fill 2793 (target 2205), varispeed 1.000469, dry 0x, over 0
[7654.803] other apps meter (10 s): loopback ch 3-4 peak -9.2 dBFS, player out peak -9.2 dBFS; other apps: fill 2783 (target 2205), varispeed 1.000469, dry 0x, over 0; plug-in: ProcessOutput calls 3160167, Music's 1484700, other apps' frames 938427420, pid 48342; peak in 0.1485, read back 0.1448; time delta max 512 frames in 6 cycles
[7664.935] other apps meter (10 s): loopback ch 3-4 peak -11.3 dBFS, player out peak -11.3 dBFS; other apps: fill 2615 (target 2205), varispeed 1.000394, dry 0x, over 0; plug-in: ProcessOutput calls 3162350, Music's 1485573, other apps' frames 939321884, pid 48342; peak in 0.2711, read back 0.2711; time delta max 512 frames in 6 cycles
[7675.060] other apps meter (10 s): loopback ch 3-4 peak -9.5 dBFS, player out peak -9.5 dBFS; other apps: fill 2953 (target 2205), varispeed 1.000424, dry 0x, over 0; plug-in: ProcessOutput calls 3164532, Music's 1486446, other apps' frames 940215324, pid 48342; peak in 0.3341, read back 0.3341; time delta max 512 frames in 6 cycles
[7684.331] 44100 Hz fill 22528 scalar 0.999560648 under 0 over 0; clock locked, DAC scalar 0.999568; 2026-09-29 22:04:50.809 -05:00
[7684.332] music only: ProcessOutput calls 3166529, Music's 1487245, other apps' frames 941032988, pid 48342; peak in 0.2990, read back 0.2639; time delta max 512 frames in 6 cycles; other apps: fill 2791 (target 2205), varispeed 1.000384, dry 0x, over 0
[7685.187] other apps meter (10 s): loopback ch 3-4 peak -10.5 dBFS, player out peak -10.5 dBFS; other apps: fill 2775 (target 2205), varispeed 1.000417, dry 0x, over 0; plug-in: ProcessOutput calls 3166713, Music's 1487318, other apps' frames 941108764, pid 48342; peak in 0.2471, read back 0.2471; time delta max 512 frames in 6 cycles
[7695.311] other apps meter (10 s): loopback ch 3-4 peak -10.8 dBFS, player out peak -10.8 dBFS; other apps: fill 3109 (target 2205), varispeed 1.000321, dry 0x, over 0; plug-in: ProcessOutput calls 3168894, Music's 1488191, other apps' frames 942001692, pid 48342; peak in 0.2894, read back 0.2894; time delta max 512 frames in 6 cycles
[7705.428] other apps meter (10 s): loopback ch 3-4 peak -11.3 dBFS, player out peak -11.3 dBFS; other apps: fill 2937 (target 2205), varispeed 1.000383, dry 0x, over 0; plug-in: ProcessOutput calls 3171074, Music's 1489063, other apps' frames 942894620, pid 48342; peak in 0.2725, read back 0.2725; time delta max 512 frames in 6 cycles
[7714.334] 44100 Hz fill 22528 scalar 0.999570929 under 0 over 0; clock locked, DAC scalar 0.999575; 2026-09-29 22:05:20.812 -05:00
[7714.335] music only: ProcessOutput calls 3172992, Music's 1489830, other apps' frames 943680540, pid 48342; peak in 0.2704, read back 0.2598; time delta max 512 frames in 6 cycles; other apps: fill 2791 (target 2205), varispeed 1.000395, dry 0x, over 0
[7715.539] playerInfo: Playing Bidin' My Time
[7715.640] new track Bidin' My Time (Music's rate for the track; no decoder line at it yet): decoder 44100.0 Hz lossless (seen 0.000 s before Playing), DAC 44100 Hz
[7715.648] other apps meter (10 s): loopback ch 3-4 peak -11.4 dBFS, player out peak -11.4 dBFS; other apps: fill 2767 (target 2205), varispeed 1.000398, dry 0x, over 0; plug-in: ProcessOutput calls 3173275, Music's 1489943, other apps' frames 943796764, pid 48342; peak in 0.2428, read back 0.2428; time delta max 512 frames in 6 cycles
[7717.673] source depth from the samples: neither 16 nor 24 bit (on neither the 16- nor the 24-bit grid (85792 of 90112 samples): Music changes them (volume, Sound Check, EQ) or the source is float)
[7725.754] other apps meter (10 s): loopback ch 3-4 peak -10.3 dBFS, player out peak -10.3 dBFS; other apps: fill 3092 (target 2205), varispeed 1.000444, dry 0x, over 0; plug-in: ProcessOutput calls 3175452, Music's 1490814, other apps' frames 944688156, pid 48342; peak in 0.3044, read back 0.2891; time delta max 512 frames in 6 cycles
[7735.891] other apps meter (10 s): loopback ch 3-4 peak -11.1 dBFS, player out peak -11.1 dBFS; other apps: fill 2908 (target 2205), varispeed 1.000386, dry 0x, over 0; plug-in: ProcessOutput calls 3177635, Music's 1491687, other apps' frames 945582620, pid 48342; peak in 0.2784, read back 0.2681; time delta max 512 frames in 6 cycles
[7744.340] 44100 Hz fill 22528 scalar 0.999563967 under 0 over 0; clock locked, DAC scalar 0.999567; 2026-09-29 22:05:50.817 -05:00
[7744.341] music only: ProcessOutput calls 3179457, Music's 1492416, other apps' frames 946328604, pid 48342; peak in 0.3447, read back 0.3447; time delta max 512 frames in 6 cycles; other apps: fill 3278 (target 2205), varispeed 1.000368, dry 0x, over 0
[7745.996] other apps meter (10 s): loopback ch 3-4 peak -9.3 dBFS, player out peak -9.3 dBFS; other apps: fill 2739 (target 2205), varispeed 1.000363, dry 0x, over 0; plug-in: ProcessOutput calls 3179812, Music's 1492558, other apps' frames 946474012, pid 48342; peak in 0.2719, read back 0.2719; time delta max 512 frames in 6 cycles
[7756.129] other apps meter (10 s): loopback ch 3-4 peak -10.8 dBFS, player out peak -10.8 dBFS; other apps: fill 2565 (target 2205), varispeed 1.000375, dry 0x, over 0; plug-in: ProcessOutput calls 3181995, Music's 1493431, other apps' frames 947368476, pid 48342; peak in 0.2881, read back 0.2835; time delta max 512 frames in 6 cycles
[7766.255] other apps meter (10 s): loopback ch 3-4 peak -11.4 dBFS, player out peak -11.4 dBFS; other apps: fill 2902 (target 2205), varispeed 1.000396, dry 0x, over 0; plug-in: ProcessOutput calls 3184177, Music's 1494304, other apps' frames 948261916, pid 48342; peak in 0.2681, read back 0.2681; time delta max 512 frames in 6 cycles
[7774.352] 44100 Hz fill 22528 scalar 0.999551018 under 0 over 0; clock locked, DAC scalar 0.999579; 2026-09-29 22:06:20.824 -05:00
[7774.354] music only: ProcessOutput calls 3185922, Music's 1495002, other apps' frames 948976668, pid 48342; peak in 0.3836, read back 0.3592; time delta max 512 frames in 6 cycles; other apps: fill 3278 (target 2205), varispeed 1.000370, dry 0x, over 0
[7776.377] other apps meter (10 s): loopback ch 3-4 peak -8.3 dBFS, player out peak -8.3 dBFS; other apps: fill 3242 (target 2205), varispeed 1.000396, dry 0x, over 0; plug-in: ProcessOutput calls 3186357, Music's 1495176, other apps' frames 949154844, pid 48342; peak in 0.2730, read back 0.2654; time delta max 512 frames in 6 cycles
[7786.500] other apps meter (10 s): loopback ch 3-4 peak -11.4 dBFS, player out peak -11.4 dBFS; other apps: fill 3072 (target 2205), varispeed 1.000364, dry 0x, over 0; plug-in: ProcessOutput calls 3188537, Music's 1496048, other apps' frames 950047772, pid 48342; peak in 0.2702, read back 0.2702; time delta max 512 frames in 6 cycles
[7796.641] other apps meter (10 s): loopback ch 3-4 peak -10.5 dBFS, player out peak -10.5 dBFS; other apps: fill 2907 (target 2205), varispeed 1.000369, dry 0x, over 0; plug-in: ProcessOutput calls 3190722, Music's 1496922, other apps' frames 950942748, pid 48342; peak in 0.2991, read back 0.2991; time delta max 512 frames in 6 cycles
[7804.346] 44100 Hz fill 22528 scalar 0.999565159 under 0 over 0; clock locked, DAC scalar 0.999595; 2026-09-29 22:06:50.824 -05:00
[7804.348] music only: ProcessOutput calls 3192382, Music's 1497586, other apps' frames 951622684, pid 48342; peak in 0.2689, read back 0.2689; time delta max 512 frames in 6 cycles; other apps: fill 2770 (target 2205), varispeed 1.000466, dry 0x, over 0
[7806.769] other apps meter (10 s): loopback ch 3-4 peak -11.4 dBFS, player out peak -11.4 dBFS; other apps: fill 3234 (target 2205), varispeed 1.000424, dry 0x, over 0; plug-in: ProcessOutput calls 3192904, Music's 1497795, other apps' frames 951836188, pid 48342; peak in 0.2421, read back 0.2421; time delta max 512 frames in 6 cycles
[7816.916] other apps meter (10 s): loopback ch 3-4 peak -12.1 dBFS, player out peak -12.1 dBFS; other apps: fill 3037 (target 2205), varispeed 1.000432, dry 0x, over 0; plug-in: ProcessOutput calls 3195090, Music's 1498669, other apps' frames 952732188, pid 48342; peak in 0.2496, read back 0.2496; time delta max 512 frames in 6 cycles
[7827.013] other apps meter (10 s): loopback ch 3-4 peak -9.9 dBFS, player out peak -9.9 dBFS; other apps: fill 2864 (target 2205), varispeed 1.000350, dry 0x, over 0; plug-in: ProcessOutput calls 3197265, Music's 1499539, other apps' frames 953623068, pid 48342; peak in 0.3188, read back 0.3075; time delta max 512 frames in 6 cycles
[7834.357] 44100 Hz fill 22528 scalar 0.999610844 under 0 over 0; clock locked, DAC scalar 0.999625; 2026-09-29 22:07:20.835 -05:00
[7834.358] music only: ProcessOutput calls 3198847, Music's 1500172, other apps' frames 954270748, pid 48342; peak in 0.2844, read back 0.2835; time delta max 512 frames in 6 cycles; other apps: fill 2738 (target 2205), varispeed 1.000402, dry 0x, over 0
[7837.172] other apps meter (10 s): loopback ch 3-4 peak -10.9 dBFS, player out peak -10.9 dBFS; other apps: fill 2689 (target 2205), varispeed 1.000420, dry 0x, over 0; plug-in: ProcessOutput calls 3199452, Music's 1500414, other apps' frames 954518556, pid 48342; peak in 0.2461, read back 0.2844; time delta max 512 frames in 6 cycles
[7847.296] other apps meter (10 s): loopback ch 3-4 peak -11.4 dBFS, player out peak -11.4 dBFS; other apps: fill 3030 (target 2205), varispeed 1.000400, dry 0x, over 0; plug-in: ProcessOutput calls 3201634, Music's 1501287, other apps' frames 955411996, pid 48342; peak in 0.2685, read back 0.2685; time delta max 512 frames in 6 cycles
[7857.412] other apps meter (10 s): loopback ch 3-4 peak -10.3 dBFS, player out peak -10.3 dBFS; other apps: fill 2858 (target 2205), varispeed 1.000388, dry 0x, over 0; plug-in: ProcessOutput calls 3203814, Music's 1502159, other apps' frames 956304924, pid 48342; peak in 0.3038, read back 0.2740; time delta max 512 frames in 6 cycles
[7864.363] 44100 Hz fill 22528 scalar 0.999773777 under 0 over 0; clock locked, DAC scalar 0.999669; 2026-09-29 22:07:50.841 -05:00
[7864.365] music only: ProcessOutput calls 3205312, Music's 1502758, other apps' frames 956918812, pid 48342; peak in 0.2135, read back 0.2135; time delta max 512 frames in 6 cycles; other apps: fill 3243 (target 2205), varispeed 1.000371, dry 0x, over 0
[7867.544] other apps meter (10 s): loopback ch 3-4 peak -13.4 dBFS, player out peak -13.4 dBFS; other apps: fill 2683 (target 2205), varispeed 1.000302, dry 0x, over 0; plug-in: ProcessOutput calls 3205997, Music's 1503032, other apps' frames 957199388, pid 48342; peak in 0.2074, read back 0.2074; time delta max 512 frames in 6 cycles
[7877.653] other apps meter (10 s): loopback ch 3-4 peak -12.1 dBFS, player out peak -12.1 dBFS; other apps: fill 2533 (target 2205), varispeed 1.000407, dry 0x, over 0; plug-in: ProcessOutput calls 3208174, Music's 1503903, other apps' frames 958090780, pid 48342; peak in 0.2473, read back 0.2421; time delta max 512 frames in 6 cycles
[7878.294] decoder: 44100.0 Hz (lossless)
[7878.681] playerInfo: Playing Animal Arithmetic
[7878.957] new track Animal Arithmetic (Music's rate for the track): decoder 44100.0 Hz lossless (seen 0.382 s before Playing), DAC 44100 Hz
[7881.200] source depth from the samples: 16 bit (all 88905 on the 16-bit grid)
[7887.771] other apps meter (10 s): loopback ch 3-4 peak -11.5 dBFS, player out peak -11.5 dBFS; other apps: fill 2870 (target 2205), varispeed 1.000394, dry 0x, over 0; plug-in: ProcessOutput calls 3210353, Music's 1504774, other apps' frames 958983708, pid 48342; peak in 0.2671, read back 0.2671; time delta max 512 frames in 6 cycles
[7894.371] 44100 Hz fill 22528 scalar 0.999577086 under 0 over 0; clock locked, DAC scalar 0.999581; 2026-09-29 22:08:20.850 -05:00
[7894.374] music only: ProcessOutput calls 3211775, Music's 1505343, other apps' frames 959566364, pid 48342; peak in 0.2414, read back 0.2414; time delta max 512 frames in 6 cycles; other apps: fill 3261 (target 2205), varispeed 1.000396, dry 0x, over 0
[7897.881] other apps meter (10 s): loopback ch 3-4 peak -11.0 dBFS, player out peak -11.0 dBFS; other apps: fill 2690 (target 2205), varispeed 1.000339, dry 0x, over 0; plug-in: ProcessOutput calls 3212532, Music's 1505646, other apps' frames 959876124, pid 48342; peak in 0.2811, read back 0.2811; time delta max 512 frames in 6 cycles
[7908.029] other apps meter (10 s): loopback ch 3-4 peak -11.6 dBFS, player out peak -11.6 dBFS; other apps: fill 3022 (target 2205), varispeed 1.000412, dry 0x, over 0; plug-in: ProcessOutput calls 3214717, Music's 1506520, other apps' frames 960771100, pid 48342; peak in 0.2644, read back 0.2644; time delta max 512 frames in 6 cycles
[7918.143] other apps meter (10 s): loopback ch 3-4 peak -10.6 dBFS, player out peak -10.6 dBFS; other apps: fill 2843 (target 2205), varispeed 1.000425, dry 0x, over 0; plug-in: ProcessOutput calls 3216897, Music's 1507392, other apps' frames 961664028, pid 48342; peak in 0.2937, read back 0.2937; time delta max 512 frames in 6 cycles
[7924.377] 44100 Hz fill 22528 scalar 0.999564865 under 0 over 0; clock locked, DAC scalar 0.999585; 2026-09-29 22:08:50.856 -05:00
[7924.379] music only: ProcessOutput calls 3218239, Music's 1507929, other apps' frames 962213404, pid 48342; peak in 0.2564, read back 0.2421; time delta max 512 frames in 6 cycles; other apps: fill 3234 (target 2205), varispeed 1.000340, dry 0x, over 0
[7928.279] other apps meter (10 s): loopback ch 3-4 peak -11.8 dBFS, player out peak -11.8 dBFS; other apps: fill 3173 (target 2205), varispeed 1.000401, dry 0x, over 0; plug-in: ProcessOutput calls 3219080, Music's 1508265, other apps' frames 962558492, pid 48342; peak in 0.2488, read back 0.2448; time delta max 512 frames in 6 cycles
[7938.403] other apps meter (10 s): loopback ch 3-4 peak -10.7 dBFS, player out peak -10.7 dBFS; other apps: fill 2990 (target 2205), varispeed 1.000356, dry 0x, over 0; plug-in: ProcessOutput calls 3221260, Music's 1509137, other apps' frames 963451420, pid 48342; peak in 0.2926, read back 0.2926; time delta max 512 frames in 6 cycles
[7948.504] other apps meter (10 s): loopback ch 3-4 peak -12.3 dBFS, player out peak -13.4 dBFS; other apps: fill 3336 (target 2205), varispeed 1.000388, dry 0x, over 0; plug-in: ProcessOutput calls 3223437, Music's 1510008, other apps' frames 964342812, pid 48342; peak in 0.2421, read back 0.2128; time delta max 512 frames in 6 cycles
[7954.381] 44100 Hz fill 22528 scalar 0.999553637 under 0 over 0; clock locked, DAC scalar 0.999578; 2026-09-29 22:09:20.858 -05:00
[7954.383] music only: ProcessOutput calls 3224702, Music's 1510514, other apps' frames 964860956, pid 48342; peak in 0.2501, read back 0.2439; time delta max 512 frames in 6 cycles; other apps: fill 2719 (target 2205), varispeed 1.000355, dry 0x, over 0
[7958.629] other apps meter (10 s): loopback ch 3-4 peak -11.4 dBFS, player out peak -11.4 dBFS; other apps: fill 3159 (target 2205), varispeed 1.000374, dry 0x, over 0; plug-in: ProcessOutput calls 3225617, Music's 1510880, other apps' frames 965235740, pid 48342; peak in 0.2678, read back 0.2678; time delta max 512 frames in 6 cycles
[7968.742] other apps meter (10 s): loopback ch 3-4 peak -11.2 dBFS, player out peak -11.2 dBFS; other apps: fill 2979 (target 2205), varispeed 1.000403, dry 0x, over 0; plug-in: ProcessOutput calls 3227795, Music's 1511751, other apps' frames 966128156, pid 48342; peak in 0.2758, read back 0.2758; time delta max 512 frames in 6 cycles
[7978.872] other apps meter (10 s): loopback ch 3-4 peak -9.8 dBFS, player out peak -9.8 dBFS; other apps: fill 2813 (target 2205), varispeed 1.000350, dry 0x, over 0; plug-in: ProcessOutput calls 3229977, Music's 1512624, other apps' frames 967021596, pid 48342; peak in 0.3250, read back 0.3250; time delta max 512 frames in 6 cycles
[7984.382] 44100 Hz fill 22528 scalar 0.999561924 under 0 over 0; clock locked, DAC scalar 0.999568; 2026-09-29 22:09:50.860 -05:00
[7984.383] music only: ProcessOutput calls 3231165, Music's 1513099, other apps' frames 967508508, pid 48342; peak in 0.2922, read back 0.2922; time delta max 512 frames in 6 cycles; other apps: fill 2718 (target 2205), varispeed 1.000373, dry 0x, over 0
[7989.018] other apps meter (10 s): loopback ch 3-4 peak -10.7 dBFS, player out peak -10.7 dBFS; other apps: fill 2630 (target 2205), varispeed 1.000445, dry 0x, over 0; plug-in: ProcessOutput calls 3232164, Music's 1513499, other apps' frames 967917084, pid 48342; peak in 0.2581, read back 0.2571; time delta max 512 frames in 6 cycles
[7999.122] other apps meter (10 s): loopback ch 3-4 peak -11.5 dBFS, player out peak -11.5 dBFS; other apps: fill 2955 (target 2205), varispeed 1.000396, dry 0x, over 0; plug-in: ProcessOutput calls 3234340, Music's 1514369, other apps' frames 968808988, pid 48342; peak in 0.2646, read back 0.2627; time delta max 512 frames in 6 cycles
[8009.249] other apps meter (10 s): loopback ch 3-4 peak -9.0 dBFS, player out peak -9.0 dBFS; other apps: fill 2789 (target 2205), varispeed 1.000350, dry 0x, over 0; plug-in: ProcessOutput calls 3236522, Music's 1515242, other apps' frames 969702428, pid 48342; peak in 0.3557, read back 0.3557; time delta max 512 frames in 6 cycles
[8014.386] 44100 Hz fill 22528 scalar 0.999552026 under 0 over 0; clock locked, DAC scalar 0.999582; 2026-09-29 22:10:20.864 -05:00
[8014.389] music only: ProcessOutput calls 3237629, Music's 1515685, other apps' frames 970155548, pid 48342; peak in 0.2808, read back 0.2789; time delta max 512 frames in 6 cycles; other apps: fill 3220 (target 2205), varispeed 1.000360, dry 0x, over 0
[8019.370] other apps meter (10 s): loopback ch 3-4 peak -11.0 dBFS, player out peak -11.0 dBFS; other apps: fill 3144 (target 2205), varispeed 1.000369, dry 0x, over 0; plug-in: ProcessOutput calls 3238702, Music's 1516114, other apps' frames 970595356, pid 48342; peak in 0.2252, read back 0.2701; time delta max 512 frames in 6 cycles
[8029.498] other apps meter (10 s): loopback ch 3-4 peak -8.8 dBFS, player out peak -8.8 dBFS; other apps: fill 2967 (target 2205), varispeed 1.000397, dry 0x, over 0; plug-in: ProcessOutput calls 3240884, Music's 1516987, other apps' frames 971488796, pid 48342; peak in 0.3643, read back 0.3643; time delta max 512 frames in 6 cycles
[8039.630] other apps meter (10 s): loopback ch 3-4 peak -12.1 dBFS, player out peak -12.1 dBFS; other apps: fill 3304 (target 2205), varispeed 1.000456, dry 0x, over 0; plug-in: ProcessOutput calls 3243067, Music's 1517860, other apps' frames 972383260, pid 48342; peak in 0.2476, read back 0.2476; time delta max 512 frames in 6 cycles
[8040.492] volume 0.5000: DAC [0] -> -32.0 dB
[8044.386] 44100 Hz fill 22016 scalar 0.999582265 under 0 over 0; clock locked, DAC scalar 0.999604; 2026-09-29 22:10:50.865 -05:00
[8044.388] music only: ProcessOutput calls 3244092, Music's 1518270, other apps' frames 972803100, pid 48342; peak in 0.2456, read back 0.2456; time delta max 512 frames in 6 cycles; other apps: fill 3218 (target 2205), varispeed 1.000432, dry 0x, over 0
[8049.736] other apps meter (10 s): loopback ch 3-4 peak -10.6 dBFS, player out peak -10.6 dBFS; other apps: fill 3129 (target 2205), varispeed 1.000321, dry 0x, over 0; plug-in: ProcessOutput calls 3245242, Music's 1518730, other apps' frames 973274140, pid 48342; peak in 0.2961, read back 0.2961; time delta max 512 frames in 6 cycles
[8059.860] other apps meter (10 s): loopback ch 3-4 peak -11.9 dBFS, player out peak -11.9 dBFS; other apps: fill 2958 (target 2205), varispeed 1.000390, dry 0x, over 0; plug-in: ProcessOutput calls 3247424, Music's 1519603, other apps' frames 974167580, pid 48342; peak in 0.2550, read back 0.2550; time delta max 512 frames in 6 cycles
[8070.000] other apps meter (10 s): loopback ch 3-4 peak -10.4 dBFS, player out peak -10.4 dBFS; other apps: fill 2772 (target 2205), varispeed 1.000424, dry 0x, over 0; plug-in: ProcessOutput calls 3249609, Music's 1520477, other apps' frames 975062556, pid 48342; peak in 0.3033, read back 0.3033; time delta max 512 frames in 6 cycles
[8074.398] 44100 Hz fill 22528 scalar 0.999673577 under 0 over 0; clock locked, DAC scalar 0.999634; 2026-09-29 22:11:20.876 -05:00
[8074.399] music only: ProcessOutput calls 3250557, Music's 1520856, other apps' frames 975451164, pid 48342; peak in 0.3597, read back 0.3485; time delta max 512 frames in 6 cycles; other apps: fill 3202 (target 2205), varispeed 1.000393, dry 0x, over 0
[8080.126] other apps meter (10 s): loopback ch 3-4 peak -8.9 dBFS, player out peak -8.9 dBFS; other apps: fill 3108 (target 2205), varispeed 1.000424, dry 0x, over 0; plug-in: ProcessOutput calls 3251790, Music's 1521349, other apps' frames 975956508, pid 48342; peak in 0.2521, read back 0.2435; time delta max 512 frames in 6 cycles
[8083.097] playerInfo: Playing Sun Blows Up Today
[8083.201] new track Sun Blows Up Today (Music's rate for the track; no decoder line at it yet): decoder 44100.0 Hz lossless (seen 0.000 s before Playing), DAC 44100 Hz
[8084.181] decoder: 44100.0 Hz (lossy)
[8084.181] the track's own decoder is lossy (44100 Hz)
[8085.746] source depth from the samples: neither 16 nor 24 bit (on neither the 16- nor the 24-bit grid (63640 of 72704 samples): lossy)
[8090.288] other apps meter (10 s): loopback ch 3-4 peak -11.3 dBFS, player out peak -11.3 dBFS; other apps: fill 2927 (target 2205), varispeed 1.000376, dry 0x, over 0; plug-in: ProcessOutput calls 3253979, Music's 1522225, other apps' frames 976852508, pid 48342; peak in 0.2737, read back 0.2376; time delta max 512 frames in 6 cycles
[8100.407] other apps meter (10 s): loopback ch 3-4 peak -11.0 dBFS, player out peak -11.0 dBFS; other apps: fill 3259 (target 2205), varispeed 1.000402, dry 0x, over 0; plug-in: ProcessOutput calls 3256159, Music's 1523097, other apps' frames 977745436, pid 48342; peak in 0.2802, read back 0.2802; time delta max 512 frames in 6 cycles
[8104.407] 44100 Hz fill 22528 scalar 0.999805346 under 0 over 0; clock locked, DAC scalar 0.999727; 2026-09-29 22:11:50.885 -05:00
[8104.409] music only: ProcessOutput calls 3257020, Music's 1523441, other apps' frames 978098716, pid 48342; peak in 0.2611, read back 0.2611; time delta max 512 frames in 6 cycles; other apps: fill 3179 (target 2205), varispeed 1.000454, dry 0x, over 0
[8110.529] other apps meter (10 s): loopback ch 3-4 peak -11.1 dBFS, player out peak -11.1 dBFS; other apps: fill 3069 (target 2205), varispeed 1.000365, dry 0x, over 0; plug-in: ProcessOutput calls 3258339, Music's 1523969, other apps' frames 978638364, pid 48342; peak in 0.2790, read back 0.2790; time delta max 512 frames in 6 cycles
[8120.624] other apps meter (10 s): loopback ch 3-4 peak -9.0 dBFS, player out peak -9.0 dBFS; other apps: fill 3418 (target 2205), varispeed 1.000360, dry 0x, over 0; plug-in: ProcessOutput calls 3260514, Music's 1524839, other apps' frames 979529244, pid 48342; peak in 0.3563, read back 0.3514; time delta max 512 frames in 6 cycles
[8130.744] other apps meter (10 s): loopback ch 3-4 peak -10.0 dBFS, player out peak -10.0 dBFS; other apps: fill 3229 (target 2205), varispeed 1.000425, dry 0x, over 0; plug-in: ProcessOutput calls 3262694, Music's 1525711, other apps' frames 980422172, pid 48342; peak in 0.3173, read back 0.3173; time delta max 512 frames in 6 cycles
[8134.415] 44100 Hz fill 22528 scalar 0.999572120 under 0 over 0; clock locked, DAC scalar 0.999576; 2026-09-29 22:12:20.892 -05:00
[8134.416] music only: ProcessOutput calls 3263485, Music's 1526027, other apps' frames 980746780, pid 48342; peak in 0.3224, read back 0.3135; time delta max 512 frames in 6 cycles; other apps: fill 2650 (target 2205), varispeed 1.000404, dry 0x, over 0
[8140.876] other apps meter (10 s): loopback ch 3-4 peak -9.8 dBFS, player out peak -9.8 dBFS; other apps: fill 3049 (target 2205), varispeed 1.000375, dry 0x, over 0; plug-in: ProcessOutput calls 3264877, Music's 1526584, other apps' frames 981316636, pid 48342; peak in 0.3238, read back 0.3238; time delta max 512 frames in 6 cycles
[8151.026] other apps meter (10 s): loopback ch 3-4 peak -8.4 dBFS, player out peak -8.4 dBFS; other apps: fill 2877 (target 2205), varispeed 1.000356, dry 0x, over 0; plug-in: ProcessOutput calls 3267062, Music's 1527458, other apps' frames 982211612, pid 48342; peak in 0.3784, read back 0.3784; time delta max 512 frames in 6 cycles
[8161.148] other apps meter (10 s): loopback ch 3-4 peak -10.1 dBFS, player out peak -10.1 dBFS; other apps: fill 2711 (target 2205), varispeed 1.000437, dry 0x, over 0; plug-in: ProcessOutput calls 3269242, Music's 1528330, other apps' frames 983104540, pid 48342; peak in 0.3142, read back 0.3142; time delta max 512 frames in 6 cycles
[8164.418] 44100 Hz fill 22528 scalar 0.999565800 under 0 over 0; clock locked, DAC scalar 0.999569; 2026-09-29 22:12:50.896 -05:00
[8164.420] music only: ProcessOutput calls 3269947, Music's 1528612, other apps' frames 983393308, pid 48342; peak in 0.2446, read back 0.2427; time delta max 512 frames in 6 cycles; other apps: fill 2654 (target 2205), varispeed 1.000359, dry 0x, over 0
[8171.258] other apps meter (10 s): loopback ch 3-4 peak -12.2 dBFS, player out peak -12.2 dBFS; other apps: fill 3038 (target 2205), varispeed 1.000433, dry 0x, over 0; plug-in: ProcessOutput calls 3271422, Music's 1529202, other apps' frames 983997468, pid 48342; peak in 0.2190, read back 0.2158; time delta max 512 frames in 6 cycles
[8181.381] other apps meter (10 s): loopback ch 3-4 peak -10.7 dBFS, player out peak -10.7 dBFS; other apps: fill 2864 (target 2205), varispeed 1.000350, dry 0x, over 0; plug-in: ProcessOutput calls 3273602, Music's 1530074, other apps' frames 984890396, pid 48342; peak in 0.2917, read back 0.2917; time delta max 512 frames in 6 cycles
[8191.502] other apps meter (10 s): loopback ch 3-4 peak -11.3 dBFS, player out peak -11.3 dBFS; other apps: fill 3204 (target 2205), varispeed 1.000381, dry 0x, over 0; plug-in: ProcessOutput calls 3275782, Music's 1530946, other apps' frames 985783324, pid 48342; peak in 0.2716, read back 0.2716; time delta max 512 frames in 6 cycles
[8194.424] 44100 Hz fill 22528 scalar 0.999552804 under 0 over 0; clock locked, DAC scalar 0.999586; 2026-09-29 22:13:20.903 -05:00
[8194.426] music only: ProcessOutput calls 3276412, Music's 1531198, other apps' frames 986041372, pid 48342; peak in 0.2902, read back 0.2902; time delta max 512 frames in 6 cycles; other apps: fill 3150 (target 2205), varispeed 1.000365, dry 0x, over 0
[8201.652] other apps meter (10 s): loopback ch 3-4 peak -10.7 dBFS, player out peak -10.7 dBFS; other apps: fill 3024 (target 2205), varispeed 1.000405, dry 0x, over 0; plug-in: ProcessOutput calls 3277969, Music's 1531821, other apps' frames 986678812, pid 48342; peak in 0.2754, read back 0.2684; time delta max 512 frames in 6 cycles
[8211.791] other apps meter (10 s): loopback ch 3-4 peak -9.9 dBFS, player out peak -9.9 dBFS; other apps: fill 2849 (target 2205), varispeed 1.000411, dry 0x, over 0; plug-in: ProcessOutput calls 3280152, Music's 1532694, other apps' frames 987573276, pid 48342; peak in 0.3212, read back 0.3069; time delta max 512 frames in 6 cycles
[8221.909] other apps meter (10 s): loopback ch 3-4 peak -9.5 dBFS, player out peak -9.5 dBFS; other apps: fill 3196 (target 2205), varispeed 1.000363, dry 0x, over 0; plug-in: ProcessOutput calls 3282332, Music's 1533566, other apps' frames 988466204, pid 48342; peak in 0.3353, read back 0.3148; time delta max 512 frames in 6 cycles
[8224.426] 44100 Hz fill 22528 scalar 0.999550767 under 0 over 0; clock locked, DAC scalar 0.999576; 2026-09-29 22:13:50.904 -05:00
[8224.428] music only: ProcessOutput calls 3282875, Music's 1533783, other apps' frames 988688924, pid 48342; peak in 0.1819, read back 0.1819; time delta max 512 frames in 6 cycles; other apps: fill 3156 (target 2205), varispeed 1.000392, dry 0x, over 0
[8232.046] other apps meter (10 s): loopback ch 3-4 peak -9.7 dBFS, player out peak -9.7 dBFS; other apps: fill 3025 (target 2205), varispeed 1.000411, dry 0x, over 0; plug-in: ProcessOutput calls 3284515, Music's 1534439, other apps' frames 989360668, pid 48342; peak in 0.3269, read back 0.3269; time delta max 512 frames in 6 cycles
[8242.147] other apps meter (10 s): loopback ch 3-4 peak -12.4 dBFS, player out peak -12.4 dBFS; other apps: fill 3363 (target 2205), varispeed 1.000354, dry 0x, over 0; plug-in: ProcessOutput calls 3286692, Music's 1535310, other apps' frames 990252060, pid 48342; peak in 0.2404, read back 0.2404; time delta max 512 frames in 6 cycles
[8252.267] other apps meter (10 s): loopback ch 3-4 peak -9.2 dBFS, player out peak -9.2 dBFS; other apps: fill 3193 (target 2205), varispeed 1.000386, dry 0x, over 0; plug-in: ProcessOutput calls 3288872, Music's 1536182, other apps' frames 991144988, pid 48342; peak in 0.3485, read back 0.3485; time delta max 512 frames in 6 cycles
[8254.430] 44100 Hz fill 22528 scalar 0.999558248 under 0 over 0; clock locked, DAC scalar 0.999574; 2026-09-29 22:14:20.909 -05:00
[8254.432] music only: ProcessOutput calls 3289337, Music's 1536368, other apps' frames 991335452, pid 48342; peak in 0.2944, read back 0.2929; time delta max 512 frames in 6 cycles; other apps: fill 2643 (target 2205), varispeed 1.000418, dry 0x, over 0
[8262.400] other apps meter (10 s): loopback ch 3-4 peak -10.6 dBFS, player out peak -10.6 dBFS; other apps: fill 3006 (target 2205), varispeed 1.000404, dry 0x, over 0; plug-in: ProcessOutput calls 3291055, Music's 1537055, other apps' frames 992039452, pid 48342; peak in 0.2640, read back 0.2640; time delta max 512 frames in 6 cycles
[8272.495] other apps meter (10 s): loopback ch 3-4 peak -11.9 dBFS, player out peak -11.9 dBFS; other apps: fill 2827 (target 2205), varispeed 1.000386, dry 0x, over 0; plug-in: ProcessOutput calls 3293229, Music's 1537925, other apps' frames 992929308, pid 48342; peak in 0.2553, read back 0.2490; time delta max 512 frames in 6 cycles
[8273.278] playerInfo: Playing Flower Punk
[8273.373] new track Flower Punk (Music's rate for the track): decoder 44100.0 Hz lossy (seen 189.094 s before Playing), DAC 44100 Hz
[8275.519] source depth from the samples: neither 16 nor 24 bit (on neither the 16- nor the 24-bit grid (82080 of 89088 samples): lossy)
[8282.614] other apps meter (10 s): loopback ch 3-4 peak -10.3 dBFS, player out peak -10.3 dBFS; other apps: fill 3153 (target 2205), varispeed 1.000412, dry 0x, over 0; plug-in: ProcessOutput calls 3295409, Music's 1538797, other apps' frames 993822236, pid 48342; peak in 0.3043, read back 0.3043; time delta max 512 frames in 6 cycles
[8284.442] 44100 Hz fill 22528 scalar 0.999573276 under 0 over 0; clock locked, DAC scalar 0.999596; 2026-09-29 22:14:50.920 -05:00
[8284.443] music only: ProcessOutput calls 3295802, Music's 1538954, other apps' frames 993983516, pid 48342; peak in 0.2646, read back 0.2646; time delta max 512 frames in 6 cycles; other apps: fill 2610 (target 2205), varispeed 1.000370, dry 0x, over 0
[8292.749] other apps meter (10 s): loopback ch 3-4 peak -11.5 dBFS, player out peak -11.5 dBFS; other apps: fill 2991 (target 2205), varispeed 1.000396, dry 0x, over 0; plug-in: ProcessOutput calls 3297592, Music's 1539670, other apps' frames 994716700, pid 48342; peak in 0.2635, read back 0.2615; time delta max 512 frames in 6 cycles
[8302.864] other apps meter (10 s): loopback ch 3-4 peak -8.9 dBFS, player out peak -8.9 dBFS; other apps: fill 3332 (target 2205), varispeed 1.000430, dry 0x, over 0; plug-in: ProcessOutput calls 3299772, Music's 1540542, other apps' frames 995609628, pid 48342; peak in 0.3590, read back 0.3590; time delta max 512 frames in 6 cycles
[8312.977] other apps meter (10 s): loopback ch 3-4 peak -11.4 dBFS, player out peak -11.4 dBFS; other apps: fill 3142 (target 2205), varispeed 1.000375, dry 0x, over 0; plug-in: ProcessOutput calls 3301950, Music's 1541413, other apps' frames 996502044, pid 48342; peak in 0.2689, read back 0.2689; time delta max 512 frames in 6 cycles
[8314.453] 44100 Hz fill 22528 scalar 0.999673844 under 0 over 0; clock locked, DAC scalar 0.999629; 2026-09-29 22:15:20.931 -05:00
[8314.455] music only: ProcessOutput calls 3302267, Music's 1541540, other apps' frames 996631580, pid 48342; peak in 0.1356, read back 0.1356; time delta max 512 frames in 6 cycles; other apps: fill 2603 (target 2205), varispeed 1.000418, dry 0x, over 0
[8323.105] other apps meter (10 s): loopback ch 3-4 peak -9.3 dBFS, player out peak -9.3 dBFS; other apps: fill 2959 (target 2205), varispeed 1.000396, dry 0x, over 0; plug-in: ProcessOutput calls 3304132, Music's 1542286, other apps' frames 997395484, pid 48342; peak in 0.3411, read back 0.3378; time delta max 512 frames in 6 cycles
[8333.222] other apps meter (10 s): loopback ch 3-4 peak -10.4 dBFS, player out peak -10.4 dBFS; other apps: fill 3302 (target 2205), varispeed 1.000378, dry 0x, over 0; plug-in: ProcessOutput calls 3306312, Music's 1543158, other apps' frames 998288412, pid 48342; peak in 0.3019, read back 0.2839; time delta max 512 frames in 6 cycles
[8343.343] other apps meter (10 s): loopback ch 3-4 peak -9.5 dBFS, player out peak -9.5 dBFS; other apps: fill 3138 (target 2205), varispeed 1.000389, dry 0x, over 0; plug-in: ProcessOutput calls 3308492, Music's 1544030, other apps' frames 999181340, pid 48342; peak in 0.3358, read back 0.3107; time delta max 512 frames in 6 cycles
[8344.457] 44100 Hz fill 22528 scalar 0.999798428 under 0 over 0; clock locked, DAC scalar 0.999715; 2026-09-29 22:15:50.934 -05:00
[8344.457] music only: ProcessOutput calls 3308732, Music's 1544126, other apps' frames 999279644, pid 48342; peak in 0.2379, read back 0.2379; time delta max 512 frames in 6 cycles; other apps: fill 3118 (target 2205), varispeed 1.000425, dry 0x, over 0
