164 512 0 24587490947141
676 512 0 24587491203141
1188 512 0 24587491459141
1700 512 0 24587491715141
2212 512 0 24587491971141
2724 512 0 24587492227141
3236 512 0 24587492483141
3748 512 0 24587492739141
4260 512 0 24587492995141
4772 512 0 24587493251141
5284 512 0 24587493507141
5796 512 0 24587493763141
6308 512 0 24587494019141
6820 512 0 24587494275141
7332 512 0 24587494531141
7844 512 0 24587494787141
8356 512 0 24587495043141
8868 512 0 24587495299141
9380 512 0 24587495555141
9892 512 0 24587495811141
10404 512 0 24587496067141
10916 512 0 24587496323141
11428 512 0 24587496579141
11940 512 0 24587496835141
12452 512 0 24587497091141
12964 512 0 24587497347141
13476 512 0 24587497603141
13988 512 0 24587497859141
14500 512 0 24587498115141
15012 512 0 24587498371141
15524 512 0 24587498627141
16036 512 0 24587498883141
16548 512 0 24587499139141
17060 512 0 24587499395141
17572 512 0 24587499651141
18084 512 0 24587499907141
18596 512 0 24587500163141
19108 512 0 24587500419141
19620 512 0 24587500675141
20132 512 0 24587500931141
20644 512 0 24587501187141
21156 512 0 24587501443141
21668 512 0 24587501699141
22180 512 0 24587501955141
22692 512 0 24587502211141
23204 512 0 24587502467141
23716 512 0 24587502723141
24228 512 0 24587502979141
24740 512 0 24587503235141
25252 512 0 24587503491141
25764 512 0 24587503747141
26276 512 0 24587504003141
26788 512 0 24587504259141
27300 512 0 24587504515141
27812 512 0 24587504771141
28324 512 0 24587505027141
28836 512 0 24587505283141
29348 512 0 24587505539141
29860 512 0 24587505795141
30372 512 0 24587506051141
30884 512 0 24587506307141
31396 512 0 24587506563141
31908 512 0 24587506819141
32420 512 0 24587507075141
32932 512 0 24587507331141
33444 512 0 24587507587141
33956 512 0 24587507843141
34468 512 0 24587508099141
34980 512 0 24587508355141
35492 512 0 24587508611141
36004 512 0 24587508867141
36516 512 0 24587509123141
37028 512 0 24587509379141
37540 512 0 24587509635141
38052 512 0 24587509891141
38564 512 0 24587510147141
39076 512 0 24587510403141
39588 512 0 24587510659141
40100 512 0 24587510915141
40612 512 0 24587511171141
41124 512 0 24587511427141
41636 512 0 24587511683141
42148 512 0 24587511939141
42660 512 0 24587512195141
43172 512 0 24587512451141
43684 512 0 24587512707141
44196 512 0 24587512963141
44708 512 0 24587513219141
45220 512 0 24587513475141
45732 512 0 24587513731141
46244 512 0 24587513987141
46756 512 0 24587514243141
47268 512 0 24587514499141
47780 512 0 24587514755141
48292 512 0 24587515011141
48804 512 0 24587515267141
49316 512 0 24587515523141
49828 512 0 24587515779141
50340 512 0 24587516035141
50852 512 0 24587516291141
51364 512 0 24587516547141
51876 512 0 24587516803141
52388 512 0 24587517059141
52900 512 0 24587517315141
53412 512 0 24587517571141
53924 512 0 24587517827141
54436 512 0 24587518083141
54948 512 0 24587518339141
55460 512 0 24587518595141
55972 512 0 24587518851141
56484 512 0 24587519107141
56996 512 0 24587519363141
57508 512 0 24587519619141
58020 512 0 24587519875141
58532 512 0 24587520131141
59044 512 0 24587520387141
59556 512 0 24587520643141
60068 512 0 24587520899141
60580 512 0 24587521155141
61092 512 0 24587521411141
61604 512 0 24587521667141
62116 512 0 24587521923141
62628 512 0 24587522179141
63140 512 0 24587522435141
63652 512 0 24587522691141
64164 512 0 24587522947141
64676 512 0 24587523203141
65188 512 0 24587523459141
65700 512 0 24587523715141
66212 512 0 24587523971141
66724 512 0 24587524227141
67236 512 0 24587524483141
67748 512 0 24587524739141
68260 512 0 24587524995141
68772 512 0 24587525251141
69284 512 0 24587525507141
69796 512 0 24587525763141
70308 512 0 24587526019141
70820 512 0 24587526275141
71332 512 0 24587526531141
71844 512 0 24587526787141
72356 512 0 24587527043141
72868 512 0 24587527299141
73380 512 0 24587527555141
73892 512 0 24587527811141
74404 512 0 24587528067141
74916 512 0 24587528323141
75428 512 0 24587528579141
75940 512 0 24587528835141
76452 512 0 24587529091141
76964 512 0 24587529347141
77476 512 0 24587529603141
77988 512 0 24587529859141
78500 512 0 24587530115141
79012 512 0 24587530371141
79524 512 0 24587530627141
80036 512 0 24587530883141
80548 512 0 24587531139141
81060 512 0 24587531395141
81572 512 0 24587531651141
82084 512 0 24587531907141
82596 512 0 24587532163141
83108 512 0 24587532419141
83620 512 0 24587532675141
84132 512 0 24587532931141
84644 512 0 24587533187141
85156 512 0 24587533443141
85668 512 0 24587533699141
86180 512 0 24587533955141
86692 512 0 24587534211141
87204 512 0 24587534467141
87716 512 0 24587534723141
88228 512 0 24587534979141
88740 512 0 24587535235141
89252 512 0 24587535491141
89764 512 0 24587535747141
90276 512 0 24587536003141
90788 512 0 24587536259141
91300 512 0 24587536515141
91812 512 0 24587536771141
92324 512 0 24587537027141
92836 512 0 24587537283141
93348 512 0 24587537539141
93860 512 0 24587537795141
94372 512 0 24587538051141
94884 512 0 24587538307141
95396 512 0 24587538563141
95908 512 0 24587538819141
96420 512 0 24587539075141
96932 512 0 24587539331141
97444 512 0 24587539587141
97956 512 0 24587539843160
98468 512 0 24587540099161
98980 512 0 24587540355161
99492 512 0 24587540611161
100004 512 0 24587540867161
100516 512 0 24587541123161
101028 512 0 24587541379162
101540 512 0 24587541635162
102052 512 0 24587541891162
102564 512 0 24587542147162
103076 512 0 24587542403162
103588 512 0 24587542659163
104100 512 0 24587542915163
104612 512 0 24587543171163
105124 512 0 24587543427163
105636 512 0 24587543683163
106148 512 0 24587543939164
106660 512 0 24587544195164
107172 512 0 24587544451164
107684 512 0 24587544707164
108196 512 0 24587544963164
108708 512 0 24587545219165
109220 512 0 24587545475165
109732 512 0 24587545731165
110244 512 0 24587545987165
110756 512 0 24587546243165
111268 512 0 24587546499166
111780 512 0 24587546755166
112292 512 0 24587547011166
112804 512 0 24587547267166
113316 512 0 24587547523166
113828 512 0 24587547779167
114340 512 0 24587548035203
114852 512 0 24587548291204
115364 512 0 24587548547205
115876 512 0 24587548803205
116388 512 0 24587549059206
116900 512 0 24587549315206
117412 512 0 24587549571207
117924 512 0 24587549827207
118436 512 0 24587550083208
118948 512 0 24587550339209
119460 512 0 24587550595209
119972 512 0 24587550851210
120484 512 0 24587551107210
120996 512 0 24587551363211
121508 512 0 24587551619212
122020 512 0 24587551875212
122532 512 0 24587552131213
123044 512 0 24587552387213
123556 512 0 24587552643214
124068 512 0 24587552899214
124580 512 0 24587553155215
125092 512 0 24587553411216
125604 512 0 24587553667216
126116 512 0 24587553923217
126628 512 0 24587554179217
127140 512 0 24587554435218
127652 512 0 24587554691219
128164 512 0 24587554947219
128676 512 0 24587555203220
129188 512 0 24587555459220
129700 512 0 24587555715221
130212 512 0 24587555971222
130724 512 0 24587556227239
131236 512 0 24587556483239
131748 512 0 24587556739240
132260 512 0 24587556995241
132772 512 0 24587557251241
133284 512 0 24587557507242
133796 512 0 24587557763243
134308 512 0 24587558019243
134820 512 0 24587558275244
135332 512 0 24587558531245
135844 512 0 24587558787245
136356 512 0 24587559043246
136868 512 0 24587559299247
137380 512 0 24587559555248
137892 512 0 24587559811248
138404 512 0 24587560067249
138916 512 0 24587560323250
139428 512 0 24587560579250
139940 512 0 24587560835251
140452 512 0 24587561091252
140964 512 0 24587561347252
141476 512 0 24587561603253
141988 512 0 24587561859254
142500 512 0 24587562115254
143012 512 0 24587562371255
143524 512 0 24587562627256
144036 512 0 24587562883257
144548 512 0 24587563139257
145060 512 0 24587563395258
145572 512 0 24587563651259
146084 512 0 24587563907259
146596 512 0 24587564163260
147108 512 0 24587564419273
147620 512 0 24587564675274
148132 512 0 24587564931275
148644 512 0 24587565187275
149156 512 0 24587565443276
149668 512 0 24587565699277
150180 512 0 24587565955278
150692 512 0 24587566211278
151204 512 0 24587566467279
151716 512 0 24587566723280
152228 512 0 24587566979281
152740 512 0 24587567235281
153252 512 0 24587567491282
153764 512 0 24587567747283
154276 512 0 24587568003284
154788 512 0 24587568259285
155300 512 0 24587568515285
155812 512 0 24587568771286
156324 512 0 24587569027287
156836 512 0 24587569283288
157348 512 0 24587569539288
157860 512 0 24587569795289
158372 512 0 24587570051290
158884 512 0 24587570307291
159396 512 0 24587570563291
159908 512 0 24587570819292
160420 512 0 24587571075293
160932 512 0 24587571331294
161444 512 0 24587571587295
161956 512 0 24587571843295
162468 512 0 24587572099296
162980 512 0 24587572355297
163492 512 0 24587572611307
164004 512 0 24587572867308
164516 512 0 24587573123308
165028 512 0 24587573379309
165540 512 0 24587573635310
166052 512 0 24587573891311
166564 512 0 24587574147312
167076 512 0 24587574403313
167588 512 0 24587574659313
168100 512 0 24587574915314
168612 512 0 24587575171315
169124 512 0 24587575427316
169636 512 0 24587575683317
170148 512 0 24587575939318
170660 512 0 24587576195318
171172 512 0 24587576451319
171684 512 0 24587576707320
172196 512 0 24587576963321
172708 512 0 24587577219322
173220 512 0 24587577475323
173732 512 0 24587577731323
174244 512 0 24587577987324
174756 512 0 24587578243325
175268 512 0 24587578499326
175780 512 0 24587578755327
176292 512 0 24587579011327
176804 512 0 24587579267328
177316 512 0 24587579523329
177828 512 0 24587579779330
178340 512 0 24587580035331
178852 512 0 24587580291332
179364 512 0 24587580547332
179876 512 0 24587580803340
180388 512 0 24587581059341
180900 512 0 24587581315342
181412 512 0 24587581571343
181924 512 0 24587581827344
182436 512 0 24587582083345
182948 512 0 24587582339345
183460 512 0 24587582595346
183972 512 0 24587582851347
184484 512 0 24587583107348
184996 512 0 24587583363349
185508 512 0 24587583619350
186020 512 0 24587583875351
186532 512 0 24587584131352
187044 512 0 24587584387352
187556 512 0 24587584643353
188068 512 0 24587584899354
188580 512 0 24587585155355
189092 512 0 24587585411356
189604 512 0 24587585667357
190116 512 0 24587585923358
190628 512 0 24587586179358
191140 512 0 24587586435359
191652 512 0 24587586691360
192164 512 0 24587586947361
192676 512 0 24587587203362
193188 512 0 24587587459363
193700 512 0 24587587715364
194212 512 0 24587587971365
194724 512 0 24587588227365
195236 512 0 24587588483366
195748 512 0 24587588739367
196260 512 0 24587588995373
196772 512 0 24587589251374
197284 512 0 24587589507375
197796 512 0 24587589763376
198308 512 0 24587590019377
198820 512 0 24587590275378
199332 512 0 24587590531379
199844 512 0 24587590787380
200356 512 0 24587591043380
200868 512 0 24587591299381
201380 512 0 24587591555382
201892 512 0 24587591811383
202404 512 0 24587592067384
202916 512 0 24587592323385
203428 512 0 24587592579386
203940 512 0 24587592835387
204452 512 0 24587593091388
204964 512 0 24587593347389
205476 512 0 24587593603389
205988 512 0 24587593859390
206500 512 0 24587594115391
207012 512 0 24587594371392
207524 512 0 24587594627393
208036 512 0 24587594883394
208548 512 0 24587595139395
209060 512 0 24587595395396
209572 512 0 24587595651397
210084 512 0 24587595907398
210596 512 0 24587596163398
211108 512 0 24587596419399
211620 512 0 24587596675400
212132 512 0 24587596931401
212644 512 0 24587597187406
213156 512 0 24587597443407
213668 512 0 24587597699408
214180 512 0 24587597955409
214692 512 0 24587598211410
215204 512 0 24587598467411
215716 512 0 24587598723412
216228 512 0 24587598979412
216740 512 0 24587599235413
217252 512 0 24587599491414
217764 512 0 24587599747415
218276 512 0 24587600003416
218788 512 0 24587600259417
219300 512 0 24587600515418
219812 512 0 24587600771419
220324 512 0 24587601027420
220836 512 0 24587601283421
221348 512 0 24587601539422
221860 512 0 24587601795423
222372 512 0 24587602051424
222884 512 0 24587602307425
223396 512 0 24587602563425
223908 512 0 24587602819426
224420 512 0 24587603075427
224932 512 0 24587603331428
225444 512 0 24587603587429
225956 512 0 24587603843430
226468 512 0 24587604099431
226980 512 0 24587604355432
227492 512 0 24587604611433
228004 512 0 24587604867434
228516 512 0 24587605123435
229028 512 0 24587605379439
229540 512 0 24587605635440
230052 512 0 24587605891440
230564 512 0 24587606147441
231076 512 0 24587606403442
231588 512 0 24587606659443
232100 512 0 24587606915444
232612 512 0 24587607171445
233124 512 0 24587607427446
233636 512 0 24587607683447
234148 512 0 24587607939448
234660 512 0 24587608195449
235172 512 0 24587608451450
235684 512 0 24587608707451
236196 512 0 24587608963452
236708 512 0 24587609219453
237220 512 0 24587609475454
237732 512 0 24587609731455
238244 512 0 24587609987456
238756 512 0 24587610243457
239268 512 0 24587610499457
239780 512 0 24587610755458
240292 512 0 24587611011459
240804 512 0 24587611267460
241316 512 0 24587611523461
241828 512 0 24587611779462
242340 512 0 24587612035463
242852 512 0 24587612291464
243364 512 0 24587612547465
243876 512 0 24587612803466
244388 512 0 24587613059467
244900 512 0 24587613315468
245412 512 0 24587613571471
245924 512 0 24587613827472
246436 512 0 24587614083473
246948 512 0 24587614339474
247460 512 0 24587614595475
247972 512 0 24587614851476
248484 512 0 24587615107477
248996 512 0 24587615363478
249508 512 0 24587615619479
250020 512 0 24587615875480
250532 512 0 24587616131481
251044 512 0 24587616387482
251556 512 0 24587616643483
252068 512 0 24587616899483
252580 512 0 24587617155484
253092 512 0 24587617411485
253604 512 0 24587617667486
254116 512 0 24587617923487
254628 512 0 24587618179488
255140 512 0 24587618435489
255652 512 0 24587618691490
256164 512 0 24587618947491
256676 512 0 24587619203492
257188 512 0 24587619459493
257700 512 0 24587619715494
258212 512 0 24587619971495
258724 512 0 24587620227496
259236 512 0 24587620483497
259748 512 0 24587620739498
260260 512 0 24587620995499
260772 512 0 24587621251500
261284 512 0 24587621507501
261796 512 0 24587621763503
262308 512 0 24587622019504
262820 512 0 24587622275505
263332 512 0 24587622531506
263844 512 0 24587622787507
264356 512 0 24587623043508
264868 512 0 24587623299509
265380 512 0 24587623555510
265892 512 0 24587623811511
266404 512 0 24587624067512
266916 512 0 24587624323513
267428 512 0 24587624579514
267940 512 0 24587624835515
268452 512 0 24587625091516
268964 512 0 24587625347517
269476 512 0 24587625603518
269988 512 0 24587625859519
270500 512 0 24587626115520
271012 512 0 24587626371520
271524 512 0 24587626627521
272036 512 0 24587626883522
272548 512 0 24587627139523
273060 512 0 24587627395524
273572 512 0 24587627651525
274084 512 0 24587627907526
274596 512 0 24587628163527
275108 512 0 24587628419528
275620 512 0 24587628675529
276132 512 0 24587628931530
276644 512 0 24587629187531
277156 512 0 24587629443532
277668 512 0 24587629699533
278180 512 0 24587629955535
278692 512 0 24587630211536
279204 512 0 24587630467537
279716 512 0 24587630723538
280228 512 0 24587630979539
280740 512 0 24587631235540
281252 512 0 24587631491541
281764 512 0 24587631747542
282276 512 0 24587632003543
282788 512 0 24587632259544
283300 512 0 24587632515545
283812 512 0 24587632771546
284324 512 0 24587633027547
284836 512 0 24587633283548
285348 512 0 24587633539549
285860 512 0 24587633795550
286372 512 0 24587634051551
286884 512 0 24587634307552
287396 512 0 24587634563553
287908 512 0 24587634819554
288420 512 0 24587635075555
288932 512 0 24587635331556
289444 512 0 24587635587557
289956 512 0 24587635843557
290468 512 0 24587636099558
290980 512 0 24587636355559
291492 512 0 24587636611560
292004 512 0 24587636867561
292516 512 0 24587637123562
293028 512 0 24587637379563
293540 512 0 24587637635564
294052 512 0 24587637891565
294564 512 0 24587638147567
295076 512 0 24587638403568
295588 512 0 24587638659569
296100 512 0 24587638915570
296612 512 0 24587639171571
297124 512 0 24587639427572
297636 512 0 24587639683573
298148 512 0 24587639939574
298660 512 0 24587640195575
299172 512 0 24587640451576
299684 512 0 24587640707577
300196 512 0 24587640963578
300708 512 0 24587641219579
301220 512 0 24587641475580
301732 512 0 24587641731581
302244 512 0 24587641987582
302756 512 0 24587642243583
303268 512 0 24587642499584
303780 512 0 24587642755585
304292 512 0 24587643011586
304804 512 0 24587643267587
305316 512 0 24587643523588
305828 512 0 24587643779589
306340 512 0 24587644035590
306852 512 0 24587644291591
307364 512 0 24587644547592
307876 512 0 24587644803593
308388 512 0 24587645059594
308900 512 0 24587645315595
309412 512 0 24587645571595
309924 512 0 24587645827596
310436 512 0 24587646083597
310948 512 0 24587646339599
311460 512 0 24587646595600
311972 512 0 24587646851601
312484 512 0 24587647107602
312996 512 0 24587647363603
313508 512 0 24587647619604
314020 512 0 24587647875605
314532 512 0 24587648131606
315044 512 0 24587648387607
315556 512 0 24587648643608
316068 512 0 24587648899609
316580 512 0 24587649155610
317092 512 0 24587649411611
317604 512 0 24587649667612
318116 512 0 24587649923613
318628 512 0 24587650179614
319140 512 0 24587650435615
319652 512 0 24587650691616
320164 512 0 24587650947617
320676 512 0 24587651203618
321188 512 0 24587651459619
321700 512 0 24587651715620
322212 512 0 24587651971621
322724 512 0 24587652227622
323236 512 0 24587652483623
323748 512 0 24587652739624
324260 512 0 24587652995625
324772 512 0 24587653251626
325284 512 0 24587653507627
325796 512 0 24587653763628
326308 512 0 24587654019629
326820 512 0 24587654275630
327332 512 0 24587654531632
327844 512 0 24587654787633
328356 512 0 24587655043634
328868 512 0 24587655299634
329380 512 0 24587655555635
329892 512 0 24587655811636
330404 512 0 24587656067637
330916 512 0 24587656323638
331428 512 0 24587656579639
331940 512 0 24587656835640
332452 512 0 24587657091641
332964 512 0 24587657347642
333476 512 0 24587657603643
333988 512 0 24587657859644
334500 512 0 24587658115645
335012 512 0 24587658371646
335524 512 0 24587658627647
336036 512 0 24587658883648
336548 512 0 24587659139649
337060 512 0 24587659395650
337572 512 0 24587659651651
338084 512 0 24587659907652
338596 512 0 24587660163653
339108 512 0 24587660419654
339620 512 0 24587660675655
340132 512 0 24587660931656
340644 512 0 24587661187657
341156 512 0 24587661443658
341668 512 0 24587661699659
342180 512 0 24587661955660
342692 512 0 24587662211661
343204 512 0 24587662467662
343716 512 0 24587662723664
344228 512 0 24587662979665
344740 512 0 24587663235666
345252 512 0 24587663491667
345764 512 0 24587663747668
346276 512 0 24587664003669
346788 512 0 24587664259669
347300 512 0 24587664515670
347812 512 0 24587664771671
348324 512 0 24587665027672
348836 512 0 24587665283673
349348 512 0 24587665539674
349860 512 0 24587665795675
350372 512 0 24587666051676
350884 512 0 24587666307677
351396 512 0 24587666563678
351908 512 0 24587666819679
352420 512 0 24587667075680
352932 512 0 24587667331681
353444 512 0 24587667587682
353956 512 0 24587667843683
354468 512 0 24587668099684
354980 512 0 24587668355685
355492 512 0 24587668611686
356004 512 0 24587668867687
356516 512 0 24587669123688
357028 512 0 24587669379689
357540 512 0 24587669635690
358052 512 0 24587669891691
358564 512 0 24587670147692
359076 512 0 24587670403693
359588 512 0 24587670659694
360100 512 0 24587670915696
360612 512 0 24587671171697
361124 512 0 24587671427698
361636 512 0 24587671683699
362148 512 0 24587671939700
362660 512 0 24587672195701
363172 512 0 24587672451702
363684 512 0 24587672707703
364196 512 0 24587672963704
364708 512 0 24587673219705
365220 512 0 24587673475706
365732 512 0 24587673731706
366244 512 0 24587673987707
366756 512 0 24587674243708
367268 512 0 24587674499709
367780 512 0 24587674755710
368292 512 0 24587675011711
368804 512 0 24587675267712
369316 512 0 24587675523713
369828 512 0 24587675779714
370340 512 0 24587676035715
370852 512 0 24587676291716
371364 512 0 24587676547717
371876 512 0 24587676803718
372388 512 0 24587677059719
372900 512 0 24587677315720
373412 512 0 24587677571721
373924 512 0 24587677827722
374436 512 0 24587678083723
374948 512 0 24587678339724
375460 512 0 24587678595725
375972 512 0 24587678851726
376484 512 0 24587679107728
376996 512 0 24587679363729
377508 512 0 24587679619730
378020 512 0 24587679875731
378532 512 0 24587680131732
379044 512 0 24587680387733
379556 512 0 24587680643734
380068 512 0 24587680899735
380580 512 0 24587681155736
381092 512 0 24587681411737
381604 512 0 24587681667738
382116 512 0 24587681923739
382628 512 0 24587682179740
383140 512 0 24587682435741
383652 512 0 24587682691742
384164 512 0 24587682947742
384676 512 0 24587683203743
385188 512 0 24587683459744
385700 512 0 24587683715745
386212 512 0 24587683971746
386724 512 0 24587684227747
387236 512 0 24587684483748
387748 512 0 24587684739749
388260 512 0 24587684995750
388772 512 0 24587685251751
389284 512 0 24587685507752
389796 512 0 24587685763753
390308 512 0 24587686019754
390820 512 0 24587686275755
391332 512 0 24587686531756
391844 512 0 24587686787757
392356 512 0 24587687043758
392868 512 0 24587687299759
393380 512 0 24587687555760
393892 512 0 24587687811761
394404 512 0 24587688067762
394916 512 0 24587688323763
395428 512 0 24587688579764
395940 512 0 24587688835765
396452 512 0 24587689091766
396964 512 0 24587689347767
397476 512 0 24587689603768
397988 512 0 24587689859769
398500 512 0 24587690115770
399012 512 0 24587690371770
399524 512 0 24587690627771
400036 512 0 24587690883772
400548 512 0 24587691139773
401060 512 0 24587691395774
401572 512 0 24587691651775
402084 512 0 24587691907776
402596 512 0 24587692163777
403108 512 0 24587692419778
403620 512 0 24587692675779
404132 512 0 24587692931780
404644 512 0 24587693187781
405156 512 0 24587693443782
405668 512 0 24587693699783
406180 512 0 24587693955784
406692 512 0 24587694211785
407204 512 0 24587694467786
407716 512 0 24587694723787
408228 512 0 24587694979788
408740 512 0 24587695235789
409252 512 0 24587695491791
409764 512 0 24587695747792
410276 512 0 24587696003793
410788 512 0 24587696259794
411300 512 0 24587696515795
411812 512 0 24587696771796
412324 512 0 24587697027797
412836 512 0 24587697283798
413348 512 0 24587697539799
413860 512 0 24587697795800
414372 512 0 24587698051801
414884 512 0 24587698307802
415396 512 0 24587698563803
415908 512 0 24587698819804
416420 512 0 24587699075805
416932 512 0 24587699331806
417444 512 0 24587699587807
417956 512 0 24587699843807
418468 512 0 24587700099808
418980 512 0 24587700355809
419492 512 0 24587700611810
420004 512 0 24587700867811
420516 512 0 24587701123812
421028 512 0 24587701379813
421540 512 0 24587701635814
422052 512 0 24587701891815
422564 512 0 24587702147816
423076 512 0 24587702403817
423588 512 0 24587702659818
424100 512 0 24587702915819
424612 512 0 24587703171820
425124 512 0 24587703427821
425636 512 0 24587703683823
426148 512 0 24587703939824
426660 512 0 24587704195825
427172 512 0 24587704451826
427684 512 0 24587704707827
428196 512 0 24587704963828
428708 512 0 24587705219829
429220 512 0 24587705475830
429732 512 0 24587705731831
430244 512 0 24587705987832
430756 512 0 24587706243833
431268 512 0 24587706499834
431780 512 0 24587706755835
432292 512 0 24587707011836
432804 512 0 24587707267837
433316 512 0 24587707523838
433828 512 0 24587707779839
434340 512 0 24587708035840
434852 512 0 24587708291841
435364 512 0 24587708547842
435876 512 0 24587708803843
436388 512 0 24587709059844
436900 512 0 24587709315844
437412 512 0 24587709571845
437924 512 0 24587709827846
438436 512 0 24587710083847
438948 512 0 24587710339848
439460 512 0 24587710595849
439972 512 0 24587710851850
440484 512 0 24587711107851
440996 512 0 24587711363852
441508 512 0 24587711619853
442020 512 0 24587711875856
442532 512 0 24587712131857
443044 512 0 24587712387858
443556 512 0 24587712643859
444068 512 0 24587712899860
444580 512 0 24587713155861
445092 512 0 24587713411862
445604 512 0 24587713667863
446116 512 0 24587713923864
446628 512 0 24587714179865
447140 512 0 24587714435866
447652 512 0 24587714691867
448164 512 0 24587714947868
448676 512 0 24587715203869
449188 512 0 24587715459870
449700 512 0 24587715715871
450212 512 0 24587715971872
450724 512 0 24587716227873
451236 512 0 24587716483874
451748 512 0 24587716739875
452260 512 0 24587716995876
452772 512 0 24587717251877
453284 512 0 24587717507878
453796 512 0 24587717763879
454308 512 0 24587718019880
454820 512 0 24587718275881
455332 512 0 24587718531882
455844 512 0 24587718787883
456356 512 0 24587719043884
456868 512 0 24587719299885
457380 512 0 24587719555886
457892 512 0 24587719811887
458404 512 0 24587720067888
458916 512 0 24587720323889
459428 512 0 24587720579890
459940 512 0 24587720835891
460452 512 0 24587721091892
460964 512 0 24587721347893
461476 512 0 24587721603894
461988 512 0 24587721859895
462500 512 0 24587722115896
463012 512 0 24587722371897
463524 512 0 24587722627898
464036 512 0 24587722883899
464548 512 0 24587723139900
465060 512 0 24587723395901
465572 512 0 24587723651902
466084 512 0 24587723907903
466596 512 0 24587724163904
467108 512 0 24587724419905
467620 512 0 24587724675906
468132 512 0 24587724931907
468644 512 0 24587725187908
469156 512 0 24587725443909
469668 512 0 24587725699910
470180 512 0 24587725955911
470692 512 0 24587726211912
471204 512 0 24587726467913
471716 512 0 24587726723914
472228 512 0 24587726979915
472740 512 0 24587727235916
473252 512 0 24587727491917
473764 512 0 24587727747918
474276 512 0 24587728003919
474788 512 0 24587728259920
475300 512 0 24587728515921
475812 512 0 24587728771922
476324 512 0 24587729027923
476836 512 0 24587729283924
477348 512 0 24587729539925
477860 512 0 24587729795926
478372 512 0 24587730051927
478884 512 0 24587730307928
479396 512 0 24587730563929
479908 512 0 24587730819930
480420 512 0 24587731075931
480932 512 0 24587731331932
481444 512 0 24587731587933
481956 512 0 24587731843934
482468 512 0 24587732099935
482980 512 0 24587732355936
483492 512 0 24587732611937
484004 512 0 24587732867938
484516 512 0 24587733123939
485028 512 0 24587733379940
485540 512 0 24587733635941
486052 512 0 24587733891942
486564 512 0 24587734147943
487076 512 0 24587734403944
487588 512 0 24587734659945
488100 512 0 24587734915946
488612 512 0 24587735171947
489124 512 0 24587735427948
489636 512 0 24587735683949
490148 512 0 24587735939950
490660 512 0 24587736195951
491172 512 0 24587736451952
491684 512 0 24587736707953
492196 512 0 24587736963954
492708 512 0 24587737219955
493220 512 0 24587737475956
493732 512 0 24587737731957
494244 512 0 24587737987958
494756 512 0 24587738243959
495268 512 0 24587738499960
495780 512 0 24587738755961
496292 512 0 24587739011962
496804 512 0 24587739267963
497316 512 0 24587739523964
497828 512 0 24587739779965
498340 512 0 24587740035966
498852 512 0 24587740291967
499364 512 0 24587740547968
499876 512 0 24587740803969
500388 512 0 24587741059970
500900 512 0 24587741315971
501412 512 0 24587741571972
501924 512 0 24587741827973
502436 512 0 24587742083974
502948 512 0 24587742339975
503460 512 0 24587742595976
503972 512 0 24587742851977
504484 512 0 24587743107978
504996 512 0 24587743363979
505508 512 0 24587743619980
506020 512 0 24587743875981
506532 512 0 24587744131982
507044 512 0 24587744387983
507556 512 0 24587744643985
508068 512 0 24587744899986
508580 512 0 24587745155987
509092 512 0 24587745411988
509604 512 0 24587745667989
510116 512 0 24587745923990
510628 512 0 24587746179991
511140 512 0 24587746435992
511652 512 0 24587746691993
512164 512 0 24587746947994
512676 512 0 24587747203995
513188 512 0 24587747459996
513700 512 0 24587747715997
514212 512 0 24587747971998
514724 512 0 24587748227999
515236 512 0 24587748484000
515748 512 0 24587748740001
516260 512 0 24587748996002
516772 512 0 24587749252003
517284 512 0 24587749508004
517796 512 0 24587749764005
518308 512 0 24587750020006
518820 512 0 24587750276007
519332 512 0 24587750532008
519844 512 0 24587750788009
520356 512 0 24587751044010
520868 512 0 24587751300011
521380 512 0 24587751556012
521892 512 0 24587751812013
522404 512 0 24587752068014
522916 512 0 24587752324015
523428 512 0 24587752580016
523940 512 0 24587752836017
524452 512 0 24587753092018
524964 512 0 24587753348019
525476 512 0 24587753604020
525988 512 0 24587753860021
526500 512 0 24587754116022
527012 512 0 24587754372023
527524 512 0 24587754628024
528036 512 0 24587754884025
528548 512 0 24587755140026
529060 512 0 24587755396027
529572 512 0 24587755652028
530084 512 0 24587755908029
530596 512 0 24587756164030
531108 512 0 24587756420031
531620 512 0 24587756676032
532132 512 0 24587756932033
532644 512 0 24587757188034
533156 512 0 24587757444035
533668 512 0 24587757700036
534180 512 0 24587757956037
534692 512 0 24587758212038
535204 512 0 24587758468039
535716 512 0 24587758724040
536228 512 0 24587758980041
536740 512 0 24587759236042
537252 512 0 24587759492043
537764 512 0 24587759748044
538276 512 0 24587760004045
538788 512 0 24587760260046
539300 512 0 24587760516047
539812 512 0 24587760772048
540324 512 0 24587761028050
540836 512 0 24587761284051
541348 512 0 24587761540052
541860 512 0 24587761796053
542372 512 0 24587762052054
542884 512 0 24587762308055
543396 512 0 24587762564056
543908 512 0 24587762820057
544420 512 0 24587763076058
544932 512 0 24587763332059
545444 512 0 24587763588060
545956 512 0 24587763844061
546468 512 0 24587764100062
546980 512 0 24587764356063
547492 512 0 24587764612064
548004 512 0 24587764868065
548516 512 0 24587765124066
549028 512 0 24587765380067
549540 512 0 24587765636068
550052 512 0 24587765892069
550564 512 0 24587766148070
551076 512 0 24587766404071
551588 512 0 24587766660072
552100 512 0 24587766916073
552612 512 0 24587767172074
553124 512 0 24587767428075
553636 512 0 24587767684076
554148 512 0 24587767940077
554660 512 0 24587768196078
555172 512 0 24587768452079
555684 512 0 24587768708080
556196 512 0 24587768964081
556708 512 0 24587769220082
557220 512 0 24587769476083
557732 512 0 24587769732084
558244 512 0 24587769988085
558756 512 0 24587770244086
559268 512 0 24587770500087
559780 512 0 24587770756088
560292 512 0 24587771012089
560804 512 0 24587771268090
561316 512 0 24587771524091
561828 512 0 24587771780092
562340 512 0 24587772036093
562852 512 0 24587772292094
563364 512 0 24587772548095
563876 512 0 24587772804096
564388 512 0 24587773060097
564900 512 0 24587773316098
565412 512 0 24587773572099
565924 512 0 24587773828100
566436 512 0 24587774084101
566948 512 0 24587774340102
567460 512 0 24587774596103
567972 512 0 24587774852104
568484 512 0 24587775108105
568996 512 0 24587775364106
569508 512 0 24587775620107
570020 512 0 24587775876108
570532 512 0 24587776132109
571044 512 0 24587776388110
571556 512 0 24587776644111
572068 512 0 24587776900112
572580 512 0 24587777156113
573092 512 0 24587777412115
573604 512 0 24587777668116
574116 512 0 24587777924117
574628 512 0 24587778180118
575140 512 0 24587778436119
575652 512 0 24587778692120
576164 512 0 24587778948121
576676 512 0 24587779204122
577188 512 0 24587779460123
577700 512 0 24587779716124
578212 512 0 24587779972125
578724 512 0 24587780228126
579236 512 0 24587780484127
579748 512 0 24587780740128
580260 512 0 24587780996129
580772 512 0 24587781252130
581284 512 0 24587781508131
581796 512 0 24587781764132
582308 512 0 24587782020133
582820 512 0 24587782276134
583332 512 0 24587782532135
583844 512 0 24587782788136
584356 512 0 24587783044137
584868 512 0 24587783300138
585380 512 0 24587783556139
585892 512 0 24587783812140
586404 512 0 24587784068141
586916 512 0 24587784324142
587428 512 0 24587784580144
587940 512 0 24587784836145
588452 512 0 24587785092146
588964 512 0 24587785348147
589476 512 0 24587785604147
589988 512 0 24587785860148
590500 512 0 24587786116149
591012 512 0 24587786372150
591524 512 0 24587786628151
592036 512 0 24587786884152
592548 512 0 24587787140153
593060 512 0 24587787396154
593572 512 0 24587787652155
594084 512 0 24587787908156
594596 512 0 24587788164157
595108 512 0 24587788420158
595620 512 0 24587788676159
596132 512 0 24587788932160
596644 512 0 24587789188161
597156 512 0 24587789444162
597668 512 0 24587789700163
598180 512 0 24587789956164
598692 512 0 24587790212165
599204 512 0 24587790468166
599716 512 0 24587790724167
600228 512 0 24587790980168
600740 512 0 24587791236169
601252 512 0 24587791492170
601764 512 0 24587791748171
602276 512 0 24587792004172
602788 512 0 24587792260173
603300 512 0 24587792516174
603812 512 0 24587792772175
604324 512 0 24587793028176
604836 512 0 24587793284177
605348 512 0 24587793540178
605860 512 0 24587793796180
606372 512 0 24587794052182
606884 512 0 24587794308183
607396 512 0 24587794564184
607908 512 0 24587794820185
608420 512 0 24587795076186
608932 512 0 24587795332187
609444 512 0 24587795588188
609956 512 0 24587795844189
610468 512 0 24587796100190
610980 512 0 24587796356191
611492 512 0 24587796612192
612004 512 0 24587796868193
612516 512 0 24587797124194
613028 512 0 24587797380195
613540 512 0 24587797636196
614052 512 0 24587797892197
614564 512 0 24587798148198
615076 512 0 24587798404199
615588 512 0 24587798660200
616100 512 0 24587798916201
616612 512 0 24587799172202
617124 512 0 24587799428203
617636 512 0 24587799684204
618148 512 0 24587799940205
618660 512 0 24587800196206
619172 512 0 24587800452207
619684 512 0 24587800708208
620196 512 0 24587800964209
620708 512 0 24587801220210
621220 512 0 24587801476211
621732 512 0 24587801732212
622244 512 0 24587801988214
622756 512 0 24587802244215
623268 512 0 24587802500216
623780 512 0 24587802756217
624292 512 0 24587803012218
624804 512 0 24587803268219
625316 512 0 24587803524220
625828 512 0 24587803780221
626340 512 0 24587804036222
626852 512 0 24587804292223
627364 512 0 24587804548224
627876 512 0 24587804804225
628388 512 0 24587805060226
628900 512 0 24587805316227
629412 512 0 24587805572228
629924 512 0 24587805828229
630436 512 0 24587806084230
630948 512 0 24587806340231
631460 512 0 24587806596232
631972 512 0 24587806852233
632484 512 0 24587807108234
632996 512 0 24587807364235
633508 512 0 24587807620236
634020 512 0 24587807876237
634532 512 0 24587808132238
635044 512 0 24587808388239
635556 512 0 24587808644240
636068 512 0 24587808900241
636580 512 0 24587809156242
637092 512 0 24587809412243
637604 512 0 24587809668244
638116 512 0 24587809924245
638628 512 0 24587810180246
639140 512 0 24587810436247
639652 512 0 24587810692248
640164 512 0 24587810948249
640676 512 0 24587811204250
641188 512 0 24587811460251
641700 512 0 24587811716252
642212 512 0 24587811972253
642724 512 0 24587812228254
643236 512 0 24587812484255
643748 512 0 24587812740256
644260 512 0 24587812996257
644772 512 0 24587813252258
645284 512 0 24587813508259
645796 512 0 24587813764260
646308 512 0 24587814020261
646820 512 0 24587814276262
647332 512 0 24587814532263
647844 512 0 24587814788264
648356 512 0 24587815044265
648868 512 0 24587815300266
649380 512 0 24587815556267
649892 512 0 24587815812268
650404 512 0 24587816068269
650916 512 0 24587816324270
651428 512 0 24587816580271
651940 512 0 24587816836272
652452 512 0 24587817092273
652964 512 0 24587817348274
653476 512 0 24587817604275
653988 512 0 24587817860276
654500 512 0 24587818116277
655012 512 0 24587818372279
655524 512 0 24587818628280
656036 512 0 24587818884281
656548 512 0 24587819140282
657060 512 0 24587819396283
657572 512 0 24587819652284
658084 512 0 24587819908285
658596 512 0 24587820164286
659108 512 0 24587820420287
659620 512 0 24587820676288
660132 512 0 24587820932289
660644 512 0 24587821188290
661156 512 0 24587821444291
661668 512 0 24587821700292
662180 512 0 24587821956293
662692 512 0 24587822212294
663204 512 0 24587822468295
663716 512 0 24587822724296
664228 512 0 24587822980297
664740 512 0 24587823236298
665252 512 0 24587823492299
665764 512 0 24587823748300
666276 512 0 24587824004301
666788 512 0 24587824260302
667300 512 0 24587824516303
667812 512 0 24587824772304
668324 512 0 24587825028305
668836 512 0 24587825284306
669348 512 0 24587825540307
669860 512 0 24587825796308
670372 512 0 24587826052309
670884 512 0 24587826308310
671396 512 0 24587826564312
671908 512 0 24587826820313
672420 512 0 24587827076314
672932 512 0 24587827332315
673444 512 0 24587827588316
673956 512 0 24587827844317
674468 512 0 24587828100318
674980 512 0 24587828356319
675492 512 0 24587828612320
676004 512 0 24587828868321
676516 512 0 24587829124322
677028 512 0 24587829380323
677540 512 0 24587829636324
678052 512 0 24587829892325
678564 512 0 24587830148326
679076 512 0 24587830404327
679588 512 0 24587830660328
680100 512 0 24587830916329
680612 512 0 24587831172330
681124 512 0 24587831428331
681636 512 0 24587831684332
682148 512 0 24587831940333
682660 512 0 24587832196334
683172 512 0 24587832452335
683684 512 0 24587832708336
684196 512 0 24587832964337
684708 512 0 24587833220338
685220 512 0 24587833476339
685732 512 0 24587833732340
686244 512 0 24587833988341
686756 512 0 24587834244342
687268 512 0 24587834500343
687780 512 0 24587834756344
688292 512 0 24587835012345
688804 512 0 24587835268346
1144 512 0 24587841115818
1656 512 0 24587841394458
2168 512 0 24587841673097
2680 512 0 24587841951736
3192 512 0 24587842230376
3704 512 0 24587842509015
4216 512 0 24587842787655
4728 512 0 24587843066294
5240 512 0 24587843344934
5752 512 0 24587843623573
6264 512 0 24587843902213
6776 512 0 24587844180852
7288 512 0 24587844459492
7800 512 0 24587844738131
8312 512 0 24587845016771
8824 512 0 24587845295410
9336 512 0 24587845574050
9848 512 0 24587845852689
10360 512 0 24587846131329
10872 512 0 24587846409968
11384 512 0 24587846688607
11896 512 0 24587846967247
12408 512 0 24587847245886
12920 512 0 24587847524526
13432 512 0 24587847803165
13944 512 0 24587848081805
14456 512 0 24587848360444
14968 512 0 24587848639084
15480 512 0 24587848917723
15992 512 0 24587849196363
16504 512 0 24587849475002
17016 512 0 24587849753642
17528 512 0 24587850032281
18040 512 0 24587850310921
18552 512 0 24587850589560
19064 512 0 24587850868199
19576 512 0 24587851146839
20088 512 0 24587851425478
20600 512 0 24587851704118
21112 512 0 24587851982757
21624 512 0 24587852261397
22136 512 0 24587852540036
22648 512 0 24587852818676
23160 512 0 24587853097315
23672 512 0 24587853375955
24184 512 0 24587853654594
24696 512 0 24587853933234
25208 512 0 24587854211873
25720 512 0 24587854490513
26232 512 0 24587854769152
26744 512 0 24587855047792
27256 512 0 24587855326431
27768 512 0 24587855605070
28280 512 0 24587855883710
28792 512 0 24587856162349
29304 512 0 24587856440989
29816 512 0 24587856719628
30328 512 0 24587856998268
30840 512 0 24587857276907
31352 512 0 24587857555547
31864 512 0 24587857834186
32376 512 0 24587858112886
32888 512 0 24587858391527
33400 512 0 24587858670167
33912 512 0 24587858948807
34424 512 0 24587859227447
34936 512 0 24587859506088
35448 512 0 24587859784728
35960 512 0 24587860063368
36472 512 0 24587860342009
36984 512 0 24587860620649
37496 512 0 24587860899289
38008 512 0 24587861177929
38520 512 0 24587861456570
39032 512 0 24587861735210
39544 512 0 24587862013850
40056 512 0 24587862292491
40568 512 0 24587862571131
41080 512 0 24587862849771
41592 512 0 24587863128411
42104 512 0 24587863407052
42616 512 0 24587863685692
43128 512 0 24587863964332
43640 512 0 24587864242973
44152 512 0 24587864521613
44664 512 0 24587864800253
45176 512 0 24587865078894
45688 512 0 24587865357534
46200 512 0 24587865636174
46712 512 0 24587865914814
47224 512 0 24587866193455
47736 512 0 24587866472095
48248 512 0 24587866750735
48760 512 0 24587867029391
49272 512 0 24587867308031
49784 512 0 24587867586672
50296 512 0 24587867865312
50808 512 0 24587868143953
51320 512 0 24587868422593
51832 512 0 24587868701234
52344 512 0 24587868979874
52856 512 0 24587869258515
53368 512 0 24587869537155
53880 512 0 24587869815796
54392 512 0 24587870094436
54904 512 0 24587870373077
55416 512 0 24587870651717
55928 512 0 24587870930358
56440 512 0 24587871208998
56952 512 0 24587871487639
57464 512 0 24587871766279
57976 512 0 24587872044920
58488 512 0 24587872323560
59000 512 0 24587872602201
59512 512 0 24587872880841
60024 512 0 24587873159482
60536 512 0 24587873438122
61048 512 0 24587873716763
61560 512 0 24587873995403
62072 512 0 24587874274044
62584 512 0 24587874552684
63096 512 0 24587874831325
63608 512 0 24587875109965
64120 512 0 24587875388606
64632 512 0 24587875667246
65144 512 0 24587875945891
65656 512 0 24587876224532
66168 512 0 24587876503172
66680 512 0 24587876781813
67192 512 0 24587877060453
67704 512 0 24587877339094
68216 512 0 24587877617735
68728 512 0 24587877896375
69240 512 0 24587878175016
69752 512 0 24587878453656
70264 512 0 24587878732297
70776 512 0 24587879010937
71288 512 0 24587879289578
71800 512 0 24587879568218
72312 512 0 24587879846859
72824 512 0 24587880125499
73336 512 0 24587880404140
73848 512 0 24587880682780
74360 512 0 24587880961421
74872 512 0 24587881240062
75384 512 0 24587881518702
75896 512 0 24587881797343
76408 512 0 24587882075983
76920 512 0 24587882354624
77432 512 0 24587882633264
77944 512 0 24587882911905
78456 512 0 24587883190545
78968 512 0 24587883469186
79480 512 0 24587883747826
79992 512 0 24587884026467
80504 512 0 24587884305108
81016 512 0 24587884583748
81528 512 0 24587884862390
82040 512 0 24587885141030
82552 512 0 24587885419671
83064 512 0 24587885698311
83576 512 0 24587885976952
84088 512 0 24587886255592
84600 512 0 24587886534233
85112 512 0 24587886812873
85624 512 0 24587887091514
86136 512 0 24587887370155
86648 512 0 24587887648795
87160 512 0 24587887927436
87672 512 0 24587888206076
88184 512 0 24587888484717
88696 512 0 24587888763357
89208 512 0 24587889041998
89720 512 0 24587889320638
90232 512 0 24587889599279
90744 512 0 24587889877919
91256 512 0 24587890156560
91768 512 0 24587890435201
92280 512 0 24587890713841
92792 512 0 24587890992482
93304 512 0 24587891271122
93816 512 0 24587891549763
94328 512 0 24587891828403
94840 512 0 24587892107044
95352 512 0 24587892385684
95864 512 0 24587892664325
96376 512 0 24587892942966
96888 512 0 24587893221606
97400 512 0 24587893500247
97912 512 0 24587893778880
98424 512 0 24587894057521
98936 512 0 24587894336161
99448 512 0 24587894614802
99960 512 0 24587894893442
100472 512 0 24587895172083
100984 512 0 24587895450723
101496 512 0 24587895729364
102008 512 0 24587896008004
102520 512 0 24587896286645
103032 512 0 24587896565285
103544 512 0 24587896843926
104056 512 0 24587897122566
104568 512 0 24587897401206
105080 512 0 24587897679847
105592 512 0 24587897958487
106104 512 0 24587898237128
106616 512 0 24587898515768
107128 512 0 24587898794409
107640 512 0 24587899073049
108152 512 0 24587899351690
108664 512 0 24587899630330
109176 512 0 24587899908971
109688 512 0 24587900187611
110200 512 0 24587900466252
110712 512 0 24587900744892
111224 512 0 24587901023533
111736 512 0 24587901302173
112248 512 0 24587901580814
112760 512 0 24587901859454
113272 512 0 24587902138095
113784 512 0 24587902416735
114296 512 0 24587902695374
114808 512 0 24587902974014
115320 512 0 24587903252654
115832 512 0 24587903531295
116344 512 0 24587903809935
116856 512 0 24587904088576
117368 512 0 24587904367216
117880 512 0 24587904645857
118392 512 0 24587904924497
118904 512 0 24587905203138
119416 512 0 24587905481778
119928 512 0 24587905760419
120440 512 0 24587906039059
120952 512 0 24587906317700
121464 512 0 24587906596340
121976 512 0 24587906874980
122488 512 0 24587907153621
123000 512 0 24587907432261
123512 512 0 24587907710902
124024 512 0 24587907989542
124536 512 0 24587908268183
125048 512 0 24587908546823
125560 512 0 24587908825464
126072 512 0 24587909104104
126584 512 0 24587909382745
127096 512 0 24587909661385
127608 512 0 24587909940025
128120 512 0 24587910218666
128632 512 0 24587910497306
129144 512 0 24587910775947
129656 512 0 24587911054587
130168 512 0 24587911333228
130680 512 0 24587911611870
131192 512 0 24587911890510
131704 512 0 24587912169151
132216 512 0 24587912447791
132728 512 0 24587912726432
133240 512 0 24587913005072
133752 512 0 24587913283713
134264 512 0 24587913562353
134776 512 0 24587913840994
135288 512 0 24587914119634
135800 512 0 24587914398275
136312 512 0 24587914676915
136824 512 0 24587914955556
137336 512 0 24587915234196
137848 512 0 24587915512836
138360 512 0 24587915791477
138872 512 0 24587916070117
139384 512 0 24587916348758
139896 512 0 24587916627398
140408 512 0 24587916906039
140920 512 0 24587917184679
141432 512 0 24587917463320
141944 512 0 24587917741960
142456 512 0 24587918020601
142968 512 0 24587918299241
143480 512 0 24587918577882
143992 512 0 24587918856522
144504 512 0 24587919135163
145016 512 0 24587919413803
145528 512 0 24587919692443
146040 512 0 24587919971084
146552 512 0 24587920249724
147064 512 0 24587920528367
147576 512 0 24587920807008
148088 512 0 24587921085648
148600 512 0 24587921364289
149112 512 0 24587921642929
149624 512 0 24587921921570
150136 512 0 24587922200210
150648 512 0 24587922478851
151160 512 0 24587922757491
151672 512 0 24587923036132
152184 512 0 24587923314772
152696 512 0 24587923593413
153208 512 0 24587923872053
153720 512 0 24587924150694
154232 512 0 24587924429334
154744 512 0 24587924707975
155256 512 0 24587924986615
155768 512 0 24587925265256
156280 512 0 24587925543896
156792 512 0 24587925822537
157304 512 0 24587926101177
157816 512 0 24587926379818
158328 512 0 24587926658458
158840 512 0 24587926937099
159352 512 0 24587927215739
159864 512 0 24587927494379
160376 512 0 24587927773020
160888 512 0 24587928051660
161400 512 0 24587928330301
161912 512 0 24587928608941
162424 512 0 24587928887582
162936 512 0 24587929166222
163448 512 0 24587929444865
163960 512 0 24587929723505
164472 512 0 24587930002146
164984 512 0 24587930280786
165496 512 0 24587930559427
166008 512 0 24587930838067
166520 512 0 24587931116708
167032 512 0 24587931395348
167544 512 0 24587931673989
168056 512 0 24587931952629
168568 512 0 24587932231270
169080 512 0 24587932509910
169592 512 0 24587932788551
170104 512 0 24587933067191
170616 512 0 24587933345832
171128 512 0 24587933624472
171640 512 0 24587933903113
172152 512 0 24587934181753
172664 512 0 24587934460394
173176 512 0 24587934739034
173688 512 0 24587935017675
174200 512 0 24587935296315
174712 512 0 24587935574956
175224 512 0 24587935853596
175736 512 0 24587936132237
176248 512 0 24587936410877
176760 512 0 24587936689518
177272 512 0 24587936968158
177784 512 0 24587937246799
178296 512 0 24587937525439
178808 512 0 24587937804080
179320 512 0 24587938082720
179832 512 0 24587938361362
180344 512 0 24587938640003
180856 512 0 24587938918643
181368 512 0 24587939197284
181880 512 0 24587939475924
182392 512 0 24587939754565
182904 512 0 24587940033205
183416 512 0 24587940311846
183928 512 0 24587940590486
184440 512 0 24587940869127
184952 512 0 24587941147767
185464 512 0 24587941426408
185976 512 0 24587941705048
186488 512 0 24587941983689
187000 512 0 24587942262329
187512 512 0 24587942540970
188024 512 0 24587942819610
188536 512 0 24587943098251
189048 512 0 24587943376891
189560 512 0 24587943655532
190072 512 0 24587943934172
190584 512 0 24587944212813
191096 512 0 24587944491453
191608 512 0 24587944770094
192120 512 0 24587945048734
192632 512 0 24587945327375
193144 512 0 24587945606015
193656 512 0 24587945884656
194168 512 0 24587946163296
194680 512 0 24587946441937
195192 512 0 24587946720577
195704 512 0 24587946999218
196216 512 0 24587947277859
196728 512 0 24587947556500
197240 512 0 24587947835140
197752 512 0 24587948113781
198264 512 0 24587948392421
198776 512 0 24587948671062
199288 512 0 24587948949702
199800 512 0 24587949228343
200312 512 0 24587949506983
200824 512 0 24587949785624
201336 512 0 24587950064264
201848 512 0 24587950342905
202360 512 0 24587950621545
202872 512 0 24587950900186
203384 512 0 24587951178826
203896 512 0 24587951457467
204408 512 0 24587951736107
204920 512 0 24587952014748
205432 512 0 24587952293388
205944 512 0 24587952572029
206456 512 0 24587952850669
206968 512 0 24587953129310
207480 512 0 24587953407950
207992 512 0 24587953686591
208504 512 0 24587953965232
209016 512 0 24587954243872
209528 512 0 24587954522513
210040 512 0 24587954801153
210552 512 0 24587955079794
211064 512 0 24587955358434
211576 512 0 24587955637075
212088 512 0 24587955915715
212600 512 0 24587956194356
213112 512 0 24587956472997
213624 512 0 24587956751637
214136 512 0 24587957030278
214648 512 0 24587957308918
215160 512 0 24587957587559
215672 512 0 24587957866199
216184 512 0 24587958144840
216696 512 0 24587958423481
217208 512 0 24587958702121
217720 512 0 24587958980762
218232 512 0 24587959259402
218744 512 0 24587959538043
219256 512 0 24587959816683
219768 512 0 24587960095324
220280 512 0 24587960373964
220792 512 0 24587960652605
221304 512 0 24587960931245
221816 512 0 24587961209886
222328 512 0 24587961488526
222840 512 0 24587961767167
223352 512 0 24587962045807
223864 512 0 24587962324448
224376 512 0 24587962603088
224888 512 0 24587962881729
225400 512 0 24587963160369
225912 512 0 24587963439010
226424 512 0 24587963717650
226936 512 0 24587963996291
227448 512 0 24587964274931
227960 512 0 24587964553572
228472 512 0 24587964832212
228984 512 0 24587965110853
229496 512 0 24587965389494
230008 512 0 24587965668135
230520 512 0 24587965946775
231032 512 0 24587966225416
231544 512 0 24587966504056
232056 512 0 24587966782697
232568 512 0 24587967061337
233080 512 0 24587967339978
233592 512 0 24587967618618
234104 512 0 24587967897259
234616 512 0 24587968175899
235128 512 0 24587968454540
235640 512 0 24587968733180
236152 512 0 24587969011821
236664 512 0 24587969290461
237176 512 0 24587969569102
237688 512 0 24587969847742
238200 512 0 24587970126383
238712 512 0 24587970405023
239224 512 0 24587970683664
239736 512 0 24587970962304
240248 512 0 24587971240945
240760 512 0 24587971519585
241272 512 0 24587971798226
241784 512 0 24587972076867
242296 512 0 24587972355507
242808 512 0 24587972634148
243320 512 0 24587972912788
243832 512 0 24587973191429
244344 512 0 24587973470069
244856 512 0 24587973748710
245368 512 0 24587974027351
245880 512 0 24587974305991
246392 512 0 24587974584632
246904 512 0 24587974863272
247416 512 0 24587975141913
247928 512 0 24587975420553
248440 512 0 24587975699194
248952 512 0 24587975977834
249464 512 0 24587976256475
249976 512 0 24587976535115
250488 512 0 24587976813756
251000 512 0 24587977092396
251512 512 0 24587977371037
252024 512 0 24587977649677
252536 512 0 24587977928318
253048 512 0 24587978206958
253560 512 0 24587978485599
254072 512 0 24587978764239
254584 512 0 24587979042880
255096 512 0 24587979321521
255608 512 0 24587979600161
256120 512 0 24587979878802
256632 512 0 24587980157442
257144 512 0 24587980436083
257656 512 0 24587980714723
258168 512 0 24587980993364
258680 512 0 24587981272004
259192 512 0 24587981550645
259704 512 0 24587981829285
260216 512 0 24587982107926
260728 512 0 24587982386566
261240 512 0 24587982665207
261752 512 0 24587982943848
262264 512 0 24587983222488
262776 512 0 24587983501129
263288 512 0 24587983779769
263800 512 0 24587984058410
264312 512 0 24587984337050
264824 512 0 24587984615691
265336 512 0 24587984894331
265848 512 0 24587985172972
266360 512 0 24587985451612
266872 512 0 24587985730253
267384 512 0 24587986008893
267896 512 0 24587986287534
268408 512 0 24587986566174
268920 512 0 24587986844815
269432 512 0 24587987123455
269944 512 0 24587987402096
270456 512 0 24587987680737
270968 512 0 24587987959377
271480 512 0 24587988238018
271992 512 0 24587988516658
272504 512 0 24587988795299
273016 512 0 24587989073939
273528 512 0 24587989352580
274040 512 0 24587989631220
274552 512 0 24587989909861
275064 512 0 24587990188501
275576 512 0 24587990467142
276088 512 0 24587990745782
276600 512 0 24587991024423
277112 512 0 24587991303063
277624 512 0 24587991581704
278136 512 0 24587991860345
278648 512 0 24587992138985
279160 512 0 24587992417626
279672 512 0 24587992696266
280184 512 0 24587992974907
280696 512 0 24587993253547
281208 512 0 24587993532188
281720 512 0 24587993810828
282232 512 0 24587994089469
282744 512 0 24587994368109
283256 512 0 24587994646750
283768 512 0 24587994925390
284280 512 0 24587995204031
284792 512 0 24587995482671
285304 512 0 24587995761312
285816 512 0 24587996039953
286328 512 0 24587996318593
286840 512 0 24587996597234
287352 512 0 24587996875874
287864 512 0 24587997154515
288376 512 0 24587997433155
288888 512 0 24587997711796
289400 512 0 24587997990436
289912 512 0 24587998269077
290424 512 0 24587998547717
290936 512 0 24587998826358
291448 512 0 24587999104998
291960 512 0 24587999383639
292472 512 0 24587999662279
292984 512 0 24587999940920
293496 512 0 24588000219560
294008 512 0 24588000498201
294520 512 0 24588000776842
295032 512 0 24588001055482
295544 512 0 24588001334123
296056 512 0 24588001612763
296568 512 0 24588001891404
297080 512 0 24588002170044
297592 512 0 24588002448685
298104 512 0 24588002727325
298616 512 0 24588003005966
299128 512 0 24588003284606
299640 512 0 24588003563247
300152 512 0 24588003841887
300664 512 0 24588004120528
301176 512 0 24588004399168
301688 512 0 24588004677809
302200 512 0 24588004956450
302712 512 0 24588005235090
303224 512 0 24588005513731
303736 512 0 24588005792371
304248 512 0 24588006071012
304760 512 0 24588006349652
305272 512 0 24588006628293
305784 512 0 24588006906933
306296 512 0 24588007185574
306808 512 0 24588007464214
307320 512 0 24588007742855
307832 512 0 24588008021495
308344 512 0 24588008300136
308856 512 0 24588008578776
309368 512 0 24588008857417
309880 512 0 24588009136057
310392 512 0 24588009414698
310904 512 0 24588009693339
311416 512 0 24588009971979
311928 512 0 24588010250620
312440 512 0 24588010529260
312952 512 0 24588010807901
313464 512 0 24588011086541
313976 512 0 24588011365182
314488 512 0 24588011643822
315000 512 0 24588011922463
315512 512 0 24588012201103
316024 512 0 24588012479744
316536 512 0 24588012758384
317048 512 0 24588013037025
317560 512 0 24588013315666
318072 512 0 24588013594306
318584 512 0 24588013872947
319096 512 0 24588014151587
319608 512 0 24588014430228
320120 512 0 24588014708868
320632 512 0 24588014987509
321144 512 0 24588015266149
321656 512 0 24588015544790
322168 512 0 24588015823430
322680 512 0 24588016102071
323192 512 0 24588016380711
323704 512 0 24588016659352
324216 512 0 24588016937992
324728 512 0 24588017216633
325240 512 0 24588017495273
325752 512 0 24588017773914
326264 512 0 24588018052554
326776 512 0 24588018331195
327288 512 0 24588018609836
327800 512 0 24588018888476
328312 512 0 24588019167117
328824 512 0 24588019445757
329336 512 0 24588019724398
329848 512 0 24588020003038
330360 512 0 24588020281679
330872 512 0 24588020560319
331384 512 0 24588020838960
331896 512 0 24588021117600
332408 512 0 24588021396241
332920 512 0 24588021674881
333432 512 0 24588021953522
333944 512 0 24588022232163
334456 512 0 24588022510803
334968 512 0 24588022789444
335480 512 0 24588023068084
335992 512 0 24588023346725
336504 512 0 24588023625365
337016 512 0 24588023904006
337528 512 0 24588024182646
338040 512 0 24588024461287
338552 512 0 24588024739927
339064 512 0 24588025018568
339576 512 0 24588025297208
340088 512 0 24588025575849
340600 512 0 24588025854489
341112 512 0 24588026133130
341624 512 0 24588026411770
342136 512 0 24588026690411
342648 512 0 24588026969051
343160 512 0 24588027247692
343672 512 0 24588027526334
344184 512 0 24588027804974
344696 512 0 24588028083615
345208 512 0 24588028362255
345720 512 0 24588028640896
346232 512 0 24588028919536
346744 512 0 24588029198177
347256 512 0 24588029476818
347768 512 0 24588029755458
348280 512 0 24588030034099
348792 512 0 24588030312739
349304 512 0 24588030591380
349816 512 0 24588030870020
350328 512 0 24588031148661
350840 512 0 24588031427301
351352 512 0 24588031705942
351864 512 0 24588031984582
352376 512 0 24588032263223
352888 512 0 24588032541863
353400 512 0 24588032820504
353912 512 0 24588033099144
354424 512 0 24588033377785
354936 512 0 24588033656425
355448 512 0 24588033935066
355960 512 0 24588034213707
356472 512 0 24588034492347
356984 512 0 24588034770988
357496 512 0 24588035049628
358008 512 0 24588035328269
358520 512 0 24588035606909
359032 512 0 24588035885550
359544 512 0 24588036164190
360056 512 0 24588036442831
360568 512 0 24588036721471
361080 512 0 24588037000112
361592 512 0 24588037278752
362104 512 0 24588037557393
362616 512 0 24588037836033
363128 512 0 24588038114674
363640 512 0 24588038393315
364152 512 0 24588038671955
364664 512 0 24588038950596
365176 512 0 24588039229236
365688 512 0 24588039507877
366200 512 0 24588039786517
366712 512 0 24588040065158
367224 512 0 24588040343798
367736 512 0 24588040622439
368248 512 0 24588040901079
368760 512 0 24588041179720
369272 512 0 24588041458360
369784 512 0 24588041737001
370296 512 0 24588042015641
370808 512 0 24588042294282
371320 512 0 24588042572922
371832 512 0 24588042851563
372344 512 0 24588043130204
372856 512 0 24588043408844
373368 512 0 24588043687485
373880 512 0 24588043966125
374392 512 0 24588044244766
374904 512 0 24588044523406
375416 512 0 24588044802047
375928 512 0 24588045080687
376440 512 0 24588045359328
376952 512 0 24588045637968
377464 512 0 24588045916609
377976 512 0 24588046195249
378488 512 0 24588046473890
379000 512 0 24588046752530
379512 512 0 24588047031171
380024 512 0 24588047309812
380536 512 0 24588047588452
381048 512 0 24588047867093
381560 512 0 24588048145733
382072 512 0 24588048424374
382584 512 0 24588048703014
383096 512 0 24588048981655
383608 512 0 24588049260295
384120 512 0 24588049538936
384632 512 0 24588049817576
385144 512 0 24588050096217
385656 512 0 24588050374857
386168 512 0 24588050653498
386680 512 0 24588050932138
387192 512 0 24588051210779
387704 512 0 24588051489419
388216 512 0 24588051768060
388728 512 0 24588052046701
389240 512 0 24588052325341
389752 512 0 24588052603982
390264 512 0 24588052882622
390776 512 0 24588053161263
391288 512 0 24588053439903
391800 512 0 24588053718544
392312 512 0 24588053997184
392824 512 0 24588054275825
393336 512 0 24588054554465
393848 512 0 24588054833106
394360 512 0 24588055111746
394872 512 0 24588055390387
395384 512 0 24588055669027
395896 512 0 24588055947668
396408 512 0 24588056226309
396920 512 0 24588056504949
397432 512 0 24588056783590
397944 512 0 24588057062230
398456 512 0 24588057340871
398968 512 0 24588057619511
399480 512 0 24588057898152
399992 512 0 24588058176792
400504 512 0 24588058455433
401016 512 0 24588058734073
401528 512 0 24588059012714
402040 512 0 24588059291354
402552 512 0 24588059569995
403064 512 0 24588059848635
403576 512 0 24588060127276
404088 512 0 24588060405916
404600 512 0 24588060684557
405112 512 0 24588060963198
405624 512 0 24588061241838
406136 512 0 24588061520479
406648 512 0 24588061799119
407160 512 0 24588062077760
407672 512 0 24588062356400
408184 512 0 24588062635041
408696 512 0 24588062913681
409208 512 0 24588063192323
409720 512 0 24588063470963
410232 512 0 24588063749604
410744 512 0 24588064028245
411256 512 0 24588064306885
411768 512 0 24588064585526
412280 512 0 24588064864166
412792 512 0 24588065142807
413304 512 0 24588065421447
413816 512 0 24588065700088
414328 512 0 24588065978728
414840 512 0 24588066257369
415352 512 0 24588066536009
415864 512 0 24588066814650
416376 512 0 24588067093290
416888 512 0 24588067371931
417400 512 0 24588067650571
417912 512 0 24588067929212
418424 512 0 24588068207853
418936 512 0 24588068486493
419448 512 0 24588068765134
419960 512 0 24588069043774
420472 512 0 24588069322415
420984 512 0 24588069601055
421496 512 0 24588069879696
422008 512 0 24588070158336
422520 512 0 24588070436977
423032 512 0 24588070715617
423544 512 0 24588070994258
424056 512 0 24588071272898
424568 512 0 24588071551539
425080 512 0 24588071830179
425592 512 0 24588072108820
426104 512 0 24588072387460
426616 512 0 24588072666101
427128 512 0 24588072944742
427640 512 0 24588073223382
428152 512 0 24588073502023
428664 512 0 24588073780663
429176 512 0 24588074059304
429688 512 0 24588074337944
430200 512 0 24588074616585
430712 512 0 24588074895225
431224 512 0 24588075173866
431736 512 0 24588075452506
432248 512 0 24588075731147
432760 512 0 24588076009787
433272 512 0 24588076288428
433784 512 0 24588076567068
434296 512 0 24588076845709
434808 512 0 24588077124350
435320 512 0 24588077402990
435832 512 0 24588077681631
436344 512 0 24588077960271
436856 512 0 24588078238912
437368 512 0 24588078517552
437880 512 0 24588078796193
438392 512 0 24588079074833
438904 512 0 24588079353474
439416 512 0 24588079632114
439928 512 0 24588079910755
440440 512 0 24588080189395
440952 512 0 24588080468036
441464 512 0 24588080746676
441976 512 0 24588081025317
442488 512 0 24588081303957
443000 512 0 24588081582598
443512 512 0 24588081861239
444024 512 0 24588082139879
444536 512 0 24588082418520
445048 512 0 24588082697160
445560 512 0 24588082975801
446072 512 0 24588083254441
446584 512 0 24588083533082
447096 512 0 24588083811722
447608 512 0 24588084090363
448120 512 0 24588084369003
448632 512 0 24588084647644
449144 512 0 24588084926284
449656 512 0 24588085204925
450168 512 0 24588085483565
450680 512 0 24588085762206
451192 512 0 24588086040846
451704 512 0 24588086319487
452216 512 0 24588086598128
452728 512 0 24588086876768
453240 512 0 24588087155409
453752 512 0 24588087434049
454264 512 0 24588087712690
454776 512 0 24588087991330
455288 512 0 24588088269971
455800 512 0 24588088548611
456312 512 0 24588088827252
456824 512 0 24588089105892
457336 512 0 24588089384533
457848 512 0 24588089663173
458360 512 0 24588089941814
458872 512 0 24588090220454
459384 512 0 24588090499095
459896 512 0 24588090777735
460408 512 0 24588091056376
460920 512 0 24588091335017
461432 512 0 24588091613657
461944 512 0 24588091892298
462456 512 0 24588092170938
462968 512 0 24588092449579
463480 512 0 24588092728219
463992 512 0 24588093006860
464504 512 0 24588093285500
465016 512 0 24588093564141
465528 512 0 24588093842781
466040 512 0 24588094121422
466552 512 0 24588094400062
467064 512 0 24588094678703
467576 512 0 24588094957343
468088 512 0 24588095235984
468600 512 0 24588095514625
469112 512 0 24588095793265
469624 512 0 24588096071906
470136 512 0 24588096350546
470648 512 0 24588096629187
471160 512 0 24588096907827
471672 512 0 24588097186468
472184 512 0 24588097465108
472696 512 0 24588097743749
473208 512 0 24588098022389
473720 512 0 24588098301030
474232 512 0 24588098579670
474744 512 0 24588098858311
475256 512 0 24588099136951
475768 512 0 24588099415592
476280 512 0 24588099694232
476792 512 0 24588099972873
477304 512 0 24588100251514
477816 512 0 24588100530154
478328 512 0 24588100808795
478840 512 0 24588101087435
479352 512 0 24588101366076
479864 512 0 24588101644716
480376 512 0 24588101923357
480888 512 0 24588102201997
481400 512 0 24588102480638
481912 512 0 24588102759278
482424 512 0 24588103037919
482936 512 0 24588103316559
483448 512 0 24588103595200
483960 512 0 24588103873840
484472 512 0 24588104152481
484984 512 0 24588104431122
485496 512 0 24588104709762
486008 512 0 24588104988403
486520 512 0 24588105267043
487032 512 0 24588105545684
487544 512 0 24588105824324
488056 512 0 24588106102965
488568 512 0 24588106381605
489080 512 0 24588106660246
489592 512 0 24588106938886
490104 512 0 24588107217527
490616 512 0 24588107496167
491128 512 0 24588107774808
491640 512 0 24588108053448
492152 512 0 24588108332089
492664 512 0 24588108610729
493176 512 0 24588108889370
493688 512 0 24588109168011
494200 512 0 24588109446651
494712 512 0 24588109725292
495224 512 0 24588110003932
495736 512 0 24588110282573
496248 512 0 24588110561213
496760 512 0 24588110839854
497272 512 0 24588111118494
497784 512 0 24588111397135
498296 512 0 24588111675775
498808 512 0 24588111954416
499320 512 0 24588112233056
499832 512 0 24588112511697
500344 512 0 24588112790337
500856 512 0 24588113068978
501368 512 0 24588113347619
501880 512 0 24588113626259
502392 512 0 24588113904900
502904 512 0 24588114183540
503416 512 0 24588114462181
503928 512 0 24588114740821
504440 512 0 24588115019462
504952 512 0 24588115298102
505464 512 0 24588115576743
505976 512 0 24588115855383
506488 512 0 24588116134024
507000 512 0 24588116412664
507512 512 0 24588116691306
508024 512 0 24588116969947
508536 512 0 24588117248587
509048 512 0 24588117527228
509560 512 0 24588117805868
510072 512 0 24588118084509
510584 512 0 24588118363149
511096 512 0 24588118641790
511608 512 0 24588118920430
512120 512 0 24588119199071
512632 512 0 24588119477711
513144 512 0 24588119756352
513656 512 0 24588120034992
514168 512 0 24588120313633
514680 512 0 24588120592273
515192 512 0 24588120870914
515704 512 0 24588121149555
516216 512 0 24588121428195
516728 512 0 24588121706836
517240 512 0 24588121985476
517752 512 0 24588122264117
518264 512 0 24588122542757
518776 512 0 24588122821398
519288 512 0 24588123100038
519800 512 0 24588123378679
520312 512 0 24588123657319
520824 512 0 24588123935960
521336 512 0 24588124214600
521848 512 0 24588124493241
522360 512 0 24588124771882
522872 512 0 24588125050522
523384 512 0 24588125329163
523896 512 0 24588125607803
524408 512 0 24588125886444
524920 512 0 24588126165084
525432 512 0 24588126443725
525944 512 0 24588126722365
526456 512 0 24588127001006
526968 512 0 24588127279646
527480 512 0 24588127558287
527992 512 0 24588127836927
528504 512 0 24588128115568
529016 512 0 24588128394208
529528 512 0 24588128672849
530040 512 0 24588128951489
530552 512 0 24588129230130
531064 512 0 24588129508770
531576 512 0 24588129787411
532088 512 0 24588130066052
532600 512 0 24588130344692
533112 512 0 24588130623333
533624 512 0 24588130901973
534136 512 0 24588131180614
534648 512 0 24588131459254
535160 512 0 24588131737895
535672 512 0 24588132016535
536184 512 0 24588132295176
536696 512 0 24588132573816
537208 512 0 24588132852457
537720 512 0 24588133131097
538232 512 0 24588133409738
538744 512 0 24588133688378
539256 512 0 24588133967019
539768 512 0 24588134245660
540280 512 0 24588134524300
540792 512 0 24588134802940
541304 512 0 24588135081581
541816 512 0 24588135360222
542328 512 0 24588135638862
542840 512 0 24588135917503
543352 512 0 24588136196143
543864 512 0 24588136474784
544376 512 0 24588136753424
544888 512 0 24588137032065
545400 512 0 24588137310705
545912 512 0 24588137589346
546424 512 0 24588137867986
546936 512 0 24588138146627
547448 512 0 24588138425267
547960 512 0 24588138703908
548472 512 0 24588138982549
548984 512 0 24588139261189
549496 512 0 24588139539830
550008 512 0 24588139818470
550520 512 0 24588140097111
551032 512 0 24588140375751
551544 512 0 24588140654392
552056 512 0 24588140933032
552568 512 0 24588141211673
553080 512 0 24588141490313
553592 512 0 24588141768954
554104 512 0 24588142047594
554616 512 0 24588142326235
555128 512 0 24588142604875
555640 512 0 24588142883516
556152 512 0 24588143162157
556664 512 0 24588143440797
557176 512 0 24588143719437
557688 512 0 24588143998078
558200 512 0 24588144276719
558712 512 0 24588144555359
559224 512 0 24588144834000
559736 512 0 24588145112640
560248 512 0 24588145391281
560760 512 0 24588145669921
561272 512 0 24588145948562
561784 512 0 24588146227202
562296 512 0 24588146505843
562808 512 0 24588146784483
563320 512 0 24588147063124
563832 512 0 24588147341764
564344 512 0 24588147620405
564856 512 0 24588147899045
565368 512 0 24588148177686
565880 512 0 24588148456327
566392 512 0 24588148734967
566904 512 0 24588149013608
567416 512 0 24588149292248
567928 512 0 24588149570889
568440 512 0 24588149849529
568952 512 0 24588150128170
569464 512 0 24588150406810
569976 512 0 24588150685451
570488 512 0 24588150964091
571000 512 0 24588151242732
571512 512 0 24588151521372
572024 512 0 24588151800013
572536 512 0 24588152078654
573048 512 0 24588152357295
573560 512 0 24588152635936
574072 512 0 24588152914576
574584 512 0 24588153193217
575096 512 0 24588153471857
575608 512 0 24588153750498
576120 512 0 24588154029138
576632 512 0 24588154307779
577144 512 0 24588154586419
577656 512 0 24588154865060
578168 512 0 24588155143700
578680 512 0 24588155422341
579192 512 0 24588155700981
579704 512 0 24588155979622
580216 512 0 24588156258263
580728 512 0 24588156536903
581240 512 0 24588156815544
581752 512 0 24588157094184
582264 512 0 24588157372825
582776 512 0 24588157651465
583288 512 0 24588157930106
583800 512 0 24588158208746
584312 512 0 24588158487387
584824 512 0 24588158766027
585336 512 0 24588159044668
585848 512 0 24588159323308
586360 512 0 24588159601949
586872 512 0 24588159880590
587384 512 0 24588160159230
587896 512 0 24588160437871
588408 512 0 24588160716511
588920 512 0 24588160995152
589432 512 0 24588161273792
589944 512 0 24588161552433
590456 512 0 24588161831073
590968 512 0 24588162109714
591480 512 0 24588162388354
591992 512 0 24588162666995
592504 512 0 24588162945635
593016 512 0 24588163224276
593528 512 0 24588163502916
594040 512 0 24588163781557
594552 512 0 24588164060197
595064 512 0 24588164338838
595576 512 0 24588164617478
596088 512 0 24588164896119
596600 512 0 24588165174760
597112 512 0 24588165453400
597624 512 0 24588165732041
598136 512 0 24588166010681
598648 512 0 24588166289322
599160 512 0 24588166567962
599672 512 0 24588166846603
600184 512 0 24588167125243
600696 512 0 24588167403884
601208 512 0 24588167682524
601720 512 0 24588167961165
602232 512 0 24588168239805
602744 512 0 24588168518446
603256 512 0 24588168797086
603768 512 0 24588169075727
604280 512 0 24588169354368
604792 512 0 24588169633008
605304 512 0 24588169911649
605816 512 0 24588170190289
606328 512 0 24588170468930
606840 512 0 24588170747570
607352 512 0 24588171026211
607864 512 0 24588171304851
608376 512 0 24588171583492
608888 512 0 24588171862132
609400 512 0 24588172140773
609912 512 0 24588172419413
610424 512 0 24588172698054
610936 512 0 24588172976694
611448 512 0 24588173255335
611960 512 0 24588173533975
612472 512 0 24588173812616
612984 512 0 24588174091256
613496 512 0 24588174369897
614008 512 0 24588174648538
614520 512 0 24588174927178
615032 512 0 24588175205819
615544 512 0 24588175484459
616056 512 0 24588175763100
616568 512 0 24588176041740
617080 512 0 24588176320381
617592 512 0 24588176599021
618104 512 0 24588176877662
618616 512 0 24588177156302
619128 512 0 24588177434943
619640 512 0 24588177713583
620152 512 0 24588177992224
620664 512 0 24588178270865
621176 512 0 24588178549505
621688 512 0 24588178828146
622200 512 0 24588179106787
622712 512 0 24588179385428
623224 512 0 24588179664068
623736 512 0 24588179942709
624248 512 0 24588180221349
624760 512 0 24588180499990
625272 512 0 24588180778630
625784 512 0 24588181057271
626296 512 0 24588181335911
626808 512 0 24588181614552
627320 512 0 24588181893192
627832 512 0 24588182171833
628344 512 0 24588182450474
628856 512 0 24588182729114
629368 512 0 24588183007755
629880 512 0 24588183286395
630392 512 0 24588183565036
630904 512 0 24588183843676
631416 512 0 24588184122317
631928 512 0 24588184400957
632440 512 0 24588184679598
632952 512 0 24588184958238
633464 512 0 24588185236879
633976 512 0 24588185515519
634488 512 0 24588185794160
635000 512 0 24588186072801
635512 512 0 24588186351441
636024 512 0 24588186630082
636536 512 0 24588186908722
637048 512 0 24588187187363
637560 512 0 24588187466003
638072 512 0 24588187744644
638584 512 0 24588188023284
639096 512 0 24588188301925
639608 512 0 24588188580565
640120 512 0 24588188859206
640632 512 0 24588189137846
641144 512 0 24588189416487
641656 512 0 24588189695127
642168 512 0 24588189973768
642680 512 0 24588190252408
643192 512 0 24588190531049
643704 512 0 24588190809689
644216 512 0 24588191088330
644728 512 0 24588191366971
645240 512 0 24588191645611
645752 512 0 24588191924252
646264 512 0 24588192202892
646776 512 0 24588192481533
647288 512 0 24588192760173
647800 512 0 24588193038814
648312 512 0 24588193317454
648824 512 0 24588193596095
649336 512 0 24588193874735
649848 512 0 24588194153376
650360 512 0 24588194432016
650872 512 0 24588194710657
651384 512 0 24588194989298
651896 512 0 24588195267938
652408 512 0 24588195546579
652920 512 0 24588195825219
653432 512 0 24588196103860
653944 512 0 24588196382500
654456 512 0 24588196661141
654968 512 0 24588196939782
655480 512 0 24588197218423
655992 512 0 24588197497063
656504 512 0 24588197775704
657016 512 0 24588198054344
657528 512 0 24588198332985
658040 512 0 24588198611625
658552 512 0 24588198890266
659064 512 0 24588199168906
659576 512 0 24588199447547
660088 512 0 24588199726188
660600 512 0 24588200004828
661112 512 0 24588200283469
661624 512 0 24588200562109
662136 512 0 24588200840750
662648 512 0 24588201119390
663160 512 0 24588201398031
663672 512 0 24588201676671
664184 512 0 24588201955312
664696 512 0 24588202233952
665208 512 0 24588202512593
665720 512 0 24588202791233
666232 512 0 24588203069874
666744 512 0 24588203348515
667256 512 0 24588203627155
667768 512 0 24588203905796
668280 512 0 24588204184436
668792 512 0 24588204463077
669304 512 0 24588204741717
669816 512 0 24588205020358
670328 512 0 24588205298998
670840 512 0 24588205577639
671352 512 0 24588205856279
671864 512 0 24588206134920
672376 512 0 24588206413560
672888 512 0 24588206692201
673400 512 0 24588206970841
673912 512 0 24588207249482
674424 512 0 24588207528122
674936 512 0 24588207806763
675448 512 0 24588208085403
675960 512 0 24588208364044
676472 512 0 24588208642684
676984 512 0 24588208921325
677496 512 0 24588209199966
678008 512 0 24588209478606
678520 512 0 24588209757247
679032 512 0 24588210035887
679544 512 0 24588210314528
680056 512 0 24588210593168
680568 512 0 24588210871809
681080 512 0 24588211150449
681592 512 0 24588211429090
682104 512 0 24588211707730
682616 512 0 24588211986371
683128 512 0 24588212265012
683640 512 0 24588212543652
684152 512 0 24588212822293
684664 512 0 24588213100933
685176 512 0 24588213379574
685688 512 0 24588213658214
686200 512 0 24588213936855
686712 512 0 24588214215495
687224 512 0 24588214494136
687736 512 0 24588214772777
688248 512 0 24588215051418
688760 512 0 24588215330058
689272 512 0 24588215608699
689784 512 0 24588215887339
690296 512 0 24588216165980
690808 512 0 24588216444620
691320 512 0 24588216723261
691832 512 0 24588217001902
692344 512 0 24588217280542
692856 512 0 24588217559183
693368 512 0 24588217837823
693880 512 0 24588218116464
694392 512 0 24588218395104
694904 512 0 24588218673745
695416 512 0 24588218952385
695928 512 0 24588219231026
696440 512 0 24588219509666
696952 512 0 24588219788307
697464 512 0 24588220066947
697976 512 0 24588220345588
698488 512 0 24588220624229
699000 512 0 24588220902869
699512 512 0 24588221181510
700024 512 0 24588221460150
700536 512 0 24588221738791
701048 512 0 24588222017431
701560 512 0 24588222296072
702072 512 0 24588222574712
702584 512 0 24588222853353
703096 512 0 24588223131993
703608 512 0 24588223410634
704120 512 0 24588223689274
704632 512 0 24588223967915
705144 512 0 24588224246555
705656 512 0 24588224525196
706168 512 0 24588224803836
706680 512 0 24588225082477
707192 512 0 24588225361117
707704 512 0 24588225639758
708216 512 0 24588225918398
708728 512 0 24588226197039
709240 512 0 24588226475680
709752 512 0 24588226754320
710264 512 0 24588227032961
710776 512 0 24588227311601
711288 512 0 24588227590242
711800 512 0 24588227868882
712312 512 0 24588228147523
712824 512 0 24588228426163
713336 512 0 24588228704804
713848 512 0 24588228983444
714360 512 0 24588229262085
714872 512 0 24588229540725
416 512 0 24588234906673
928 512 0 24588235162673
1440 512 0 24588235418673
1952 512 0 24588235674673
2464 512 0 24588235930673
2976 512 0 24588236186673
3488 512 0 24588236442673
4000 512 0 24588236698673
4512 512 0 24588236954673
5024 512 0 24588237210673
5536 512 0 24588237466673
6048 512 0 24588237722673
6560 512 0 24588237978673
7072 512 0 24588238234673
7584 512 0 24588238490673
8096 512 0 24588238746673
8608 512 0 24588239002673
9120 512 0 24588239258673
9632 512 0 24588239514673
10144 512 0 24588239770673
10656 512 0 24588240026673
11168 512 0 24588240282673
11680 512 0 24588240538673
12192 512 0 24588240794673
12704 512 0 24588241050673
13216 512 0 24588241306673
13728 512 0 24588241562673
14240 512 0 24588241818673
14752 512 0 24588242074673
15264 512 0 24588242330673
15776 512 0 24588242586673
16288 512 0 24588242842673
16800 512 0 24588243098673
17312 512 0 24588243354673
17824 512 0 24588243610673
18336 512 0 24588243866673
18848 512 0 24588244122673
19360 512 0 24588244378673
19872 512 0 24588244634673
20384 512 0 24588244890673
20896 512 0 24588245146673
21408 512 0 24588245402673
21920 512 0 24588245658673
22432 512 0 24588245914673
22944 512 0 24588246170673
23456 512 0 24588246426673
23968 512 0 24588246682673
24480 512 0 24588246938673
24992 512 0 24588247194673
25504 512 0 24588247450673
26016 512 0 24588247706673
26528 512 0 24588247962673
27040 512 0 24588248218673
27552 512 0 24588248474673
28064 512 0 24588248730673
28576 512 0 24588248986673
29088 512 0 24588249242673
29600 512 0 24588249498673
30112 512 0 24588249754673
30624 512 0 24588250010673
31136 512 0 24588250266673
31648 512 0 24588250522673
32160 512 0 24588250778673
32672 512 0 24588251034729
33184 512 0 24588251290730
33696 512 0 24588251546730
34208 512 0 24588251802731
34720 512 0 24588252058732
35232 512 0 24588252314733
35744 512 0 24588252570733
36256 512 0 24588252826734
36768 512 0 24588253082735
37280 512 0 24588253338736
37792 512 0 24588253594736
38304 512 0 24588253850737
38816 512 0 24588254106738
39328 512 0 24588254362739
39840 512 0 24588254618739
40352 512 0 24588254874740
40864 512 0 24588255130741
41376 512 0 24588255386742
41888 512 0 24588255642742
42400 512 0 24588255898743
42912 512 0 24588256154744
43424 512 0 24588256410745
43936 512 0 24588256666745
44448 512 0 24588256922746
44960 512 0 24588257178747
45472 512 0 24588257434748
45984 512 0 24588257690748
46496 512 0 24588257946749
47008 512 0 24588258202750
47520 512 0 24588258458751
48032 512 0 24588258714751
48544 512 0 24588258970752
49056 512 0 24588259226767
49568 512 0 24588259482768
50080 512 0 24588259738769
50592 512 0 24588259994770
51104 512 0 24588260250771
51616 512 0 24588260506772
52128 512 0 24588260762772
52640 512 0 24588261018773
53152 512 0 24588261274774
53664 512 0 24588261530775
54176 512 0 24588261786776
54688 512 0 24588262042777
55200 512 0 24588262298778
55712 512 0 24588262554779
56224 512 0 24588262810780
56736 512 0 24588263066781
57248 512 0 24588263322782
57760 512 0 24588263578783
58272 512 0 24588263834784
58784 512 0 24588264090785
59296 512 0 24588264346786
59808 512 0 24588264602787
60320 512 0 24588264858787
60832 512 0 24588265114788
61344 512 0 24588265370789
61856 512 0 24588265626790
62368 512 0 24588265882791
62880 512 0 24588266138792
63392 512 0 24588266394793
63904 512 0 24588266650794
64416 512 0 24588266906795
64928 512 0 24588267162796
65440 512 0 24588267418800
65952 512 0 24588267674801
66464 512 0 24588267930802
66976 512 0 24588268186803
67488 512 0 24588268442804
68000 512 0 24588268698805
68512 512 0 24588268954806
69024 512 0 24588269210807
69536 512 0 24588269466808
70048 512 0 24588269722809
70560 512 0 24588269978810
71072 512 0 24588270234810
71584 512 0 24588270490811
72096 512 0 24588270746812
72608 512 0 24588271002813
73120 512 0 24588271258814
73632 512 0 24588271514815
74144 512 0 24588271770816
74656 512 0 24588272026817
75168 512 0 24588272282818
75680 512 0 24588272538819
76192 512 0 24588272794820
76704 512 0 24588273050821
77216 512 0 24588273306822
77728 512 0 24588273562823
78240 512 0 24588273818824
78752 512 0 24588274074825
79264 512 0 24588274330826
79776 512 0 24588274586827
80288 512 0 24588274842828
80800 512 0 24588275098829
81312 512 0 24588275354830
81824 512 0 24588275610832
82336 512 0 24588275866833
82848 512 0 24588276122834
83360 512 0 24588276378835
83872 512 0 24588276634836
84384 512 0 24588276890837
84896 512 0 24588277146838
85408 512 0 24588277402839
85920 512 0 24588277658840
86432 512 0 24588277914841
86944 512 0 24588278170842
87456 512 0 24588278426843
87968 512 0 24588278682844
88480 512 0 24588278938845
88992 512 0 24588279194846
89504 512 0 24588279450847
90016 512 0 24588279706848
90528 512 0 24588279962849
91040 512 0 24588280218850
91552 512 0 24588280474851
92064 512 0 24588280730852
92576 512 0 24588280986853
93088 512 0 24588281242854
93600 512 0 24588281498855
94112 512 0 24588281754856
94624 512 0 24588282010857
95136 512 0 24588282266858
95648 512 0 24588282522859
96160 512 0 24588282778860
96672 512 0 24588283034861
97184 512 0 24588283290862
97696 512 0 24588283546863
98208 512 0 24588283802865
98720 512 0 24588284058866
99232 512 0 24588284314867
99744 512 0 24588284570868
100256 512 0 24588284826869
100768 512 0 24588285082870
101280 512 0 24588285338871
101792 512 0 24588285594872
102304 512 0 24588285850873
102816 512 0 24588286106873
103328 512 0 24588286362874
103840 512 0 24588286618875
104352 512 0 24588286874876
104864 512 0 24588287130877
105376 512 0 24588287386878
105888 512 0 24588287642879
106400 512 0 24588287898880
106912 512 0 24588288154881
107424 512 0 24588288410882
107936 512 0 24588288666883
108448 512 0 24588288922884
108960 512 0 24588289178885
109472 512 0 24588289434886
109984 512 0 24588289690887
110496 512 0 24588289946888
111008 512 0 24588290202889
111520 512 0 24588290458890
112032 512 0 24588290714891
112544 512 0 24588290970892
113056 512 0 24588291226893
113568 512 0 24588291482894
114080 512 0 24588291738895
114592 512 0 24588291994897
115104 512 0 24588292250898
115616 512 0 24588292506899
116128 512 0 24588292762900
116640 512 0 24588293018901
117152 512 0 24588293274902
117664 512 0 24588293530903
118176 512 0 24588293786904
118688 512 0 24588294042905
119200 512 0 24588294298906
119712 512 0 24588294554907
120224 512 0 24588294810908
120736 512 0 24588295066909
121248 512 0 24588295322910
121760 512 0 24588295578911
122272 512 0 24588295834912
122784 512 0 24588296090913
123296 512 0 24588296346914
123808 512 0 24588296602915
124320 512 0 24588296858916
124832 512 0 24588297114917
125344 512 0 24588297370918
125856 512 0 24588297626919
126368 512 0 24588297882920
126880 512 0 24588298138921
127392 512 0 24588298394922
127904 512 0 24588298650923
128416 512 0 24588298906924
128928 512 0 24588299162925
129440 512 0 24588299418926
129952 512 0 24588299674927
130464 512 0 24588299930928
130976 512 0 24588300186929
131488 512 0 24588300442930
132000 512 0 24588300698931
132512 512 0 24588300954932
133024 512 0 24588301210933
133536 512 0 24588301466934
134048 512 0 24588301722935
134560 512 0 24588301978936
135072 512 0 24588302234937
135584 512 0 24588302490938
136096 512 0 24588302746939
136608 512 0 24588303002940
137120 512 0 24588303258941
137632 512 0 24588303514942
138144 512 0 24588303770943
138656 512 0 24588304026944
139168 512 0 24588304282945
139680 512 0 24588304538946
140192 512 0 24588304794947
140704 512 0 24588305050948
141216 512 0 24588305306949
141728 512 0 24588305562950
142240 512 0 24588305818951
142752 512 0 24588306074952
143264 512 0 24588306330953
143776 512 0 24588306586954
144288 512 0 24588306842955
144800 512 0 24588307098956
145312 512 0 24588307354957
145824 512 0 24588307610958
146336 512 0 24588307866959
146848 512 0 24588308122960
147360 512 0 24588308378961
147872 512 0 24588308634962
148384 512 0 24588308890963
148896 512 0 24588309146964
149408 512 0 24588309402965
149920 512 0 24588309658966
150432 512 0 24588309914967
150944 512 0 24588310170968
151456 512 0 24588310426969
151968 512 0 24588310682970
152480 512 0 24588310938971
152992 512 0 24588311194972
153504 512 0 24588311450973
154016 512 0 24588311706974
154528 512 0 24588311962975
155040 512 0 24588312218976
155552 512 0 24588312474977
156064 512 0 24588312730978
156576 512 0 24588312986979
157088 512 0 24588313242980
157600 512 0 24588313498981
158112 512 0 24588313754982
158624 512 0 24588314010983
159136 512 0 24588314266984
159648 512 0 24588314522985
160160 512 0 24588314778986
160672 512 0 24588315034987
161184 512 0 24588315290988
161696 512 0 24588315546989
162208 512 0 24588315802990
162720 512 0 24588316058991
163232 512 0 24588316314992
163744 512 0 24588316570994
164256 512 0 24588316826995
164768 512 0 24588317082996
165280 512 0 24588317338997
165792 512 0 24588317594998
166304 512 0 24588317850999
166816 512 0 24588318107000
167328 512 0 24588318363001
167840 512 0 24588318619002
168352 512 0 24588318875003
168864 512 0 24588319131004
169376 512 0 24588319387005
169888 512 0 24588319643006
170400 512 0 24588319899007
170912 512 0 24588320155008
171424 512 0 24588320411009
171936 512 0 24588320667010
172448 512 0 24588320923011
172960 512 0 24588321179012
173472 512 0 24588321435013
173984 512 0 24588321691014
174496 512 0 24588321947015
175008 512 0 24588322203016
175520 512 0 24588322459017
176032 512 0 24588322715018
176544 512 0 24588322971019
177056 512 0 24588323227020
177568 512 0 24588323483021
178080 512 0 24588323739022
178592 512 0 24588323995023
179104 512 0 24588324251024
179616 512 0 24588324507025
180128 512 0 24588324763026
180640 512 0 24588325019027
181152 512 0 24588325275028
181664 512 0 24588325531029
182176 512 0 24588325787030
182688 512 0 24588326043031
183200 512 0 24588326299032
183712 512 0 24588326555033
184224 512 0 24588326811034
184736 512 0 24588327067035
185248 512 0 24588327323036
185760 512 0 24588327579037
186272 512 0 24588327835038
186784 512 0 24588328091039
187296 512 0 24588328347040
187808 512 0 24588328603041
188320 512 0 24588328859042
188832 512 0 24588329115043
189344 512 0 24588329371044
189856 512 0 24588329627045
190368 512 0 24588329883046
190880 512 0 24588330139047
191392 512 0 24588330395048
191904 512 0 24588330651049
192416 512 0 24588330907050
192928 512 0 24588331163051
193440 512 0 24588331419052
193952 512 0 24588331675053
194464 512 0 24588331931054
194976 512 0 24588332187055
195488 512 0 24588332443056
196000 512 0 24588332699057
196512 512 0 24588332955059
197024 512 0 24588333211060
197536 512 0 24588333467061
198048 512 0 24588333723062
198560 512 0 24588333979063
199072 512 0 24588334235064
199584 512 0 24588334491065
200096 512 0 24588334747066
200608 512 0 24588335003067
201120 512 0 24588335259068
201632 512 0 24588335515069
202144 512 0 24588335771070
202656 512 0 24588336027071
203168 512 0 24588336283072
203680 512 0 24588336539073
204192 512 0 24588336795074
204704 512 0 24588337051075
205216 512 0 24588337307076
205728 512 0 24588337563077
206240 512 0 24588337819078
206752 512 0 24588338075079
207264 512 0 24588338331080
207776 512 0 24588338587081
208288 512 0 24588338843082
208800 512 0 24588339099083
209312 512 0 24588339355084
209824 512 0 24588339611085
210336 512 0 24588339867086
210848 512 0 24588340123087
211360 512 0 24588340379088
211872 512 0 24588340635090
212384 512 0 24588340891091
212896 512 0 24588341147091
213408 512 0 24588341403092
213920 512 0 24588341659093
214432 512 0 24588341915094
214944 512 0 24588342171095
215456 512 0 24588342427096
215968 512 0 24588342683097
216480 512 0 24588342939098
216992 512 0 24588343195099
217504 512 0 24588343451100
218016 512 0 24588343707101
218528 512 0 24588343963102
219040 512 0 24588344219103
219552 512 0 24588344475104
220064 512 0 24588344731105
220576 512 0 24588344987106
221088 512 0 24588345243107
221600 512 0 24588345499108
222112 512 0 24588345755109
222624 512 0 24588346011110
223136 512 0 24588346267111
223648 512 0 24588346523112
224160 512 0 24588346779113
224672 512 0 24588347035114
225184 512 0 24588347291115
225696 512 0 24588347547116
226208 512 0 24588347803117
226720 512 0 24588348059118
227232 512 0 24588348315119
227744 512 0 24588348571120
228256 512 0 24588348827121
228768 512 0 24588349083122
229280 512 0 24588349339123
229792 512 0 24588349595124
230304 512 0 24588349851125
230816 512 0 24588350107126
231328 512 0 24588350363127
231840 512 0 24588350619128
232352 512 0 24588350875129
232864 512 0 24588351131130
233376 512 0 24588351387131
233888 512 0 24588351643132
234400 512 0 24588351899133
234912 512 0 24588352155134
235424 512 0 24588352411135
235936 512 0 24588352667136
236448 512 0 24588352923137
236960 512 0 24588353179138
237472 512 0 24588353435139
237984 512 0 24588353691140
238496 512 0 24588353947141
239008 512 0 24588354203142
239520 512 0 24588354459143
240032 512 0 24588354715144
240544 512 0 24588354971145
241056 512 0 24588355227146
241568 512 0 24588355483147
242080 512 0 24588355739148
242592 512 0 24588355995149
243104 512 0 24588356251150
243616 512 0 24588356507151
244128 512 0 24588356763152
244640 512 0 24588357019153
245152 512 0 24588357275154
245664 512 0 24588357531156
246176 512 0 24588357787157
246688 512 0 24588358043158
247200 512 0 24588358299159
247712 512 0 24588358555160
248224 512 0 24588358811161
248736 512 0 24588359067162
249248 512 0 24588359323163
249760 512 0 24588359579164
250272 512 0 24588359835165
250784 512 0 24588360091166
251296 512 0 24588360347167
251808 512 0 24588360603168
252320 512 0 24588360859169
252832 512 0 24588361115170
253344 512 0 24588361371171
253856 512 0 24588361627172
254368 512 0 24588361883173
254880 512 0 24588362139174
255392 512 0 24588362395175
255904 512 0 24588362651176
256416 512 0 24588362907177
256928 512 0 24588363163178
257440 512 0 24588363419180
257952 512 0 24588363675181
258464 512 0 24588363931182
258976 512 0 24588364187183
259488 512 0 24588364443184
260000 512 0 24588364699185
260512 512 0 24588364955186
261024 512 0 24588365211187
261536 512 0 24588365467188
262048 512 0 24588365723188
262560 512 0 24588365979189
263072 512 0 24588366235190
263584 512 0 24588366491191
264096 512 0 24588366747192
264608 512 0 24588367003193
265120 512 0 24588367259194
265632 512 0 24588367515195
266144 512 0 24588367771196
266656 512 0 24588368027197
267168 512 0 24588368283198
267680 512 0 24588368539199
268192 512 0 24588368795200
268704 512 0 24588369051201
269216 512 0 24588369307202
269728 512 0 24588369563203
270240 512 0 24588369819204
270752 512 0 24588370075205
271264 512 0 24588370331206
271776 512 0 24588370587207
272288 512 0 24588370843208
272800 512 0 24588371099209
273312 512 0 24588371355210
273824 512 0 24588371611211
274336 512 0 24588371867212
274848 512 0 24588372123213
275360 512 0 24588372379214
275872 512 0 24588372635215
276384 512 0 24588372891216
276896 512 0 24588373147218
277408 512 0 24588373403219
277920 512 0 24588373659220
278432 512 0 24588373915221
278944 512 0 24588374171222
279456 512 0 24588374427223
279968 512 0 24588374683224
280480 512 0 24588374939225
280992 512 0 24588375195226
281504 512 0 24588375451227
282016 512 0 24588375707228
282528 512 0 24588375963229
283040 512 0 24588376219230
283552 512 0 24588376475231
284064 512 0 24588376731232
284576 512 0 24588376987233
285088 512 0 24588377243234
285600 512 0 24588377499235
286112 512 0 24588377755236
286624 512 0 24588378011237
287136 512 0 24588378267238
287648 512 0 24588378523239
288160 512 0 24588378779240
288672 512 0 24588379035242
289184 512 0 24588379291243
289696 512 0 24588379547244
290208 512 0 24588379803245
290720 512 0 24588380059246
291232 512 0 24588380315247
291744 512 0 24588380571248
292256 512 0 24588380827249
292768 512 0 24588381083250
293280 512 0 24588381339251
293792 512 0 24588381595252
294304 512 0 24588381851253
294816 512 0 24588382107253
295328 512 0 24588382363254
295840 512 0 24588382619255
296352 512 0 24588382875256
296864 512 0 24588383131257
297376 512 0 24588383387258
297888 512 0 24588383643259
298400 512 0 24588383899260
298912 512 0 24588384155261
299424 512 0 24588384411262
299936 512 0 24588384667263
300448 512 0 24588384923264
300960 512 0 24588385179265
301472 512 0 24588385435266
301984 512 0 24588385691267
302496 512 0 24588385947268
303008 512 0 24588386203269
303520 512 0 24588386459270
304032 512 0 24588386715271
304544 512 0 24588386971272
305056 512 0 24588387227273
305568 512 0 24588387483274
306080 512 0 24588387739275
306592 512 0 24588387995276
307104 512 0 24588388251277
307616 512 0 24588388507278
308128 512 0 24588388763280
308640 512 0 24588389019281
309152 512 0 24588389275282
309664 512 0 24588389531283
310176 512 0 24588389787284
310688 512 0 24588390043285
311200 512 0 24588390299286
311712 512 0 24588390555287
312224 512 0 24588390811288
312736 512 0 24588391067289
313248 512 0 24588391323290
313760 512 0 24588391579291
314272 512 0 24588391835292
314784 512 0 24588392091293
315296 512 0 24588392347294
315808 512 0 24588392603295
316320 512 0 24588392859296
316832 512 0 24588393115297
317344 512 0 24588393371298
317856 512 0 24588393627299
318368 512 0 24588393883300
318880 512 0 24588394139301
319392 512 0 24588394395302
319904 512 0 24588394651303
320416 512 0 24588394907305
320928 512 0 24588395163306
321440 512 0 24588395419307
321952 512 0 24588395675308
322464 512 0 24588395931309
322976 512 0 24588396187310
323488 512 0 24588396443311
324000 512 0 24588396699312
324512 512 0 24588396955313
325024 512 0 24588397211314
325536 512 0 24588397467315
326048 512 0 24588397723316
326560 512 0 24588397979317
327072 512 0 24588398235318
327584 512 0 24588398491318
328096 512 0 24588398747319
328608 512 0 24588399003320
329120 512 0 24588399259321
329632 512 0 24588399515322
330144 512 0 24588399771323
330656 512 0 24588400027324
331168 512 0 24588400283325
331680 512 0 24588400539326
332192 512 0 24588400795327
332704 512 0 24588401051328
333216 512 0 24588401307329
333728 512 0 24588401563330
334240 512 0 24588401819331
334752 512 0 24588402075332
335264 512 0 24588402331333
335776 512 0 24588402587334
336288 512 0 24588402843335
336800 512 0 24588403099336
337312 512 0 24588403355337
337824 512 0 24588403611338
338336 512 0 24588403867339
338848 512 0 24588404123340
339360 512 0 24588404379341
339872 512 0 24588404635343
340384 512 0 24588404891344
340896 512 0 24588405147345
341408 512 0 24588405403346
341920 512 0 24588405659347
342432 512 0 24588405915348
342944 512 0 24588406171349
343456 512 0 24588406427350
343968 512 0 24588406683351
344480 512 0 24588406939352
344992 512 0 24588407195353
345504 512 0 24588407451354
346016 512 0 24588407707355
346528 512 0 24588407963356
347040 512 0 24588408219357
347552 512 0 24588408475358
348064 512 0 24588408731359
348576 512 0 24588408987360
349088 512 0 24588409243361
349600 512 0 24588409499362
350112 512 0 24588409755363
350624 512 0 24588410011364
351136 512 0 24588410267365
351648 512 0 24588410523366
352160 512 0 24588410779368
352672 512 0 24588411035369
353184 512 0 24588411291370
353696 512 0 24588411547371
354208 512 0 24588411803372
354720 512 0 24588412059373
355232 512 0 24588412315374
355744 512 0 24588412571375
356256 512 0 24588412827376
356768 512 0 24588413083377
357280 512 0 24588413339378
357792 512 0 24588413595379
358304 512 0 24588413851380
358816 512 0 24588414107381
359328 512 0 24588414363382
359840 512 0 24588414619383
360352 512 0 24588414875383
360864 512 0 24588415131384
361376 512 0 24588415387385
361888 512 0 24588415643386
362400 512 0 24588415899387
362912 512 0 24588416155388
363424 512 0 24588416411389
363936 512 0 24588416667390
364448 512 0 24588416923391
364960 512 0 24588417179392
365472 512 0 24588417435393
365984 512 0 24588417691394
366496 512 0 24588417947395
367008 512 0 24588418203396
367520 512 0 24588418459397
368032 512 0 24588418715398
368544 512 0 24588418971399
369056 512 0 24588419227400
369568 512 0 24588419483401
370080 512 0 24588419739402
370592 512 0 24588419995403
371104 512 0 24588420251404
371616 512 0 24588420507406
372128 512 0 24588420763407
372640 512 0 24588421019408
373152 512 0 24588421275409
373664 512 0 24588421531410
374176 512 0 24588421787411
374688 512 0 24588422043412
375200 512 0 24588422299413
375712 512 0 24588422555414
376224 512 0 24588422811415
376736 512 0 24588423067416
377248 512 0 24588423323417
377760 512 0 24588423579418
378272 512 0 24588423835419
378784 512 0 24588424091420
379296 512 0 24588424347421
379808 512 0 24588424603422
380320 512 0 24588424859423
380832 512 0 24588425115424
381344 512 0 24588425371425
381856 512 0 24588425627426
382368 512 0 24588425883427
382880 512 0 24588426139428
332 512 0 24588431528950
844 512 0 24588431807590
1356 512 0 24588432086229
1868 512 0 24588432364869
2380 512 0 24588432643508
2892 512 0 24588432922148
3404 512 0 24588433200787
3916 512 0 24588433479427
4428 512 0 24588433758066
4940 512 0 24588434036705
5452 512 0 24588434315345
5964 512 0 24588434593984
6476 512 0 24588434872624
6988 512 0 24588435151263
7500 512 0 24588435429903
8012 512 0 24588435708542
8524 512 0 24588435987182
9036 512 0 24588436265821
9548 512 0 24588436544461
10060 512 0 24588436823100
10572 512 0 24588437101740
11084 512 0 24588437380379
11596 512 0 24588437659019
12108 512 0 24588437937658
12620 512 0 24588438216298
13132 512 0 24588438494937
13644 512 0 24588438773576
14156 512 0 24588439052216
14668 512 0 24588439330855
15180 512 0 24588439609495
15692 512 0 24588439888134
16204 512 0 24588440166774
16716 512 0 24588440445413
17228 512 0 24588440724053
17740 512 0 24588441002692
18252 512 0 24588441281332
18764 512 0 24588441559971
19276 512 0 24588441838611
19788 512 0 24588442117250
20300 512 0 24588442395890
20812 512 0 24588442674529
21324 512 0 24588442953168
21836 512 0 24588443231808
22348 512 0 24588443510447
22860 512 0 24588443789087
23372 512 0 24588444067726
23884 512 0 24588444346366
24396 512 0 24588444625005
24908 512 0 24588444903645
25420 512 0 24588445182284
25932 512 0 24588445460924
26444 512 0 24588445739563
26956 512 0 24588446018203
27468 512 0 24588446296842
27980 512 0 24588446575482
28492 512 0 24588446854121
29004 512 0 24588447132761
29516 512 0 24588447411400
30028 512 0 24588447690039
30540 512 0 24588447968679
31052 512 0 24588448247318
31564 512 0 24588448525958
32076 512 0 24588448804597
32588 512 0 24588449083298
33100 512 0 24588449361938
33612 512 0 24588449640578
34124 512 0 24588449919219
34636 512 0 24588450197859
35148 512 0 24588450476499
35660 512 0 24588450755140
36172 512 0 24588451033780
36684 512 0 24588451312420
37196 512 0 24588451591060
37708 512 0 24588451869701
38220 512 0 24588452148341
38732 512 0 24588452426981
39244 512 0 24588452705622
39756 512 0 24588452984262
40268 512 0 24588453262902
40780 512 0 24588453541542
41292 512 0 24588453820183
41804 512 0 24588454098823
42316 512 0 24588454377463
42828 512 0 24588454656104
43340 512 0 24588454934744
43852 512 0 24588455213384
44364 512 0 24588455492024
44876 512 0 24588455770665
45388 512 0 24588456049305
45900 512 0 24588456327945
46412 512 0 24588456606586
46924 512 0 24588456885226
47436 512 0 24588457163866
47948 512 0 24588457442506
48460 512 0 24588457721147
48972 512 0 24588457999802
49484 512 0 24588458278443
49996 512 0 24588458557083
50508 512 0 24588458835724
51020 512 0 24588459114364
51532 512 0 24588459393005
52044 512 0 24588459671645
52556 512 0 24588459950286
53068 512 0 24588460228926
53580 512 0 24588460507567
54092 512 0 24588460786207
54604 512 0 24588461064848
55116 512 0 24588461343488
55628 512 0 24588461622129
56140 512 0 24588461900769
56652 512 0 24588462179410
57164 512 0 24588462458050
57676 512 0 24588462736691
58188 512 0 24588463015331
58700 512 0 24588463293972
59212 512 0 24588463572612
59724 512 0 24588463851253
60236 512 0 24588464129893
60748 512 0 24588464408534
61260 512 0 24588464687174
61772 512 0 24588464965815
62284 512 0 24588465244455
62796 512 0 24588465523096
63308 512 0 24588465801736
63820 512 0 24588466080377
64332 512 0 24588466359017
64844 512 0 24588466637658
65356 512 0 24588466916301
65868 512 0 24588467194942
66380 512 0 24588467473582
66892 512 0 24588467752223
67404 512 0 24588468030863
67916 512 0 24588468309504
68428 512 0 24588468588145
68940 512 0 24588468866785
69452 512 0 24588469145426
69964 512 0 24588469424066
70476 512 0 24588469702707
70988 512 0 24588469981347
71500 512 0 24588470259988
72012 512 0 24588470538628
72524 512 0 24588470817269
73036 512 0 24588471095909
73548 512 0 24588471374550
74060 512 0 24588471653190
74572 512 0 24588471931831
75084 512 0 24588472210471
75596 512 0 24588472489112
76108 512 0 24588472767752
76620 512 0 24588473046393
77132 512 0 24588473325033
77644 512 0 24588473603674
78156 512 0 24588473882315
78668 512 0 24588474160955
79180 512 0 24588474439596
79692 512 0 24588474718236
80204 512 0 24588474996877
80716 512 0 24588475275517
81228 512 0 24588475554158
81740 512 0 24588475832800
82252 512 0 24588476111440
82764 512 0 24588476390081
83276 512 0 24588476668722
83788 512 0 24588476947362
84300 512 0 24588477226003
84812 512 0 24588477504643
85324 512 0 24588477783284
85836 512 0 24588478061924
86348 512 0 24588478340565
86860 512 0 24588478619205
87372 512 0 24588478897846
87884 512 0 24588479176486
88396 512 0 24588479455127
88908 512 0 24588479733768
89420 512 0 24588480012408
89932 512 0 24588480291049
90444 512 0 24588480569689
90956 512 0 24588480848330
91468 512 0 24588481126970
91980 512 0 24588481405611
92492 512 0 24588481684251
93004 512 0 24588481962892
93516 512 0 24588482241532
94028 512 0 24588482520173
94540 512 0 24588482798814
95052 512 0 24588483077454
95564 512 0 24588483356095
96076 512 0 24588483634735
96588 512 0 24588483913376
97100 512 0 24588484192016
97612 512 0 24588484470657
98124 512 0 24588484749294
98636 512 0 24588485027934
99148 512 0 24588485306575
99660 512 0 24588485585215
100172 512 0 24588485863856
100684 512 0 24588486142496
101196 512 0 24588486421137
101708 512 0 24588486699777
102220 512 0 24588486978418
102732 512 0 24588487257058
103244 512 0 24588487535699
103756 512 0 24588487814339
104268 512 0 24588488092980
104780 512 0 24588488371620
105292 512 0 24588488650261
105804 512 0 24588488928901
106316 512 0 24588489207542
106828 512 0 24588489486182
107340 512 0 24588489764823
107852 512 0 24588490043463
108364 512 0 24588490322104
108876 512 0 24588490600744
109388 512 0 24588490879385
109900 512 0 24588491158025
110412 512 0 24588491436666
110924 512 0 24588491715306
111436 512 0 24588491993947
111948 512 0 24588492272587
112460 512 0 24588492551228
112972 512 0 24588492829868
113484 512 0 24588493108509
113996 512 0 24588493387149
114508 512 0 24588493665790
115020 512 0 24588493944430
115532 512 0 24588494223071
116044 512 0 24588494501711
116556 512 0 24588494780352
117068 512 0 24588495058992
117580 512 0 24588495337633
118092 512 0 24588495616273
118604 512 0 24588495894914
119116 512 0 24588496173554
119628 512 0 24588496452195
120140 512 0 24588496730835
120652 512 0 24588497009476
121164 512 0 24588497288116
121676 512 0 24588497566757
122188 512 0 24588497845397
122700 512 0 24588498124038
123212 512 0 24588498402678
123724 512 0 24588498681319
124236 512 0 24588498959959
124748 512 0 24588499238600
125260 512 0 24588499517240
125772 512 0 24588499795881
126284 512 0 24588500074521
126796 512 0 24588500353162
127308 512 0 24588500631802
127820 512 0 24588500910443
128332 512 0 24588501189083
128844 512 0 24588501467724
129356 512 0 24588501746364
129868 512 0 24588502025005
130380 512 0 24588502303645
130892 512 0 24588502582288
131404 512 0 24588502860929
131916 512 0 24588503139569
132428 512 0 24588503418210
132940 512 0 24588503696850
133452 512 0 24588503975491
133964 512 0 24588504254131
134476 512 0 24588504532772
134988 512 0 24588504811412
135500 512 0 24588505090053
136012 512 0 24588505368693
136524 512 0 24588505647334
137036 512 0 24588505925974
137548 512 0 24588506204615
138060 512 0 24588506483255
138572 512 0 24588506761896
139084 512 0 24588507040536
139596 512 0 24588507319177
140108 512 0 24588507597817
140620 512 0 24588507876458
141132 512 0 24588508155098
141644 512 0 24588508433739
142156 512 0 24588508712379
142668 512 0 24588508991020
143180 512 0 24588509269660
143692 512 0 24588509548301
144204 512 0 24588509826942
144716 512 0 24588510105582
145228 512 0 24588510384223
145740 512 0 24588510662863
146252 512 0 24588510941504
146764 512 0 24588511220144
147276 512 0 24588511498785
147788 512 0 24588511777426
148300 512 0 24588512056066
148812 512 0 24588512334707
149324 512 0 24588512613347
149836 512 0 24588512891988
150348 512 0 24588513170628
150860 512 0 24588513449269
151372 512 0 24588513727909
151884 512 0 24588514006550
152396 512 0 24588514285190
152908 512 0 24588514563831
153420 512 0 24588514842471
153932 512 0 24588515121112
154444 512 0 24588515399752
154956 512 0 24588515678393
155468 512 0 24588515957033
155980 512 0 24588516235674
156492 512 0 24588516514315
157004 512 0 24588516792955
157516 512 0 24588517071596
158028 512 0 24588517350236
158540 512 0 24588517628877
159052 512 0 24588517907517
159564 512 0 24588518186158
160076 512 0 24588518464798
160588 512 0 24588518743439
161100 512 0 24588519022079
161612 512 0 24588519300720
162124 512 0 24588519579360
162636 512 0 24588519858001
163148 512 0 24588520136641
163660 512 0 24588520415282
164172 512 0 24588520693923
164684 512 0 24588520972563
165196 512 0 24588521251204
165708 512 0 24588521529844
166220 512 0 24588521808485
166732 512 0 24588522087125
167244 512 0 24588522365766
167756 512 0 24588522644406
168268 512 0 24588522923047
168780 512 0 24588523201687
169292 512 0 24588523480328
169804 512 0 24588523758968
170316 512 0 24588524037609
170828 512 0 24588524316250
171340 512 0 24588524594890
171852 512 0 24588524873531
172364 512 0 24588525152171
172876 512 0 24588525430812
173388 512 0 24588525709452
173900 512 0 24588525988093
174412 512 0 24588526266733
174924 512 0 24588526545374
175436 512 0 24588526824014
175948 512 0 24588527102655
176460 512 0 24588527381295
176972 512 0 24588527659936
177484 512 0 24588527938576
177996 512 0 24588528217217
178508 512 0 24588528495857
179020 512 0 24588528774498
179532 512 0 24588529053138
180044 512 0 24588529331781
180556 512 0 24588529610421
181068 512 0 24588529889062
181580 512 0 24588530167702
182092 512 0 24588530446343
182604 512 0 24588530724983
183116 512 0 24588531003624
183628 512 0 24588531282264
184140 512 0 24588531560905
184652 512 0 24588531839545
185164 512 0 24588532118186
185676 512 0 24588532396826
186188 512 0 24588532675467
186700 512 0 24588532954107
187212 512 0 24588533232748
187724 512 0 24588533511389
188236 512 0 24588533790029
188748 512 0 24588534068670
189260 512 0 24588534347310
189772 512 0 24588534625951
190284 512 0 24588534904591
190796 512 0 24588535183232
191308 512 0 24588535461872
191820 512 0 24588535740513
192332 512 0 24588536019153
192844 512 0 24588536297794
193356 512 0 24588536576434
193868 512 0 24588536855075
194380 512 0 24588537133715
194892 512 0 24588537412356
195404 512 0 24588537690997
195916 512 0 24588537969637
196428 512 0 24588538248279
196940 512 0 24588538526919
197452 512 0 24588538805560
197964 512 0 24588539084200
198476 512 0 24588539362841
198988 512 0 24588539641481
199500 512 0 24588539920122
200012 512 0 24588540198763
200524 512 0 24588540477403
201036 512 0 24588540756044
201548 512 0 24588541034684
202060 512 0 24588541313325
202572 512 0 24588541591965
203084 512 0 24588541870606
203596 512 0 24588542149246
204108 512 0 24588542427887
204620 512 0 24588542706527
205132 512 0 24588542985168
205644 512 0 24588543263808
206156 512 0 24588543542449
206668 512 0 24588543821090
207180 512 0 24588544099730
207692 512 0 24588544378371
208204 512 0 24588544657011
208716 512 0 24588544935652
209228 512 0 24588545214292
209740 512 0 24588545492933
210252 512 0 24588545771573
210764 512 0 24588546050214
211276 512 0 24588546328854
211788 512 0 24588546607495
212300 512 0 24588546886136
212812 512 0 24588547164777
213324 512 0 24588547443417
213836 512 0 24588547722058
214348 512 0 24588548000699
214860 512 0 24588548279339
215372 512 0 24588548557980
215884 512 0 24588548836620
216396 512 0 24588549115261
216908 512 0 24588549393901
217420 512 0 24588549672542
217932 512 0 24588549951182
218444 512 0 24588550229823
218956 512 0 24588550508463
219468 512 0 24588550787104
219980 512 0 24588551065745
220492 512 0 24588551344385
221004 512 0 24588551623026
221516 512 0 24588551901666
222028 512 0 24588552180307
222540 512 0 24588552458947
223052 512 0 24588552737588
223564 512 0 24588553016228
224076 512 0 24588553294869
224588 512 0 24588553573509
225100 512 0 24588553852150
225612 512 0 24588554130791
226124 512 0 24588554409431
226636 512 0 24588554688072
227148 512 0 24588554966712
227660 512 0 24588555245353
228172 512 0 24588555523993
228684 512 0 24588555802634
229196 512 0 24588556081274
229708 512 0 24588556359914
230220 512 0 24588556638555
230732 512 0 24588556917195
231244 512 0 24588557195836
231756 512 0 24588557474477
232268 512 0 24588557753117
232780 512 0 24588558031758
233292 512 0 24588558310398
233804 512 0 24588558589039
234316 512 0 24588558867679
234828 512 0 24588559146320
235340 512 0 24588559424960
235852 512 0 24588559703601
236364 512 0 24588559982241
236876 512 0 24588560260882
237388 512 0 24588560539522
237900 512 0 24588560818163
238412 512 0 24588561096804
238924 512 0 24588561375444
239436 512 0 24588561654085
239948 512 0 24588561932725
240460 512 0 24588562211366
240972 512 0 24588562490006
241484 512 0 24588562768647
241996 512 0 24588563047287
242508 512 0 24588563325928
243020 512 0 24588563604568
243532 512 0 24588563883209
244044 512 0 24588564161850
244556 512 0 24588564440490
245068 512 0 24588564719131
245580 512 0 24588564997772
246092 512 0 24588565276412
246604 512 0 24588565555053
247116 512 0 24588565833694
247628 512 0 24588566112334
248140 512 0 24588566390975
248652 512 0 24588566669615
249164 512 0 24588566948256
249676 512 0 24588567226896
250188 512 0 24588567505537
250700 512 0 24588567784177
251212 512 0 24588568062818
251724 512 0 24588568341459
252236 512 0 24588568620099
252748 512 0 24588568898740
253260 512 0 24588569177380
253772 512 0 24588569456021
254284 512 0 24588569734661
254796 512 0 24588570013302
255308 512 0 24588570291942
255820 512 0 24588570570583
256332 512 0 24588570849223
256844 512 0 24588571127864
257356 512 0 24588571406505
257868 512 0 24588571685145
258380 512 0 24588571963786
258892 512 0 24588572242426
259404 512 0 24588572521067
259916 512 0 24588572799707
260428 512 0 24588573078348
260940 512 0 24588573356988
261452 512 0 24588573635629
261964 512 0 24588573914270
262476 512 0 24588574192911
262988 512 0 24588574471551
263500 512 0 24588574750192
264012 512 0 24588575028832
264524 512 0 24588575307473
265036 512 0 24588575586113
265548 512 0 24588575864754
266060 512 0 24588576143394
266572 512 0 24588576422035
267084 512 0 24588576700675
267596 512 0 24588576979316
268108 512 0 24588577257957
268620 512 0 24588577536597
269132 512 0 24588577815238
269644 512 0 24588578093878
270156 512 0 24588578372519
270668 512 0 24588578651159
271180 512 0 24588578929800
271692 512 0 24588579208440
272204 512 0 24588579487081
272716 512 0 24588579765722
273228 512 0 24588580044362
273740 512 0 24588580323003
274252 512 0 24588580601643
274764 512 0 24588580880284
275276 512 0 24588581158924
275788 512 0 24588581437565
276300 512 0 24588581716205
276812 512 0 24588581994846
277324 512 0 24588582273486
277836 512 0 24588582552127
278348 512 0 24588582830768
278860 512 0 24588583109409
279372 512 0 24588583388049
279884 512 0 24588583666690
280396 512 0 24588583945330
280908 512 0 24588584223971
281420 512 0 24588584502611
281932 512 0 24588584781252
282444 512 0 24588585059892
282956 512 0 24588585338533
283468 512 0 24588585617174
283980 512 0 24588585895814
284492 512 0 24588586174455
285004 512 0 24588586453095
285516 512 0 24588586731736
286028 512 0 24588587010376
286540 512 0 24588587289017
287052 512 0 24588587567657
287564 512 0 24588587846298
288076 512 0 24588588124938
288588 512 0 24588588403579
289100 512 0 24588588682220
289612 512 0 24588588960860
290124 512 0 24588589239501
290636 512 0 24588589518141
291148 512 0 24588589796782
291660 512 0 24588590075422
292172 512 0 24588590354063
292684 512 0 24588590632703
293196 512 0 24588590911344
293708 512 0 24588591189985
294220 512 0 24588591468625
294732 512 0 24588591747266
295244 512 0 24588592025907
295756 512 0 24588592304547
296268 512 0 24588592583188
296780 512 0 24588592861828
297292 512 0 24588593140469
297804 512 0 24588593419109
298316 512 0 24588593697750
298828 512 0 24588593976390
299340 512 0 24588594255031
299852 512 0 24588594533672
300364 512 0 24588594812312
300876 512 0 24588595090953
301388 512 0 24588595369593
301900 512 0 24588595648234
302412 512 0 24588595926874
302924 512 0 24588596205515
303436 512 0 24588596484155
303948 512 0 24588596762796
304460 512 0 24588597041437
304972 512 0 24588597320077
305484 512 0 24588597598718
305996 512 0 24588597877358
306508 512 0 24588598155999
307020 512 0 24588598434639
307532 512 0 24588598713280
308044 512 0 24588598991920
308556 512 0 24588599270561
309068 512 0 24588599549202
309580 512 0 24588599827842
310092 512 0 24588600106483
310604 512 0 24588600385123
311116 512 0 24588600663764
311628 512 0 24588600942405
312140 512 0 24588601221045
312652 512 0 24588601499686
313164 512 0 24588601778326
313676 512 0 24588602056967
314188 512 0 24588602335607
314700 512 0 24588602614248
315212 512 0 24588602892889
315724 512 0 24588603171529
316236 512 0 24588603450170
316748 512 0 24588603728810
317260 512 0 24588604007451
317772 512 0 24588604286091
318284 512 0 24588604564732
318796 512 0 24588604843372
319308 512 0 24588605122013
319820 512 0 24588605400654
320332 512 0 24588605679294
320844 512 0 24588605957935
321356 512 0 24588606236575
321868 512 0 24588606515216
322380 512 0 24588606793856
322892 512 0 24588607072497
323404 512 0 24588607351137
323916 512 0 24588607629778
324428 512 0 24588607908418
324940 512 0 24588608187059
325452 512 0 24588608465700
325964 512 0 24588608744340
326476 512 0 24588609022981
326988 512 0 24588609301621
327500 512 0 24588609580262
328012 512 0 24588609858903
328524 512 0 24588610137543
329036 512 0 24588610416184
329548 512 0 24588610694824
330060 512 0 24588610973465
330572 512 0 24588611252105
331084 512 0 24588611530746
331596 512 0 24588611809387
332108 512 0 24588612088027
332620 512 0 24588612366668
333132 512 0 24588612645308
333644 512 0 24588612923949
334156 512 0 24588613202589
334668 512 0 24588613481230
335180 512 0 24588613759870
335692 512 0 24588614038511
336204 512 0 24588614317152
336716 512 0 24588614595792
337228 512 0 24588614874433
337740 512 0 24588615153073
338252 512 0 24588615431714
338764 512 0 24588615710354
339276 512 0 24588615988995
339788 512 0 24588616267635
340300 512 0 24588616546276
340812 512 0 24588616824917
341324 512 0 24588617103557
341836 512 0 24588617382198
342348 512 0 24588617660838
342860 512 0 24588617939479
343372 512 0 24588618218119
343884 512 0 24588618496760
344396 512 0 24588618775401
344908 512 0 24588619054041
345420 512 0 24588619332682
345932 512 0 24588619611322
346444 512 0 24588619889963
346956 512 0 24588620168604
347468 512 0 24588620447244
347980 512 0 24588620725885
348492 512 0 24588621004525
349004 512 0 24588621283166
349516 512 0 24588621561806
350028 512 0 24588621840447
350540 512 0 24588622119087
351052 512 0 24588622397728
351564 512 0 24588622676368
352076 512 0 24588622955009
352588 512 0 24588623233650
353100 512 0 24588623512290
353612 512 0 24588623790931
354124 512 0 24588624069571
354636 512 0 24588624348212
355148 512 0 24588624626852
355660 512 0 24588624905493
356172 512 0 24588625184133
356684 512 0 24588625462774
357196 512 0 24588625741415
357708 512 0 24588626020055
358220 512 0 24588626298696
358732 512 0 24588626577336
359244 512 0 24588626855977
359756 512 0 24588627134617
360268 512 0 24588627413258
360780 512 0 24588627691899
361292 512 0 24588627970539
361804 512 0 24588628249180
362316 512 0 24588628527820
362828 512 0 24588628806461
363340 512 0 24588629085102
363852 512 0 24588629363742
364364 512 0 24588629642383
364876 512 0 24588629921023
365388 512 0 24588630199664
365900 512 0 24588630478304
366412 512 0 24588630756945
366924 512 0 24588631035585
367436 512 0 24588631314226
367948 512 0 24588631592867
368460 512 0 24588631871507
368972 512 0 24588632150148
369484 512 0 24588632428788
369996 512 0 24588632707429
370508 512 0 24588632986069
371020 512 0 24588633264710
371532 512 0 24588633543350
372044 512 0 24588633821991
372556 512 0 24588634100632
373068 512 0 24588634379272
373580 512 0 24588634657913
374092 512 0 24588634936553
374604 512 0 24588635215194
375116 512 0 24588635493834
375628 512 0 24588635772475
376140 512 0 24588636051115
376652 512 0 24588636329755
377164 512 0 24588636608396
377676 512 0 24588636887036
378188 512 0 24588637165677
378700 512 0 24588637444317
379212 512 0 24588637722958
379724 512 0 24588638001598
380236 512 0 24588638280239
380748 512 0 24588638558880
381260 512 0 24588638837520
381772 512 0 24588639116161
382284 512 0 24588639394801
382796 512 0 24588639673442
383308 512 0 24588639952082
383820 512 0 24588640230723
384332 512 0 24588640509363
384844 512 0 24588640788004
385356 512 0 24588641066645
385868 512 0 24588641345285
386380 512 0 24588641623926
386892 512 0 24588641902566
387404 512 0 24588642181207
387916 512 0 24588642459847
388428 512 0 24588642738488
388940 512 0 24588643017128
389452 512 0 24588643295769
389964 512 0 24588643574409
390476 512 0 24588643853050
390988 512 0 24588644131691
391500 512 0 24588644410331
392012 512 0 24588644688972
392524 512 0 24588644967612
393036 512 0 24588645246253
393548 512 0 24588645524894
394060 512 0 24588645803534
394572 512 0 24588646082175
395084 512 0 24588646360815
395596 512 0 24588646639456
396108 512 0 24588646918096
396620 512 0 24588647196737
397132 512 0 24588647475378
397644 512 0 24588647754018
398156 512 0 24588648032659
398668 512 0 24588648311299
399180 512 0 24588648589940
399692 512 0 24588648868580
400204 512 0 24588649147221
400716 512 0 24588649425861
401228 512 0 24588649704502
401740 512 0 24588649983143
402252 512 0 24588650261783
402764 512 0 24588650540424
403276 512 0 24588650819064
403788 512 0 24588651097705
404300 512 0 24588651376345
404812 512 0 24588651654986
405324 512 0 24588651933626
405836 512 0 24588652212267
406348 512 0 24588652490908
406860 512 0 24588652769548
407372 512 0 24588653048189
407884 512 0 24588653326829
408396 512 0 24588653605470
408908 512 0 24588653884110
409420 512 0 24588654162751
409932 512 0 24588654441392
410444 512 0 24588654720032
410956 512 0 24588654998673
411468 512 0 24588655277313
411980 512 0 24588655555954
412492 512 0 24588655834595
413004 512 0 24588656113235
413516 512 0 24588656391876
414028 512 0 24588656670516
414540 512 0 24588656949157
415052 512 0 24588657227797
415564 512 0 24588657506438
416076 512 0 24588657785078
416588 512 0 24588658063719
417100 512 0 24588658342360
417612 512 0 24588658621000
418124 512 0 24588658899641
418636 512 0 24588659178281
419148 512 0 24588659456922
419660 512 0 24588659735562
420172 512 0 24588660014203
420684 512 0 24588660292843
421196 512 0 24588660571484
421708 512 0 24588660850124
422220 512 0 24588661128765
422732 512 0 24588661407406
423244 512 0 24588661686046
423756 512 0 24588661964687
424268 512 0 24588662243327
424780 512 0 24588662521968
425292 512 0 24588662800608
425804 512 0 24588663079249
426316 512 0 24588663357890
426828 512 0 24588663636530
427340 512 0 24588663915171
427852 512 0 24588664193811
428364 512 0 24588664472452
428876 512 0 24588664751093
429388 512 0 24588665029733
429900 512 0 24588665308374
430412 512 0 24588665587014
430924 512 0 24588665865655
431436 512 0 24588666144295
431948 512 0 24588666422936
432460 512 0 24588666701576
432972 512 0 24588666980217
433484 512 0 24588667258858
433996 512 0 24588667537498
434508 512 0 24588667816139
435020 512 0 24588668094779
435532 512 0 24588668373420
436044 512 0 24588668652060
436556 512 0 24588668930701
437068 512 0 24588669209341
437580 512 0 24588669487982
438092 512 0 24588669766623
438604 512 0 24588670045263
439116 512 0 24588670323904
439628 512 0 24588670602544
440140 512 0 24588670881185
440652 512 0 24588671159825
441164 512 0 24588671438466
441676 512 0 24588671717106
442188 512 0 24588671995747
442700 512 0 24588672274388
443212 512 0 24588672553028
443724 512 0 24588672831669
444236 512 0 24588673110309
444748 512 0 24588673388950
445260 512 0 24588673667591
445772 512 0 24588673946231
446284 512 0 24588674224872
446796 512 0 24588674503512
447308 512 0 24588674782153
447820 512 0 24588675060793
448332 512 0 24588675339434
448844 512 0 24588675618074
449356 512 0 24588675896715
449868 512 0 24588676175356
450380 512 0 24588676453996
450892 512 0 24588676732637
451404 512 0 24588677011277
451916 512 0 24588677289918
452428 512 0 24588677568558
452940 512 0 24588677847199
453452 512 0 24588678125839
453964 512 0 24588678404480
454476 512 0 24588678683121
454988 512 0 24588678961761
455500 512 0 24588679240402
456012 512 0 24588679519042
456524 512 0 24588679797683
457036 512 0 24588680076323
457548 512 0 24588680354964
458060 512 0 24588680633604
458572 512 0 24588680912246
459084 512 0 24588681190887
459596 512 0 24588681469527
460108 512 0 24588681748168
460620 512 0 24588682026809
461132 512 0 24588682305449
461644 512 0 24588682584090
462156 512 0 24588682862730
462668 512 0 24588683141371
463180 512 0 24588683420011
463692 512 0 24588683698652
464204 512 0 24588683977293
464716 512 0 24588684255933
465228 512 0 24588684534574
465740 512 0 24588684813214
466252 512 0 24588685091855
466764 512 0 24588685370495
467276 512 0 24588685649136
467788 512 0 24588685927776
468300 512 0 24588686206417
468812 512 0 24588686485058
469324 512 0 24588686763698
469836 512 0 24588687042339
470348 512 0 24588687320979
470860 512 0 24588687599620
471372 512 0 24588687878260
471884 512 0 24588688156901
472396 512 0 24588688435541
472908 512 0 24588688714182
473420 512 0 24588688992823
473932 512 0 24588689271463
474444 512 0 24588689550104
474956 512 0 24588689828744
475468 512 0 24588690107385
475980 512 0 24588690386025
476492 512 0 24588690664666
477004 512 0 24588690943307
477516 512 0 24588691221947
478028 512 0 24588691500588
478540 512 0 24588691779228
479052 512 0 24588692057869
479564 512 0 24588692336509
480076 512 0 24588692615150
480588 512 0 24588692893791
481100 512 0 24588693172431
481612 512 0 24588693451072
482124 512 0 24588693729712
482636 512 0 24588694008353
483148 512 0 24588694286993
483660 512 0 24588694565634
484172 512 0 24588694844274
484684 512 0 24588695122915
485196 512 0 24588695401556
485708 512 0 24588695680196
486220 512 0 24588695958837
486732 512 0 24588696237477
487244 512 0 24588696516118
487756 512 0 24588696794758
488268 512 0 24588697073399
488780 512 0 24588697352039
489292 512 0 24588697630680
489804 512 0 24588697909321
490316 512 0 24588698187961
490828 512 0 24588698466602
491340 512 0 24588698745242
491852 512 0 24588699023883
492364 512 0 24588699302523
492876 512 0 24588699581164
493388 512 0 24588699859805
493900 512 0 24588700138445
494412 512 0 24588700417086
494924 512 0 24588700695726
495436 512 0 24588700974367
495948 512 0 24588701253007
496460 512 0 24588701531648
496972 512 0 24588701810289
497484 512 0 24588702088929
497996 512 0 24588702367570
498508 512 0 24588702646210
499020 512 0 24588702924851
499532 512 0 24588703203491
500044 512 0 24588703482132
500556 512 0 24588703760772
501068 512 0 24588704039413
501580 512 0 24588704318054
502092 512 0 24588704596694
502604 512 0 24588704875335
503116 512 0 24588705153975
503628 512 0 24588705432616
504140 512 0 24588705711256
504652 512 0 24588705989897
505164 512 0 24588706268537
505676 512 0 24588706547178
506188 512 0 24588706825819
506700 512 0 24588707104459
507212 512 0 24588707383100
507724 512 0 24588707661740
508236 512 0 24588707940381
508748 512 0 24588708219021
509260 512 0 24588708497662
509772 512 0 24588708776303
510284 512 0 24588709054943
510796 512 0 24588709333584
511308 512 0 24588709612224
511820 512 0 24588709890865
512332 512 0 24588710169505
512844 512 0 24588710448146
513356 512 0 24588710726787
513868 512 0 24588711005427
514380 512 0 24588711284068
514892 512 0 24588711562708
515404 512 0 24588711841349
515916 512 0 24588712119989
516428 512 0 24588712398630
516940 512 0 24588712677270
517452 512 0 24588712955911
517964 512 0 24588713234552
518476 512 0 24588713513192
518988 512 0 24588713791833
519500 512 0 24588714070473
520012 512 0 24588714349114
520524 512 0 24588714627754
521036 512 0 24588714906395
521548 512 0 24588715185036
522060 512 0 24588715463676
522572 512 0 24588715742317
523084 512 0 24588716020957
523596 512 0 24588716299598
524108 512 0 24588716578238
524620 512 0 24588716856879
525132 512 0 24588717135519
525644 512 0 24588717414160
526156 512 0 24588717692801
526668 512 0 24588717971441
527180 512 0 24588718250082
527692 512 0 24588718528722
528204 512 0 24588718807363
528716 512 0 24588719086003
529228 512 0 24588719364644
529740 512 0 24588719643285
530252 512 0 24588719921925
530764 512 0 24588720200566
531276 512 0 24588720479206
531788 512 0 24588720757847
532300 512 0 24588721036487
532812 512 0 24588721315128
533324 512 0 24588721593768
533836 512 0 24588721872409
534348 512 0 24588722151050
534860 512 0 24588722429690
535372 512 0 24588722708331
535884 512 0 24588722986971
536396 512 0 24588723265612
536908 512 0 24588723544252
537420 512 0 24588723822893
537932 512 0 24588724101534
538444 512 0 24588724380174
538956 512 0 24588724658815
539468 512 0 24588724937455
539980 512 0 24588725216096
540492 512 0 24588725494736
541004 512 0 24588725773377
541516 512 0 24588726052018
542028 512 0 24588726330658
542540 512 0 24588726609299
543052 512 0 24588726887939
543564 512 0 24588727166580
544076 512 0 24588727445220
544588 512 0 24588727723861
545100 512 0 24588728002501
545612 512 0 24588728281142
546124 512 0 24588728559783
546636 512 0 24588728838423
547148 512 0 24588729117064
547660 512 0 24588729395704
548172 512 0 24588729674345
548684 512 0 24588729952985
549196 512 0 24588730231626
549708 512 0 24588730510266
550220 512 0 24588730788907
550732 512 0 24588731067548
551244 512 0 24588731346188
551756 512 0 24588731624829
552268 512 0 24588731903469
552780 512 0 24588732182110
553292 512 0 24588732460750
553804 512 0 24588732739391
554316 512 0 24588733018032
554828 512 0 24588733296672
555340 512 0 24588733575313
555852 512 0 24588733853953
556364 512 0 24588734132594
556876 512 0 24588734411234
557388 512 0 24588734689875
557900 512 0 24588734968516
558412 512 0 24588735247156
558924 512 0 24588735525797
559436 512 0 24588735804437
559948 512 0 24588736083078
560460 512 0 24588736361718
560972 512 0 24588736640359
561484 512 0 24588736918999
561996 512 0 24588737197640
562508 512 0 24588737476281
563020 512 0 24588737754921
563532 512 0 24588738033562
564044 512 0 24588738312202
564556 512 0 24588738590843
565068 512 0 24588738869483
565580 512 0 24588739148124
566092 512 0 24588739426764
566604 512 0 24588739705405
567116 512 0 24588739984046
567628 512 0 24588740262686
568140 512 0 24588740541327
568652 512 0 24588740819967
569164 512 0 24588741098608
569676 512 0 24588741377248
570188 512 0 24588741655889
570700 512 0 24588741934530
571212 512 0 24588742213170
571724 512 0 24588742491811
572236 512 0 24588742770451
572748 512 0 24588743049092
573260 512 0 24588743327732
573772 512 0 24588743606373
574284 512 0 24588743885014
574796 512 0 24588744163654
575308 512 0 24588744442295
575820 512 0 24588744720935
576332 512 0 24588744999576
576844 512 0 24588745278216
577356 512 0 24588745556857
577868 512 0 24588745835497
578380 512 0 24588746114138
578892 512 0 24588746392779
579404 512 0 24588746671419
579916 512 0 24588746950060
580428 512 0 24588747228700
580940 512 0 24588747507341
581452 512 0 24588747785981
581964 512 0 24588748064622
582476 512 0 24588748343262
582988 512 0 24588748621903
583500 512 0 24588748900544
584012 512 0 24588749179184
584524 512 0 24588749457825
585036 512 0 24588749736465
585548 512 0 24588750015106
586060 512 0 24588750293746
586572 512 0 24588750572387
587084 512 0 24588750851028
587596 512 0 24588751129668
588108 512 0 24588751408309
588620 512 0 24588751686949
589132 512 0 24588751965590
589644 512 0 24588752244230
590156 512 0 24588752522871
590668 512 0 24588752801512
591180 512 0 24588753080152
591692 512 0 24588753358793
592204 512 0 24588753637433
592716 512 0 24588753916074
593228 512 0 24588754194714
593740 512 0 24588754473355
594252 512 0 24588754751995
594764 512 0 24588755030636
595276 512 0 24588755309277
595788 512 0 24588755587917
596300 512 0 24588755866558
596812 512 0 24588756145198
597324 512 0 24588756423839
597836 512 0 24588756702479
598348 512 0 24588756981120
598860 512 0 24588757259760
599372 512 0 24588757538401
599884 512 0 24588757817042
600396 512 0 24588758095682
600908 512 0 24588758374323
601420 512 0 24588758652963
601932 512 0 24588758931604
602444 512 0 24588759210244
602956 512 0 24588759488885
603468 512 0 24588759767526
603980 512 0 24588760046166
604492 512 0 24588760324807
605004 512 0 24588760603447
605516 512 0 24588760882088
606028 512 0 24588761160728
606540 512 0 24588761439369
607052 512 0 24588761718010
607564 512 0 24588761996650
608076 512 0 24588762275291
608588 512 0 24588762553931
609100 512 0 24588762832572
609612 512 0 24588763111212
610124 512 0 24588763389853
610636 512 0 24588763668493
611148 512 0 24588763947134
611660 512 0 24588764225775
612172 512 0 24588764504415
612684 512 0 24588764783056
613196 512 0 24588765061696
613708 512 0 24588765340337
614220 512 0 24588765618977
614732 512 0 24588765897618
615244 512 0 24588766176259
615756 512 0 24588766454899
616268 512 0 24588766733540
616780 512 0 24588767012180
617292 512 0 24588767290821
617804 512 0 24588767569461
618316 512 0 24588767848102
618828 512 0 24588768126742
619340 512 0 24588768405383
619852 512 0 24588768684024
620364 512 0 24588768962664
620876 512 0 24588769241305
621388 512 0 24588769519945
621900 512 0 24588769798586
622412 512 0 24588770077227
622924 512 0 24588770355868
623436 512 0 24588770634509
623948 512 0 24588770913149
624460 512 0 24588771191790
624972 512 0 24588771470430
625484 512 0 24588771749071
625996 512 0 24588772027711
626508 512 0 24588772306352
627020 512 0 24588772584993
627532 512 0 24588772863633
628044 512 0 24588773142274
628556 512 0 24588773420914
629068 512 0 24588773699555
629580 512 0 24588773978195
630092 512 0 24588774256836
630604 512 0 24588774535477
631116 512 0 24588774814117
631628 512 0 24588775092758
632140 512 0 24588775371398
632652 512 0 24588775650039
633164 512 0 24588775928679
633676 512 0 24588776207320
634188 512 0 24588776485960
634700 512 0 24588776764601
635212 512 0 24588777043242
635724 512 0 24588777321882
636236 512 0 24588777600523
636748 512 0 24588777879163
637260 512 0 24588778157804
637772 512 0 24588778436444
638284 512 0 24588778715085
638796 512 0 24588778993725
639308 512 0 24588779272366
639820 512 0 24588779551007
640332 512 0 24588779829647
640844 512 0 24588780108288
641356 512 0 24588780386928
641868 512 0 24588780665569
642380 512 0 24588780944209
642892 512 0 24588781222850
643404 512 0 24588781501491
643916 512 0 24588781780131
644428 512 0 24588782058772
644940 512 0 24588782337412
645452 512 0 24588782616053
645964 512 0 24588782894693
646476 512 0 24588783173334
646988 512 0 24588783451975
647500 512 0 24588783730615
648012 512 0 24588784009256
648524 512 0 24588784287896
649036 512 0 24588784566537
649548 512 0 24588784845177
650060 512 0 24588785123818
650572 512 0 24588785402458
651084 512 0 24588785681099
651596 512 0 24588785959740
652108 512 0 24588786238380
652620 512 0 24588786517021
653132 512 0 24588786795661
653644 512 0 24588787074302
654156 512 0 24588787352942
654668 512 0 24588787631583
655180 512 0 24588787910223
655692 512 0 24588788188864
656204 512 0 24588788467505
656716 512 0 24588788746145
657228 512 0 24588789024786
657740 512 0 24588789303426
658252 512 0 24588789582067
658764 512 0 24588789860707
659276 512 0 24588790139348
659788 512 0 24588790417989
660300 512 0 24588790696629
660812 512 0 24588790975270
661324 512 0 24588791253910
661836 512 0 24588791532551
662348 512 0 24588791811191
662860 512 0 24588792089832
663372 512 0 24588792368473
663884 512 0 24588792647113
664396 512 0 24588792925754
664908 512 0 24588793204394
665420 512 0 24588793483035
665932 512 0 24588793761675
666444 512 0 24588794040316
666956 512 0 24588794318956
667468 512 0 24588794597597
667980 512 0 24588794876238
668492 512 0 24588795154878
669004 512 0 24588795433519
669516 512 0 24588795712159
670028 512 0 24588795990800
670540 512 0 24588796269440
671052 512 0 24588796548081
671564 512 0 24588796826723
672076 512 0 24588797105363
672588 512 0 24588797384004
673100 512 0 24588797662644
673612 512 0 24588797941285
674124 512 0 24588798219925
674636 512 0 24588798498566
675148 512 0 24588798777207
675660 512 0 24588799055847
676172 512 0 24588799334488
676684 512 0 24588799613128
677196 512 0 24588799891769
677708 512 0 24588800170409
678220 512 0 24588800449050
678732 512 0 24588800727691
679244 512 0 24588801006331
679756 512 0 24588801284972
680268 512 0 24588801563612
680780 512 0 24588801842253
681292 512 0 24588802120893
681804 512 0 24588802399534
682316 512 0 24588802678174
682828 512 0 24588802956815
683340 512 0 24588803235456
683852 512 0 24588803514096
684364 512 0 24588803792737
684876 512 0 24588804071377
685388 512 0 24588804350018
685900 512 0 24588804628658
686412 512 0 24588804907299
686924 512 0 24588805185940
687436 512 0 24588805464580
687948 512 0 24588805743221
688460 512 0 24588806021861
688972 512 0 24588806300502
689484 512 0 24588806579142
689996 512 0 24588806857783
690508 512 0 24588807136423
691020 512 0 24588807415064
691532 512 0 24588807693705
692044 512 0 24588807972345
692556 512 0 24588808250986
693068 512 0 24588808529626
693580 512 0 24588808808267
694092 512 0 24588809086907
694604 512 0 24588809365548
695116 512 0 24588809644188
695628 512 0 24588809922829
696140 512 0 24588810201470
696652 512 0 24588810480110
697164 512 0 24588810758751
697676 512 0 24588811037391
698188 512 0 24588811316032
698700 512 0 24588811594672
699212 512 0 24588811873313
699724 512 0 24588812151954
700236 512 0 24588812430594
700748 512 0 24588812709235
701260 512 0 24588812987875
701772 512 0 24588813266516
702284 512 0 24588813545156
702796 512 0 24588813823797
703308 512 0 24588814102438
703820 512 0 24588814381078
704332 512 0 24588814659720
704844 512 0 24588814938360
705356 512 0 24588815217001
705868 512 0 24588815495641
706380 512 0 24588815774282
706892 512 0 24588816052922
707404 512 0 24588816331563
707916 512 0 24588816610204
708428 512 0 24588816888844
708940 512 0 24588817167485
709452 512 0 24588817446125
709964 512 0 24588817724766
710476 512 0 24588818003406
710988 512 0 24588818282047
711500 512 0 24588818560688
712012 512 0 24588818839328
712524 512 0 24588819117969
713036 512 0 24588819396609
713548 512 0 24588819675250
444 512 0 24588824902380
956 512 0 24588825158380
1468 512 0 24588825414380
1980 512 0 24588825670380
2492 512 0 24588825926380
3004 512 0 24588826182380
3516 512 0 24588826438380
4028 512 0 24588826694380
4540 512 0 24588826950380
5052 512 0 24588827206380
5564 512 0 24588827462380
6076 512 0 24588827718380
6588 512 0 24588827974380
7100 512 0 24588828230380
7612 512 0 24588828486380
8124 512 0 24588828742380
8636 512 0 24588828998380
9148 512 0 24588829254380
9660 512 0 24588829510380
10172 512 0 24588829766380
10684 512 0 24588830022380
11196 512 0 24588830278380
11708 512 0 24588830534380
12220 512 0 24588830790380
12732 512 0 24588831046380
13244 512 0 24588831302380
13756 512 0 24588831558380
14268 512 0 24588831814380
14780 512 0 24588832070380
15292 512 0 24588832326380
15804 512 0 24588832582380
16316 512 0 24588832838380
16828 512 0 24588833094380
17340 512 0 24588833350380
17852 512 0 24588833606380
18364 512 0 24588833862380
18876 512 0 24588834118380
19388 512 0 24588834374380
19900 512 0 24588834630380
20412 512 0 24588834886380
20924 512 0 24588835142380
21436 512 0 24588835398380
21948 512 0 24588835654380
22460 512 0 24588835910380
22972 512 0 24588836166380
23484 512 0 24588836422380
23996 512 0 24588836678380
24508 512 0 24588836934380
25020 512 0 24588837190380
25532 512 0 24588837446380
26044 512 0 24588837702380
26556 512 0 24588837958380
27068 512 0 24588838214380
27580 512 0 24588838470380
28092 512 0 24588838726380
28604 512 0 24588838982380
29116 512 0 24588839238380
29628 512 0 24588839494380
30140 512 0 24588839750380
30652 512 0 24588840006380
31164 512 0 24588840262380
31676 512 0 24588840518380
32188 512 0 24588840774380
32700 512 0 24588841030436
33212 512 0 24588841286437
33724 512 0 24588841542437
34236 512 0 24588841798438
34748 512 0 24588842054439
35260 512 0 24588842310440
35772 512 0 24588842566440
36284 512 0 24588842822441
36796 512 0 24588843078442
37308 512 0 24588843334443
37820 512 0 24588843590443
38332 512 0 24588843846444
38844 512 0 24588844102445
39356 512 0 24588844358446
39868 512 0 24588844614446
40380 512 0 24588844870447
40892 512 0 24588845126448
41404 512 0 24588845382449
41916 512 0 24588845638449
42428 512 0 24588845894450
42940 512 0 24588846150451
43452 512 0 24588846406452
43964 512 0 24588846662452
44476 512 0 24588846918453
44988 512 0 24588847174454
45500 512 0 24588847430455
46012 512 0 24588847686455
46524 512 0 24588847942456
47036 512 0 24588848198457
47548 512 0 24588848454458
48060 512 0 24588848710458
48572 512 0 24588848966459
49084 512 0 24588849222476
49596 512 0 24588849478477
50108 512 0 24588849734478
50620 512 0 24588849990479
51132 512 0 24588850246479
51644 512 0 24588850502480
52156 512 0 24588850758481
52668 512 0 24588851014482
53180 512 0 24588851270483
53692 512 0 24588851526484
54204 512 0 24588851782485
54716 512 0 24588852038486
55228 512 0 24588852294487
55740 512 0 24588852550488
56252 512 0 24588852806489
56764 512 0 24588853062490
57276 512 0 24588853318491
57788 512 0 24588853574492
58300 512 0 24588853830493
58812 512 0 24588854086494
59324 512 0 24588854342495
59836 512 0 24588854598496
60348 512 0 24588854854497
60860 512 0 24588855110498
61372 512 0 24588855366499
61884 512 0 24588855622500
62396 512 0 24588855878501
62908 512 0 24588856134502
63420 512 0 24588856390503
63932 512 0 24588856646503
64444 512 0 24588856902504
64956 512 0 24588857158505
65468 512 0 24588857414510
65980 512 0 24588857670511
66492 512 0 24588857926512
67004 512 0 24588858182513
67516 512 0 24588858438514
68028 512 0 24588858694515
68540 512 0 24588858950516
69052 512 0 24588859206517
69564 512 0 24588859462518
70076 512 0 24588859718519
70588 512 0 24588859974520
71100 512 0 24588860230521
71612 512 0 24588860486522
72124 512 0 24588860742523
72636 512 0 24588860998524
73148 512 0 24588861254525
73660 512 0 24588861510526
74172 512 0 24588861766527
74684 512 0 24588862022528
75196 512 0 24588862278529
75708 512 0 24588862534530
76220 512 0 24588862790531
76732 512 0 24588863046532
77244 512 0 24588863302533
77756 512 0 24588863558534
78268 512 0 24588863814535
78780 512 0 24588864070536
79292 512 0 24588864326537
79804 512 0 24588864582538
80316 512 0 24588864838539
80828 512 0 24588865094540
81340 512 0 24588865350541
81852 512 0 24588865606543
82364 512 0 24588865862544
82876 512 0 24588866118545
83388 512 0 24588866374546
83900 512 0 24588866630547
84412 512 0 24588866886548
84924 512 0 24588867142549
85436 512 0 24588867398550
85948 512 0 24588867654551
86460 512 0 24588867910552
86972 512 0 24588868166553
87484 512 0 24588868422554
87996 512 0 24588868678555
88508 512 0 24588868934556
89020 512 0 24588869190557
89532 512 0 24588869446559
90044 512 0 24588869702560
90556 512 0 24588869958561
91068 512 0 24588870214562
91580 512 0 24588870470563
92092 512 0 24588870726564
92604 512 0 24588870982565
93116 512 0 24588871238566
93628 512 0 24588871494567
94140 512 0 24588871750568
94652 512 0 24588872006569
95164 512 0 24588872262570
95676 512 0 24588872518571
96188 512 0 24588872774572
96700 512 0 24588873030573
97212 512 0 24588873286574
97724 512 0 24588873542575
98236 512 0 24588873798574
98748 512 0 24588874054575
99260 512 0 24588874310576
99772 512 0 24588874566577
100284 512 0 24588874822578
100796 512 0 24588875078579
101308 512 0 24588875334580
101820 512 0 24588875590581
102332 512 0 24588875846582
102844 512 0 24588876102583
103356 512 0 24588876358583
103868 512 0 24588876614584
104380 512 0 24588876870585
104892 512 0 24588877126586
105404 512 0 24588877382587
105916 512 0 24588877638588
106428 512 0 24588877894589
106940 512 0 24588878150590
107452 512 0 24588878406591
107964 512 0 24588878662592
108476 512 0 24588878918593
108988 512 0 24588879174594
109500 512 0 24588879430595
110012 512 0 24588879686596
110524 512 0 24588879942597
111036 512 0 24588880198598
111548 512 0 24588880454599
112060 512 0 24588880710600
112572 512 0 24588880966601
113084 512 0 24588881222602
113596 512 0 24588881478603
114108 512 0 24588881734604
114620 512 0 24588881990604
115132 512 0 24588882246605
115644 512 0 24588882502606
116156 512 0 24588882758607
116668 512 0 24588883014608
117180 512 0 24588883270609
117692 512 0 24588883526610
118204 512 0 24588883782611
118716 512 0 24588884038612
119228 512 0 24588884294613
119740 512 0 24588884550614
120252 512 0 24588884806615
120764 512 0 24588885062616
121276 512 0 24588885318617
121788 512 0 24588885574618
122300 512 0 24588885830619
122812 512 0 24588886086620
123324 512 0 24588886342621
123836 512 0 24588886598622
124348 512 0 24588886854623
124860 512 0 24588887110624
125372 512 0 24588887366625
125884 512 0 24588887622626
126396 512 0 24588887878627
126908 512 0 24588888134628
127420 512 0 24588888390629
127932 512 0 24588888646630
128444 512 0 24588888902631
128956 512 0 24588889158632
129468 512 0 24588889414633
129980 512 0 24588889670634
130492 512 0 24588889926635
131004 512 0 24588890182636
131516 512 0 24588890438637
132028 512 0 24588890694638
132540 512 0 24588890950639
133052 512 0 24588891206640
133564 512 0 24588891462641
134076 512 0 24588891718642
134588 512 0 24588891974643
135100 512 0 24588892230644
135612 512 0 24588892486645
136124 512 0 24588892742646
136636 512 0 24588892998647
137148 512 0 24588893254648
137660 512 0 24588893510649
138172 512 0 24588893766650
138684 512 0 24588894022651
139196 512 0 24588894278652
139708 512 0 24588894534653
140220 512 0 24588894790654
140732 512 0 24588895046655
141244 512 0 24588895302656
141756 512 0 24588895558657
142268 512 0 24588895814658
142780 512 0 24588896070659
143292 512 0 24588896326660
143804 512 0 24588896582661
144316 512 0 24588896838662
144828 512 0 24588897094663
145340 512 0 24588897350664
145852 512 0 24588897606665
146364 512 0 24588897862666
146876 512 0 24588898118667
147388 512 0 24588898374670
147900 512 0 24588898630671
148412 512 0 24588898886672
148924 512 0 24588899142673
149436 512 0 24588899398674
149948 512 0 24588899654675
150460 512 0 24588899910676
150972 512 0 24588900166677
151484 512 0 24588900422678
151996 512 0 24588900678679
152508 512 0 24588900934680
153020 512 0 24588901190681
153532 512 0 24588901446682
154044 512 0 24588901702683
154556 512 0 24588901958684
155068 512 0 24588902214685
155580 512 0 24588902470686
156092 512 0 24588902726687
156604 512 0 24588902982688
157116 512 0 24588903238689
157628 512 0 24588903494690
158140 512 0 24588903750691
158652 512 0 24588904006692
159164 512 0 24588904262693
159676 512 0 24588904518694
160188 512 0 24588904774695
160700 512 0 24588905030696
161212 512 0 24588905286697
161724 512 0 24588905542698
162236 512 0 24588905798699
162748 512 0 24588906054700
163260 512 0 24588906310701
163772 512 0 24588906566703
164284 512 0 24588906822704
164796 512 0 24588907078705
165308 512 0 24588907334706
165820 512 0 24588907590707
166332 512 0 24588907846708
166844 512 0 24588908102709
167356 512 0 24588908358710
167868 512 0 24588908614711
168380 512 0 24588908870712
168892 512 0 24588909126713
169404 512 0 24588909382714
169916 512 0 24588909638715
170428 512 0 24588909894716
170940 512 0 24588910150717
171452 512 0 24588910406718
171964 512 0 24588910662719
172476 512 0 24588910918720
172988 512 0 24588911174721
173500 512 0 24588911430722
174012 512 0 24588911686723
174524 512 0 24588911942724
175036 512 0 24588912198725
175548 512 0 24588912454726
176060 512 0 24588912710727
176572 512 0 24588912966728
177084 512 0 24588913222729
177596 512 0 24588913478730
178108 512 0 24588913734731
178620 512 0 24588913990732
179132 512 0 24588914246733
179644 512 0 24588914502734
180156 512 0 24588914758736
180668 512 0 24588915014737
181180 512 0 24588915270738
181692 512 0 24588915526739
182204 512 0 24588915782740
182716 512 0 24588916038741
183228 512 0 24588916294742
183740 512 0 24588916550743
184252 512 0 24588916806744
184764 512 0 24588917062745
185276 512 0 24588917318746
185788 512 0 24588917574747
186300 512 0 24588917830748
186812 512 0 24588918086749
187324 512 0 24588918342750
187836 512 0 24588918598751
188348 512 0 24588918854752
188860 512 0 24588919110753
189372 512 0 24588919366754
189884 512 0 24588919622755
190396 512 0 24588919878756
190908 512 0 24588920134757
191420 512 0 24588920390758
191932 512 0 24588920646760
192444 512 0 24588920902761
192956 512 0 24588921158762
193468 512 0 24588921414763
193980 512 0 24588921670764
194492 512 0 24588921926765
195004 512 0 24588922182766
195516 512 0 24588922438767
196028 512 0 24588922694768
196540 512 0 24588922950768
197052 512 0 24588923206769
197564 512 0 24588923462770
198076 512 0 24588923718771
198588 512 0 24588923974772
199100 512 0 24588924230773
199612 512 0 24588924486774
200124 512 0 24588924742775
200636 512 0 24588924998776
201148 512 0 24588925254777
201660 512 0 24588925510778
202172 512 0 24588925766779
202684 512 0 24588926022780
203196 512 0 24588926278781
203708 512 0 24588926534782
204220 512 0 24588926790783
204732 512 0 24588927046784
205244 512 0 24588927302785
205756 512 0 24588927558786
206268 512 0 24588927814787
206780 512 0 24588928070788
207292 512 0 24588928326789
207804 512 0 24588928582790
208316 512 0 24588928838791
208828 512 0 24588929094792
209340 512 0 24588929350793
209852 512 0 24588929606794
210364 512 0 24588929862795
210876 512 0 24588930118796
211388 512 0 24588930374797
211900 512 0 24588930630798
212412 512 0 24588930886799
212924 512 0 24588931142801
213436 512 0 24588931398802
213948 512 0 24588931654803
214460 512 0 24588931910804
214972 512 0 24588932166805
215484 512 0 24588932422806
215996 512 0 24588932678807
216508 512 0 24588932934808
217020 512 0 24588933190809
217532 512 0 24588933446810
218044 512 0 24588933702811
218556 512 0 24588933958812
219068 512 0 24588934214813
219580 512 0 24588934470815
220092 512 0 24588934726816
220604 512 0 24588934982817
221116 512 0 24588935238818
221628 512 0 24588935494819
222140 512 0 24588935750820
222652 512 0 24588936006821
223164 512 0 24588936262822
223676 512 0 24588936518823
224188 512 0 24588936774824
224700 512 0 24588937030825
225212 512 0 24588937286826
225724 512 0 24588937542827
226236 512 0 24588937798828
226748 512 0 24588938054829
227260 512 0 24588938310830
227772 512 0 24588938566831
228284 512 0 24588938822832
228796 512 0 24588939078833
229308 512 0 24588939334834
229820 512 0 24588939590835
230332 512 0 24588939846836
230844 512 0 24588940102838
231356 512 0 24588940358839
231868 512 0 24588940614840
232380 512 0 24588940870841
232892 512 0 24588941126842
233404 512 0 24588941382843
233916 512 0 24588941638844
234428 512 0 24588941894845
234940 512 0 24588942150846
235452 512 0 24588942406847
235964 512 0 24588942662848
236476 512 0 24588942918849
236988 512 0 24588943174850
237500 512 0 24588943430851
238012 512 0 24588943686852
238524 512 0 24588943942853
239036 512 0 24588944198854
239548 512 0 24588944454855
240060 512 0 24588944710856
240572 512 0 24588944966857
241084 512 0 24588945222858
241596 512 0 24588945478859
242108 512 0 24588945734860
242620 512 0 24588945990861
243132 512 0 24588946246862
243644 512 0 24588946502863
244156 512 0 24588946758864
244668 512 0 24588947014865
245180 512 0 24588947270866
245692 512 0 24588947526868
246204 512 0 24588947782869
246716 512 0 24588948038870
247228 512 0 24588948294871
247740 512 0 24588948550872
248252 512 0 24588948806873
248764 512 0 24588949062874
249276 512 0 24588949318875
249788 512 0 24588949574876
250300 512 0 24588949830877
250812 512 0 24588950086878
251324 512 0 24588950342879
251836 512 0 24588950598880
252348 512 0 24588950854881
252860 512 0 24588951110882
253372 512 0 24588951366883
253884 512 0 24588951622884
254396 512 0 24588951878885
254908 512 0 24588952134886
255420 512 0 24588952390887
255932 512 0 24588952646888
256444 512 0 24588952902889
256956 512 0 24588953158890
257468 512 0 24588953414891
257980 512 0 24588953670892
258492 512 0 24588953926893
259004 512 0 24588954182894
259516 512 0 24588954438895
260028 512 0 24588954694896
260540 512 0 24588954950897
261052 512 0 24588955206898
261564 512 0 24588955462899
262076 512 0 24588955718901
262588 512 0 24588955974902
263100 512 0 24588956230903
263612 512 0 24588956486904
264124 512 0 24588956742905
264636 512 0 24588956998906
265148 512 0 24588957254907
265660 512 0 24588957510908
266172 512 0 24588957766909
266684 512 0 24588958022910
267196 512 0 24588958278911
267708 512 0 24588958534912
268220 512 0 24588958790913
268732 512 0 24588959046914
269244 512 0 24588959302915
269756 512 0 24588959558916
270268 512 0 24588959814917
270780 512 0 24588960070918
271292 512 0 24588960326919
271804 512 0 24588960582920
272316 512 0 24588960838921
272828 512 0 24588961094922
273340 512 0 24588961350923
273852 512 0 24588961606924
274364 512 0 24588961862925
274876 512 0 24588962118926
275388 512 0 24588962374927
275900 512 0 24588962630928
276412 512 0 24588962886929
276924 512 0 24588963142930
277436 512 0 24588963398931
277948 512 0 24588963654932
278460 512 0 24588963910934
278972 512 0 24588964166935
279484 512 0 24588964422936
279996 512 0 24588964678937
280508 512 0 24588964934938
281020 512 0 24588965190939
281532 512 0 24588965446940
282044 512 0 24588965702941
282556 512 0 24588965958942
283068 512 0 24588966214943
283580 512 0 24588966470944
284092 512 0 24588966726945
284604 512 0 24588966982946
285116 512 0 24588967238947
285628 512 0 24588967494948
286140 512 0 24588967750949
286652 512 0 24588968006950
287164 512 0 24588968262951
287676 512 0 24588968518952
288188 512 0 24588968774953
288700 512 0 24588969030954
289212 512 0 24588969286955
289724 512 0 24588969542956
290236 512 0 24588969798957
290748 512 0 24588970054958
291260 512 0 24588970310959
291772 512 0 24588970566960
292284 512 0 24588970822961
292796 512 0 24588971078962
293308 512 0 24588971334963
293820 512 0 24588971590964
294332 512 0 24588971846965
294844 512 0 24588972102967
295356 512 0 24588972358968
295868 512 0 24588972614969
296380 512 0 24588972870970
296892 512 0 24588973126971
297404 512 0 24588973382972
297916 512 0 24588973638973
298428 512 0 24588973894974
298940 512 0 24588974150975
299452 512 0 24588974406976
299964 512 0 24588974662977
300476 512 0 24588974918978
300988 512 0 24588975174979
301500 512 0 24588975430980
302012 512 0 24588975686981
302524 512 0 24588975942982
303036 512 0 24588976198983
303548 512 0 24588976454984
304060 512 0 24588976710985
304572 512 0 24588976966986
305084 512 0 24588977222987
305596 512 0 24588977478988
306108 512 0 24588977734989
306620 512 0 24588977990990
307132 512 0 24588978246991
307644 512 0 24588978502992
308156 512 0 24588978758993
308668 512 0 24588979014994
309180 512 0 24588979270995
309692 512 0 24588979526996
310204 512 0 24588979782997
310716 512 0 24588980038998
311228 512 0 24588980295000
311740 512 0 24588980551001
312252 512 0 24588980807002
312764 512 0 24588981063003
313276 512 0 24588981319004
313788 512 0 24588981575005
314300 512 0 24588981831006
314812 512 0 24588982087007
315324 512 0 24588982343008
315836 512 0 24588982599009
316348 512 0 24588982855010
316860 512 0 24588983111011
317372 512 0 24588983367012
317884 512 0 24588983623013
318396 512 0 24588983879014
318908 512 0 24588984135015
319420 512 0 24588984391016
319932 512 0 24588984647017
320444 512 0 24588984903018
320956 512 0 24588985159019
321468 512 0 24588985415020
321980 512 0 24588985671021
322492 512 0 24588985927022
323004 512 0 24588986183023
323516 512 0 24588986439024
324028 512 0 24588986695025
324540 512 0 24588986951026
325052 512 0 24588987207027
325564 512 0 24588987463028
326076 512 0 24588987719029
326588 512 0 24588987975030
327100 512 0 24588988231031
327612 512 0 24588988487033
328124 512 0 24588988743034
328636 512 0 24588988999035
329148 512 0 24588989255036
329660 512 0 24588989511037
330172 512 0 24588989767038
330684 512 0 24588990023039
331196 512 0 24588990279040
331708 512 0 24588990535041
332220 512 0 24588990791042
332732 512 0 24588991047043
333244 512 0 24588991303044
333756 512 0 24588991559045
334268 512 0 24588991815046
334780 512 0 24588992071047
335292 512 0 24588992327048
335804 512 0 24588992583049
336316 512 0 24588992839050
336828 512 0 24588993095051
337340 512 0 24588993351052
337852 512 0 24588993607053
338364 512 0 24588993863054
338876 512 0 24588994119055
339388 512 0 24588994375056
339900 512 0 24588994631057
340412 512 0 24588994887058
340924 512 0 24588995143059
341436 512 0 24588995399060
341948 512 0 24588995655061
342460 512 0 24588995911062
342972 512 0 24588996167063
343484 512 0 24588996423064
343996 512 0 24588996679066
344508 512 0 24588996935067
345020 512 0 24588997191068
345532 512 0 24588997447069
346044 512 0 24588997703070
346556 512 0 24588997959071
347068 512 0 24588998215072
347580 512 0 24588998471073
348092 512 0 24588998727074
348604 512 0 24588998983075
349116 512 0 24588999239076
349628 512 0 24588999495077
350140 512 0 24588999751078
350652 512 0 24589000007079
351164 512 0 24589000263080
351676 512 0 24589000519081
352188 512 0 24589000775082
352700 512 0 24589001031083
353212 512 0 24589001287084
353724 512 0 24589001543085
354236 512 0 24589001799086
354748 512 0 24589002055087
355260 512 0 24589002311088
355772 512 0 24589002567089
356284 512 0 24589002823090
356796 512 0 24589003079091
357308 512 0 24589003335092
357820 512 0 24589003591093
358332 512 0 24589003847094
358844 512 0 24589004103095
359356 512 0 24589004359096
359868 512 0 24589004615098
360380 512 0 24589004871100
360892 512 0 24589005127101
361404 512 0 24589005383102
361916 512 0 24589005639103
362428 512 0 24589005895104
362940 512 0 24589006151105
363452 512 0 24589006407106
363964 512 0 24589006663107
364476 512 0 24589006919108
364988 512 0 24589007175109
365500 512 0 24589007431110
366012 512 0 24589007687111
366524 512 0 24589007943112
367036 512 0 24589008199113
367548 512 0 24589008455114
368060 512 0 24589008711115
368572 512 0 24589008967116
369084 512 0 24589009223117
369596 512 0 24589009479118
370108 512 0 24589009735119
370620 512 0 24589009991120
371132 512 0 24589010247121
371644 512 0 24589010503122
372156 512 0 24589010759124
372668 512 0 24589011015125
373180 512 0 24589011271126
373692 512 0 24589011527127
374204 512 0 24589011783128
374716 512 0 24589012039129
375228 512 0 24589012295130
375740 512 0 24589012551131
376252 512 0 24589012807132
376764 512 0 24589013063133
377276 512 0 24589013319134
377788 512 0 24589013575135
378300 512 0 24589013831136
378812 512 0 24589014087137
379324 512 0 24589014343138
379836 512 0 24589014599139
380348 512 0 24589014855140
380860 512 0 24589015111141
381372 512 0 24589015367142
381884 512 0 24589015623143
382396 512 0 24589015879144
382908 512 0 24589016135145
383420 512 0 24589016391146
383932 512 0 24589016647147
1636 512 0 24589023084358
2148 512 0 24589023212358
2660 512 0 24589023340358
3172 512 0 24589023468358
3684 512 0 24589023596358
4196 512 0 24589023724358
4708 512 0 24589023852358
5220 512 0 24589023980358
5732 512 0 24589024108358
6244 512 0 24589024236358
6756 512 0 24589024364358
7268 512 0 24589024492358
7780 512 0 24589024620358
8292 512 0 24589024748358
8804 512 0 24589024876358
9316 512 0 24589025004358
9828 512 0 24589025132358
10340 512 0 24589025260358
10852 512 0 24589025388358
11364 512 0 24589025516358
11876 512 0 24589025644358
12388 512 0 24589025772358
12900 512 0 24589025900358
13412 512 0 24589026028358
13924 512 0 24589026156358
14436 512 0 24589026284358
14948 512 0 24589026412358
15460 512 0 24589026540358
15972 512 0 24589026668358
16484 512 0 24589026796358
16996 512 0 24589026924358
17508 512 0 24589027052358
18020 512 0 24589027180358
18532 512 0 24589027308358
19044 512 0 24589027436358
19556 512 0 24589027564358
20068 512 0 24589027692358
20580 512 0 24589027820358
21092 512 0 24589027948358
21604 512 0 24589028076358
22116 512 0 24589028204358
22628 512 0 24589028332358
23140 512 0 24589028460358
23652 512 0 24589028588358
24164 512 0 24589028716358
24676 512 0 24589028844358
25188 512 0 24589028972358
25700 512 0 24589029100358
26212 512 0 24589029228358
26724 512 0 24589029356358
27236 512 0 24589029484358
27748 512 0 24589029612358
28260 512 0 24589029740358
28772 512 0 24589029868358
29284 512 0 24589029996358
29796 512 0 24589030124358
30308 512 0 24589030252358
30820 512 0 24589030380358
31332 512 0 24589030508358
31844 512 0 24589030636358
32356 512 0 24589030764386
32868 512 0 24589030892386
33380 512 0 24589031020386
33892 512 0 24589031148387
34404 512 0 24589031276387
34916 512 0 24589031404388
35428 512 0 24589031532388
35940 512 0 24589031660388
36452 512 0 24589031788389
36964 512 0 24589031916389
37476 512 0 24589032044389
37988 512 0 24589032172390
38500 512 0 24589032300390
39012 512 0 24589032428391
39524 512 0 24589032556391
40036 512 0 24589032684391
40548 512 0 24589032812392
41060 512 0 24589032940392
41572 512 0 24589033068392
42084 512 0 24589033196393
42596 512 0 24589033324393
43108 512 0 24589033452394
43620 512 0 24589033580394
44132 512 0 24589033708394
44644 512 0 24589033836395
45156 512 0 24589033964395
45668 512 0 24589034092395
46180 512 0 24589034220396
46692 512 0 24589034348396
47204 512 0 24589034476397
47716 512 0 24589034604397
48228 512 0 24589034732397
48740 512 0 24589034860406
49252 512 0 24589034988407
49764 512 0 24589035116407
50276 512 0 24589035244408
50788 512 0 24589035372408
51300 512 0 24589035500409
51812 512 0 24589035628409
52324 512 0 24589035756410
52836 512 0 24589035884410
53348 512 0 24589036012411
53860 512 0 24589036140411
54372 512 0 24589036268412
54884 512 0 24589036396412
55396 512 0 24589036524413
55908 512 0 24589036652413
56420 512 0 24589036780414
56932 512 0 24589036908414
57444 512 0 24589037036415
57956 512 0 24589037164415
58468 512 0 24589037292416
58980 512 0 24589037420416
59492 512 0 24589037548417
60004 512 0 24589037676417
60516 512 0 24589037804418
61028 512 0 24589037932418
61540 512 0 24589038060419
62052 512 0 24589038188419
62564 512 0 24589038316420
63076 512 0 24589038444420
63588 512 0 24589038572421
64100 512 0 24589038700421
64612 512 0 24589038828422
65124 512 0 24589038956422
65636 512 0 24589039084423
66148 512 0 24589039212423
66660 512 0 24589039340424
67172 512 0 24589039468424
67684 512 0 24589039596425
68196 512 0 24589039724425
68708 512 0 24589039852426
69220 512 0 24589039980426
69732 512 0 24589040108427
70244 512 0 24589040236427
70756 512 0 24589040364428
71268 512 0 24589040492428
71780 512 0 24589040620429
72292 512 0 24589040748429
72804 512 0 24589040876430
73316 512 0 24589041004430
73828 512 0 24589041132431
74340 512 0 24589041260431
74852 512 0 24589041388432
75364 512 0 24589041516432
75876 512 0 24589041644433
76388 512 0 24589041772433
76900 512 0 24589041900434
77412 512 0 24589042028434
77924 512 0 24589042156435
78436 512 0 24589042284435
78948 512 0 24589042412436
79460 512 0 24589042540436
79972 512 0 24589042668437
80484 512 0 24589042796437
80996 512 0 24589042924438
81508 512 0 24589043052440
82020 512 0 24589043180441
82532 512 0 24589043308441
83044 512 0 24589043436442
83556 512 0 24589043564442
84068 512 0 24589043692443
84580 512 0 24589043820443
85092 512 0 24589043948444
85604 512 0 24589044076444
86116 512 0 24589044204445
86628 512 0 24589044332445
87140 512 0 24589044460446
87652 512 0 24589044588446
88164 512 0 24589044716447
88676 512 0 24589044844447
89188 512 0 24589044972448
89700 512 0 24589045100448
90212 512 0 24589045228449
90724 512 0 24589045356449
91236 512 0 24589045484450
91748 512 0 24589045612450
92260 512 0 24589045740451
92772 512 0 24589045868451
93284 512 0 24589045996452
93796 512 0 24589046124452
94308 512 0 24589046252453
94820 512 0 24589046380453
95332 512 0 24589046508454
95844 512 0 24589046636454
96356 512 0 24589046764455
96868 512 0 24589046892455
97380 512 0 24589047020456
97892 512 0 24589047148457
98404 512 0 24589047276458
98916 512 0 24589047404458
99428 512 0 24589047532459
99940 512 0 24589047660459
100452 512 0 24589047788460
100964 512 0 24589047916460
101476 512 0 24589048044461
101988 512 0 24589048172461
102500 512 0 24589048300462
103012 512 0 24589048428463
103524 512 0 24589048556463
104036 512 0 24589048684464
104548 512 0 24589048812464
105060 512 0 24589048940465
105572 512 0 24589049068465
106084 512 0 24589049196466
106596 512 0 24589049324466
107108 512 0 24589049452467
107620 512 0 24589049580467
108132 512 0 24589049708468
108644 512 0 24589049836468
109156 512 0 24589049964469
109668 512 0 24589050092469
110180 512 0 24589050220470
110692 512 0 24589050348470
111204 512 0 24589050476471
111716 512 0 24589050604471
112228 512 0 24589050732472
112740 512 0 24589050860472
113252 512 0 24589050988473
113764 512 0 24589051116473
114276 512 0 24589051244473
114788 512 0 24589051372473
115300 512 0 24589051500474
115812 512 0 24589051628474
116324 512 0 24589051756475
116836 512 0 24589051884476
117348 512 0 24589052012476
117860 512 0 24589052140477
118372 512 0 24589052268477
118884 512 0 24589052396478
119396 512 0 24589052524478
119908 512 0 24589052652479
120420 512 0 24589052780479
120932 512 0 24589052908480
121444 512 0 24589053036480
121956 512 0 24589053164481
122468 512 0 24589053292481
122980 512 0 24589053420482
123492 512 0 24589053548482
124004 512 0 24589053676483
124516 512 0 24589053804483
125028 512 0 24589053932484
125540 512 0 24589054060484
126052 512 0 24589054188485
126564 512 0 24589054316485
127076 512 0 24589054444486
127588 512 0 24589054572486
128100 512 0 24589054700487
128612 512 0 24589054828487
129124 512 0 24589054956488
129636 512 0 24589055084488
130148 512 0 24589055212489
130660 512 0 24589055340490
131172 512 0 24589055468491
131684 512 0 24589055596491
132196 512 0 24589055724492
132708 512 0 24589055852492
133220 512 0 24589055980493
133732 512 0 24589056108493
134244 512 0 24589056236494
134756 512 0 24589056364494
135268 512 0 24589056492495
135780 512 0 24589056620495
136292 512 0 24589056748496
136804 512 0 24589056876496
137316 512 0 24589057004497
137828 512 0 24589057132497
138340 512 0 24589057260498
138852 512 0 24589057388498
139364 512 0 24589057516499
139876 512 0 24589057644499
140388 512 0 24589057772500
140900 512 0 24589057900500
141412 512 0 24589058028501
141924 512 0 24589058156501
142436 512 0 24589058284502
142948 512 0 24589058412502
143460 512 0 24589058540503
143972 512 0 24589058668504
144484 512 0 24589058796504
144996 512 0 24589058924505
145508 512 0 24589059052505
146020 512 0 24589059180506
146532 512 0 24589059308506
147044 512 0 24589059436507
147556 512 0 24589059564508
148068 512 0 24589059692508
148580 512 0 24589059820509
149092 512 0 24589059948509
149604 512 0 24589060076510
150116 512 0 24589060204510
150628 512 0 24589060332511
151140 512 0 24589060460511
151652 512 0 24589060588512
152164 512 0 24589060716512
152676 512 0 24589060844513
153188 512 0 24589060972513
153700 512 0 24589061100514
154212 512 0 24589061228515
154724 512 0 24589061356515
155236 512 0 24589061484516
155748 512 0 24589061612516
156260 512 0 24589061740517
156772 512 0 24589061868517
157284 512 0 24589061996518
157796 512 0 24589062124518
158308 512 0 24589062252519
158820 512 0 24589062380519
159332 512 0 24589062508520
159844 512 0 24589062636520
160356 512 0 24589062764521
160868 512 0 24589062892521
161380 512 0 24589063020522
161892 512 0 24589063148522
162404 512 0 24589063276523
162916 512 0 24589063404523
163428 512 0 24589063532522
163940 512 0 24589063660522
164452 512 0 24589063788523
164964 512 0 24589063916523
165476 512 0 24589064044524
165988 512 0 24589064172524
166500 512 0 24589064300525
167012 512 0 24589064428525
167524 512 0 24589064556526
168036 512 0 24589064684526
168548 512 0 24589064812527
169060 512 0 24589064940527
169572 512 0 24589065068528
170084 512 0 24589065196528
170596 512 0 24589065324529
171108 512 0 24589065452529
171620 512 0 24589065580530
172132 512 0 24589065708530
172644 512 0 24589065836531
173156 512 0 24589065964531
173668 512 0 24589066092532
174180 512 0 24589066220532
174692 512 0 24589066348533
175204 512 0 24589066476533
175716 512 0 24589066604534
176228 512 0 24589066732535
176740 512 0 24589066860535
177252 512 0 24589066988536
177764 512 0 24589067116536
178276 512 0 24589067244537
178788 512 0 24589067372537
179300 512 0 24589067500538
179812 512 0 24589067628537
180324 512 0 24589067756537
180836 512 0 24589067884538
181348 512 0 24589068012538
181860 512 0 24589068140539
182372 512 0 24589068268539
182884 512 0 24589068396540
183396 512 0 24589068524540
183908 512 0 24589068652541
184420 512 0 24589068780541
184932 512 0 24589068908541
185444 512 0 24589069036542
185956 512 0 24589069164542
186468 512 0 24589069292543
186980 512 0 24589069420543
187492 512 0 24589069548544
188004 512 0 24589069676544
188516 512 0 24589069804545
189028 512 0 24589069932545
189540 512 0 24589070060546
190052 512 0 24589070188546
190564 512 0 24589070316547
191076 512 0 24589070444547
191588 512 0 24589070572548
192100 512 0 24589070700548
192612 512 0 24589070828549
193124 512 0 24589070956549
193636 512 0 24589071084550
194148 512 0 24589071212550
194660 512 0 24589071340551
195172 512 0 24589071468551
195684 512 0 24589071596552
196196 512 0 24589071724551
196708 512 0 24589071852552
197220 512 0 24589071980552
197732 512 0 24589072108553
198244 512 0 24589072236553
198756 512 0 24589072364554
199268 512 0 24589072492554
199780 512 0 24589072620555
200292 512 0 24589072748555
200804 512 0 24589072876556
201316 512 0 24589073004556
201828 512 0 24589073132557
202340 512 0 24589073260557
202852 512 0 24589073388558
203364 512 0 24589073516558
203876 512 0 24589073644559
204388 512 0 24589073772559
204900 512 0 24589073900560
205412 512 0 24589074028560
205924 512 0 24589074156561
206436 512 0 24589074284561
206948 512 0 24589074412562
207460 512 0 24589074540562
207972 512 0 24589074668563
208484 512 0 24589074796563
208996 512 0 24589074924564
209508 512 0 24589075052564
210020 512 0 24589075180565
210532 512 0 24589075308565
211044 512 0 24589075436566
211556 512 0 24589075564566
212068 512 0 24589075692566
212580 512 0 24589075820567
213092 512 0 24589075948568
213604 512 0 24589076076568
214116 512 0 24589076204569
214628 512 0 24589076332569
215140 512 0 24589076460570
215652 512 0 24589076588570
216164 512 0 24589076716571
216676 512 0 24589076844571
217188 512 0 24589076972572
217700 512 0 24589077100572
218212 512 0 24589077228573
218724 512 0 24589077356573
219236 512 0 24589077484574
219748 512 0 24589077612574
220260 512 0 24589077740575
220772 512 0 24589077868575
221284 512 0 24589077996576
221796 512 0 24589078124576
222308 512 0 24589078252577
222820 512 0 24589078380577
223332 512 0 24589078508578
223844 512 0 24589078636578
224356 512 0 24589078764579
224868 512 0 24589078892579
225380 512 0 24589079020580
225892 512 0 24589079148580
226404 512 0 24589079276581
226916 512 0 24589079404581
227428 512 0 24589079532582
227940 512 0 24589079660582
228452 512 0 24589079788583
228964 512 0 24589079916583
229476 512 0 24589080044584
229988 512 0 24589080172584
230500 512 0 24589080300585
231012 512 0 24589080428585
231524 512 0 24589080556586
232036 512 0 24589080684586
232548 512 0 24589080812587
233060 512 0 24589080940587
233572 512 0 24589081068588
234084 512 0 24589081196588
234596 512 0 24589081324589
235108 512 0 24589081452589
235620 512 0 24589081580590
236132 512 0 24589081708590
236644 512 0 24589081836591
237156 512 0 24589081964591
237668 512 0 24589082092592
238180 512 0 24589082220592
238692 512 0 24589082348593
239204 512 0 24589082476593
239716 512 0 24589082604594
240228 512 0 24589082732594
240740 512 0 24589082860595
241252 512 0 24589082988595
241764 512 0 24589083116596
242276 512 0 24589083244596
242788 512 0 24589083372597
243300 512 0 24589083500597
243812 512 0 24589083628598
244324 512 0 24589083756598
244836 512 0 24589083884599
245348 512 0 24589084012599
245860 512 0 24589084140600
246372 512 0 24589084268600
246884 512 0 24589084396601
247396 512 0 24589084524601
247908 512 0 24589084652602
248420 512 0 24589084780602
248932 512 0 24589084908603
249444 512 0 24589085036603
249956 512 0 24589085164604
250468 512 0 24589085292604
250980 512 0 24589085420605
251492 512 0 24589085548605
252004 512 0 24589085676606
252516 512 0 24589085804606
253028 512 0 24589085932607
253540 512 0 24589086060607
254052 512 0 24589086188608
254564 512 0 24589086316608
255076 512 0 24589086444609
255588 512 0 24589086572609
256100 512 0 24589086700610
256612 512 0 24589086828610
257124 512 0 24589086956611
257636 512 0 24589087084611
258148 512 0 24589087212612
258660 512 0 24589087340612
259172 512 0 24589087468613
259684 512 0 24589087596613
260196 512 0 24589087724614
260708 512 0 24589087852614
261220 512 0 24589087980615
261732 512 0 24589088108617
262244 512 0 24589088236617
262756 512 0 24589088364618
263268 512 0 24589088492618
263780 512 0 24589088620619
264292 512 0 24589088748619
264804 512 0 24589088876620
265316 512 0 24589089004620
265828 512 0 24589089132621
266340 512 0 24589089260621
266852 512 0 24589089388622
267364 512 0 24589089516622
267876 512 0 24589089644623
268388 512 0 24589089772623
268900 512 0 24589089900624
269412 512 0 24589090028624
269924 512 0 24589090156625
270436 512 0 24589090284625
270948 512 0 24589090412626
271460 512 0 24589090540626
271972 512 0 24589090668627
272484 512 0 24589090796627
272996 512 0 24589090924628
273508 512 0 24589091052628
274020 512 0 24589091180629
274532 512 0 24589091308629
275044 512 0 24589091436630
275556 512 0 24589091564630
276068 512 0 24589091692631
276580 512 0 24589091820631
277092 512 0 24589091948632
277604 512 0 24589092076632
278116 512 0 24589092204633
278628 512 0 24589092332633
279140 512 0 24589092460634
279652 512 0 24589092588634
280164 512 0 24589092716635
280676 512 0 24589092844635
281188 512 0 24589092972636
281700 512 0 24589093100636
282212 512 0 24589093228637
282724 512 0 24589093356637
283236 512 0 24589093484638
283748 512 0 24589093612638
284260 512 0 24589093740639
284772 512 0 24589093868639
285284 512 0 24589093996640
285796 512 0 24589094124640
286308 512 0 24589094252641
286820 512 0 24589094380641
287332 512 0 24589094508642
287844 512 0 24589094636642
288356 512 0 24589094764643
288868 512 0 24589094892643
289380 512 0 24589095020644
289892 512 0 24589095148644
290404 512 0 24589095276645
290916 512 0 24589095404645
291428 512 0 24589095532646
291940 512 0 24589095660646
292452 512 0 24589095788647
292964 512 0 24589095916647
293476 512 0 24589096044648
293988 512 0 24589096172648
294500 512 0 24589096300649
295012 512 0 24589096428649
295524 512 0 24589096556650
296036 512 0 24589096684650
296548 512 0 24589096812651
297060 512 0 24589096940651
297572 512 0 24589097068652
298084 512 0 24589097196652
298596 512 0 24589097324653
299108 512 0 24589097452653
299620 512 0 24589097580654
300132 512 0 24589097708654
300644 512 0 24589097836655
301156 512 0 24589097964655
301668 512 0 24589098092656
302180 512 0 24589098220656
302692 512 0 24589098348657
303204 512 0 24589098476657
303716 512 0 24589098604658
304228 512 0 24589098732658
304740 512 0 24589098860659
305252 512 0 24589098988659
305764 512 0 24589099116660
306276 512 0 24589099244660
306788 512 0 24589099372661
307300 512 0 24589099500661
307812 512 0 24589099628662
308324 512 0 24589099756662
308836 512 0 24589099884663
309348 512 0 24589100012663
309860 512 0 24589100140664
310372 512 0 24589100268664
310884 512 0 24589100396666
311396 512 0 24589100524666
311908 512 0 24589100652667
312420 512 0 24589100780667
312932 512 0 24589100908668
313444 512 0 24589101036668
313956 512 0 24589101164669
314468 512 0 24589101292669
314980 512 0 24589101420670
315492 512 0 24589101548670
316004 512 0 24589101676671
316516 512 0 24589101804671
317028 512 0 24589101932672
317540 512 0 24589102060672
318052 512 0 24589102188673
318564 512 0 24589102316673
319076 512 0 24589102444674
319588 512 0 24589102572674
320100 512 0 24589102700675
320612 512 0 24589102828675
321124 512 0 24589102956676
321636 512 0 24589103084676
322148 512 0 24589103212677
322660 512 0 24589103340677
323172 512 0 24589103468678
323684 512 0 24589103596678
324196 512 0 24589103724679
324708 512 0 24589103852679
325220 512 0 24589103980680
325732 512 0 24589104108680
326244 512 0 24589104236681
326756 512 0 24589104364681
327268 512 0 24589104492682
327780 512 0 24589104620682
328292 512 0 24589104748683
328804 512 0 24589104876683
329316 512 0 24589105004684
329828 512 0 24589105132684
330340 512 0 24589105260685
330852 512 0 24589105388685
331364 512 0 24589105516686
331876 512 0 24589105644686
332388 512 0 24589105772687
332900 512 0 24589105900687
333412 512 0 24589106028688
333924 512 0 24589106156688
334436 512 0 24589106284689
334948 512 0 24589106412689
335460 512 0 24589106540690
335972 512 0 24589106668690
336484 512 0 24589106796691
336996 512 0 24589106924691
337508 512 0 24589107052692
338020 512 0 24589107180692
338532 512 0 24589107308693
339044 512 0 24589107436693
339556 512 0 24589107564694
340068 512 0 24589107692694
340580 512 0 24589107820695
341092 512 0 24589107948695
341604 512 0 24589108076696
342116 512 0 24589108204696
342628 512 0 24589108332697
343140 512 0 24589108460697
343652 512 0 24589108588698
344164 512 0 24589108716698
344676 512 0 24589108844699
345188 512 0 24589108972699
345700 512 0 24589109100700
346212 512 0 24589109228700
346724 512 0 24589109356701
347236 512 0 24589109484701
347748 512 0 24589109612702
348260 512 0 24589109740702
348772 512 0 24589109868703
349284 512 0 24589109996703
349796 512 0 24589110124704
350308 512 0 24589110252704
350820 512 0 24589110380705
351332 512 0 24589110508705
351844 512 0 24589110636706
352356 512 0 24589110764706
352868 512 0 24589110892707
353380 512 0 24589111020707
353892 512 0 24589111148708
354404 512 0 24589111276708
354916 512 0 24589111404709
355428 512 0 24589111532709
355940 512 0 24589111660710
356452 512 0 24589111788710
356964 512 0 24589111916711
357476 512 0 24589112044711
357988 512 0 24589112172712
358500 512 0 24589112300712
359012 512 0 24589112428713
359524 512 0 24589112556713
360036 512 0 24589112684715
360548 512 0 24589112812715
361060 512 0 24589112940716
361572 512 0 24589113068716
362084 512 0 24589113196717
362596 512 0 24589113324717
363108 512 0 24589113452718
363620 512 0 24589113580718
364132 512 0 24589113708719
364644 512 0 24589113836719
365156 512 0 24589113964720
365668 512 0 24589114092720
366180 512 0 24589114220721
366692 512 0 24589114348721
367204 512 0 24589114476722
367716 512 0 24589114604722
368228 512 0 24589114732723
368740 512 0 24589114860723
369252 512 0 24589114988724
369764 512 0 24589115116724
370276 512 0 24589115244725
370788 512 0 24589115372725
371300 512 0 24589115500726
371812 512 0 24589115628726
372324 512 0 24589115756727
372836 512 0 24589115884727
373348 512 0 24589116012728
373860 512 0 24589116140728
374372 512 0 24589116268729
374884 512 0 24589116396729
375396 512 0 24589116524730
375908 512 0 24589116652730
376420 512 0 24589116780731
376932 512 0 24589116908731
377444 512 0 24589117036732
377956 512 0 24589117164732
378468 512 0 24589117292733
378980 512 0 24589117420733
379492 512 0 24589117548734
380004 512 0 24589117676734
380516 512 0 24589117804735
381028 512 0 24589117932735
381540 512 0 24589118060736
382052 512 0 24589118188736
382564 512 0 24589118316737
383076 512 0 24589118444737
383588 512 0 24589118572738
384100 512 0 24589118700738
384612 512 0 24589118828739
385124 512 0 24589118956739
385636 512 0 24589119084740
386148 512 0 24589119212740
386660 512 0 24589119340741
387172 512 0 24589119468741
387684 512 0 24589119596742
388196 512 0 24589119724742
388708 512 0 24589119852743
389220 512 0 24589119980743
389732 512 0 24589120108744
390244 512 0 24589120236744
390756 512 0 24589120364745
391268 512 0 24589120492745
391780 512 0 24589120620746
392292 512 0 24589120748746
392804 512 0 24589120876748
393316 512 0 24589121004748
393828 512 0 24589121132749
394340 512 0 24589121260749
394852 512 0 24589121388750
395364 512 0 24589121516750
395876 512 0 24589121644751
396388 512 0 24589121772751
396900 512 0 24589121900752
397412 512 0 24589122028752
397924 512 0 24589122156753
398436 512 0 24589122284753
398948 512 0 24589122412754
399460 512 0 24589122540754
399972 512 0 24589122668755
400484 512 0 24589122796755
400996 512 0 24589122924756
401508 512 0 24589123052756
402020 512 0 24589123180757
402532 512 0 24589123308757
403044 512 0 24589123436758
403556 512 0 24589123564758
404068 512 0 24589123692759
404580 512 0 24589123820759
405092 512 0 24589123948760
405604 512 0 24589124076761
406116 512 0 24589124204761
406628 512 0 24589124332762
407140 512 0 24589124460762
407652 512 0 24589124588763
408164 512 0 24589124716763
408676 512 0 24589124844764
409188 512 0 24589124972765
409700 512 0 24589125100765
410212 512 0 24589125228766
410724 512 0 24589125356766
411236 512 0 24589125484767
411748 512 0 24589125612767
412260 512 0 24589125740768
412772 512 0 24589125868768
413284 512 0 24589125996769
413796 512 0 24589126124769
414308 512 0 24589126252770
414820 512 0 24589126380771
415332 512 0 24589126508771
415844 512 0 24589126636772
416356 512 0 24589126764772
416868 512 0 24589126892773
417380 512 0 24589127020773
417892 512 0 24589127148774
418404 512 0 24589127276774
418916 512 0 24589127404775
419428 512 0 24589127532775
419940 512 0 24589127660776
420452 512 0 24589127788776
420964 512 0 24589127916777
421476 512 0 24589128044777
421988 512 0 24589128172778
422500 512 0 24589128300778
423012 512 0 24589128428779
423524 512 0 24589128556779
424036 512 0 24589128684780
424548 512 0 24589128812780
425060 512 0 24589128940781
425572 512 0 24589129068781
426084 512 0 24589129196781
426596 512 0 24589129324782
427108 512 0 24589129452782
427620 512 0 24589129580783
428132 512 0 24589129708783
428644 512 0 24589129836784
429156 512 0 24589129964784
429668 512 0 24589130092785
430180 512 0 24589130220785
430692 512 0 24589130348786
431204 512 0 24589130476786
431716 512 0 24589130604787
432228 512 0 24589130732787
432740 512 0 24589130860788
433252 512 0 24589130988788
433764 512 0 24589131116789
434276 512 0 24589131244790
434788 512 0 24589131372790
435300 512 0 24589131500791
435812 512 0 24589131628791
436324 512 0 24589131756792
436836 512 0 24589131884792
437348 512 0 24589132012793
437860 512 0 24589132140793
438372 512 0 24589132268794
438884 512 0 24589132396794
439396 512 0 24589132524795
439908 512 0 24589132652795
440420 512 0 24589132780796
440932 512 0 24589132908796
441444 512 0 24589133036797
441956 512 0 24589133164798
442468 512 0 24589133292798
442980 512 0 24589133420799
443492 512 0 24589133548799
444004 512 0 24589133676800
444516 512 0 24589133804800
445028 512 0 24589133932801
445540 512 0 24589134060802
446052 512 0 24589134188802
446564 512 0 24589134316803
447076 512 0 24589134444803
447588 512 0 24589134572804
448100 512 0 24589134700804
448612 512 0 24589134828805
449124 512 0 24589134956805
449636 512 0 24589135084806
450148 512 0 24589135212806
450660 512 0 24589135340807
451172 512 0 24589135468807
451684 512 0 24589135596808
452196 512 0 24589135724808
452708 512 0 24589135852809
453220 512 0 24589135980809
453732 512 0 24589136108810
454244 512 0 24589136236810
454756 512 0 24589136364811
455268 512 0 24589136492811
455780 512 0 24589136620812
456292 512 0 24589136748812
456804 512 0 24589136876813
457316 512 0 24589137004813
457828 512 0 24589137132814
458340 512 0 24589137260814
458852 512 0 24589137388814
459364 512 0 24589137516815
459876 512 0 24589137644815
460388 512 0 24589137772816
460900 512 0 24589137900816
461412 512 0 24589138028817
461924 512 0 24589138156817
462436 512 0 24589138284818
462948 512 0 24589138412818
463460 512 0 24589138540819
463972 512 0 24589138668820
464484 512 0 24589138796820
464996 512 0 24589138924821
465508 512 0 24589139052821
466020 512 0 24589139180822
466532 512 0 24589139308822
467044 512 0 24589139436823
467556 512 0 24589139564823
468068 512 0 24589139692824
468580 512 0 24589139820824
469092 512 0 24589139948825
469604 512 0 24589140076825
470116 512 0 24589140204826
470628 512 0 24589140332826
471140 512 0 24589140460827
471652 512 0 24589140588827
472164 512 0 24589140716828
472676 512 0 24589140844828
473188 512 0 24589140972829
473700 512 0 24589141100829
474212 512 0 24589141228830
474724 512 0 24589141356831
475236 512 0 24589141484831
475748 512 0 24589141612832
476260 512 0 24589141740833
476772 512 0 24589141868833
477284 512 0 24589141996834
477796 512 0 24589142124834
478308 512 0 24589142252835
478820 512 0 24589142380835
479332 512 0 24589142508836
479844 512 0 24589142636836
480356 512 0 24589142764837
480868 512 0 24589142892837
481380 512 0 24589143020838
481892 512 0 24589143148838
482404 512 0 24589143276839
482916 512 0 24589143404839
483428 512 0 24589143532840
483940 512 0 24589143660840
484452 512 0 24589143788841
484964 512 0 24589143916841
485476 512 0 24589144044842
485988 512 0 24589144172842
486500 512 0 24589144300843
487012 512 0 24589144428843
487524 512 0 24589144556844
488036 512 0 24589144684844
488548 512 0 24589144812845
489060 512 0 24589144940845
489572 512 0 24589145068846
490084 512 0 24589145196846
490596 512 0 24589145324847
491108 512 0 24589145452848
491620 512 0 24589145580849
492132 512 0 24589145708849
492644 512 0 24589145836850
493156 512 0 24589145964850
493668 512 0 24589146092851
494180 512 0 24589146220851
494692 512 0 24589146348852
495204 512 0 24589146476852
495716 512 0 24589146604853
496228 512 0 24589146732853
496740 512 0 24589146860854
497252 512 0 24589146988854
497764 512 0 24589147116855
498276 512 0 24589147244855
498788 512 0 24589147372856
499300 512 0 24589147500856
499812 512 0 24589147628857
500324 512 0 24589147756857
500836 512 0 24589147884858
501348 512 0 24589148012858
501860 512 0 24589148140859
502372 512 0 24589148268859
502884 512 0 24589148396860
503396 512 0 24589148524860
503908 512 0 24589148652861
504420 512 0 24589148780861
504932 512 0 24589148908862
505444 512 0 24589149036862
505956 512 0 24589149164863
506468 512 0 24589149292863
506980 512 0 24589149420864
507492 512 0 24589149548864
508004 512 0 24589149676865
508516 512 0 24589149804865
509028 512 0 24589149932866
509540 512 0 24589150060866
510052 512 0 24589150188867
510564 512 0 24589150316867
511076 512 0 24589150444868
511588 512 0 24589150572868
512100 512 0 24589150700869
512612 512 0 24589150828869
513124 512 0 24589150956870
513636 512 0 24589151084870
514148 512 0 24589151212871
514660 512 0 24589151340871
515172 512 0 24589151468872
515684 512 0 24589151596872
516196 512 0 24589151724873
516708 512 0 24589151852873
517220 512 0 24589151980874
517732 512 0 24589152108874
518244 512 0 24589152236875
518756 512 0 24589152364875
519268 512 0 24589152492876
519780 512 0 24589152620876
520292 512 0 24589152748877
520804 512 0 24589152876877
521316 512 0 24589153004878
521828 512 0 24589153132878
522340 512 0 24589153260879
522852 512 0 24589153388879
523364 512 0 24589153516880
523876 512 0 24589153644881
524388 512 0 24589153772882
524900 512 0 24589153900882
525412 512 0 24589154028883
525924 512 0 24589154156883
526436 512 0 24589154284884
526948 512 0 24589154412884
527460 512 0 24589154540885
527972 512 0 24589154668885
528484 512 0 24589154796886
528996 512 0 24589154924886
529508 512 0 24589155052887
530020 512 0 24589155180887
530532 512 0 24589155308888
531044 512 0 24589155436888
531556 512 0 24589155564889
532068 512 0 24589155692889
532580 512 0 24589155820890
533092 512 0 24589155948890
533604 512 0 24589156076891
534116 512 0 24589156204891
534628 512 0 24589156332892
535140 512 0 24589156460892
535652 512 0 24589156588893
536164 512 0 24589156716893
536676 512 0 24589156844894
537188 512 0 24589156972894
537700 512 0 24589157100895
538212 512 0 24589157228895
538724 512 0 24589157356896
539236 512 0 24589157484896
539748 512 0 24589157612897
540260 512 0 24589157740897
540772 512 0 24589157868898
541284 512 0 24589157996898
541796 512 0 24589158124899
542308 512 0 24589158252899
542820 512 0 24589158380900
543332 512 0 24589158508900
543844 512 0 24589158636901
544356 512 0 24589158764901
544868 512 0 24589158892902
545380 512 0 24589159020902
545892 512 0 24589159148903
546404 512 0 24589159276903
546916 512 0 24589159404904
547428 512 0 24589159532904
547940 512 0 24589159660905
548452 512 0 24589159788905
548964 512 0 24589159916906
549476 512 0 24589160044906
549988 512 0 24589160172907
550500 512 0 24589160300907
551012 512 0 24589160428908
551524 512 0 24589160556908
552036 512 0 24589160684909
552548 512 0 24589160812909
553060 512 0 24589160940910
553572 512 0 24589161068910
554084 512 0 24589161196911
554596 512 0 24589161324911
555108 512 0 24589161452912
555620 512 0 24589161580912
556132 512 0 24589161708913
556644 512 0 24589161836914
557156 512 0 24589161964915
557668 512 0 24589162092915
558180 512 0 24589162220916
558692 512 0 24589162348916
559204 512 0 24589162476917
559716 512 0 24589162604917
560228 512 0 24589162732918
560740 512 0 24589162860918
561252 512 0 24589162988919
561764 512 0 24589163116919
562276 512 0 24589163244920
562788 512 0 24589163372920
563300 512 0 24589163500921
563812 512 0 24589163628921
564324 512 0 24589163756922
564836 512 0 24589163884922
565348 512 0 24589164012923
565860 512 0 24589164140923
566372 512 0 24589164268924
566884 512 0 24589164396924
567396 512 0 24589164524925
567908 512 0 24589164652925
568420 512 0 24589164780926
568932 512 0 24589164908926
569444 512 0 24589165036927
569956 512 0 24589165164927
570468 512 0 24589165292928
570980 512 0 24589165420928
571492 512 0 24589165548929
572004 512 0 24589165676930
572516 512 0 24589165804930
573028 512 0 24589165932930
573540 512 0 24589166060931
574052 512 0 24589166188931
574564 512 0 24589166316932
575076 512 0 24589166444932
575588 512 0 24589166572933
576100 512 0 24589166700933
576612 512 0 24589166828934
577124 512 0 24589166956934
577636 512 0 24589167084935
578148 512 0 24589167212935
578660 512 0 24589167340936
579172 512 0 24589167468936
579684 512 0 24589167596937
580196 512 0 24589167724937
580708 512 0 24589167852938
581220 512 0 24589167980938
581732 512 0 24589168108939
582244 512 0 24589168236939
582756 512 0 24589168364940
583268 512 0 24589168492940
583780 512 0 24589168620941
584292 512 0 24589168748941
584804 512 0 24589168876942
585316 512 0 24589169004942
585828 512 0 24589169132943
586340 512 0 24589169260943
586852 512 0 24589169388944
587364 512 0 24589169516944
587876 512 0 24589169644945
588388 512 0 24589169772945
588900 512 0 24589169900946
589412 512 0 24589170028947
589924 512 0 24589170156948
590436 512 0 24589170284948
590948 512 0 24589170412949
591460 512 0 24589170540949
591972 512 0 24589170668950
592484 512 0 24589170796950
592996 512 0 24589170924951
593508 512 0 24589171052951
594020 512 0 24589171180952
594532 512 0 24589171308952
595044 512 0 24589171436953
595556 512 0 24589171564953
596068 512 0 24589171692954
596580 512 0 24589171820954
597092 512 0 24589171948955
597604 512 0 24589172076955
598116 512 0 24589172204956
598628 512 0 24589172332956
599140 512 0 24589172460957
599652 512 0 24589172588957
600164 512 0 24589172716958
600676 512 0 24589172844958
601188 512 0 24589172972959
601700 512 0 24589173100959
602212 512 0 24589173228960
602724 512 0 24589173356960
603236 512 0 24589173484961
603748 512 0 24589173612961
604260 512 0 24589173740962
604772 512 0 24589173868963
605284 512 0 24589173996963
605796 512 0 24589174124964
606308 512 0 24589174252965
606820 512 0 24589174380965
607332 512 0 24589174508966
607844 512 0 24589174636966
608356 512 0 24589174764967
608868 512 0 24589174892967
609380 512 0 24589175020968
609892 512 0 24589175148968
610404 512 0 24589175276969
610916 512 0 24589175404969
611428 512 0 24589175532970
611940 512 0 24589175660970
612452 512 0 24589175788971
612964 512 0 24589175916971
613476 512 0 24589176044972
613988 512 0 24589176172972
614500 512 0 24589176300973
615012 512 0 24589176428973
615524 512 0 24589176556974
616036 512 0 24589176684974
616548 512 0 24589176812975
617060 512 0 24589176940975
617572 512 0 24589177068976
618084 512 0 24589177196977
618596 512 0 24589177324977
619108 512 0 24589177452978
619620 512 0 24589177580978
620132 512 0 24589177708979
620644 512 0 24589177836979
621156 512 0 24589177964980
621668 512 0 24589178092980
622180 512 0 24589178220980
622692 512 0 24589178348981
623204 512 0 24589178476981
623716 512 0 24589178604982
624228 512 0 24589178732982
624740 512 0 24589178860983
625252 512 0 24589178988983
625764 512 0 24589179116984
626276 512 0 24589179244984
626788 512 0 24589179372985
627300 512 0 24589179500985
627812 512 0 24589179628986
628324 512 0 24589179756986
628836 512 0 24589179884987
629348 512 0 24589180012987
629860 512 0 24589180140988
630372 512 0 24589180268988
630884 512 0 24589180396989
631396 512 0 24589180524989
631908 512 0 24589180652990
632420 512 0 24589180780990
632932 512 0 24589180908991
633444 512 0 24589181036991
633956 512 0 24589181164992
634468 512 0 24589181292992
634980 512 0 24589181420993
635492 512 0 24589181548993
636004 512 0 24589181676994
636516 512 0 24589181804994
637028 512 0 24589181932995
637540 512 0 24589182060996
638052 512 0 24589182188996
638564 512 0 24589182316997
639076 512 0 24589182444998
639588 512 0 24589182572998
640100 512 0 24589182700999
640612 512 0 24589182828999
641124 512 0 24589182957000
641636 512 0 24589183085000
642148 512 0 24589183213001
642660 512 0 24589183341001
643172 512 0 24589183469002
643684 512 0 24589183597002
644196 512 0 24589183725003
644708 512 0 24589183853003
645220 512 0 24589183981004
645732 512 0 24589184109004
646244 512 0 24589184237005
646756 512 0 24589184365005
647268 512 0 24589184493006
647780 512 0 24589184621006
648292 512 0 24589184749007
648804 512 0 24589184877007
649316 512 0 24589185005008
649828 512 0 24589185133008
650340 512 0 24589185261009
650852 512 0 24589185389010
651364 512 0 24589185517010
651876 512 0 24589185645011
652388 512 0 24589185773011
652900 512 0 24589185901012
653412 512 0 24589186029012
653924 512 0 24589186157013
654436 512 0 24589186285013
654948 512 0 24589186413014
655460 512 0 24589186541015
655972 512 0 24589186669015
656484 512 0 24589186797016
656996 512 0 24589186925016
657508 512 0 24589187053017
658020 512 0 24589187181017
658532 512 0 24589187309018
659044 512 0 24589187437018
659556 512 0 24589187565019
660068 512 0 24589187693019
660580 512 0 24589187821020
661092 512 0 24589187949020
661604 512 0 24589188077021
662116 512 0 24589188205021
662628 512 0 24589188333022
663140 512 0 24589188461022
663652 512 0 24589188589023
664164 512 0 24589188717023
664676 512 0 24589188845024
665188 512 0 24589188973025
665700 512 0 24589189101025
666212 512 0 24589189229026
666724 512 0 24589189357026
667236 512 0 24589189485027
667748 512 0 24589189613027
668260 512 0 24589189741028
668772 512 0 24589189869028
669284 512 0 24589189997029
669796 512 0 24589190125029
670308 512 0 24589190253030
670820 512 0 24589190381030
671332 512 0 24589190509030
671844 512 0 24589190637031
672356 512 0 24589190765031
672868 512 0 24589190893032
673380 512 0 24589191021032
673892 512 0 24589191149033
674404 512 0 24589191277033
674916 512 0 24589191405034
675428 512 0 24589191533034
675940 512 0 24589191661035
676452 512 0 24589191789035
676964 512 0 24589191917036
677476 512 0 24589192045036
677988 512 0 24589192173037
678500 512 0 24589192301037
679012 512 0 24589192429038
679524 512 0 24589192557038
680036 512 0 24589192685039
680548 512 0 24589192813039
681060 512 0 24589192941040
681572 512 0 24589193069040
682084 512 0 24589193197041
682596 512 0 24589193325041
683108 512 0 24589193453042
683620 512 0 24589193581042
684132 512 0 24589193709043
684644 512 0 24589193837044
685156 512 0 24589193965044
685668 512 0 24589194093045
686180 512 0 24589194221045
686692 512 0 24589194349046
687204 512 0 24589194477046
687716 512 0 24589194605047
688228 512 0 24589194733048
688740 512 0 24589194861048
689252 512 0 24589194989049
689764 512 0 24589195117049
690276 512 0 24589195245050
690788 512 0 24589195373050
691300 512 0 24589195501051
691812 512 0 24589195629051
692324 512 0 24589195757052
692836 512 0 24589195885052
693348 512 0 24589196013053
693860 512 0 24589196141053
694372 512 0 24589196269054
694884 512 0 24589196397054
695396 512 0 24589196525055
695908 512 0 24589196653055
696420 512 0 24589196781056
696932 512 0 24589196909056
697444 512 0 24589197037057
697956 512 0 24589197165058
698468 512 0 24589197293058
698980 512 0 24589197421059
699492 512 0 24589197549059
700004 512 0 24589197677060
700516 512 0 24589197805060
701028 512 0 24589197933061
701540 512 0 24589198061061
702052 512 0 24589198189062
702564 512 0 24589198317062
703076 512 0 24589198445063
703588 512 0 24589198573063
704100 512 0 24589198701064
704612 512 0 24589198829065
705124 512 0 24589198957065
705636 512 0 24589199085066
706148 512 0 24589199213066
706660 512 0 24589199341067
707172 512 0 24589199469067
707684 512 0 24589199597068
708196 512 0 24589199725068
708708 512 0 24589199853069
709220 512 0 24589199981069
709732 512 0 24589200109070
710244 512 0 24589200237070
710756 512 0 24589200365071
711268 512 0 24589200493071
711780 512 0 24589200621072
712292 512 0 24589200749073
712804 512 0 24589200877073
713316 512 0 24589201005074
713828 512 0 24589201133074
714340 512 0 24589201261075
714852 512 0 24589201389075
715364 512 0 24589201517076
715876 512 0 24589201645076
716388 512 0 24589201773077
716900 512 0 24589201901077
717412 512 0 24589202029078
717924 512 0 24589202157078
718436 512 0 24589202285079
718948 512 0 24589202413079
719460 512 0 24589202541080
719972 512 0 24589202669080
720484 512 0 24589202797080
720996 512 0 24589202925081
721508 512 0 24589203053081
722020 512 0 24589203181082
722532 512 0 24589203309082
723044 512 0 24589203437083
723556 512 0 24589203565083
724068 512 0 24589203693084
724580 512 0 24589203821084
725092 512 0 24589203949085
725604 512 0 24589204077085
726116 512 0 24589204205086
726628 512 0 24589204333086
727140 512 0 24589204461087
727652 512 0 24589204589087
728164 512 0 24589204717088
728676 512 0 24589204845088
729188 512 0 24589204973089
729700 512 0 24589205101089
730212 512 0 24589205229090
730724 512 0 24589205357090
731236 512 0 24589205485091
731748 512 0 24589205613092
732260 512 0 24589205741092
732772 512 0 24589205869093
733284 512 0 24589205997093
733796 512 0 24589206125094
734308 512 0 24589206253094
734820 512 0 24589206381095
735332 512 0 24589206509095
735844 512 0 24589206637096
736356 512 0 24589206765096
736868 512 0 24589206893097
737380 512 0 24589207021098
737892 512 0 24589207149098
738404 512 0 24589207277099
738916 512 0 24589207405099
739428 512 0 24589207533100
739940 512 0 24589207661100
740452 512 0 24589207789101
740964 512 0 24589207917101
741476 512 0 24589208045102
741988 512 0 24589208173102
742500 512 0 24589208301103
743012 512 0 24589208429103
743524 512 0 24589208557104
744036 512 0 24589208685104
744548 512 0 24589208813105
745060 512 0 24589208941105
745572 512 0 24589209069106
746084 512 0 24589209197107
746596 512 0 24589209325107
747108 512 0 24589209453108
747620 512 0 24589209581108
748132 512 0 24589209709109
748644 512 0 24589209837109
749156 512 0 24589209965110
749668 512 0 24589210093110
750180 512 0 24589210221111
750692 512 0 24589210349111
751204 512 0 24589210477112
751716 512 0 24589210605112
752228 512 0 24589210733113
752740 512 0 24589210861113
753252 512 0 24589210989114
753764 512 0 24589211117115
754276 512 0 24589211245115
754788 512 0 24589211373116
755300 512 0 24589211501116
755812 512 0 24589211629117
756324 512 0 24589211757117
756836 512 0 24589211885118
757348 512 0 24589212013118
757860 512 0 24589212141119
758372 512 0 24589212269119
758884 512 0 24589212397120
759396 512 0 24589212525120
759908 512 0 24589212653121
760420 512 0 24589212781121
760932 512 0 24589212909122
761444 512 0 24589213037123
761956 512 0 24589213165123
372 512 0 24589219234691
884 512 0 24589219513330
1396 512 0 24589219791970
1908 512 0 24589220070609
2420 512 0 24589220349249
2932 512 0 24589220627888
3444 512 0 24589220906528
3956 512 0 24589221185167
4468 512 0 24589221463807
4980 512 0 24589221742446
5492 512 0 24589222021086
6004 512 0 24589222299725
6516 512 0 24589222578365
7028 512 0 24589222857004
7540 512 0 24589223135644
8052 512 0 24589223414283
8564 512 0 24589223692922
9076 512 0 24589223971562
9588 512 0 24589224250201
10100 512 0 24589224528841
10612 512 0 24589224807480
11124 512 0 24589225086120
11636 512 0 24589225364759
12148 512 0 24589225643399
12660 512 0 24589225922038
13172 512 0 24589226200678
13684 512 0 24589226479317
14196 512 0 24589226757957
14708 512 0 24589227036596
15220 512 0 24589227315236
15732 512 0 24589227593875
16244 512 0 24589227872515
16756 512 0 24589228151154
17268 512 0 24589228429793
17780 512 0 24589228708433
18292 512 0 24589228987072
18804 512 0 24589229265712
19316 512 0 24589229544351
19828 512 0 24589229822991
20340 512 0 24589230101630
20852 512 0 24589230380270
21364 512 0 24589230658909
21876 512 0 24589230937549
22388 512 0 24589231216188
22900 512 0 24589231494828
23412 512 0 24589231773467
23924 512 0 24589232052107
24436 512 0 24589232330746
24948 512 0 24589232609385
25460 512 0 24589232888025
25972 512 0 24589233166664
26484 512 0 24589233445304
26996 512 0 24589233723943
27508 512 0 24589234002583
28020 512 0 24589234281222
28532 512 0 24589234559862
29044 512 0 24589234838501
29556 512 0 24589235117141
30068 512 0 24589235395780
30580 512 0 24589235674420
31092 512 0 24589235953059
31604 512 0 24589236231699
32116 512 0 24589236510338
32628 512 0 24589236789040
33140 512 0 24589237067681
33652 512 0 24589237346321
34164 512 0 24589237624961
34676 512 0 24589237903602
35188 512 0 24589238182242
35700 512 0 24589238460882
36212 512 0 24589238739522
36724 512 0 24589239018163
37236 512 0 24589239296803
37748 512 0 24589239575443
38260 512 0 24589239854084
38772 512 0 24589240132724
39284 512 0 24589240411364
39796 512 0 24589240690005
40308 512 0 24589240968645
40820 512 0 24589241247285
41332 512 0 24589241525926
41844 512 0 24589241804566
42356 512 0 24589242083206
42868 512 0 24589242361847
43380 512 0 24589242640487
43892 512 0 24589242919127
44404 512 0 24589243197767
44916 512 0 24589243476408
45428 512 0 24589243755048
45940 512 0 24589244033688
46452 512 0 24589244312329
46964 512 0 24589244590969
47476 512 0 24589244869609
47988 512 0 24589245148250
48500 512 0 24589245426890
49012 512 0 24589245705546
49524 512 0 24589245984187
50036 512 0 24589246262827
50548 512 0 24589246541468
51060 512 0 24589246820108
51572 512 0 24589247098749
52084 512 0 24589247377389
52596 512 0 24589247656030
53108 512 0 24589247934670
53620 512 0 24589248213311
54132 512 0 24589248491951
54644 512 0 24589248770592
55156 512 0 24589249049232
55668 512 0 24589249327873
56180 512 0 24589249606513
56692 512 0 24589249885154
57204 512 0 24589250163794
57716 512 0 24589250442435
58228 512 0 24589250721075
58740 512 0 24589250999716
59252 512 0 24589251278356
59764 512 0 24589251556997
60276 512 0 24589251835637
60788 512 0 24589252114278
61300 512 0 24589252392919
61812 512 0 24589252671559
62324 512 0 24589252950200
62836 512 0 24589253228840
63348 512 0 24589253507481
63860 512 0 24589253786121
64372 512 0 24589254064762
64884 512 0 24589254343402
65396 512 0 24589254622046
65908 512 0 24589254900687
66420 512 0 24589255179327
66932 512 0 24589255457968
67444 512 0 24589255736608
67956 512 0 24589256015249
68468 512 0 24589256293889
68980 512 0 24589256572530
69492 512 0 24589256851171
70004 512 0 24589257129811
70516 512 0 24589257408452
71028 512 0 24589257687092
71540 512 0 24589257965733
72052 512 0 24589258244373
72564 512 0 24589258523014
73076 512 0 24589258801654
73588 512 0 24589259080295
74100 512 0 24589259358936
74612 512 0 24589259637576
75124 512 0 24589259916217
75636 512 0 24589260194857
76148 512 0 24589260473498
76660 512 0 24589260752138
77172 512 0 24589261030779
77684 512 0 24589261309420
78196 512 0 24589261588060
78708 512 0 24589261866701
79220 512 0 24589262145341
79732 512 0 24589262423982
80244 512 0 24589262702622
80756 512 0 24589262981263
81268 512 0 24589263259903
81780 512 0 24589263538544
82292 512 0 24589263817185
82804 512 0 24589264095825
83316 512 0 24589264374466
83828 512 0 24589264653106
84340 512 0 24589264931747
84852 512 0 24589265210388
85364 512 0 24589265489028
85876 512 0 24589265767669
86388 512 0 24589266046309
86900 512 0 24589266324950
87412 512 0 24589266603590
87924 512 0 24589266882231
88436 512 0 24589267160871
88948 512 0 24589267439512
89460 512 0 24589267718153
89972 512 0 24589267996793
90484 512 0 24589268275434
90996 512 0 24589268554074
91508 512 0 24589268832715
92020 512 0 24589269111355
92532 512 0 24589269389996
93044 512 0 24589269668636
93556 512 0 24589269947277
94068 512 0 24589270225918
94580 512 0 24589270504558
95092 512 0 24589270783199
95604 512 0 24589271061839
96116 512 0 24589271340480
96628 512 0 24589271619120
97140 512 0 24589271897761
97652 512 0 24589272176402
98164 512 0 24589272455030
98676 512 0 24589272733671
99188 512 0 24589273012311
99700 512 0 24589273290952
100212 512 0 24589273569592
100724 512 0 24589273848232
101236 512 0 24589274126873
101748 512 0 24589274405513
102260 512 0 24589274684154
102772 512 0 24589274962794
103284 512 0 24589275241435
103796 512 0 24589275520075
104308 512 0 24589275798715
104820 512 0 24589276077356
105332 512 0 24589276355996
105844 512 0 24589276634637
106356 512 0 24589276913277
106868 512 0 24589277191918
107380 512 0 24589277470558
107892 512 0 24589277749199
108404 512 0 24589278027839
108916 512 0 24589278306479
109428 512 0 24589278585120
109940 512 0 24589278863760
110452 512 0 24589279142401
110964 512 0 24589279421041
111476 512 0 24589279699682
111988 512 0 24589279978322
112500 512 0 24589280256962
113012 512 0 24589280535603
113524 512 0 24589280814243
114036 512 0 24589281092884
114548 512 0 24589281371527
115060 512 0 24589281650168
115572 512 0 24589281928808
116084 512 0 24589282207449
116596 512 0 24589282486089
117108 512 0 24589282764730
117620 512 0 24589283043370
118132 512 0 24589283322011
118644 512 0 24589283600651
119156 512 0 24589283879291
119668 512 0 24589284157932
120180 512 0 24589284436572
120692 512 0 24589284715213
121204 512 0 24589284993853
121716 512 0 24589285272494
122228 512 0 24589285551134
122740 512 0 24589285829775
123252 512 0 24589286108415
123764 512 0 24589286387056
124276 512 0 24589286665696
124788 512 0 24589286944337
125300 512 0 24589287222977
125812 512 0 24589287501618
126324 512 0 24589287780258
126836 512 0 24589288058898
127348 512 0 24589288337539
127860 512 0 24589288616179
128372 512 0 24589288894820
128884 512 0 24589289173460
129396 512 0 24589289452101
129908 512 0 24589289730741
130420 512 0 24589290009382
130932 512 0 24589290288026
131444 512 0 24589290566666
131956 512 0 24589290845307
132468 512 0 24589291123947
132980 512 0 24589291402588
133492 512 0 24589291681228
134004 512 0 24589291959869
134516 512 0 24589292238509
135028 512 0 24589292517150
135540 512 0 24589292795790
136052 512 0 24589293074431
136564 512 0 24589293353071
137076 512 0 24589293631712
137588 512 0 24589293910352
138100 512 0 24589294188993
138612 512 0 24589294467633
139124 512 0 24589294746274
139636 512 0 24589295024914
140148 512 0 24589295303555
140660 512 0 24589295582195
141172 512 0 24589295860836
141684 512 0 24589296139476
142196 512 0 24589296418117
142708 512 0 24589296696757
143220 512 0 24589296975398
143732 512 0 24589297254038
144244 512 0 24589297532679
144756 512 0 24589297811319
145268 512 0 24589298089960
145780 512 0 24589298368600
146292 512 0 24589298647241
146804 512 0 24589298925881
147316 512 0 24589299204525
147828 512 0 24589299483165
148340 512 0 24589299761806
148852 512 0 24589300040446
149364 512 0 24589300319087
149876 512 0 24589300597727
150388 512 0 24589300876368
150900 512 0 24589301155008
151412 512 0 24589301433649
151924 512 0 24589301712289
152436 512 0 24589301990930
152948 512 0 24589302269570
153460 512 0 24589302548211
153972 512 0 24589302826851
154484 512 0 24589303105492
154996 512 0 24589303384132
155508 512 0 24589303662773
156020 512 0 24589303941413
156532 512 0 24589304220054
157044 512 0 24589304498694
157556 512 0 24589304777335
158068 512 0 24589305055975
158580 512 0 24589305334616
159092 512 0 24589305613256
159604 512 0 24589305891897
160116 512 0 24589306170537
160628 512 0 24589306449178
161140 512 0 24589306727818
161652 512 0 24589307006459
162164 512 0 24589307285099
162676 512 0 24589307563740
163188 512 0 24589307842380
163700 512 0 24589308121023
164212 512 0 24589308399663
164724 512 0 24589308678304
165236 512 0 24589308956945
165748 512 0 24589309235585
166260 512 0 24589309514226
166772 512 0 24589309792866
167284 512 0 24589310071507
167796 512 0 24589310350147
168308 512 0 24589310628788
168820 512 0 24589310907428
169332 512 0 24589311186069
169844 512 0 24589311464709
170356 512 0 24589311743350
170868 512 0 24589312021990
171380 512 0 24589312300631
171892 512 0 24589312579271
172404 512 0 24589312857912
172916 512 0 24589313136552
173428 512 0 24589313415193
173940 512 0 24589313693833
174452 512 0 24589313972474
174964 512 0 24589314251114
175476 512 0 24589314529755
175988 512 0 24589314808396
176500 512 0 24589315087036
177012 512 0 24589315365677
177524 512 0 24589315644317
178036 512 0 24589315922958
178548 512 0 24589316201598
179060 512 0 24589316480239
179572 512 0 24589316758879
180084 512 0 24589317037521
180596 512 0 24589317316162
181108 512 0 24589317594802
181620 512 0 24589317873443
182132 512 0 24589318152083
182644 512 0 24589318430724
183156 512 0 24589318709364
183668 512 0 24589318988005
184180 512 0 24589319266646
184692 512 0 24589319545286
185204 512 0 24589319823927
185716 512 0 24589320102567
186228 512 0 24589320381208
186740 512 0 24589320659848
187252 512 0 24589320938489
187764 512 0 24589321217129
188276 512 0 24589321495770
188788 512 0 24589321774410
189300 512 0 24589322053051
189812 512 0 24589322331691
190324 512 0 24589322610332
190836 512 0 24589322888972
191348 512 0 24589323167613
191860 512 0 24589323446254
192372 512 0 24589323724894
192884 512 0 24589324003535
193396 512 0 24589324282175
193908 512 0 24589324560816
194420 512 0 24589324839456
194932 512 0 24589325118097
195444 512 0 24589325396737
195956 512 0 24589325675378
196468 512 0 24589325954020
196980 512 0 24589326232660
197492 512 0 24589326511301
198004 512 0 24589326789941
198516 512 0 24589327068582
199028 512 0 24589327347222
199540 512 0 24589327625863
200052 512 0 24589327904503
200564 512 0 24589328183144
201076 512 0 24589328461784
201588 512 0 24589328740425
202100 512 0 24589329019065
202612 512 0 24589329297706
203124 512 0 24589329576347
203636 512 0 24589329854987
204148 512 0 24589330133628
204660 512 0 24589330412268
205172 512 0 24589330690909
205684 512 0 24589330969549
206196 512 0 24589331248190
206708 512 0 24589331526830
207220 512 0 24589331805471
207732 512 0 24589332084111
208244 512 0 24589332362752
208756 512 0 24589332641392
209268 512 0 24589332920033
209780 512 0 24589333198674
210292 512 0 24589333477314
210804 512 0 24589333755955
211316 512 0 24589334034595
211828 512 0 24589334313236
212340 512 0 24589334591876
212852 512 0 24589334870518
213364 512 0 24589335149158
213876 512 0 24589335427799
214388 512 0 24589335706439
214900 512 0 24589335985080
215412 512 0 24589336263720
215924 512 0 24589336542361
216436 512 0 24589336821002
216948 512 0 24589337099642
217460 512 0 24589337378283
217972 512 0 24589337656923
218484 512 0 24589337935564
218996 512 0 24589338214204
219508 512 0 24589338492845
220020 512 0 24589338771485
220532 512 0 24589339050126
221044 512 0 24589339328766
221556 512 0 24589339607407
222068 512 0 24589339886048
222580 512 0 24589340164688
223092 512 0 24589340443329
223604 512 0 24589340721969
224116 512 0 24589341000610
224628 512 0 24589341279250
225140 512 0 24589341557891
225652 512 0 24589341836531
226164 512 0 24589342115172
226676 512 0 24589342393812
227188 512 0 24589342672453
227700 512 0 24589342951094
228212 512 0 24589343229734
228724 512 0 24589343508375
229236 512 0 24589343787016
229748 512 0 24589344065656
230260 512 0 24589344344297
230772 512 0 24589344622937
231284 512 0 24589344901578
231796 512 0 24589345180219
232308 512 0 24589345458859
232820 512 0 24589345737500
233332 512 0 24589346016140
233844 512 0 24589346294781
234356 512 0 24589346573421
234868 512 0 24589346852062
235380 512 0 24589347130702
235892 512 0 24589347409343
236404 512 0 24589347687984
236916 512 0 24589347966624
237428 512 0 24589348245265
237940 512 0 24589348523905
238452 512 0 24589348802546
238964 512 0 24589349081186
239476 512 0 24589349359827
239988 512 0 24589349638467
240500 512 0 24589349917108
241012 512 0 24589350195748
241524 512 0 24589350474389
242036 512 0 24589350753030
242548 512 0 24589351031670
243060 512 0 24589351310311
243572 512 0 24589351588951
244084 512 0 24589351867592
244596 512 0 24589352146232
245108 512 0 24589352424873
245620 512 0 24589352703514
246132 512 0 24589352982154
246644 512 0 24589353260795
247156 512 0 24589353539436
247668 512 0 24589353818076
248180 512 0 24589354096717
248692 512 0 24589354375357
249204 512 0 24589354653998
249716 512 0 24589354932638
250228 512 0 24589355211279
250740 512 0 24589355489919
251252 512 0 24589355768560
251764 512 0 24589356047201
252276 512 0 24589356325841
252788 512 0 24589356604482
253300 512 0 24589356883122
253812 512 0 24589357161763
254324 512 0 24589357440403
254836 512 0 24589357719044
255348 512 0 24589357997684
255860 512 0 24589358276325
256372 512 0 24589358554966
256884 512 0 24589358833606
257396 512 0 24589359112247
257908 512 0 24589359390887
258420 512 0 24589359669528
258932 512 0 24589359948168
259444 512 0 24589360226809
259956 512 0 24589360505449
260468 512 0 24589360784090
260980 512 0 24589361062731
261492 512 0 24589361341371
262004 512 0 24589361620013
262516 512 0 24589361898654
263028 512 0 24589362177294
263540 512 0 24589362455935
264052 512 0 24589362734575
264564 512 0 24589363013216
265076 512 0 24589363291856
265588 512 0 24589363570497
266100 512 0 24589363849138
266612 512 0 24589364127778
267124 512 0 24589364406419
267636 512 0 24589364685059
268148 512 0 24589364963700
268660 512 0 24589365242340
269172 512 0 24589365520981
269684 512 0 24589365799621
270196 512 0 24589366078262
270708 512 0 24589366356903
271220 512 0 24589366635543
271732 512 0 24589366914184
272244 512 0 24589367192824
272756 512 0 24589367471465
273268 512 0 24589367750105
273780 512 0 24589368028746
274292 512 0 24589368307386
274804 512 0 24589368586027
275316 512 0 24589368864668
275828 512 0 24589369143308
276340 512 0 24589369421949
276852 512 0 24589369700589
277364 512 0 24589369979230
277876 512 0 24589370257870
278388 512 0 24589370536511
278900 512 0 24589370815152
279412 512 0 24589371093792
279924 512 0 24589371372433
280436 512 0 24589371651073
280948 512 0 24589371929714
281460 512 0 24589372208354
281972 512 0 24589372486995
282484 512 0 24589372765636
282996 512 0 24589373044276
283508 512 0 24589373322917
284020 512 0 24589373601557
284532 512 0 24589373880198
285044 512 0 24589374158838
285556 512 0 24589374437479
286068 512 0 24589374716119
286580 512 0 24589374994760
287092 512 0 24589375273401
287604 512 0 24589375552041
288116 512 0 24589375830682
288628 512 0 24589376109322
289140 512 0 24589376387963
289652 512 0 24589376666603
290164 512 0 24589376945244
290676 512 0 24589377223884
291188 512 0 24589377502525
291700 512 0 24589377781166
292212 512 0 24589378059806
292724 512 0 24589378338447
293236 512 0 24589378617087
293748 512 0 24589378895728
294260 512 0 24589379174368
294772 512 0 24589379453009
295284 512 0 24589379731650
295796 512 0 24589380010290
296308 512 0 24589380288931
296820 512 0 24589380567571
297332 512 0 24589380846212
297844 512 0 24589381124852
298356 512 0 24589381403493
298868 512 0 24589381682134
299380 512 0 24589381960774
299892 512 0 24589382239415
300404 512 0 24589382518055
300916 512 0 24589382796696
301428 512 0 24589383075336
301940 512 0 24589383353977
302452 512 0 24589383632617
302964 512 0 24589383911258
303476 512 0 24589384189899
303988 512 0 24589384468539
304500 512 0 24589384747180
305012 512 0 24589385025820
305524 512 0 24589385304461
306036 512 0 24589385583101
306548 512 0 24589385861742
307060 512 0 24589386140382
307572 512 0 24589386419023
308084 512 0 24589386697664
308596 512 0 24589386976304
309108 512 0 24589387254945
309620 512 0 24589387533585
310132 512 0 24589387812226
310644 512 0 24589388090866
311156 512 0 24589388369507
311668 512 0 24589388648148
312180 512 0 24589388926788
312692 512 0 24589389205429
313204 512 0 24589389484069
313716 512 0 24589389762710
314228 512 0 24589390041350
314740 512 0 24589390319991
315252 512 0 24589390598632
315764 512 0 24589390877272
316276 512 0 24589391155913
316788 512 0 24589391434553
317300 512 0 24589391713194
317812 512 0 24589391991834
318324 512 0 24589392270475
318836 512 0 24589392549115
319348 512 0 24589392827756
319860 512 0 24589393106397
320372 512 0 24589393385037
320884 512 0 24589393663678
321396 512 0 24589393942318
321908 512 0 24589394220959
322420 512 0 24589394499599
322932 512 0 24589394778240
323444 512 0 24589395056881
323956 512 0 24589395335521
324468 512 0 24589395614162
324980 512 0 24589395892802
325492 512 0 24589396171443
326004 512 0 24589396450083
326516 512 0 24589396728724
327028 512 0 24589397007364
327540 512 0 24589397286006
328052 512 0 24589397564647
328564 512 0 24589397843287
329076 512 0 24589398121928
329588 512 0 24589398400568
330100 512 0 24589398679209
330612 512 0 24589398957850
331124 512 0 24589399236490
331636 512 0 24589399515131
332148 512 0 24589399793771
332660 512 0 24589400072412
333172 512 0 24589400351052
333684 512 0 24589400629693
334196 512 0 24589400908334
334708 512 0 24589401186974
335220 512 0 24589401465615
335732 512 0 24589401744255
336244 512 0 24589402022896
336756 512 0 24589402301536
337268 512 0 24589402580177
337780 512 0 24589402858817
338292 512 0 24589403137458
338804 512 0 24589403416099
339316 512 0 24589403694739
339828 512 0 24589403973380
340340 512 0 24589404252020
340852 512 0 24589404530661
341364 512 0 24589404809301
341876 512 0 24589405087942
342388 512 0 24589405366583
342900 512 0 24589405645223
343412 512 0 24589405923864
343924 512 0 24589406202504
344436 512 0 24589406481145
344948 512 0 24589406759785
345460 512 0 24589407038426
345972 512 0 24589407317066
346484 512 0 24589407595707
346996 512 0 24589407874348
347508 512 0 24589408152988
348020 512 0 24589408431629
348532 512 0 24589408710269
349044 512 0 24589408988910
349556 512 0 24589409267550
350068 512 0 24589409546191
350580 512 0 24589409824832
351092 512 0 24589410103472
351604 512 0 24589410382113
2400 512 0 24589415482314
2912 512 0 24589415738314
3424 512 0 24589415994314
3936 512 0 24589416250314
4448 512 0 24589416506314
4960 512 0 24589416762314
5472 512 0 24589417018314
5984 512 0 24589417274314
6496 512 0 24589417530314
7008 512 0 24589417786314
7520 512 0 24589418042314
8032 512 0 24589418298314
8544 512 0 24589418554314
9056 512 0 24589418810314
9568 512 0 24589419066314
10080 512 0 24589419322314
10592 512 0 24589419578314
11104 512 0 24589419834314
11616 512 0 24589420090314
12128 512 0 24589420346314
12640 512 0 24589420602314
13152 512 0 24589420858314
13664 512 0 24589421114314
14176 512 0 24589421370314
14688 512 0 24589421626314
15200 512 0 24589421882314
15712 512 0 24589422138314
16224 512 0 24589422394314
16736 512 0 24589422650314
17248 512 0 24589422906314
17760 512 0 24589423162314
18272 512 0 24589423418314
18784 512 0 24589423674314
19296 512 0 24589423930314
19808 512 0 24589424186314
20320 512 0 24589424442314
20832 512 0 24589424698314
21344 512 0 24589424954314
21856 512 0 24589425210314
22368 512 0 24589425466314
22880 512 0 24589425722314
23392 512 0 24589425978314
23904 512 0 24589426234314
24416 512 0 24589426490314
24928 512 0 24589426746314
25440 512 0 24589427002314
25952 512 0 24589427258314
26464 512 0 24589427514314
26976 512 0 24589427770314
27488 512 0 24589428026314
28000 512 0 24589428282314
28512 512 0 24589428538314
29024 512 0 24589428794314
29536 512 0 24589429050314
30048 512 0 24589429306314
30560 512 0 24589429562314
31072 512 0 24589429818314
31584 512 0 24589430074314
32096 512 0 24589430330314
32608 512 0 24589430586370
33120 512 0 24589430842371
33632 512 0 24589431098371
34144 512 0 24589431354372
34656 512 0 24589431610373
35168 512 0 24589431866374
35680 512 0 24589432122374
36192 512 0 24589432378375
36704 512 0 24589432634376
37216 512 0 24589432890377
37728 512 0 24589433146377
38240 512 0 24589433402378
38752 512 0 24589433658379
39264 512 0 24589433914380
39776 512 0 24589434170380
40288 512 0 24589434426381
40800 512 0 24589434682382
41312 512 0 24589434938383
41824 512 0 24589435194383
42336 512 0 24589435450384
42848 512 0 24589435706385
43360 512 0 24589435962386
43872 512 0 24589436218386
44384 512 0 24589436474387
44896 512 0 24589436730388
45408 512 0 24589436986389
45920 512 0 24589437242389
46432 512 0 24589437498390
46944 512 0 24589437754391
47456 512 0 24589438010392
47968 512 0 24589438266392
48480 512 0 24589438522393
48992 512 0 24589438778409
49504 512 0 24589439034410
50016 512 0 24589439290411
50528 512 0 24589439546412
51040 512 0 24589439802413
51552 512 0 24589440058414
52064 512 0 24589440314415
52576 512 0 24589440570416
53088 512 0 24589440826417
53600 512 0 24589441082418
54112 512 0 24589441338419
54624 512 0 24589441594420
55136 512 0 24589441850421
55648 512 0 24589442106422
56160 512 0 24589442362423
56672 512 0 24589442618424
57184 512 0 24589442874425
57696 512 0 24589443130426
58208 512 0 24589443386427
58720 512 0 24589443642428
59232 512 0 24589443898429
59744 512 0 24589444154430
60256 512 0 24589444410431
60768 512 0 24589444666432
61280 512 0 24589444922433
61792 512 0 24589445178433
62304 512 0 24589445434434
62816 512 0 24589445690435
63328 512 0 24589445946436
63840 512 0 24589446202437
64352 512 0 24589446458438
64864 512 0 24589446714439
65376 512 0 24589446970444
65888 512 0 24589447226445
66400 512 0 24589447482446
66912 512 0 24589447738447
67424 512 0 24589447994448
67936 512 0 24589448250449
68448 512 0 24589448506450
68960 512 0 24589448762451
69472 512 0 24589449018452
69984 512 0 24589449274453
70496 512 0 24589449530454
71008 512 0 24589449786455
71520 512 0 24589450042456
72032 512 0 24589450298457
72544 512 0 24589450554458
73056 512 0 24589450810459
73568 512 0 24589451066460
74080 512 0 24589451322460
74592 512 0 24589451578461
75104 512 0 24589451834462
75616 512 0 24589452090463
76128 512 0 24589452346464
76640 512 0 24589452602465
77152 512 0 24589452858466
77664 512 0 24589453114467
78176 512 0 24589453370468
78688 512 0 24589453626469
79200 512 0 24589453882470
79712 512 0 24589454138471
80224 512 0 24589454394472
80736 512 0 24589454650473
81248 512 0 24589454906474
81760 512 0 24589455162477
82272 512 0 24589455418478
82784 512 0 24589455674479
83296 512 0 24589455930480
83808 512 0 24589456186481
84320 512 0 24589456442482
84832 512 0 24589456698483
85344 512 0 24589456954484
85856 512 0 24589457210485
86368 512 0 24589457466486
86880 512 0 24589457722487
87392 512 0 24589457978488
87904 512 0 24589458234489
88416 512 0 24589458490490
88928 512 0 24589458746491
89440 512 0 24589459002492
89952 512 0 24589459258493
90464 512 0 24589459514494
90976 512 0 24589459770495
91488 512 0 24589460026496
92000 512 0 24589460282497
92512 512 0 24589460538498
93024 512 0 24589460794499
93536 512 0 24589461050500
94048 512 0 24589461306501
94560 512 0 24589461562502
95072 512 0 24589461818503
95584 512 0 24589462074504
96096 512 0 24589462330506
96608 512 0 24589462586507
97120 512 0 24589462842508
97632 512 0 24589463098509
98144 512 0 24589463354510
98656 512 0 24589463610511
99168 512 0 24589463866512
99680 512 0 24589464122513
100192 512 0 24589464378514
100704 512 0 24589464634516
101216 512 0 24589464890517
101728 512 0 24589465146518
102240 512 0 24589465402519
102752 512 0 24589465658520
103264 512 0 24589465914521
103776 512 0 24589466170522
104288 512 0 24589466426523
104800 512 0 24589466682524
105312 512 0 24589466938525
105824 512 0 24589467194526
106336 512 0 24589467450527
106848 512 0 24589467706528
107360 512 0 24589467962529
107872 512 0 24589468218530
108384 512 0 24589468474531
108896 512 0 24589468730532
109408 512 0 24589468986533
109920 512 0 24589469242534
110432 512 0 24589469498535
110944 512 0 24589469754536
111456 512 0 24589470010537
111968 512 0 24589470266538
112480 512 0 24589470522539
112992 512 0 24589470778540
113504 512 0 24589471034541
114016 512 0 24589471290542
114528 512 0 24589471546542
115040 512 0 24589471802543
115552 512 0 24589472058544
116064 512 0 24589472314545
116576 512 0 24589472570546
117088 512 0 24589472826547
117600 512 0 24589473082548
118112 512 0 24589473338549
118624 512 0 24589473594550
119136 512 0 24589473850551
119648 512 0 24589474106552
120160 512 0 24589474362553
120672 512 0 24589474618554
121184 512 0 24589474874555
121696 512 0 24589475130556
122208 512 0 24589475386557
122720 512 0 24589475642558
123232 512 0 24589475898559
123744 512 0 24589476154560
124256 512 0 24589476410561
124768 512 0 24589476666562
125280 512 0 24589476922563
125792 512 0 24589477178564
126304 512 0 24589477434565
126816 512 0 24589477690566
127328 512 0 24589477946567
127840 512 0 24589478202568
128352 512 0 24589478458569
128864 512 0 24589478714570
129376 512 0 24589478970571
129888 512 0 24589479226572
130400 512 0 24589479482573
130912 512 0 24589479738575
131424 512 0 24589479994576
131936 512 0 24589480250577
132448 512 0 24589480506578
132960 512 0 24589480762579
133472 512 0 24589481018580
133984 512 0 24589481274581
134496 512 0 24589481530582
135008 512 0 24589481786583
135520 512 0 24589482042584
136032 512 0 24589482298585
136544 512 0 24589482554586
137056 512 0 24589482810587
137568 512 0 24589483066588
138080 512 0 24589483322589
138592 512 0 24589483578590
139104 512 0 24589483834591
139616 512 0 24589484090592
140128 512 0 24589484346593
140640 512 0 24589484602595
141152 512 0 24589484858596
141664 512 0 24589485114597
142176 512 0 24589485370598
142688 512 0 24589485626599
143200 512 0 24589485882600
143712 512 0 24589486138601
144224 512 0 24589486394602
144736 512 0 24589486650603
145248 512 0 24589486906604
145760 512 0 24589487162605
146272 512 0 24589487418606
146784 512 0 24589487674607
147296 512 0 24589487930608
147808 512 0 24589488186609
148320 512 0 24589488442610
148832 512 0 24589488698611
149344 512 0 24589488954612
149856 512 0 24589489210613
150368 512 0 24589489466614
150880 512 0 24589489722615
151392 512 0 24589489978616
151904 512 0 24589490234618
152416 512 0 24589490490619
152928 512 0 24589490746620
153440 512 0 24589491002621
153952 512 0 24589491258622
154464 512 0 24589491514623
154976 512 0 24589491770624
155488 512 0 24589492026625
156000 512 0 24589492282626
156512 512 0 24589492538627
157024 512 0 24589492794628
157536 512 0 24589493050629
158048 512 0 24589493306630
158560 512 0 24589493562631
159072 512 0 24589493818632
159584 512 0 24589494074633
160096 512 0 24589494330634
160608 512 0 24589494586635
161120 512 0 24589494842636
161632 512 0 24589495098637
162144 512 0 24589495354638
162656 512 0 24589495610639
163168 512 0 24589495866640
163680 512 0 24589496122641
164192 512 0 24589496378642
164704 512 0 24589496634643
165216 512 0 24589496890644
165728 512 0 24589497146646
166240 512 0 24589497402647
166752 512 0 24589497658648
167264 512 0 24589497914649
167776 512 0 24589498170650
168288 512 0 24589498426651
168800 512 0 24589498682652
169312 512 0 24589498938653
169824 512 0 24589499194654
170336 512 0 24589499450655
170848 512 0 24589499706656
171360 512 0 24589499962657
171872 512 0 24589500218658
172384 512 0 24589500474659
172896 512 0 24589500730660
173408 512 0 24589500986661
173920 512 0 24589501242662
174432 512 0 24589501498663
174944 512 0 24589501754664
175456 512 0 24589502010665
175968 512 0 24589502266666
176480 512 0 24589502522667
176992 512 0 24589502778668
177504 512 0 24589503034669
178016 512 0 24589503290670
178528 512 0 24589503546671
179040 512 0 24589503802672
179552 512 0 24589504058673
180064 512 0 24589504314674
180576 512 0 24589504570676
181088 512 0 24589504826677
181600 512 0 24589505082678
182112 512 0 24589505338679
182624 512 0 24589505594680
183136 512 0 24589505850681
183648 512 0 24589506106682
184160 512 0 24589506362683
184672 512 0 24589506618684
185184 512 0 24589506874685
185696 512 0 24589507130686
186208 512 0 24589507386687
186720 512 0 24589507642688
187232 512 0 24589507898689
187744 512 0 24589508154690
188256 512 0 24589508410691
188768 512 0 24589508666692
189280 512 0 24589508922693
189792 512 0 24589509178694
190304 512 0 24589509434695
190816 512 0 24589509690696
191328 512 0 24589509946697
191840 512 0 24589510202698
192352 512 0 24589510458699
192864 512 0 24589510714700
193376 512 0 24589510970701
193888 512 0 24589511226702
194400 512 0 24589511482703
194912 512 0 24589511738704
195424 512 0 24589511994705
195936 512 0 24589512250706
196448 512 0 24589512506708
196960 512 0 24589512762709
197472 512 0 24589513018710
197984 512 0 24589513274711
198496 512 0 24589513530712
199008 512 0 24589513786713
199520 512 0 24589514042714
200032 512 0 24589514298715
200544 512 0 24589514554716
201056 512 0 24589514810717
201568 512 0 24589515066718
202080 512 0 24589515322719
202592 512 0 24589515578720
203104 512 0 24589515834721
203616 512 0 24589516090722
204128 512 0 24589516346723
204640 512 0 24589516602724
205152 512 0 24589516858725
205664 512 0 24589517114726
206176 512 0 24589517370727
206688 512 0 24589517626728
207200 512 0 24589517882729
207712 512 0 24589518138730
208224 512 0 24589518394731
208736 512 0 24589518650732
209248 512 0 24589518906733
209760 512 0 24589519162734
210272 512 0 24589519418735
210784 512 0 24589519674736
211296 512 0 24589519930737
211808 512 0 24589520186738
212320 512 0 24589520442739
212832 512 0 24589520698741
213344 512 0 24589520954742
213856 512 0 24589521210743
214368 512 0 24589521466744
214880 512 0 24589521722745
215392 512 0 24589521978746
215904 512 0 24589522234747
216416 512 0 24589522490748
216928 512 0 24589522746749
217440 512 0 24589523002750
217952 512 0 24589523258751
218464 512 0 24589523514752
218976 512 0 24589523770753
219488 512 0 24589524026754
220000 512 0 24589524282755
220512 512 0 24589524538756
221024 512 0 24589524794757
221536 512 0 24589525050758
222048 512 0 24589525306759
222560 512 0 24589525562760
223072 512 0 24589525818761
223584 512 0 24589526074762
224096 512 0 24589526330763
224608 512 0 24589526586764
225120 512 0 24589526842765
225632 512 0 24589527098766
226144 512 0 24589527354767
226656 512 0 24589527610768
227168 512 0 24589527866769
227680 512 0 24589528122770
228192 512 0 24589528378771
228704 512 0 24589528634772
229216 512 0 24589528890775
229728 512 0 24589529146776
230240 512 0 24589529402777
230752 512 0 24589529658778
231264 512 0 24589529914779
231776 512 0 24589530170780
232288 512 0 24589530426781
232800 512 0 24589530682782
233312 512 0 24589530938783
233824 512 0 24589531194784
234336 512 0 24589531450785
234848 512 0 24589531706786
235360 512 0 24589531962787
235872 512 0 24589532218788
236384 512 0 24589532474789
236896 512 0 24589532730790
237408 512 0 24589532986791
237920 512 0 24589533242792
238432 512 0 24589533498793
238944 512 0 24589533754795
239456 512 0 24589534010796
239968 512 0 24589534266797
240480 512 0 24589534522798
240992 512 0 24589534778799
241504 512 0 24589535034800
242016 512 0 24589535290801
242528 512 0 24589535546802
243040 512 0 24589535802803
243552 512 0 24589536058804
244064 512 0 24589536314805
244576 512 0 24589536570806
245088 512 0 24589536826807
245600 512 0 24589537082808
246112 512 0 24589537338809
246624 512 0 24589537594810
247136 512 0 24589537850811
247648 512 0 24589538106812
248160 512 0 24589538362813
248672 512 0 24589538618814
249184 512 0 24589538874815
249696 512 0 24589539130816
250208 512 0 24589539386817
250720 512 0 24589539642818
251232 512 0 24589539898819
251744 512 0 24589540154820
252256 512 0 24589540410821
252768 512 0 24589540666822
253280 512 0 24589540922823
253792 512 0 24589541178824
254304 512 0 24589541434825
254816 512 0 24589541690826
255328 512 0 24589541946827
255840 512 0 24589542202829
256352 512 0 24589542458830
256864 512 0 24589542714831
257376 512 0 24589542970832
257888 512 0 24589543226833
258400 512 0 24589543482834
258912 512 0 24589543738835
259424 512 0 24589543994836
259936 512 0 24589544250837
260448 512 0 24589544506838
260960 512 0 24589544762839
261472 512 0 24589545018840
261984 512 0 24589545274842
262496 512 0 24589545530843
263008 512 0 24589545786844
263520 512 0 24589546042845
264032 512 0 24589546298846
264544 512 0 24589546554847
265056 512 0 24589546810848
265568 512 0 24589547066849
266080 512 0 24589547322850
266592 512 0 24589547578851
267104 512 0 24589547834852
267616 512 0 24589548090853
268128 512 0 24589548346854
268640 512 0 24589548602855
269152 512 0 24589548858856
269664 512 0 24589549114857
270176 512 0 24589549370858
270688 512 0 24589549626860
271200 512 0 24589549882861
271712 512 0 24589550138862
272224 512 0 24589550394863
272736 512 0 24589550650864
273248 512 0 24589550906865
273760 512 0 24589551162866
274272 512 0 24589551418867
274784 512 0 24589551674868
275296 512 0 24589551930869
275808 512 0 24589552186870
276320 512 0 24589552442871
276832 512 0 24589552698872
277344 512 0 24589552954873
277856 512 0 24589553210874
278368 512 0 24589553466875
278880 512 0 24589553722876
279392 512 0 24589553978877
279904 512 0 24589554234878
280416 512 0 24589554490879
280928 512 0 24589554746880
281440 512 0 24589555002881
281952 512 0 24589555258882
282464 512 0 24589555514883
282976 512 0 24589555770884
283488 512 0 24589556026885
284000 512 0 24589556282886
284512 512 0 24589556538887
285024 512 0 24589556794888
285536 512 0 24589557050889
286048 512 0 24589557306890
286560 512 0 24589557562891
287072 512 0 24589557818892
287584 512 0 24589558074894
288096 512 0 24589558330895
288608 512 0 24589558586896
289120 512 0 24589558842897
289632 512 0 24589559098898
290144 512 0 24589559354899
290656 512 0 24589559610900
291168 512 0 24589559866901
291680 512 0 24589560122902
292192 512 0 24589560378903
292704 512 0 24589560634904
293216 512 0 24589560890905
293728 512 0 24589561146906
294240 512 0 24589561402907
294752 512 0 24589561658909
295264 512 0 24589561914910
295776 512 0 24589562170911
296288 512 0 24589562426912
296800 512 0 24589562682913
297312 512 0 24589562938914
297824 512 0 24589563194915
298336 512 0 24589563450916
298848 512 0 24589563706917
299360 512 0 24589563962918
299872 512 0 24589564218919
300384 512 0 24589564474920
300896 512 0 24589564730921
301408 512 0 24589564986922
301920 512 0 24589565242924
302432 512 0 24589565498925
302944 512 0 24589565754926
303456 512 0 24589566010927
303968 512 0 24589566266928
304480 512 0 24589566522929
304992 512 0 24589566778930
305504 512 0 24589567034931
306016 512 0 24589567290932
306528 512 0 24589567546933
307040 512 0 24589567802934
307552 512 0 24589568058935
308064 512 0 24589568314936
308576 512 0 24589568570937
309088 512 0 24589568826938
309600 512 0 24589569082939
310112 512 0 24589569338940
310624 512 0 24589569594941
311136 512 0 24589569850943
311648 512 0 24589570106944
312160 512 0 24589570362945
312672 512 0 24589570618946
313184 512 0 24589570874947
313696 512 0 24589571130948
314208 512 0 24589571386949
314720 512 0 24589571642950
315232 512 0 24589571898951
315744 512 0 24589572154952
316256 512 0 24589572410953
316768 512 0 24589572666954
317280 512 0 24589572922956
317792 512 0 24589573178957
318304 512 0 24589573434958
318816 512 0 24589573690959
319328 512 0 24589573946960
319840 512 0 24589574202961
320352 512 0 24589574458962
320864 512 0 24589574714963
321376 512 0 24589574970964
321888 512 0 24589575226965
322400 512 0 24589575482966
322912 512 0 24589575738967
323424 512 0 24589575994968
323936 512 0 24589576250969
324448 512 0 24589576506970
324960 512 0 24589576762971
325472 512 0 24589577018972
325984 512 0 24589577274973
326496 512 0 24589577530974
327008 512 0 24589577786975
327520 512 0 24589578042976
328032 512 0 24589578298977
328544 512 0 24589578554978
329056 512 0 24589578810979
329568 512 0 24589579066980
330080 512 0 24589579322981
330592 512 0 24589579578982
331104 512 0 24589579834983
331616 512 0 24589580090984
332128 512 0 24589580346985
332640 512 0 24589580602986
333152 512 0 24589580858987
333664 512 0 24589581114988
334176 512 0 24589581370990
334688 512 0 24589581626991
335200 512 0 24589581882992
335712 512 0 24589582138993
336224 512 0 24589582394994
336736 512 0 24589582650995
337248 512 0 24589582906996
337760 512 0 24589583162997
338272 512 0 24589583418998
338784 512 0 24589583674999
339296 512 0 24589583931000
339808 512 0 24589584187001
340320 512 0 24589584443002
340832 512 0 24589584699003
341344 512 0 24589584955004
341856 512 0 24589585211005
342368 512 0 24589585467006
342880 512 0 24589585723007
343392 512 0 24589585979008
343904 512 0 24589586235010
344416 512 0 24589586491011
344928 512 0 24589586747012
345440 512 0 24589587003013
345952 512 0 24589587259014
346464 512 0 24589587515015
346976 512 0 24589587771016
347488 512 0 24589588027017
348000 512 0 24589588283018
348512 512 0 24589588539019
349024 512 0 24589588795020
349536 512 0 24589589051022
350048 512 0 24589589307023
350560 512 0 24589589563024
351072 512 0 24589589819025
351584 512 0 24589590075026
352096 512 0 24589590331027
352608 512 0 24589590587028
353120 512 0 24589590843029
353632 512 0 24589591099030
354144 512 0 24589591355031
354656 512 0 24589591611032
355168 512 0 24589591867033
355680 512 0 24589592123034
356192 512 0 24589592379035
356704 512 0 24589592635036
357216 512 0 24589592891037
357728 512 0 24589593147038
358240 512 0 24589593403039
358752 512 0 24589593659040
359264 512 0 24589593915041
359776 512 0 24589594171042
360288 512 0 24589594427043
360800 512 0 24589594683044
361312 512 0 24589594939045
361824 512 0 24589595195046
362336 512 0 24589595451047
362848 512 0 24589595707048
363360 512 0 24589595963049
363872 512 0 24589596219050
364384 512 0 24589596475051
364896 512 0 24589596731052
365408 512 0 24589596987053
365920 512 0 24589597243054
366432 512 0 24589597499056
366944 512 0 24589597755057
367456 512 0 24589598011058
367968 512 0 24589598267059
368480 512 0 24589598523060
368992 512 0 24589598779061
369504 512 0 24589599035062
370016 512 0 24589599291063
370528 512 0 24589599547064
371040 512 0 24589599803065
371552 512 0 24589600059066
372064 512 0 24589600315067
372576 512 0 24589600571068
373088 512 0 24589600827069
373600 512 0 24589601083070
374112 512 0 24589601339071
374624 512 0 24589601595072
375136 512 0 24589601851073
375648 512 0 24589602107074
376160 512 0 24589602363075
376672 512 0 24589602619077
377184 512 0 24589602875078
377696 512 0 24589603131079
378208 512 0 24589603387080
378720 512 0 24589603643081
379232 512 0 24589603899082
379744 512 0 24589604155083
380256 512 0 24589604411084
380768 512 0 24589604667085
381280 512 0 24589604923086
381792 512 0 24589605179088
382304 512 0 24589605435089
382816 512 0 24589605691090
383328 512 0 24589605947091
383840 512 0 24589606203092
384352 512 0 24589606459093
384864 512 0 24589606715094
385376 512 0 24589606971095
385888 512 0 24589607227096
386400 512 0 24589607483097
386912 512 0 24589607739098
387424 512 0 24589607995099
387936 512 0 24589608251100
388448 512 0 24589608507101
388960 512 0 24589608763102
389472 512 0 24589609019103
389984 512 0 24589609275104
390496 512 0 24589609531105
391008 512 0 24589609787106
391520 512 0 24589610043107
392032 512 0 24589610299108
392544 512 0 24589610555109
393056 512 0 24589610811110
393568 512 0 24589611067111
394080 512 0 24589611323112
394592 512 0 24589611579113
395104 512 0 24589611835114
395616 512 0 24589612091115
396128 512 0 24589612347116
396640 512 0 24589612603117
397152 512 0 24589612859118
397664 512 0 24589613115119
398176 512 0 24589613371120
398688 512 0 24589613627122
399200 512 0 24589613883123
399712 512 0 24589614139124
400224 512 0 24589614395125
400736 512 0 24589614651126
401248 512 0 24589614907127
401760 512 0 24589615163128
402272 512 0 24589615419129
402784 512 0 24589615675130
403296 512 0 24589615931131
403808 512 0 24589616187132
404320 512 0 24589616443133
404832 512 0 24589616699134
405344 512 0 24589616955135
405856 512 0 24589617211136
406368 512 0 24589617467137
406880 512 0 24589617723138
407392 512 0 24589617979139
407904 512 0 24589618235140
408416 512 0 24589618491141
408928 512 0 24589618747142
409440 512 0 24589619003144
409952 512 0 24589619259145
410464 512 0 24589619515146
410976 512 0 24589619771147
411488 512 0 24589620027148
412000 512 0 24589620283149
412512 512 0 24589620539150
413024 512 0 24589620795151
413536 512 0 24589621051152
414048 512 0 24589621307154
414560 512 0 24589621563155
415072 512 0 24589621819156
415584 512 0 24589622075157
416096 512 0 24589622331158
416608 512 0 24589622587159
417120 512 0 24589622843160
417632 512 0 24589623099161
418144 512 0 24589623355162
418656 512 0 24589623611163
419168 512 0 24589623867164
419680 512 0 24589624123165
420192 512 0 24589624379166
420704 512 0 24589624635167
421216 512 0 24589624891168
421728 512 0 24589625147169
422240 512 0 24589625403170
422752 512 0 24589625659171
423264 512 0 24589625915172
423776 512 0 24589626171173
