9360 512 0 24587499081172
9872 512 0 24587499337172
10384 512 0 24587499593172
10896 512 0 24587499849172
11408 512 0 24587500105172
11920 512 0 24587500361172
12432 512 0 24587500617172
12944 512 0 24587500873172
13456 512 0 24587501129172
13968 512 0 24587501385172
14480 512 0 24587501641172
14992 512 0 24587501897172
15504 512 0 24587502153172
16016 512 0 24587502409172
16528 512 0 24587502665172
17040 512 0 24587502921172
17552 512 0 24587503177172
18064 512 0 24587503433172
18576 512 0 24587503689172
19088 512 0 24587503945172
19600 512 0 24587504201172
20112 512 0 24587504457172
20624 512 0 24587504713172
21136 512 0 24587504969172
21648 512 0 24587505225172
22160 512 0 24587505481172
22672 512 0 24587505737172
23184 512 0 24587505993172
23696 512 0 24587506249172
24208 512 0 24587506505172
24720 512 0 24587506761172
25232 512 0 24587507017201
25744 512 0 24587507273202
26256 512 0 24587507529202
26768 512 0 24587507785203
27280 512 0 24587508041204
27792 512 0 24587508297205
28304 512 0 24587508553205
28816 512 0 24587508809206
29328 512 0 24587509065207
29840 512 0 24587509321208
30352 512 0 24587509577208
30864 512 0 24587509833209
31376 512 0 24587510089210
31888 512 0 24587510345211
32400 512 0 24587510601211
32912 512 0 24587510857212
33424 512 0 24587511113217
33936 512 0 24587511369217
34448 512 0 24587511625218
34960 512 0 24587511881219
35472 512 0 24587512137220
35984 512 0 24587512393221
36496 512 0 24587512649222
37008 512 0 24587512905222
37520 512 0 24587513161223
38032 512 0 24587513417224
38544 512 0 24587513673225
39056 512 0 24587513929226
39568 512 0 24587514185227
40080 512 0 24587514441228
40592 512 0 24587514697228
41104 512 0 24587514953229
41616 512 0 24587515209234
42128 512 0 24587515465235
42640 512 0 24587515721236
43152 512 0 24587515977237
43664 512 0 24587516233238
44176 512 0 24587516489239
44688 512 0 24587516745239
45200 512 0 24587517001240
45712 512 0 24587517257241
46224 512 0 24587517513242
46736 512 0 24587517769243
47248 512 0 24587518025244
47760 512 0 24587518281245
48272 512 0 24587518537246
48784 512 0 24587518793247
49296 512 0 24587519049248
49808 512 0 24587519305251
50320 512 0 24587519561252
50832 512 0 24587519817253
51344 512 0 24587520073253
51856 512 0 24587520329254
52368 512 0 24587520585255
52880 512 0 24587520841256
53392 512 0 24587521097257
53904 512 0 24587521353258
54416 512 0 24587521609259
54928 512 0 24587521865260
55440 512 0 24587522121261
55952 512 0 24587522377262
56464 512 0 24587522633263
56976 512 0 24587522889264
57488 512 0 24587523145265
58000 512 0 24587523401267
58512 512 0 24587523657268
59024 512 0 24587523913269
59536 512 0 24587524169270
60048 512 0 24587524425271
60560 512 0 24587524681272
61072 512 0 24587524937273
61584 512 0 24587525193274
62096 512 0 24587525449275
62608 512 0 24587525705276
63120 512 0 24587525961277
63632 512 0 24587526217278
64144 512 0 24587526473279
64656 512 0 24587526729280
65168 512 0 24587526985281
65680 512 0 24587527241282
66192 512 0 24587527497283
66704 512 0 24587527753284
67216 512 0 24587528009285
67728 512 0 24587528265286
68240 512 0 24587528521287
68752 512 0 24587528777288
69264 512 0 24587529033289
69776 512 0 24587529289290
70288 512 0 24587529545291
70800 512 0 24587529801292
71312 512 0 24587530057293
71824 512 0 24587530313294
72336 512 0 24587530569295
72848 512 0 24587530825296
73360 512 0 24587531081297
73872 512 0 24587531337298
74384 512 0 24587531593299
74896 512 0 24587531849300
75408 512 0 24587532105301
75920 512 0 24587532361302
76432 512 0 24587532617303
76944 512 0 24587532873304
77456 512 0 24587533129305
77968 512 0 24587533385306
78480 512 0 24587533641307
78992 512 0 24587533897308
79504 512 0 24587534153309
80016 512 0 24587534409310
80528 512 0 24587534665311
81040 512 0 24587534921312
81552 512 0 24587535177313
82064 512 0 24587535433314
82576 512 0 24587535689315
83088 512 0 24587535945316
83600 512 0 24587536201317
84112 512 0 24587536457318
84624 512 0 24587536713319
85136 512 0 24587536969320
85648 512 0 24587537225321
86160 512 0 24587537481322
86672 512 0 24587537737323
87184 512 0 24587537993324
87696 512 0 24587538249325
88208 512 0 24587538505326
88720 512 0 24587538761327
89232 512 0 24587539017328
89744 512 0 24587539273329
90256 512 0 24587539529330
90768 512 0 24587539785331
91280 512 0 24587540041332
91792 512 0 24587540297333
92304 512 0 24587540553334
92816 512 0 24587540809335
93328 512 0 24587541065336
93840 512 0 24587541321337
94352 512 0 24587541577338
94864 512 0 24587541833339
95376 512 0 24587542089340
95888 512 0 24587542345341
96400 512 0 24587542601342
96912 512 0 24587542857343
97424 512 0 24587543113344
97936 512 0 24587543369345
98448 512 0 24587543625346
98960 512 0 24587543881347
99472 512 0 24587544137348
99984 512 0 24587544393349
100496 512 0 24587544649350
101008 512 0 24587544905351
101520 512 0 24587545161352
102032 512 0 24587545417353
102544 512 0 24587545673354
103056 512 0 24587545929355
103568 512 0 24587546185356
104080 512 0 24587546441357
104592 512 0 24587546697358
105104 512 0 24587546953359
105616 512 0 24587547209360
106128 512 0 24587547465361
106640 512 0 24587547721362
107152 512 0 24587547977362
107664 512 0 24587548233363
108176 512 0 24587548489364
108688 512 0 24587548745365
109200 512 0 24587549001366
109712 512 0 24587549257367
110224 512 0 24587549513368
110736 512 0 24587549769369
111248 512 0 24587550025370
111760 512 0 24587550281371
112272 512 0 24587550537372
112784 512 0 24587550793373
113296 512 0 24587551049374
113808 512 0 24587551305375
114320 512 0 24587551561376
114832 512 0 24587551817377
115344 512 0 24587552073379
115856 512 0 24587552329380
116368 512 0 24587552585381
116880 512 0 24587552841382
117392 512 0 24587553097383
117904 512 0 24587553353384
118416 512 0 24587553609385
118928 512 0 24587553865386
119440 512 0 24587554121387
119952 512 0 24587554377388
120464 512 0 24587554633389
120976 512 0 24587554889390
121488 512 0 24587555145391
122000 512 0 24587555401392
122512 512 0 24587555657393
123024 512 0 24587555913394
123536 512 0 24587556169394
124048 512 0 24587556425395
124560 512 0 24587556681396
125072 512 0 24587556937397
125584 512 0 24587557193398
126096 512 0 24587557449399
126608 512 0 24587557705400
127120 512 0 24587557961401
127632 512 0 24587558217402
128144 512 0 24587558473403
128656 512 0 24587558729404
129168 512 0 24587558985405
129680 512 0 24587559241406
130192 512 0 24587559497407
130704 512 0 24587559753408
131216 512 0 24587560009409
131728 512 0 24587560265410
132240 512 0 24587560521411
132752 512 0 24587560777412
133264 512 0 24587561033413
133776 512 0 24587561289414
134288 512 0 24587561545415
134800 512 0 24587561801416
135312 512 0 24587562057417
135824 512 0 24587562313418
136336 512 0 24587562569419
136848 512 0 24587562825420
137360 512 0 24587563081421
137872 512 0 24587563337422
138384 512 0 24587563593423
138896 512 0 24587563849424
139408 512 0 24587564105425
139920 512 0 24587564361426
140432 512 0 24587564617427
140944 512 0 24587564873428
141456 512 0 24587565129429
141968 512 0 24587565385430
142480 512 0 24587565641431
142992 512 0 24587565897432
143504 512 0 24587566153433
144016 512 0 24587566409434
144528 512 0 24587566665435
145040 512 0 24587566921436
145552 512 0 24587567177437
146064 512 0 24587567433438
146576 512 0 24587567689439
147088 512 0 24587567945440
147600 512 0 24587568201441
148112 512 0 24587568457443
148624 512 0 24587568713444
149136 512 0 24587568969445
149648 512 0 24587569225446
150160 512 0 24587569481447
150672 512 0 24587569737448
151184 512 0 24587569993449
151696 512 0 24587570249450
152208 512 0 24587570505451
152720 512 0 24587570761452
153232 512 0 24587571017453
153744 512 0 24587571273454
154256 512 0 24587571529455
154768 512 0 24587571785456
155280 512 0 24587572041457
155792 512 0 24587572297458
156304 512 0 24587572553458
156816 512 0 24587572809459
157328 512 0 24587573065460
157840 512 0 24587573321461
158352 512 0 24587573577462
158864 512 0 24587573833463
159376 512 0 24587574089464
159888 512 0 24587574345465
160400 512 0 24587574601466
160912 512 0 24587574857467
161424 512 0 24587575113468
161936 512 0 24587575369469
162448 512 0 24587575625470
162960 512 0 24587575881471
163472 512 0 24587576137472
163984 512 0 24587576393473
164496 512 0 24587576649475
165008 512 0 24587576905476
165520 512 0 24587577161477
166032 512 0 24587577417478
166544 512 0 24587577673479
167056 512 0 24587577929480
167568 512 0 24587578185481
168080 512 0 24587578441482
168592 512 0 24587578697483
169104 512 0 24587578953484
169616 512 0 24587579209485
170128 512 0 24587579465486
170640 512 0 24587579721487
171152 512 0 24587579977488
171664 512 0 24587580233489
172176 512 0 24587580489490
172688 512 0 24587580745491
173200 512 0 24587581001492
173712 512 0 24587581257493
174224 512 0 24587581513494
174736 512 0 24587581769495
175248 512 0 24587582025496
175760 512 0 24587582281497
176272 512 0 24587582537498
176784 512 0 24587582793499
177296 512 0 24587583049500
177808 512 0 24587583305501
178320 512 0 24587583561502
178832 512 0 24587583817503
179344 512 0 24587584073504
179856 512 0 24587584329505
180368 512 0 24587584585506
180880 512 0 24587584841506
181392 512 0 24587585097507
181904 512 0 24587585353508
182416 512 0 24587585609509
182928 512 0 24587585865510
183440 512 0 24587586121511
183952 512 0 24587586377512
184464 512 0 24587586633513
184976 512 0 24587586889514
185488 512 0 24587587145515
186000 512 0 24587587401516
186512 512 0 24587587657517
187024 512 0 24587587913518
187536 512 0 24587588169519
188048 512 0 24587588425520
188560 512 0 24587588681521
189072 512 0 24587588937523
189584 512 0 24587589193524
190096 512 0 24587589449525
190608 512 0 24587589705526
191120 512 0 24587589961527
191632 512 0 24587590217528
192144 512 0 24587590473529
192656 512 0 24587590729530
193168 512 0 24587590985531
193680 512 0 24587591241532
194192 512 0 24587591497533
194704 512 0 24587591753534
195216 512 0 24587592009535
195728 512 0 24587592265536
196240 512 0 24587592521537
196752 512 0 24587592777538
197264 512 0 24587593033538
197776 512 0 24587593289539
198288 512 0 24587593545540
198800 512 0 24587593801541
199312 512 0 24587594057542
199824 512 0 24587594313543
200336 512 0 24587594569544
200848 512 0 24587594825545
201360 512 0 24587595081546
201872 512 0 24587595337547
202384 512 0 24587595593548
202896 512 0 24587595849549
203408 512 0 24587596105550
203920 512 0 24587596361551
204432 512 0 24587596617552
204944 512 0 24587596873553
205456 512 0 24587597129555
205968 512 0 24587597385556
206480 512 0 24587597641557
206992 512 0 24587597897558
207504 512 0 24587598153559
208016 512 0 24587598409560
208528 512 0 24587598665561
209040 512 0 24587598921562
209552 512 0 24587599177563
210064 512 0 24587599433564
210576 512 0 24587599689565
211088 512 0 24587599945566
211600 512 0 24587600201567
212112 512 0 24587600457568
212624 512 0 24587600713569
213136 512 0 24587600969570
213648 512 0 24587601225571
214160 512 0 24587601481572
214672 512 0 24587601737573
215184 512 0 24587601993574
215696 512 0 24587602249575
216208 512 0 24587602505576
216720 512 0 24587602761577
217232 512 0 24587603017578
217744 512 0 24587603273579
218256 512 0 24587603529580
218768 512 0 24587603785581
219280 512 0 24587604041582
219792 512 0 24587604297583
220304 512 0 24587604553584
220816 512 0 24587604809585
221328 512 0 24587605065586
221840 512 0 24587605321587
222352 512 0 24587605577588
222864 512 0 24587605833589
223376 512 0 24587606089590
223888 512 0 24587606345591
224400 512 0 24587606601592
224912 512 0 24587606857593
225424 512 0 24587607113594
225936 512 0 24587607369595
226448 512 0 24587607625596
226960 512 0 24587607881597
227472 512 0 24587608137598
227984 512 0 24587608393599
228496 512 0 24587608649600
229008 512 0 24587608905601
229520 512 0 24587609161602
230032 512 0 24587609417603
230544 512 0 24587609673604
231056 512 0 24587609929605
231568 512 0 24587610185606
232080 512 0 24587610441607
232592 512 0 24587610697608
233104 512 0 24587610953609
233616 512 0 24587611209610
234128 512 0 24587611465611
234640 512 0 24587611721612
235152 512 0 24587611977613
235664 512 0 24587612233614
236176 512 0 24587612489615
236688 512 0 24587612745616
237200 512 0 24587613001617
237712 512 0 24587613257618
238224 512 0 24587613513619
238736 512 0 24587613769620
239248 512 0 24587614025621
239760 512 0 24587614281622
240272 512 0 24587614537623
240784 512 0 24587614793624
241296 512 0 24587615049625
241808 512 0 24587615305626
242320 512 0 24587615561627
242832 512 0 24587615817628
243344 512 0 24587616073629
243856 512 0 24587616329630
244368 512 0 24587616585631
244880 512 0 24587616841632
245392 512 0 24587617097633
245904 512 0 24587617353634
246416 512 0 24587617609635
246928 512 0 24587617865636
247440 512 0 24587618121637
247952 512 0 24587618377638
248464 512 0 24587618633639
248976 512 0 24587618889640
249488 512 0 24587619145641
250000 512 0 24587619401642
250512 512 0 24587619657643
251024 512 0 24587619913644
251536 512 0 24587620169645
252048 512 0 24587620425646
252560 512 0 24587620681647
253072 512 0 24587620937648
253584 512 0 24587621193649
254096 512 0 24587621449650
254608 512 0 24587621705651
255120 512 0 24587621961652
255632 512 0 24587622217653
256144 512 0 24587622473654
256656 512 0 24587622729655
257168 512 0 24587622985656
257680 512 0 24587623241657
258192 512 0 24587623497658
258704 512 0 24587623753659
259216 512 0 24587624009660
259728 512 0 24587624265661
260240 512 0 24587624521662
260752 512 0 24587624777663
261264 512 0 24587625033664
261776 512 0 24587625289665
262288 512 0 24587625545666
262800 512 0 24587625801667
263312 512 0 24587626057668
263824 512 0 24587626313669
264336 512 0 24587626569670
264848 512 0 24587626825671
265360 512 0 24587627081672
265872 512 0 24587627337673
266384 512 0 24587627593674
266896 512 0 24587627849675
267408 512 0 24587628105676
267920 512 0 24587628361677
268432 512 0 24587628617678
268944 512 0 24587628873679
269456 512 0 24587629129680
269968 512 0 24587629385681
270480 512 0 24587629641682
270992 512 0 24587629897684
271504 512 0 24587630153685
272016 512 0 24587630409686
272528 512 0 24587630665687
273040 512 0 24587630921688
273552 512 0 24587631177689
274064 512 0 24587631433690
274576 512 0 24587631689691
275088 512 0 24587631945692
275600 512 0 24587632201693
276112 512 0 24587632457694
276624 512 0 24587632713695
277136 512 0 24587632969696
277648 512 0 24587633225697
278160 512 0 24587633481698
278672 512 0 24587633737699
279184 512 0 24587633993700
279696 512 0 24587634249701
280208 512 0 24587634505702
280720 512 0 24587634761703
281232 512 0 24587635017704
281744 512 0 24587635273705
282256 512 0 24587635529706
282768 512 0 24587635785707
283280 512 0 24587636041708
283792 512 0 24587636297709
284304 512 0 24587636553710
284816 512 0 24587636809711
285328 512 0 24587637065712
285840 512 0 24587637321713
286352 512 0 24587637577714
286864 512 0 24587637833715
287376 512 0 24587638089716
287888 512 0 24587638345717
288400 512 0 24587638601718
288912 512 0 24587638857719
289424 512 0 24587639113720
289936 512 0 24587639369721
290448 512 0 24587639625722
290960 512 0 24587639881723
291472 512 0 24587640137724
291984 512 0 24587640393725
292496 512 0 24587640649726
293008 512 0 24587640905727
293520 512 0 24587641161728
294032 512 0 24587641417729
294544 512 0 24587641673730
295056 512 0 24587641929731
295568 512 0 24587642185732
296080 512 0 24587642441733
296592 512 0 24587642697734
297104 512 0 24587642953735
297616 512 0 24587643209736
298128 512 0 24587643465737
298640 512 0 24587643721738
299152 512 0 24587643977739
299664 512 0 24587644233740
300176 512 0 24587644489741
300688 512 0 24587644745742
301200 512 0 24587645001743
301712 512 0 24587645257744
302224 512 0 24587645513745
302736 512 0 24587645769746
303248 512 0 24587646025747
303760 512 0 24587646281748
304272 512 0 24587646537749
304784 512 0 24587646793750
305296 512 0 24587647049751
305808 512 0 24587647305752
306320 512 0 24587647561753
306832 512 0 24587647817754
307344 512 0 24587648073755
307856 512 0 24587648329756
308368 512 0 24587648585757
308880 512 0 24587648841758
309392 512 0 24587649097759
309904 512 0 24587649353760
310416 512 0 24587649609761
310928 512 0 24587649865762
311440 512 0 24587650121763
311952 512 0 24587650377764
312464 512 0 24587650633765
312976 512 0 24587650889766
313488 512 0 24587651145767
314000 512 0 24587651401768
314512 512 0 24587651657769
315024 512 0 24587651913770
315536 512 0 24587652169771
316048 512 0 24587652425772
316560 512 0 24587652681773
317072 512 0 24587652937774
317584 512 0 24587653193775
318096 512 0 24587653449776
318608 512 0 24587653705777
319120 512 0 24587653961778
319632 512 0 24587654217779
320144 512 0 24587654473780
320656 512 0 24587654729781
321168 512 0 24587654985782
321680 512 0 24587655241783
322192 512 0 24587655497784
322704 512 0 24587655753785
323216 512 0 24587656009786
323728 512 0 24587656265787
324240 512 0 24587656521788
324752 512 0 24587656777789
325264 512 0 24587657033790
325776 512 0 24587657289791
326288 512 0 24587657545792
326800 512 0 24587657801793
327312 512 0 24587658057794
327824 512 0 24587658313795
328336 512 0 24587658569796
328848 512 0 24587658825797
329360 512 0 24587659081798
329872 512 0 24587659337799
330384 512 0 24587659593800
330896 512 0 24587659849801
331408 512 0 24587660105802
331920 512 0 24587660361803
332432 512 0 24587660617804
332944 512 0 24587660873805
333456 512 0 24587661129806
333968 512 0 24587661385807
334480 512 0 24587661641808
334992 512 0 24587661897809
335504 512 0 24587662153810
336016 512 0 24587662409811
336528 512 0 24587662665812
337040 512 0 24587662921813
337552 512 0 24587663177814
338064 512 0 24587663433815
338576 512 0 24587663689816
339088 512 0 24587663945817
339600 512 0 24587664201818
340112 512 0 24587664457819
340624 512 0 24587664713820
341136 512 0 24587664969821
341648 512 0 24587665225822
342160 512 0 24587665481823
342672 512 0 24587665737824
343184 512 0 24587665993825
343696 512 0 24587666249826
344208 512 0 24587666505827
344720 512 0 24587666761829
345232 512 0 24587667017830
345744 512 0 24587667273831
346256 512 0 24587667529832
346768 512 0 24587667785833
347280 512 0 24587668041834
347792 512 0 24587668297835
348304 512 0 24587668553836
348816 512 0 24587668809838
349328 512 0 24587669065839
349840 512 0 24587669321840
350352 512 0 24587669577841
350864 512 0 24587669833842
351376 512 0 24587670089843
351888 512 0 24587670345844
352400 512 0 24587670601845
352912 512 0 24587670857844
353424 512 0 24587671113845
353936 512 0 24587671369846
354448 512 0 24587671625847
354960 512 0 24587671881848
355472 512 0 24587672137849
355984 512 0 24587672393850
356496 512 0 24587672649851
357008 512 0 24587672905852
357520 512 0 24587673161853
358032 512 0 24587673417854
358544 512 0 24587673673855
359056 512 0 24587673929856
359568 512 0 24587674185857
360080 512 0 24587674441858
360592 512 0 24587674697859
361104 512 0 24587674953860
361616 512 0 24587675209861
362128 512 0 24587675465862
362640 512 0 24587675721863
363152 512 0 24587675977864
363664 512 0 24587676233865
364176 512 0 24587676489866
364688 512 0 24587676745867
365200 512 0 24587677001868
365712 512 0 24587677257869
366224 512 0 24587677513870
366736 512 0 24587677769871
367248 512 0 24587678025872
367760 512 0 24587678281873
368272 512 0 24587678537874
368784 512 0 24587678793875
369296 512 0 24587679049877
369808 512 0 24587679305878
370320 512 0 24587679561879
370832 512 0 24587679817880
371344 512 0 24587680073881
371856 512 0 24587680329882
372368 512 0 24587680585883
372880 512 0 24587680841884
373392 512 0 24587681097885
373904 512 0 24587681353886
374416 512 0 24587681609887
374928 512 0 24587681865888
375440 512 0 24587682121890
375952 512 0 24587682377891
376464 512 0 24587682633892
376976 512 0 24587682889893
377488 512 0 24587683145893
378000 512 0 24587683401894
378512 512 0 24587683657895
379024 512 0 24587683913896
379536 512 0 24587684169897
380048 512 0 24587684425898
380560 512 0 24587684681899
381072 512 0 24587684937900
381584 512 0 24587685193901
382096 512 0 24587685449902
382608 512 0 24587685705903
383120 512 0 24587685961904
383632 512 0 24587686217905
384144 512 0 24587686473906
384656 512 0 24587686729907
385168 512 0 24587686985909
385680 512 0 24587687241909
386192 512 0 24587687497910
386704 512 0 24587687753911
387216 512 0 24587688009912
387728 512 0 24587688265913
388240 512 0 24587688521914
388752 512 0 24587688777915
389264 512 0 24587689033916
389776 512 0 24587689289917
390288 512 0 24587689545918
390800 512 0 24587689801919
391312 512 0 24587690057920
391824 512 0 24587690313921
392336 512 0 24587690569922
392848 512 0 24587690825923
393360 512 0 24587691081924
393872 512 0 24587691337925
394384 512 0 24587691593926
394896 512 0 24587691849927
395408 512 0 24587692105928
395920 512 0 24587692361929
396432 512 0 24587692617930
396944 512 0 24587692873931
397456 512 0 24587693129932
397968 512 0 24587693385933
398480 512 0 24587693641934
398992 512 0 24587693897935
399504 512 0 24587694153936
400016 512 0 24587694409937
400528 512 0 24587694665938
401040 512 0 24587694921939
401552 512 0 24587695177940
402064 512 0 24587695433942
402576 512 0 24587695689943
403088 512 0 24587695945944
403600 512 0 24587696201946
404112 512 0 24587696457947
404624 512 0 24587696713948
405136 512 0 24587696969949
405648 512 0 24587697225950
406160 512 0 24587697481951
406672 512 0 24587697737952
407184 512 0 24587697993953
407696 512 0 24587698249954
408208 512 0 24587698505955
408720 512 0 24587698761956
409232 512 0 24587699017957
409744 512 0 24587699273958
410256 512 0 24587699529957
410768 512 0 24587699785958
411280 512 0 24587700041959
411792 512 0 24587700297960
412304 512 0 24587700553961
412816 512 0 24587700809962
413328 512 0 24587701065963
413840 512 0 24587701321964
414352 512 0 24587701577965
414864 512 0 24587701833966
415376 512 0 24587702089967
415888 512 0 24587702345968
416400 512 0 24587702601969
416912 512 0 24587702857970
417424 512 0 24587703113971
417936 512 0 24587703369972
418448 512 0 24587703625976
418960 512 0 24587703881977
419472 512 0 24587704137978
419984 512 0 24587704393979
420496 512 0 24587704649980
421008 512 0 24587704905981
421520 512 0 24587705161982
422032 512 0 24587705417983
422544 512 0 24587705673984
423056 512 0 24587705929985
423568 512 0 24587706185986
424080 512 0 24587706441987
424592 512 0 24587706697988
425104 512 0 24587706953989
425616 512 0 24587707209990
426128 512 0 24587707465991
426640 512 0 24587707721992
427152 512 0 24587707977993
427664 512 0 24587708233994
428176 512 0 24587708489995
428688 512 0 24587708745996
429200 512 0 24587709001997
429712 512 0 24587709257998
430224 512 0 24587709513999
430736 512 0 24587709770000
431248 512 0 24587710026001
431760 512 0 24587710282002
432272 512 0 24587710538003
432784 512 0 24587710794004
433296 512 0 24587711050005
433808 512 0 24587711306006
434320 512 0 24587711562007
434832 512 0 24587711818008
435344 512 0 24587712074009
435856 512 0 24587712330010
436368 512 0 24587712586011
436880 512 0 24587712842012
437392 512 0 24587713098013
437904 512 0 24587713354014
438416 512 0 24587713610015
438928 512 0 24587713866016
439440 512 0 24587714122017
439952 512 0 24587714378018
440464 512 0 24587714634019
440976 512 0 24587714890020
441488 512 0 24587715146021
442000 512 0 24587715402022
442512 512 0 24587715658023
443024 512 0 24587715914025
443536 512 0 24587716170026
444048 512 0 24587716426027
444560 512 0 24587716682028
445072 512 0 24587716938029
445584 512 0 24587717194030
446096 512 0 24587717450031
446608 512 0 24587717706032
447120 512 0 24587717962033
447632 512 0 24587718218034
448144 512 0 24587718474035
448656 512 0 24587718730036
449168 512 0 24587718986037
449680 512 0 24587719242038
450192 512 0 24587719498039
450704 512 0 24587719754040
451216 512 0 24587720010041
451728 512 0 24587720266042
452240 512 0 24587720522043
452752 512 0 24587720778044
453264 512 0 24587721034045
453776 512 0 24587721290046
454288 512 0 24587721546047
454800 512 0 24587721802048
455312 512 0 24587722058049
455824 512 0 24587722314050
456336 512 0 24587722570051
456848 512 0 24587722826052
457360 512 0 24587723082053
457872 512 0 24587723338054
458384 512 0 24587723594055
458896 512 0 24587723850056
459408 512 0 24587724106057
459920 512 0 24587724362058
460432 512 0 24587724618059
460944 512 0 24587724874060
461456 512 0 24587725130061
461968 512 0 24587725386062
462480 512 0 24587725642063
462992 512 0 24587725898064
463504 512 0 24587726154065
464016 512 0 24587726410066
464528 512 0 24587726666067
465040 512 0 24587726922068
465552 512 0 24587727178069
466064 512 0 24587727434070
466576 512 0 24587727690071
467088 512 0 24587727946072
467600 512 0 24587728202073
468112 512 0 24587728458074
468624 512 0 24587728714075
469136 512 0 24587728970076
469648 512 0 24587729226077
470160 512 0 24587729482078
470672 512 0 24587729738079
471184 512 0 24587729994080
471696 512 0 24587730250081
472208 512 0 24587730506082
472720 512 0 24587730762083
473232 512 0 24587731018084
473744 512 0 24587731274085
474256 512 0 24587731530086
474768 512 0 24587731786087
475280 512 0 24587732042088
475792 512 0 24587732298090
476304 512 0 24587732554091
476816 512 0 24587732810092
477328 512 0 24587733066093
477840 512 0 24587733322094
478352 512 0 24587733578095
478864 512 0 24587733834096
479376 512 0 24587734090097
479888 512 0 24587734346098
480400 512 0 24587734602099
480912 512 0 24587734858100
481424 512 0 24587735114101
481936 512 0 24587735370102
482448 512 0 24587735626103
482960 512 0 24587735882104
483472 512 0 24587736138105
483984 512 0 24587736394106
484496 512 0 24587736650107
485008 512 0 24587736906108
485520 512 0 24587737162109
486032 512 0 24587737418110
486544 512 0 24587737674111
487056 512 0 24587737930112
487568 512 0 24587738186113
488080 512 0 24587738442114
488592 512 0 24587738698115
489104 512 0 24587738954116
489616 512 0 24587739210117
490128 512 0 24587739466118
490640 512 0 24587739722119
491152 512 0 24587739978120
491664 512 0 24587740234121
492176 512 0 24587740490122
492688 512 0 24587740746123
493200 512 0 24587741002124
493712 512 0 24587741258125
494224 512 0 24587741514126
494736 512 0 24587741770127
495248 512 0 24587742026128
495760 512 0 24587742282129
496272 512 0 24587742538130
496784 512 0 24587742794131
497296 512 0 24587743050132
497808 512 0 24587743306133
498320 512 0 24587743562134
498832 512 0 24587743818135
499344 512 0 24587744074136
499856 512 0 24587744330137
500368 512 0 24587744586138
500880 512 0 24587744842139
501392 512 0 24587745098140
501904 512 0 24587745354141
502416 512 0 24587745610142
502928 512 0 24587745866143
503440 512 0 24587746122144
503952 512 0 24587746378145
504464 512 0 24587746634146
504976 512 0 24587746890147
505488 512 0 24587747146148
506000 512 0 24587747402149
506512 512 0 24587747658150
507024 512 0 24587747914151
507536 512 0 24587748170152
508048 512 0 24587748426153
508560 512 0 24587748682153
509072 512 0 24587748938154
509584 512 0 24587749194156
510096 512 0 24587749450157
510608 512 0 24587749706158
511120 512 0 24587749962159
511632 512 0 24587750218160
512144 512 0 24587750474161
512656 512 0 24587750730162
513168 512 0 24587750986163
513680 512 0 24587751242164
514192 512 0 24587751498165
514704 512 0 24587751754166
515216 512 0 24587752010167
515728 512 0 24587752266168
516240 512 0 24587752522169
516752 512 0 24587752778171
517264 512 0 24587753034172
517776 512 0 24587753290173
518288 512 0 24587753546174
518800 512 0 24587753802175
519312 512 0 24587754058176
519824 512 0 24587754314177
520336 512 0 24587754570178
520848 512 0 24587754826179
521360 512 0 24587755082180
521872 512 0 24587755338181
522384 512 0 24587755594182
522896 512 0 24587755850183
523408 512 0 24587756106184
523920 512 0 24587756362185
524432 512 0 24587756618186
524944 512 0 24587756874187
525456 512 0 24587757130188
525968 512 0 24587757386189
526480 512 0 24587757642190
526992 512 0 24587757898191
527504 512 0 24587758154192
528016 512 0 24587758410193
528528 512 0 24587758666194
529040 512 0 24587758922195
529552 512 0 24587759178196
530064 512 0 24587759434197
530576 512 0 24587759690198
531088 512 0 24587759946199
531600 512 0 24587760202200
532112 512 0 24587760458201
532624 512 0 24587760714202
533136 512 0 24587760970203
533648 512 0 24587761226204
534160 512 0 24587761482205
534672 512 0 24587761738206
535184 512 0 24587761994207
535696 512 0 24587762250208
536208 512 0 24587762506209
536720 512 0 24587762762210
537232 512 0 24587763018211
537744 512 0 24587763274212
538256 512 0 24587763530213
538768 512 0 24587763786214
539280 512 0 24587764042215
539792 512 0 24587764298216
540304 512 0 24587764554217
540816 512 0 24587764810218
541328 512 0 24587765066218
541840 512 0 24587765322220
542352 512 0 24587765578221
542864 512 0 24587765834222
543376 512 0 24587766090223
543888 512 0 24587766346224
544400 512 0 24587766602225
544912 512 0 24587766858226
545424 512 0 24587767114227
545936 512 0 24587767370228
546448 512 0 24587767626229
546960 512 0 24587767882230
547472 512 0 24587768138231
547984 512 0 24587768394232
548496 512 0 24587768650233
549008 512 0 24587768906234
549520 512 0 24587769162236
550032 512 0 24587769418237
550544 512 0 24587769674238
551056 512 0 24587769930239
551568 512 0 24587770186240
552080 512 0 24587770442241
552592 512 0 24587770698242
553104 512 0 24587770954243
553616 512 0 24587771210244
554128 512 0 24587771466245
554640 512 0 24587771722246
555152 512 0 24587771978247
555664 512 0 24587772234248
556176 512 0 24587772490249
556688 512 0 24587772746250
557200 512 0 24587773002251
557712 512 0 24587773258252
558224 512 0 24587773514253
558736 512 0 24587773770254
559248 512 0 24587774026255
559760 512 0 24587774282256
560272 512 0 24587774538257
560784 512 0 24587774794258
561296 512 0 24587775050259
561808 512 0 24587775306260
562320 512 0 24587775562261
562832 512 0 24587775818262
563344 512 0 24587776074263
563856 512 0 24587776330264
564368 512 0 24587776586265
564880 512 0 24587776842266
565392 512 0 24587777098267
565904 512 0 24587777354268
566416 512 0 24587777610269
566928 512 0 24587777866270
567440 512 0 24587778122271
567952 512 0 24587778378272
568464 512 0 24587778634273
568976 512 0 24587778890274
569488 512 0 24587779146275
570000 512 0 24587779402276
570512 512 0 24587779658277
571024 512 0 24587779914278
571536 512 0 24587780170279
572048 512 0 24587780426280
572560 512 0 24587780682281
573072 512 0 24587780938282
573584 512 0 24587781194283
574096 512 0 24587781450286
574608 512 0 24587781706287
575120 512 0 24587781962288
575632 512 0 24587782218289
576144 512 0 24587782474290
576656 512 0 24587782730291
577168 512 0 24587782986292
577680 512 0 24587783242293
578192 512 0 24587783498294
578704 512 0 24587783754295
579216 512 0 24587784010296
579728 512 0 24587784266297
580240 512 0 24587784522298
580752 512 0 24587784778299
581264 512 0 24587785034300
581776 512 0 24587785290301
582288 512 0 24587785546302
582800 512 0 24587785802303
583312 512 0 24587786058304
583824 512 0 24587786314305
584336 512 0 24587786570306
584848 512 0 24587786826307
585360 512 0 24587787082308
585872 512 0 24587787338309
586384 512 0 24587787594310
586896 512 0 24587787850311
587408 512 0 24587788106312
587920 512 0 24587788362313
588432 512 0 24587788618314
588944 512 0 24587788874315
589456 512 0 24587789130316
589968 512 0 24587789386317
590480 512 0 24587789642318
590992 512 0 24587789898319
591504 512 0 24587790154320
592016 512 0 24587790410321
592528 512 0 24587790666322
593040 512 0 24587790922323
593552 512 0 24587791178324
594064 512 0 24587791434325
594576 512 0 24587791690326
595088 512 0 24587791946327
595600 512 0 24587792202328
596112 512 0 24587792458329
596624 512 0 24587792714330
597136 512 0 24587792970331
597648 512 0 24587793226332
598160 512 0 24587793482333
598672 512 0 24587793738334
599184 512 0 24587793994335
599696 512 0 24587794250336
600208 512 0 24587794506337
600720 512 0 24587794762338
601232 512 0 24587795018339
601744 512 0 24587795274340
602256 512 0 24587795530341
602768 512 0 24587795786342
603280 512 0 24587796042343
603792 512 0 24587796298344
604304 512 0 24587796554345
604816 512 0 24587796810346
605328 512 0 24587797066347
605840 512 0 24587797322348
606352 512 0 24587797578349
606864 512 0 24587797834351
607376 512 0 24587798090352
607888 512 0 24587798346353
608400 512 0 24587798602354
608912 512 0 24587798858355
609424 512 0 24587799114356
609936 512 0 24587799370357
610448 512 0 24587799626358
610960 512 0 24587799882359
611472 512 0 24587800138360
611984 512 0 24587800394361
612496 512 0 24587800650362
613008 512 0 24587800906363
613520 512 0 24587801162364
614032 512 0 24587801418365
614544 512 0 24587801674366
615056 512 0 24587801930367
615568 512 0 24587802186368
616080 512 0 24587802442369
616592 512 0 24587802698370
617104 512 0 24587802954371
617616 512 0 24587803210372
618128 512 0 24587803466373
618640 512 0 24587803722374
619152 512 0 24587803978375
619664 512 0 24587804234376
620176 512 0 24587804490377
620688 512 0 24587804746378
621200 512 0 24587805002379
621712 512 0 24587805258380
622224 512 0 24587805514381
622736 512 0 24587805770382
623248 512 0 24587806026384
623760 512 0 24587806282385
624272 512 0 24587806538386
624784 512 0 24587806794387
625296 512 0 24587807050388
625808 512 0 24587807306389
626320 512 0 24587807562390
626832 512 0 24587807818391
627344 512 0 24587808074392
627856 512 0 24587808330393
628368 512 0 24587808586394
628880 512 0 24587808842395
629392 512 0 24587809098396
629904 512 0 24587809354397
630416 512 0 24587809610398
630928 512 0 24587809866399
631440 512 0 24587810122400
631952 512 0 24587810378401
632464 512 0 24587810634402
632976 512 0 24587810890403
633488 512 0 24587811146404
634000 512 0 24587811402405
634512 512 0 24587811658406
635024 512 0 24587811914407
635536 512 0 24587812170408
636048 512 0 24587812426409
636560 512 0 24587812682410
637072 512 0 24587812938411
637584 512 0 24587813194412
638096 512 0 24587813450413
638608 512 0 24587813706414
639120 512 0 24587813962415
639632 512 0 24587814218416
640144 512 0 24587814474417
640656 512 0 24587814730418
641168 512 0 24587814986419
641680 512 0 24587815242420
642192 512 0 24587815498421
642704 512 0 24587815754422
643216 512 0 24587816010423
643728 512 0 24587816266424
644240 512 0 24587816522425
644752 512 0 24587816778426
645264 512 0 24587817034427
645776 512 0 24587817290428
646288 512 0 24587817546429
646800 512 0 24587817802430
647312 512 0 24587818058431
647824 512 0 24587818314433
648336 512 0 24587818570434
648848 512 0 24587818826435
649360 512 0 24587819082436
649872 512 0 24587819338437
650384 512 0 24587819594438
650896 512 0 24587819850439
651408 512 0 24587820106440
651920 512 0 24587820362441
652432 512 0 24587820618442
652944 512 0 24587820874443
653456 512 0 24587821130444
653968 512 0 24587821386445
654480 512 0 24587821642446
654992 512 0 24587821898447
655504 512 0 24587822154448
656016 512 0 24587822410450
656528 512 0 24587822666451
657040 512 0 24587822922452
657552 512 0 24587823178453
658064 512 0 24587823434454
658576 512 0 24587823690455
659088 512 0 24587823946456
659600 512 0 24587824202457
660112 512 0 24587824458458
660624 512 0 24587824714459
661136 512 0 24587824970460
661648 512 0 24587825226461
662160 512 0 24587825482462
662672 512 0 24587825738463
663184 512 0 24587825994464
663696 512 0 24587826250465
664208 512 0 24587826506466
664720 512 0 24587826762467
665232 512 0 24587827018468
665744 512 0 24587827274469
666256 512 0 24587827530470
666768 512 0 24587827786471
667280 512 0 24587828042472
667792 512 0 24587828298473
668304 512 0 24587828554474
668816 512 0 24587828810475
669328 512 0 24587829066476
669840 512 0 24587829322477
670352 512 0 24587829578478
670864 512 0 24587829834479
671376 512 0 24587830090480
671888 512 0 24587830346481
672400 512 0 24587830602483
672912 512 0 24587830858484
673424 512 0 24587831114485
673936 512 0 24587831370486
674448 512 0 24587831626487
674960 512 0 24587831882488
675472 512 0 24587832138489
675984 512 0 24587832394490
676496 512 0 24587832650491
677008 512 0 24587832906492
677520 512 0 24587833162493
678032 512 0 24587833418494
678544 512 0 24587833674495
679056 512 0 24587833930496
679568 512 0 24587834186497
680080 512 0 24587834442498
680592 512 0 24587834698499
681104 512 0 24587834954500
681616 512 0 24587835210501
682128 512 0 24587835466502
682640 512 0 24587835722503
683152 512 0 24587835978504
683664 512 0 24587836234505
684176 512 0 24587836490506
9408 512 0 24587853929313
9920 512 0 24587854207952
10432 512 0 24587854486592
10944 512 0 24587854765231
11456 512 0 24587855043870
11968 512 0 24587855322510
12480 512 0 24587855601149
12992 512 0 24587855879789
13504 512 0 24587856158428
14016 512 0 24587856437068
14528 512 0 24587856715707
15040 512 0 24587856994346
15552 512 0 24587857272986
16064 512 0 24587857551625
16576 512 0 24587857830265
17088 512 0 24587858108904
17600 512 0 24587858387544
18112 512 0 24587858666183
18624 512 0 24587858944823
19136 512 0 24587859223462
19648 512 0 24587859502101
20160 512 0 24587859780741
20672 512 0 24587860059380
21184 512 0 24587860338020
21696 512 0 24587860616659
22208 512 0 24587860895299
22720 512 0 24587861173938
23232 512 0 24587861452577
23744 512 0 24587861731217
24256 512 0 24587862009856
24768 512 0 24587862288496
25280 512 0 24587862567148
25792 512 0 24587862845788
26304 512 0 24587863124427
26816 512 0 24587863403067
27328 512 0 24587863681707
27840 512 0 24587863960347
28352 512 0 24587864238987
28864 512 0 24587864517626
29376 512 0 24587864796266
29888 512 0 24587865074906
30400 512 0 24587865353546
30912 512 0 24587865632185
31424 512 0 24587865910825
31936 512 0 24587866189465
32448 512 0 24587866468105
32960 512 0 24587866746744
33472 512 0 24587867025404
33984 512 0 24587867304044
34496 512 0 24587867582684
35008 512 0 24587867861324
35520 512 0 24587868139965
36032 512 0 24587868418605
36544 512 0 24587868697245
37056 512 0 24587868975886
37568 512 0 24587869254526
38080 512 0 24587869533166
38592 512 0 24587869811806
39104 512 0 24587870090447
39616 512 0 24587870369087
40128 512 0 24587870647727
40640 512 0 24587870926367
41152 512 0 24587871205008
41664 512 0 24587871483649
42176 512 0 24587871762289
42688 512 0 24587872040930
43200 512 0 24587872319570
43712 512 0 24587872598210
44224 512 0 24587872876851
44736 512 0 24587873155491
45248 512 0 24587873434131
45760 512 0 24587873712771
46272 512 0 24587873991412
46784 512 0 24587874270052
47296 512 0 24587874548692
47808 512 0 24587874827333
48320 512 0 24587875105973
48832 512 0 24587875384613
49344 512 0 24587875663253
49856 512 0 24587875941899
50368 512 0 24587876220539
50880 512 0 24587876499180
51392 512 0 24587876777820
51904 512 0 24587877056460
52416 512 0 24587877335101
52928 512 0 24587877613741
53440 512 0 24587877892382
53952 512 0 24587878171022
54464 512 0 24587878449662
54976 512 0 24587878728303
55488 512 0 24587879006943
56000 512 0 24587879285584
56512 512 0 24587879564224
57024 512 0 24587879842864
57536 512 0 24587880121505
58048 512 0 24587880400149
58560 512 0 24587880678790
59072 512 0 24587880957430
59584 512 0 24587881236071
60096 512 0 24587881514711
60608 512 0 24587881793352
61120 512 0 24587882071992
61632 512 0 24587882350633
62144 512 0 24587882629273
62656 512 0 24587882907914
63168 512 0 24587883186554
63680 512 0 24587883465195
64192 512 0 24587883743835
64704 512 0 24587884022476
65216 512 0 24587884301116
65728 512 0 24587884579757
66240 512 0 24587884858398
66752 512 0 24587885137038
67264 512 0 24587885415678
67776 512 0 24587885694319
68288 512 0 24587885972959
68800 512 0 24587886251600
69312 512 0 24587886530240
69824 512 0 24587886808881
70336 512 0 24587887087521
70848 512 0 24587887366162
71360 512 0 24587887644802
71872 512 0 24587887923443
72384 512 0 24587888202083
72896 512 0 24587888480724
73408 512 0 24587888759364
73920 512 0 24587889038005
74432 512 0 24587889316647
74944 512 0 24587889595287
75456 512 0 24587889873928
75968 512 0 24587890152568
76480 512 0 24587890431209
76992 512 0 24587890709849
77504 512 0 24587890988490
78016 512 0 24587891267130
78528 512 0 24587891545771
79040 512 0 24587891824411
79552 512 0 24587892103052
80064 512 0 24587892381692
80576 512 0 24587892660333
81088 512 0 24587892938973
81600 512 0 24587893217614
82112 512 0 24587893496254
82624 512 0 24587893774895
83136 512 0 24587894053535
83648 512 0 24587894332176
84160 512 0 24587894610816
84672 512 0 24587894889457
85184 512 0 24587895168097
85696 512 0 24587895446738
86208 512 0 24587895725378
86720 512 0 24587896004019
87232 512 0 24587896282659
87744 512 0 24587896561300
88256 512 0 24587896839940
88768 512 0 24587897118581
89280 512 0 24587897397221
89792 512 0 24587897675862
90304 512 0 24587897954502
90816 512 0 24587898233144
91328 512 0 24587898511785
91840 512 0 24587898790425
92352 512 0 24587899069066
92864 512 0 24587899347706
93376 512 0 24587899626347
93888 512 0 24587899904987
94400 512 0 24587900183628
94912 512 0 24587900462268
95424 512 0 24587900740909
95936 512 0 24587901019549
96448 512 0 24587901298190
96960 512 0 24587901576830
97472 512 0 24587901855471
97984 512 0 24587902134111
98496 512 0 24587902412752
99008 512 0 24587902691393
99520 512 0 24587902970034
100032 512 0 24587903248674
100544 512 0 24587903527315
101056 512 0 24587903805955
101568 512 0 24587904084596
102080 512 0 24587904363236
102592 512 0 24587904641877
103104 512 0 24587904920517
103616 512 0 24587905199158
104128 512 0 24587905477799
104640 512 0 24587905756439
105152 512 0 24587906035080
105664 512 0 24587906313720
106176 512 0 24587906592361
106688 512 0 24587906871001
107200 512 0 24587907149641
107712 512 0 24587907428282
108224 512 0 24587907706922
108736 512 0 24587907985563
109248 512 0 24587908264203
109760 512 0 24587908542844
110272 512 0 24587908821484
110784 512 0 24587909100125
111296 512 0 24587909378765
111808 512 0 24587909657406
112320 512 0 24587909936046
112832 512 0 24587910214687
113344 512 0 24587910493327
113856 512 0 24587910771968
114368 512 0 24587911050608
114880 512 0 24587911329249
115392 512 0 24587911607890
115904 512 0 24587911886531
116416 512 0 24587912165171
116928 512 0 24587912443812
117440 512 0 24587912722452
117952 512 0 24587913001093
118464 512 0 24587913279733
118976 512 0 24587913558374
119488 512 0 24587913837015
120000 512 0 24587914115655
120512 512 0 24587914394296
121024 512 0 24587914672936
121536 512 0 24587914951577
122048 512 0 24587915230217
122560 512 0 24587915508858
123072 512 0 24587915787498
123584 512 0 24587916066138
124096 512 0 24587916344779
124608 512 0 24587916623419
125120 512 0 24587916902060
125632 512 0 24587917180700
126144 512 0 24587917459341
126656 512 0 24587917737981
127168 512 0 24587918016622
127680 512 0 24587918295262
128192 512 0 24587918573903
128704 512 0 24587918852543
129216 512 0 24587919131184
129728 512 0 24587919409824
130240 512 0 24587919688465
130752 512 0 24587919967105
131264 512 0 24587920245746
131776 512 0 24587920524387
132288 512 0 24587920803028
132800 512 0 24587921081668
133312 512 0 24587921360309
133824 512 0 24587921638949
134336 512 0 24587921917590
134848 512 0 24587922196230
135360 512 0 24587922474871
135872 512 0 24587922753512
136384 512 0 24587923032152
136896 512 0 24587923310793
137408 512 0 24587923589433
137920 512 0 24587923868074
138432 512 0 24587924146714
138944 512 0 24587924425355
139456 512 0 24587924703995
139968 512 0 24587924982636
140480 512 0 24587925261277
140992 512 0 24587925539917
141504 512 0 24587925818558
142016 512 0 24587926097198
142528 512 0 24587926375839
143040 512 0 24587926654480
143552 512 0 24587926933120
144064 512 0 24587927211761
144576 512 0 24587927490401
145088 512 0 24587927769042
145600 512 0 24587928047682
146112 512 0 24587928326323
146624 512 0 24587928604963
147136 512 0 24587928883604
147648 512 0 24587929162244
148160 512 0 24587929440884
148672 512 0 24587929719525
149184 512 0 24587929998165
149696 512 0 24587930276806
150208 512 0 24587930555446
150720 512 0 24587930834087
151232 512 0 24587931112727
151744 512 0 24587931391368
152256 512 0 24587931670009
152768 512 0 24587931948649
153280 512 0 24587932227290
153792 512 0 24587932505930
154304 512 0 24587932784571
154816 512 0 24587933063211
155328 512 0 24587933341852
155840 512 0 24587933620492
156352 512 0 24587933899132
156864 512 0 24587934177773
157376 512 0 24587934456413
157888 512 0 24587934735054
158400 512 0 24587935013694
158912 512 0 24587935292335
159424 512 0 24587935570975
159936 512 0 24587935849616
160448 512 0 24587936128256
160960 512 0 24587936406897
161472 512 0 24587936685538
161984 512 0 24587936964178
162496 512 0 24587937242819
163008 512 0 24587937521459
163520 512 0 24587937800100
164032 512 0 24587938078740
164544 512 0 24587938357381
165056 512 0 24587938636022
165568 512 0 24587938914662
166080 512 0 24587939193303
166592 512 0 24587939471943
167104 512 0 24587939750584
167616 512 0 24587940029224
168128 512 0 24587940307865
168640 512 0 24587940586506
169152 512 0 24587940865146
169664 512 0 24587941143787
170176 512 0 24587941422427
170688 512 0 24587941701068
171200 512 0 24587941979708
171712 512 0 24587942258349
172224 512 0 24587942536989
172736 512 0 24587942815629
173248 512 0 24587943094270
173760 512 0 24587943372910
174272 512 0 24587943651551
174784 512 0 24587943930191
175296 512 0 24587944208832
175808 512 0 24587944487472
176320 512 0 24587944766113
176832 512 0 24587945044753
177344 512 0 24587945323394
177856 512 0 24587945602035
178368 512 0 24587945880675
178880 512 0 24587946159316
179392 512 0 24587946437956
179904 512 0 24587946716597
180416 512 0 24587946995237
180928 512 0 24587947273878
181440 512 0 24587947552519
181952 512 0 24587947831159
182464 512 0 24587948109800
182976 512 0 24587948388440
183488 512 0 24587948667081
184000 512 0 24587948945721
184512 512 0 24587949224362
185024 512 0 24587949503003
185536 512 0 24587949781643
186048 512 0 24587950060284
186560 512 0 24587950338924
187072 512 0 24587950617565
187584 512 0 24587950896205
188096 512 0 24587951174846
188608 512 0 24587951453486
189120 512 0 24587951732126
189632 512 0 24587952010767
190144 512 0 24587952289407
190656 512 0 24587952568048
191168 512 0 24587952846688
191680 512 0 24587953125329
192192 512 0 24587953403969
192704 512 0 24587953682610
193216 512 0 24587953961250
193728 512 0 24587954239891
194240 512 0 24587954518532
194752 512 0 24587954797172
195264 512 0 24587955075813
195776 512 0 24587955354453
196288 512 0 24587955633094
196800 512 0 24587955911734
197312 512 0 24587956190375
197824 512 0 24587956469016
198336 512 0 24587956747656
198848 512 0 24587957026297
199360 512 0 24587957304937
199872 512 0 24587957583578
200384 512 0 24587957862218
200896 512 0 24587958140859
201408 512 0 24587958419500
201920 512 0 24587958698140
202432 512 0 24587958976781
202944 512 0 24587959255421
203456 512 0 24587959534062
203968 512 0 24587959812702
204480 512 0 24587960091343
204992 512 0 24587960369983
205504 512 0 24587960648624
206016 512 0 24587960927265
206528 512 0 24587961205905
207040 512 0 24587961484546
207552 512 0 24587961763186
208064 512 0 24587962041827
208576 512 0 24587962320468
209088 512 0 24587962599108
209600 512 0 24587962877749
210112 512 0 24587963156389
210624 512 0 24587963435030
211136 512 0 24587963713670
211648 512 0 24587963992311
212160 512 0 24587964270951
212672 512 0 24587964549592
213184 512 0 24587964828232
213696 512 0 24587965106872
214208 512 0 24587965385513
214720 512 0 24587965664153
215232 512 0 24587965942794
215744 512 0 24587966221434
216256 512 0 24587966500075
216768 512 0 24587966778715
217280 512 0 24587967057356
217792 512 0 24587967335997
218304 512 0 24587967614637
218816 512 0 24587967893278
219328 512 0 24587968171918
219840 512 0 24587968450559
220352 512 0 24587968729199
220864 512 0 24587969007840
221376 512 0 24587969286480
221888 512 0 24587969565121
222400 512 0 24587969843762
222912 512 0 24587970122402
223424 512 0 24587970401043
223936 512 0 24587970679683
224448 512 0 24587970958324
224960 512 0 24587971236965
225472 512 0 24587971515605
225984 512 0 24587971794246
226496 512 0 24587972072886
227008 512 0 24587972351527
227520 512 0 24587972630167
228032 512 0 24587972908808
228544 512 0 24587973187448
229056 512 0 24587973466089
229568 512 0 24587973744729
230080 512 0 24587974023370
230592 512 0 24587974302011
231104 512 0 24587974580651
231616 512 0 24587974859292
232128 512 0 24587975137933
232640 512 0 24587975416573
233152 512 0 24587975695214
233664 512 0 24587975973854
234176 512 0 24587976252495
234688 512 0 24587976531135
235200 512 0 24587976809776
235712 512 0 24587977088416
236224 512 0 24587977367057
236736 512 0 24587977645697
237248 512 0 24587977924338
237760 512 0 24587978202978
238272 512 0 24587978481618
238784 512 0 24587978760259
239296 512 0 24587979038899
239808 512 0 24587979317540
240320 512 0 24587979596180
240832 512 0 24587979874821
241344 512 0 24587980153461
241856 512 0 24587980432102
242368 512 0 24587980710743
242880 512 0 24587980989383
243392 512 0 24587981268024
243904 512 0 24587981546664
244416 512 0 24587981825305
244928 512 0 24587982103945
245440 512 0 24587982382586
245952 512 0 24587982661226
246464 512 0 24587982939867
246976 512 0 24587983218508
247488 512 0 24587983497148
248000 512 0 24587983775789
248512 512 0 24587984054429
249024 512 0 24587984333070
249536 512 0 24587984611711
250048 512 0 24587984890351
250560 512 0 24587985168992
251072 512 0 24587985447632
251584 512 0 24587985726273
252096 512 0 24587986004913
252608 512 0 24587986283554
253120 512 0 24587986562194
253632 512 0 24587986840835
254144 512 0 24587987119475
254656 512 0 24587987398115
255168 512 0 24587987676756
255680 512 0 24587987955396
256192 512 0 24587988234037
256704 512 0 24587988512677
257216 512 0 24587988791318
257728 512 0 24587989069958
258240 512 0 24587989348599
258752 512 0 24587989627240
259264 512 0 24587989905880
259776 512 0 24587990184521
260288 512 0 24587990463161
260800 512 0 24587990741802
261312 512 0 24587991020442
261824 512 0 24587991299083
262336 512 0 24587991577723
262848 512 0 24587991856364
263360 512 0 24587992135005
263872 512 0 24587992413645
264384 512 0 24587992692286
264896 512 0 24587992970926
265408 512 0 24587993249567
265920 512 0 24587993528208
266432 512 0 24587993806848
266944 512 0 24587994085489
267456 512 0 24587994364129
267968 512 0 24587994642770
268480 512 0 24587994921410
268992 512 0 24587995200051
269504 512 0 24587995478691
270016 512 0 24587995757332
270528 512 0 24587996035972
271040 512 0 24587996314612
271552 512 0 24587996593253
272064 512 0 24587996871893
272576 512 0 24587997150534
273088 512 0 24587997429174
273600 512 0 24587997707815
274112 512 0 24587997986455
274624 512 0 24587998265096
275136 512 0 24587998543737
275648 512 0 24587998822377
276160 512 0 24587999101018
276672 512 0 24587999379658
277184 512 0 24587999658299
277696 512 0 24587999936939
278208 512 0 24588000215580
278720 512 0 24588000494220
279232 512 0 24588000772861
279744 512 0 24588001051502
280256 512 0 24588001330142
280768 512 0 24588001608783
281280 512 0 24588001887423
281792 512 0 24588002166064
282304 512 0 24588002444705
282816 512 0 24588002723345
283328 512 0 24588003001986
283840 512 0 24588003280626
284352 512 0 24588003559267
284864 512 0 24588003837907
285376 512 0 24588004116548
285888 512 0 24588004395188
286400 512 0 24588004673829
286912 512 0 24588004952469
287424 512 0 24588005231110
287936 512 0 24588005509751
288448 512 0 24588005788391
288960 512 0 24588006067032
289472 512 0 24588006345673
289984 512 0 24588006624313
290496 512 0 24588006902954
291008 512 0 24588007181594
291520 512 0 24588007460235
292032 512 0 24588007738875
292544 512 0 24588008017516
293056 512 0 24588008296156
293568 512 0 24588008574797
294080 512 0 24588008853437
294592 512 0 24588009132078
295104 512 0 24588009410718
295616 512 0 24588009689359
296128 512 0 24588009968000
296640 512 0 24588010246640
297152 512 0 24588010525281
297664 512 0 24588010803922
298176 512 0 24588011082562
298688 512 0 24588011361203
299200 512 0 24588011639843
299712 512 0 24588011918484
300224 512 0 24588012197124
300736 512 0 24588012475765
301248 512 0 24588012754405
301760 512 0 24588013033046
302272 512 0 24588013311686
302784 512 0 24588013590327
303296 512 0 24588013868968
303808 512 0 24588014147608
304320 512 0 24588014426249
304832 512 0 24588014704890
305344 512 0 24588014983530
305856 512 0 24588015262171
306368 512 0 24588015540811
306880 512 0 24588015819452
307392 512 0 24588016098092
307904 512 0 24588016376733
308416 512 0 24588016655373
308928 512 0 24588016934014
309440 512 0 24588017212654
309952 512 0 24588017491295
310464 512 0 24588017769935
310976 512 0 24588018048576
311488 512 0 24588018327217
312000 512 0 24588018605856
312512 512 0 24588018884497
313024 512 0 24588019163137
313536 512 0 24588019441778
314048 512 0 24588019720419
314560 512 0 24588019999059
315072 512 0 24588020277700
315584 512 0 24588020556340
316096 512 0 24588020834981
316608 512 0 24588021113621
317120 512 0 24588021392262
317632 512 0 24588021670902
318144 512 0 24588021949543
318656 512 0 24588022228183
319168 512 0 24588022506824
319680 512 0 24588022785464
320192 512 0 24588023064105
320704 512 0 24588023342746
321216 512 0 24588023621386
321728 512 0 24588023900027
322240 512 0 24588024178668
322752 512 0 24588024457308
323264 512 0 24588024735949
323776 512 0 24588025014589
324288 512 0 24588025293230
324800 512 0 24588025571870
325312 512 0 24588025850511
325824 512 0 24588026129151
326336 512 0 24588026407792
326848 512 0 24588026686432
327360 512 0 24588026965073
327872 512 0 24588027243714
328384 512 0 24588027522354
328896 512 0 24588027800995
329408 512 0 24588028079636
329920 512 0 24588028358276
330432 512 0 24588028636917
330944 512 0 24588028915557
331456 512 0 24588029194198
331968 512 0 24588029472838
332480 512 0 24588029751479
332992 512 0 24588030030119
333504 512 0 24588030308760
334016 512 0 24588030587400
334528 512 0 24588030866041
335040 512 0 24588031144681
335552 512 0 24588031423322
336064 512 0 24588031701963
336576 512 0 24588031980602
337088 512 0 24588032259243
337600 512 0 24588032537883
338112 512 0 24588032816524
338624 512 0 24588033095165
339136 512 0 24588033373805
339648 512 0 24588033652446
340160 512 0 24588033931086
340672 512 0 24588034209727
341184 512 0 24588034488367
341696 512 0 24588034767008
342208 512 0 24588035045648
342720 512 0 24588035324289
343232 512 0 24588035602929
343744 512 0 24588035881570
344256 512 0 24588036160210
344768 512 0 24588036438851
345280 512 0 24588036717492
345792 512 0 24588036996132
346304 512 0 24588037274773
346816 512 0 24588037553414
347328 512 0 24588037832054
347840 512 0 24588038110695
348352 512 0 24588038389335
348864 512 0 24588038667976
349376 512 0 24588038946616
349888 512 0 24588039225257
350400 512 0 24588039503897
350912 512 0 24588039782538
351424 512 0 24588040061178
351936 512 0 24588040339819
352448 512 0 24588040618460
352960 512 0 24588040897099
353472 512 0 24588041175740
353984 512 0 24588041454380
354496 512 0 24588041733021
355008 512 0 24588042011661
355520 512 0 24588042290302
356032 512 0 24588042568943
356544 512 0 24588042847583
357056 512 0 24588043126224
357568 512 0 24588043404864
358080 512 0 24588043683505
358592 512 0 24588043962145
359104 512 0 24588044240786
359616 512 0 24588044519426
360128 512 0 24588044798067
360640 512 0 24588045076707
361152 512 0 24588045355348
361664 512 0 24588045633989
362176 512 0 24588045912629
362688 512 0 24588046191270
363200 512 0 24588046469911
363712 512 0 24588046748551
364224 512 0 24588047027192
364736 512 0 24588047305832
365248 512 0 24588047584473
365760 512 0 24588047863113
366272 512 0 24588048141754
366784 512 0 24588048420394
367296 512 0 24588048699035
367808 512 0 24588048977675
368320 512 0 24588049256316
368832 512 0 24588049534956
369344 512 0 24588049813596
369856 512 0 24588050092237
370368 512 0 24588050370877
370880 512 0 24588050649518
371392 512 0 24588050928158
371904 512 0 24588051206799
372416 512 0 24588051485440
372928 512 0 24588051764080
373440 512 0 24588052042721
373952 512 0 24588052321361
374464 512 0 24588052600002
374976 512 0 24588052878642
375488 512 0 24588053157283
376000 512 0 24588053435923
376512 512 0 24588053714564
377024 512 0 24588053993204
377536 512 0 24588054271845
378048 512 0 24588054550486
378560 512 0 24588054829126
379072 512 0 24588055107767
379584 512 0 24588055386408
380096 512 0 24588055665048
380608 512 0 24588055943689
381120 512 0 24588056222329
381632 512 0 24588056500970
382144 512 0 24588056779610
382656 512 0 24588057058251
383168 512 0 24588057336891
383680 512 0 24588057615532
384192 512 0 24588057894172
384704 512 0 24588058172813
385216 512 0 24588058451453
385728 512 0 24588058730094
386240 512 0 24588059008735
386752 512 0 24588059287375
387264 512 0 24588059566016
387776 512 0 24588059844657
388288 512 0 24588060123297
388800 512 0 24588060401938
389312 512 0 24588060680578
389824 512 0 24588060959219
390336 512 0 24588061237859
390848 512 0 24588061516500
391360 512 0 24588061795140
391872 512 0 24588062073781
392384 512 0 24588062352421
392896 512 0 24588062631062
393408 512 0 24588062909703
393920 512 0 24588063188342
394432 512 0 24588063466983
394944 512 0 24588063745623
395456 512 0 24588064024264
395968 512 0 24588064302904
396480 512 0 24588064581545
396992 512 0 24588064860186
397504 512 0 24588065138826
398016 512 0 24588065417467
398528 512 0 24588065696107
399040 512 0 24588065974748
399552 512 0 24588066253388
400064 512 0 24588066532029
400576 512 0 24588066810669
401088 512 0 24588067089310
401600 512 0 24588067367950
402112 512 0 24588067646591
402624 512 0 24588067925232
403136 512 0 24588068203872
403648 512 0 24588068482513
404160 512 0 24588068761154
404672 512 0 24588069039794
405184 512 0 24588069318435
405696 512 0 24588069597075
406208 512 0 24588069875716
406720 512 0 24588070154356
407232 512 0 24588070432997
407744 512 0 24588070711637
408256 512 0 24588070990278
408768 512 0 24588071268918
409280 512 0 24588071547559
409792 512 0 24588071826199
410304 512 0 24588072104839
410816 512 0 24588072383480
411328 512 0 24588072662120
411840 512 0 24588072940761
412352 512 0 24588073219401
412864 512 0 24588073498042
413376 512 0 24588073776683
413888 512 0 24588074055323
414400 512 0 24588074333964
414912 512 0 24588074612604
415424 512 0 24588074891245
415936 512 0 24588075169885
416448 512 0 24588075448526
416960 512 0 24588075727166
417472 512 0 24588076005807
417984 512 0 24588076284447
418496 512 0 24588076563087
419008 512 0 24588076841728
419520 512 0 24588077120368
420032 512 0 24588077399009
420544 512 0 24588077677649
421056 512 0 24588077956290
421568 512 0 24588078234930
422080 512 0 24588078513571
422592 512 0 24588078792211
423104 512 0 24588079070852
423616 512 0 24588079349493
424128 512 0 24588079628133
424640 512 0 24588079906774
425152 512 0 24588080185414
425664 512 0 24588080464055
426176 512 0 24588080742695
426688 512 0 24588081021336
427200 512 0 24588081299977
427712 512 0 24588081578617
428224 512 0 24588081857258
428736 512 0 24588082135898
429248 512 0 24588082414539
429760 512 0 24588082693180
430272 512 0 24588082971820
430784 512 0 24588083250461
431296 512 0 24588083529101
431808 512 0 24588083807742
432320 512 0 24588084086382
432832 512 0 24588084365023
433344 512 0 24588084643663
433856 512 0 24588084922304
434368 512 0 24588085200944
434880 512 0 24588085479585
435392 512 0 24588085758226
435904 512 0 24588086036866
436416 512 0 24588086315507
436928 512 0 24588086594147
437440 512 0 24588086872788
437952 512 0 24588087151429
438464 512 0 24588087430069
438976 512 0 24588087708710
439488 512 0 24588087987350
440000 512 0 24588088265991
440512 512 0 24588088544631
441024 512 0 24588088823272
441536 512 0 24588089101912
442048 512 0 24588089380553
442560 512 0 24588089659193
443072 512 0 24588089937833
443584 512 0 24588090216474
444096 512 0 24588090495114
444608 512 0 24588090773755
445120 512 0 24588091052395
445632 512 0 24588091331036
446144 512 0 24588091609676
446656 512 0 24588091888317
447168 512 0 24588092166958
447680 512 0 24588092445598
448192 512 0 24588092724239
448704 512 0 24588093002879
449216 512 0 24588093281520
449728 512 0 24588093560160
450240 512 0 24588093838801
450752 512 0 24588094117441
451264 512 0 24588094396082
451776 512 0 24588094674723
452288 512 0 24588094953363
452800 512 0 24588095232004
453312 512 0 24588095510644
453824 512 0 24588095789285
454336 512 0 24588096067926
454848 512 0 24588096346566
455360 512 0 24588096625207
455872 512 0 24588096903847
456384 512 0 24588097182488
456896 512 0 24588097461128
457408 512 0 24588097739769
457920 512 0 24588098018409
458432 512 0 24588098297050
458944 512 0 24588098575690
459456 512 0 24588098854331
459968 512 0 24588099132972
460480 512 0 24588099411612
460992 512 0 24588099690253
461504 512 0 24588099968894
462016 512 0 24588100247534
462528 512 0 24588100526175
463040 512 0 24588100804815
463552 512 0 24588101083456
464064 512 0 24588101362096
464576 512 0 24588101640737
465088 512 0 24588101919377
465600 512 0 24588102198018
466112 512 0 24588102476658
466624 512 0 24588102755299
467136 512 0 24588103033939
467648 512 0 24588103312580
468160 512 0 24588103591221
468672 512 0 24588103869861
469184 512 0 24588104148502
469696 512 0 24588104427143
470208 512 0 24588104705783
470720 512 0 24588104984424
471232 512 0 24588105263064
471744 512 0 24588105541705
472256 512 0 24588105820345
472768 512 0 24588106098986
473280 512 0 24588106377626
473792 512 0 24588106656267
474304 512 0 24588106934907
474816 512 0 24588107213548
475328 512 0 24588107492189
475840 512 0 24588107770828
476352 512 0 24588108049469
476864 512 0 24588108328109
477376 512 0 24588108606750
477888 512 0 24588108885390
478400 512 0 24588109164031
478912 512 0 24588109442672
479424 512 0 24588109721312
479936 512 0 24588109999953
480448 512 0 24588110278593
480960 512 0 24588110557234
481472 512 0 24588110835874
481984 512 0 24588111114515
482496 512 0 24588111393155
483008 512 0 24588111671796
483520 512 0 24588111950436
484032 512 0 24588112229077
484544 512 0 24588112507718
485056 512 0 24588112786358
485568 512 0 24588113064999
486080 512 0 24588113343640
486592 512 0 24588113622280
487104 512 0 24588113900921
487616 512 0 24588114179561
488128 512 0 24588114458202
488640 512 0 24588114736842
489152 512 0 24588115015483
489664 512 0 24588115294123
490176 512 0 24588115572764
490688 512 0 24588115851404
491200 512 0 24588116130045
491712 512 0 24588116408685
492224 512 0 24588116687326
492736 512 0 24588116965967
493248 512 0 24588117244608
493760 512 0 24588117523248
494272 512 0 24588117801889
494784 512 0 24588118080529
495296 512 0 24588118359170
495808 512 0 24588118637810
496320 512 0 24588118916451
496832 512 0 24588119195091
497344 512 0 24588119473732
497856 512 0 24588119752372
498368 512 0 24588120031013
498880 512 0 24588120309653
499392 512 0 24588120588294
499904 512 0 24588120866935
500416 512 0 24588121145575
500928 512 0 24588121424216
501440 512 0 24588121702857
501952 512 0 24588121981497
502464 512 0 24588122260138
502976 512 0 24588122538778
503488 512 0 24588122817419
504000 512 0 24588123096059
504512 512 0 24588123374700
505024 512 0 24588123653340
505536 512 0 24588123931981
506048 512 0 24588124210621
506560 512 0 24588124489262
507072 512 0 24588124767903
507584 512 0 24588125046543
508096 512 0 24588125325184
508608 512 0 24588125603823
509120 512 0 24588125882464
509632 512 0 24588126161104
510144 512 0 24588126439745
510656 512 0 24588126718386
511168 512 0 24588126997026
511680 512 0 24588127275667
512192 512 0 24588127554307
512704 512 0 24588127832948
513216 512 0 24588128111588
513728 512 0 24588128390229
514240 512 0 24588128668869
514752 512 0 24588128947510
515264 512 0 24588129226150
515776 512 0 24588129504791
516288 512 0 24588129783431
516800 512 0 24588130062072
517312 512 0 24588130340713
517824 512 0 24588130619354
518336 512 0 24588130897994
518848 512 0 24588131176635
519360 512 0 24588131455275
519872 512 0 24588131733916
520384 512 0 24588132012556
520896 512 0 24588132291197
521408 512 0 24588132569837
521920 512 0 24588132848478
522432 512 0 24588133127118
522944 512 0 24588133405759
523456 512 0 24588133684399
523968 512 0 24588133963040
524480 512 0 24588134241681
524992 512 0 24588134520321
525504 512 0 24588134798962
526016 512 0 24588135077603
526528 512 0 24588135356243
527040 512 0 24588135634884
527552 512 0 24588135913524
528064 512 0 24588136192165
528576 512 0 24588136470805
529088 512 0 24588136749446
529600 512 0 24588137028086
530112 512 0 24588137306727
530624 512 0 24588137585367
531136 512 0 24588137864008
531648 512 0 24588138142649
532160 512 0 24588138421289
532672 512 0 24588138699930
533184 512 0 24588138978570
533696 512 0 24588139257211
534208 512 0 24588139535852
534720 512 0 24588139814492
535232 512 0 24588140093133
535744 512 0 24588140371773
536256 512 0 24588140650414
536768 512 0 24588140929054
537280 512 0 24588141207695
537792 512 0 24588141486335
538304 512 0 24588141764976
538816 512 0 24588142043616
539328 512 0 24588142322257
539840 512 0 24588142600898
540352 512 0 24588142879538
540864 512 0 24588143158179
541376 512 0 24588143436818
541888 512 0 24588143715459
542400 512 0 24588143994099
542912 512 0 24588144272740
543424 512 0 24588144551381
543936 512 0 24588144830021
544448 512 0 24588145108662
544960 512 0 24588145387302
545472 512 0 24588145665943
545984 512 0 24588145944583
546496 512 0 24588146223224
547008 512 0 24588146501864
547520 512 0 24588146780505
548032 512 0 24588147059145
548544 512 0 24588147337786
549056 512 0 24588147616427
549568 512 0 24588147895067
550080 512 0 24588148173708
550592 512 0 24588148452349
551104 512 0 24588148730989
551616 512 0 24588149009630
552128 512 0 24588149288270
552640 512 0 24588149566911
553152 512 0 24588149845551
553664 512 0 24588150124192
554176 512 0 24588150402832
554688 512 0 24588150681473
555200 512 0 24588150960113
555712 512 0 24588151238754
556224 512 0 24588151517395
556736 512 0 24588151796035
557248 512 0 24588152074676
557760 512 0 24588152353316
558272 512 0 24588152631957
558784 512 0 24588152910598
559296 512 0 24588153189238
559808 512 0 24588153467879
560320 512 0 24588153746519
560832 512 0 24588154025160
561344 512 0 24588154303800
561856 512 0 24588154582441
562368 512 0 24588154861081
562880 512 0 24588155139722
563392 512 0 24588155418362
563904 512 0 24588155697003
564416 512 0 24588155975644
564928 512 0 24588156254284
565440 512 0 24588156532925
565952 512 0 24588156811564
566464 512 0 24588157090205
566976 512 0 24588157368845
567488 512 0 24588157647486
568000 512 0 24588157926127
568512 512 0 24588158204767
569024 512 0 24588158483408
569536 512 0 24588158762048
570048 512 0 24588159040689
570560 512 0 24588159319329
571072 512 0 24588159597970
571584 512 0 24588159876610
572096 512 0 24588160155251
572608 512 0 24588160433891
573120 512 0 24588160712532
573632 512 0 24588160991173
574144 512 0 24588161269813
574656 512 0 24588161548454
575168 512 0 24588161827095
575680 512 0 24588162105735
576192 512 0 24588162384376
576704 512 0 24588162663016
577216 512 0 24588162941657
577728 512 0 24588163220297
578240 512 0 24588163498938
578752 512 0 24588163777578
579264 512 0 24588164056219
579776 512 0 24588164334859
580288 512 0 24588164613500
580800 512 0 24588164892140
581312 512 0 24588165170781
581824 512 0 24588165449422
582336 512 0 24588165728062
582848 512 0 24588166006703
583360 512 0 24588166285344
583872 512 0 24588166563984
584384 512 0 24588166842625
584896 512 0 24588167121265
585408 512 0 24588167399906
585920 512 0 24588167678546
586432 512 0 24588167957187
586944 512 0 24588168235827
587456 512 0 24588168514468
587968 512 0 24588168793108
588480 512 0 24588169071749
588992 512 0 24588169350390
589504 512 0 24588169629030
590016 512 0 24588169907671
590528 512 0 24588170186311
591040 512 0 24588170464952
591552 512 0 24588170743593
592064 512 0 24588171022233
592576 512 0 24588171300874
593088 512 0 24588171579514
593600 512 0 24588171858155
594112 512 0 24588172136795
594624 512 0 24588172415436
595136 512 0 24588172694076
595648 512 0 24588172972717
596160 512 0 24588173251358
596672 512 0 24588173529998
597184 512 0 24588173808639
597696 512 0 24588174087279
598208 512 0 24588174365920
598720 512 0 24588174644561
599232 512 0 24588174923201
599744 512 0 24588175201842
600256 512 0 24588175480482
600768 512 0 24588175759123
601280 512 0 24588176037763
601792 512 0 24588176316404
602304 512 0 24588176595044
602816 512 0 24588176873685
603328 512 0 24588177152325
603840 512 0 24588177430966
604352 512 0 24588177709607
604864 512 0 24588177988247
605376 512 0 24588178266888
605888 512 0 24588178545528
606400 512 0 24588178824169
606912 512 0 24588179102810
607424 512 0 24588179381450
607936 512 0 24588179660091
608448 512 0 24588179938731
608960 512 0 24588180217372
609472 512 0 24588180496012
609984 512 0 24588180774653
610496 512 0 24588181053293
611008 512 0 24588181331934
611520 512 0 24588181610574
612032 512 0 24588181889215
612544 512 0 24588182167856
613056 512 0 24588182446496
613568 512 0 24588182725137
614080 512 0 24588183003777
614592 512 0 24588183282418
615104 512 0 24588183561057
615616 512 0 24588183839698
616128 512 0 24588184118339
616640 512 0 24588184396979
617152 512 0 24588184675620
617664 512 0 24588184954260
618176 512 0 24588185232901
618688 512 0 24588185511541
619200 512 0 24588185790182
619712 512 0 24588186068822
620224 512 0 24588186347463
620736 512 0 24588186626103
621248 512 0 24588186904744
621760 512 0 24588187183385
622272 512 0 24588187462025
622784 512 0 24588187740666
623296 512 0 24588188019306
623808 512 0 24588188297947
624320 512 0 24588188576588
624832 512 0 24588188855228
625344 512 0 24588189133869
625856 512 0 24588189412509
626368 512 0 24588189691150
626880 512 0 24588189969790
627392 512 0 24588190248431
627904 512 0 24588190527071
628416 512 0 24588190805712
628928 512 0 24588191084353
629440 512 0 24588191362993
629952 512 0 24588191641634
630464 512 0 24588191920274
630976 512 0 24588192198915
631488 512 0 24588192477556
632000 512 0 24588192756196
632512 512 0 24588193034837
633024 512 0 24588193313477
633536 512 0 24588193592118
634048 512 0 24588193870758
634560 512 0 24588194149399
635072 512 0 24588194428039
635584 512 0 24588194706680
636096 512 0 24588194985320
636608 512 0 24588195263961
637120 512 0 24588195542602
637632 512 0 24588195821242
638144 512 0 24588196099883
638656 512 0 24588196378523
639168 512 0 24588196657164
639680 512 0 24588196935803
640192 512 0 24588197214444
640704 512 0 24588197493085
641216 512 0 24588197771725
641728 512 0 24588198050366
642240 512 0 24588198329006
642752 512 0 24588198607647
643264 512 0 24588198886287
643776 512 0 24588199164928
644288 512 0 24588199443568
644800 512 0 24588199722209
645312 512 0 24588200000849
645824 512 0 24588200279490
646336 512 0 24588200558131
646848 512 0 24588200836771
647360 512 0 24588201115412
647872 512 0 24588201394054
648384 512 0 24588201672694
648896 512 0 24588201951335
649408 512 0 24588202229975
649920 512 0 24588202508616
650432 512 0 24588202787256
650944 512 0 24588203065897
651456 512 0 24588203344537
651968 512 0 24588203623178
652480 512 0 24588203901819
652992 512 0 24588204180459
653504 512 0 24588204459100
654016 512 0 24588204737740
654528 512 0 24588205016381
655040 512 0 24588205295021
655552 512 0 24588205573662
656064 512 0 24588205852301
656576 512 0 24588206130942
657088 512 0 24588206409583
657600 512 0 24588206688223
658112 512 0 24588206966864
658624 512 0 24588207245504
659136 512 0 24588207524145
659648 512 0 24588207802785
660160 512 0 24588208081426
660672 512 0 24588208360066
661184 512 0 24588208638707
661696 512 0 24588208917348
662208 512 0 24588209195988
662720 512 0 24588209474629
663232 512 0 24588209753269
663744 512 0 24588210031910
664256 512 0 24588210310551
664768 512 0 24588210589191
665280 512 0 24588210867832
665792 512 0 24588211146472
666304 512 0 24588211425113
666816 512 0 24588211703753
667328 512 0 24588211982394
667840 512 0 24588212261034
668352 512 0 24588212539675
668864 512 0 24588212818315
669376 512 0 24588213096956
669888 512 0 24588213375597
670400 512 0 24588213654237
670912 512 0 24588213932878
671424 512 0 24588214211518
671936 512 0 24588214490159
672448 512 0 24588214768798
672960 512 0 24588215047439
673472 512 0 24588215326080
673984 512 0 24588215604720
674496 512 0 24588215883361
675008 512 0 24588216162001
675520 512 0 24588216440642
676032 512 0 24588216719282
676544 512 0 24588216997923
677056 512 0 24588217276563
677568 512 0 24588217555204
678080 512 0 24588217833844
678592 512 0 24588218112485
679104 512 0 24588218391125
679616 512 0 24588218669766
680128 512 0 24588218948407
680640 512 0 24588219227047
681152 512 0 24588219505688
681664 512 0 24588219784329
682176 512 0 24588220062969
682688 512 0 24588220341610
683200 512 0 24588220620250
683712 512 0 24588220898891
684224 512 0 24588221177531
684736 512 0 24588221456172
685248 512 0 24588221734812
685760 512 0 24588222013453
686272 512 0 24588222292093
686784 512 0 24588222570734
687296 512 0 24588222849375
687808 512 0 24588223128015
688320 512 0 24588223406656
688832 512 0 24588223685297
689344 512 0 24588223963937
689856 512 0 24588224242578
690368 512 0 24588224521218
690880 512 0 24588224799859
691392 512 0 24588225078499
691904 512 0 24588225357140
692416 512 0 24588225635780
692928 512 0 24588225914421
693440 512 0 24588226193061
693952 512 0 24588226471702
694464 512 0 24588226750343
694976 512 0 24588227028983
695488 512 0 24588227307624
696000 512 0 24588227586264
696512 512 0 24588227864905
697024 512 0 24588228143546
697536 512 0 24588228422186
698048 512 0 24588228700827
698560 512 0 24588228979467
699072 512 0 24588229258108
699584 512 0 24588229536748
700096 512 0 24588229815389
700608 512 0 24588230094029
701120 512 0 24588230372670
701632 512 0 24588230651310
9388 512 0 24588248111734
9900 512 0 24588248367734
10412 512 0 24588248623734
10924 512 0 24588248879734
11436 512 0 24588249135734
11948 512 0 24588249391734
12460 512 0 24588249647734
12972 512 0 24588249903734
13484 512 0 24588250159734
13996 512 0 24588250415734
14508 512 0 24588250671734
15020 512 0 24588250927734
15532 512 0 24588251183734
16044 512 0 24588251439734
16556 512 0 24588251695734
17068 512 0 24588251951734
17580 512 0 24588252207734
18092 512 0 24588252463734
18604 512 0 24588252719734
19116 512 0 24588252975734
19628 512 0 24588253231734
20140 512 0 24588253487734
20652 512 0 24588253743734
21164 512 0 24588253999734
21676 512 0 24588254255734
22188 512 0 24588254511734
22700 512 0 24588254767734
23212 512 0 24588255023734
23724 512 0 24588255279734
24236 512 0 24588255535734
24748 512 0 24588255791734
25260 512 0 24588256047763
25772 512 0 24588256303764
26284 512 0 24588256559765
26796 512 0 24588256815765
27308 512 0 24588257071766
27820 512 0 24588257327767
28332 512 0 24588257583768
28844 512 0 24588257839768
29356 512 0 24588258095769
29868 512 0 24588258351770
30380 512 0 24588258607771
30892 512 0 24588258863771
31404 512 0 24588259119772
31916 512 0 24588259375773
32428 512 0 24588259631774
32940 512 0 24588259887774
33452 512 0 24588260143782
33964 512 0 24588260399783
34476 512 0 24588260655784
34988 512 0 24588260911785
35500 512 0 24588261167786
36012 512 0 24588261423787
36524 512 0 24588261679788
37036 512 0 24588261935789
37548 512 0 24588262191790
38060 512 0 24588262447791
38572 512 0 24588262703792
39084 512 0 24588262959793
39596 512 0 24588263215794
40108 512 0 24588263471794
40620 512 0 24588263727795
41132 512 0 24588263983796
41644 512 0 24588264239799
42156 512 0 24588264495800
42668 512 0 24588264751801
43180 512 0 24588265007802
43692 512 0 24588265263803
44204 512 0 24588265519804
44716 512 0 24588265775805
45228 512 0 24588266031806
45740 512 0 24588266287807
46252 512 0 24588266543808
46764 512 0 24588266799808
47276 512 0 24588267055809
47788 512 0 24588267311810
48300 512 0 24588267567811
48812 512 0 24588267823812
49324 512 0 24588268079813
49836 512 0 24588268335815
50348 512 0 24588268591816
50860 512 0 24588268847817
51372 512 0 24588269103818
51884 512 0 24588269359819
52396 512 0 24588269615820
52908 512 0 24588269871821
53420 512 0 24588270127822
53932 512 0 24588270383823
54444 512 0 24588270639824
54956 512 0 24588270895825
55468 512 0 24588271151826
55980 512 0 24588271407827
56492 512 0 24588271663828
57004 512 0 24588271919829
57516 512 0 24588272175830
58028 512 0 24588272431831
58540 512 0 24588272687832
59052 512 0 24588272943833
59564 512 0 24588273199834
60076 512 0 24588273455835
60588 512 0 24588273711836
61100 512 0 24588273967837
61612 512 0 24588274223838
62124 512 0 24588274479839
62636 512 0 24588274735840
63148 512 0 24588274991841
63660 512 0 24588275247842
64172 512 0 24588275503843
64684 512 0 24588275759844
65196 512 0 24588276015845
65708 512 0 24588276271846
66220 512 0 24588276527847
66732 512 0 24588276783848
67244 512 0 24588277039849
67756 512 0 24588277295850
68268 512 0 24588277551851
68780 512 0 24588277807852
69292 512 0 24588278063853
69804 512 0 24588278319854
70316 512 0 24588278575855
70828 512 0 24588278831856
71340 512 0 24588279087857
71852 512 0 24588279343858
72364 512 0 24588279599859
72876 512 0 24588279855860
73388 512 0 24588280111861
73900 512 0 24588280367862
74412 512 0 24588280623865
74924 512 0 24588280879866
75436 512 0 24588281135867
75948 512 0 24588281391868
76460 512 0 24588281647869
76972 512 0 24588281903870
77484 512 0 24588282159871
77996 512 0 24588282415872
78508 512 0 24588282671873
79020 512 0 24588282927874
79532 512 0 24588283183875
80044 512 0 24588283439876
80556 512 0 24588283695877
81068 512 0 24588283951878
81580 512 0 24588284207879
82092 512 0 24588284463880
82604 512 0 24588284719881
83116 512 0 24588284975882
83628 512 0 24588285231883
84140 512 0 24588285487884
84652 512 0 24588285743885
85164 512 0 24588285999886
85676 512 0 24588286255887
86188 512 0 24588286511888
86700 512 0 24588286767889
87212 512 0 24588287023890
87724 512 0 24588287279891
88236 512 0 24588287535892
88748 512 0 24588287791893
89260 512 0 24588288047894
89772 512 0 24588288303895
90284 512 0 24588288559896
90796 512 0 24588288815896
91308 512 0 24588289071897
91820 512 0 24588289327898
92332 512 0 24588289583899
92844 512 0 24588289839900
93356 512 0 24588290095901
93868 512 0 24588290351903
94380 512 0 24588290607904
94892 512 0 24588290863905
95404 512 0 24588291119906
95916 512 0 24588291375907
96428 512 0 24588291631908
96940 512 0 24588291887909
97452 512 0 24588292143910
97964 512 0 24588292399911
98476 512 0 24588292655912
98988 512 0 24588292911912
99500 512 0 24588293167913
100012 512 0 24588293423914
100524 512 0 24588293679915
101036 512 0 24588293935916
101548 512 0 24588294191917
102060 512 0 24588294447918
102572 512 0 24588294703919
103084 512 0 24588294959920
103596 512 0 24588295215921
104108 512 0 24588295471922
104620 512 0 24588295727923
105132 512 0 24588295983924
105644 512 0 24588296239925
106156 512 0 24588296495927
106668 512 0 24588296751928
107180 512 0 24588297007928
107692 512 0 24588297263929
108204 512 0 24588297519930
108716 512 0 24588297775931
109228 512 0 24588298031932
109740 512 0 24588298287933
110252 512 0 24588298543934
110764 512 0 24588298799935
111276 512 0 24588299055936
111788 512 0 24588299311937
112300 512 0 24588299567938
112812 512 0 24588299823939
113324 512 0 24588300079940
113836 512 0 24588300335941
114348 512 0 24588300591942
114860 512 0 24588300847943
115372 512 0 24588301103944
115884 512 0 24588301359945
116396 512 0 24588301615946
116908 512 0 24588301871947
117420 512 0 24588302127948
117932 512 0 24588302383949
118444 512 0 24588302639950
118956 512 0 24588302895951
119468 512 0 24588303151952
119980 512 0 24588303407953
120492 512 0 24588303663954
121004 512 0 24588303919955
121516 512 0 24588304175956
122028 512 0 24588304431957
122540 512 0 24588304687958
123052 512 0 24588304943959
123564 512 0 24588305199962
124076 512 0 24588305455963
124588 512 0 24588305711964
125100 512 0 24588305967965
125612 512 0 24588306223966
126124 512 0 24588306479967
126636 512 0 24588306735968
127148 512 0 24588306991969
127660 512 0 24588307247970
128172 512 0 24588307503971
128684 512 0 24588307759972
129196 512 0 24588308015973
129708 512 0 24588308271974
130220 512 0 24588308527975
130732 512 0 24588308783976
131244 512 0 24588309039977
131756 512 0 24588309295978
132268 512 0 24588309551979
132780 512 0 24588309807980
133292 512 0 24588310063981
133804 512 0 24588310319982
134316 512 0 24588310575983
134828 512 0 24588310831984
135340 512 0 24588311087985
135852 512 0 24588311343986
136364 512 0 24588311599987
136876 512 0 24588311855988
137388 512 0 24588312111989
137900 512 0 24588312367990
138412 512 0 24588312623991
138924 512 0 24588312879992
139436 512 0 24588313135993
139948 512 0 24588313391994
140460 512 0 24588313647995
140972 512 0 24588313903996
141484 512 0 24588314159997
141996 512 0 24588314415998
142508 512 0 24588314671999
143020 512 0 24588314928000
143532 512 0 24588315184001
144044 512 0 24588315440002
144556 512 0 24588315696003
145068 512 0 24588315952004
145580 512 0 24588316208005
146092 512 0 24588316464006
146604 512 0 24588316720007
147116 512 0 24588316976008
147628 512 0 24588317232009
148140 512 0 24588317488010
148652 512 0 24588317744011
149164 512 0 24588318000012
149676 512 0 24588318256013
150188 512 0 24588318512014
150700 512 0 24588318768015
151212 512 0 24588319024016
151724 512 0 24588319280017
152236 512 0 24588319536018
152748 512 0 24588319792019
153260 512 0 24588320048020
153772 512 0 24588320304021
154284 512 0 24588320560022
154796 512 0 24588320816023
155308 512 0 24588321072024
155820 512 0 24588321328025
156332 512 0 24588321584027
156844 512 0 24588321840028
157356 512 0 24588322096029
157868 512 0 24588322352030
158380 512 0 24588322608031
158892 512 0 24588322864032
159404 512 0 24588323120033
159916 512 0 24588323376034
160428 512 0 24588323632035
160940 512 0 24588323888036
161452 512 0 24588324144037
161964 512 0 24588324400038
162476 512 0 24588324656039
162988 512 0 24588324912040
163500 512 0 24588325168041
164012 512 0 24588325424042
164524 512 0 24588325680043
165036 512 0 24588325936044
165548 512 0 24588326192045
166060 512 0 24588326448046
166572 512 0 24588326704047
167084 512 0 24588326960048
167596 512 0 24588327216049
168108 512 0 24588327472050
168620 512 0 24588327728051
169132 512 0 24588327984052
169644 512 0 24588328240053
170156 512 0 24588328496054
170668 512 0 24588328752055
171180 512 0 24588329008056
171692 512 0 24588329264057
172204 512 0 24588329520058
172716 512 0 24588329776059
173228 512 0 24588330032060
173740 512 0 24588330288061
174252 512 0 24588330544062
174764 512 0 24588330800063
175276 512 0 24588331056064
175788 512 0 24588331312065
176300 512 0 24588331568066
176812 512 0 24588331824067
177324 512 0 24588332080068
177836 512 0 24588332336069
178348 512 0 24588332592070
178860 512 0 24588332848071
179372 512 0 24588333104072
179884 512 0 24588333360073
180396 512 0 24588333616074
180908 512 0 24588333872076
181420 512 0 24588334128077
181932 512 0 24588334384078
182444 512 0 24588334640079
182956 512 0 24588334896080
183468 512 0 24588335152081
183980 512 0 24588335408082
184492 512 0 24588335664083
185004 512 0 24588335920084
185516 512 0 24588336176085
186028 512 0 24588336432086
186540 512 0 24588336688087
187052 512 0 24588336944088
187564 512 0 24588337200089
188076 512 0 24588337456090
188588 512 0 24588337712091
189100 512 0 24588337968091
189612 512 0 24588338224092
190124 512 0 24588338480093
190636 512 0 24588338736094
191148 512 0 24588338992095
191660 512 0 24588339248096
192172 512 0 24588339504097
192684 512 0 24588339760098
193196 512 0 24588340016099
193708 512 0 24588340272100
194220 512 0 24588340528101
194732 512 0 24588340784102
195244 512 0 24588341040103
195756 512 0 24588341296104
196268 512 0 24588341552105
196780 512 0 24588341808106
197292 512 0 24588342064108
197804 512 0 24588342320109
198316 512 0 24588342576110
198828 512 0 24588342832111
199340 512 0 24588343088112
199852 512 0 24588343344113
200364 512 0 24588343600114
200876 512 0 24588343856115
201388 512 0 24588344112116
201900 512 0 24588344368117
202412 512 0 24588344624118
202924 512 0 24588344880119
203436 512 0 24588345136120
203948 512 0 24588345392121
204460 512 0 24588345648122
204972 512 0 24588345904123
205484 512 0 24588346160124
205996 512 0 24588346416125
206508 512 0 24588346672126
207020 512 0 24588346928127
207532 512 0 24588347184128
208044 512 0 24588347440129
208556 512 0 24588347696130
209068 512 0 24588347952131
209580 512 0 24588348208132
210092 512 0 24588348464133
210604 512 0 24588348720134
211116 512 0 24588348976135
211628 512 0 24588349232136
212140 512 0 24588349488137
212652 512 0 24588349744138
213164 512 0 24588350000139
213676 512 0 24588350256141
214188 512 0 24588350512142
214700 512 0 24588350768143
215212 512 0 24588351024144
215724 512 0 24588351280145
216236 512 0 24588351536146
216748 512 0 24588351792147
217260 512 0 24588352048148
217772 512 0 24588352304149
218284 512 0 24588352560150
218796 512 0 24588352816151
219308 512 0 24588353072152
219820 512 0 24588353328153
220332 512 0 24588353584154
220844 512 0 24588353840155
221356 512 0 24588354096156
221868 512 0 24588354352157
222380 512 0 24588354608158
222892 512 0 24588354864159
223404 512 0 24588355120160
223916 512 0 24588355376161
224428 512 0 24588355632162
224940 512 0 24588355888163
225452 512 0 24588356144164
225964 512 0 24588356400165
226476 512 0 24588356656166
226988 512 0 24588356912167
227500 512 0 24588357168168
228012 512 0 24588357424169
228524 512 0 24588357680170
229036 512 0 24588357936171
229548 512 0 24588358192172
230060 512 0 24588358448174
230572 512 0 24588358704175
231084 512 0 24588358960176
231596 512 0 24588359216177
232108 512 0 24588359472178
232620 512 0 24588359728179
233132 512 0 24588359984180
233644 512 0 24588360240181
234156 512 0 24588360496182
234668 512 0 24588360752183
235180 512 0 24588361008184
235692 512 0 24588361264185
236204 512 0 24588361520186
236716 512 0 24588361776187
237228 512 0 24588362032188
237740 512 0 24588362288189
238252 512 0 24588362544190
238764 512 0 24588362800191
239276 512 0 24588363056192
239788 512 0 24588363312193
240300 512 0 24588363568194
240812 512 0 24588363824195
241324 512 0 24588364080196
241836 512 0 24588364336197
242348 512 0 24588364592198
242860 512 0 24588364848199
243372 512 0 24588365104200
243884 512 0 24588365360201
244396 512 0 24588365616202
244908 512 0 24588365872203
245420 512 0 24588366128204
245932 512 0 24588366384205
246444 512 0 24588366640206
246956 512 0 24588366896207
247468 512 0 24588367152208
247980 512 0 24588367408209
248492 512 0 24588367664210
249004 512 0 24588367920211
249516 512 0 24588368176212
250028 512 0 24588368432213
250540 512 0 24588368688214
251052 512 0 24588368944215
251564 512 0 24588369200216
252076 512 0 24588369456217
252588 512 0 24588369712218
253100 512 0 24588369968219
253612 512 0 24588370224220
254124 512 0 24588370480221
254636 512 0 24588370736222
255148 512 0 24588370992223
255660 512 0 24588371248224
256172 512 0 24588371504225
256684 512 0 24588371760226
257196 512 0 24588372016227
257708 512 0 24588372272228
258220 512 0 24588372528229
258732 512 0 24588372784230
259244 512 0 24588373040231
259756 512 0 24588373296232
260268 512 0 24588373552233
260780 512 0 24588373808234
261292 512 0 24588374064235
261804 512 0 24588374320236
262316 512 0 24588374576237
262828 512 0 24588374832239
263340 512 0 24588375088240
263852 512 0 24588375344241
264364 512 0 24588375600242
264876 512 0 24588375856243
265388 512 0 24588376112244
265900 512 0 24588376368245
266412 512 0 24588376624246
266924 512 0 24588376880247
267436 512 0 24588377136248
267948 512 0 24588377392249
268460 512 0 24588377648250
268972 512 0 24588377904251
269484 512 0 24588378160252
269996 512 0 24588378416253
270508 512 0 24588378672254
271020 512 0 24588378928255
271532 512 0 24588379184256
272044 512 0 24588379440257
272556 512 0 24588379696258
273068 512 0 24588379952259
273580 512 0 24588380208260
274092 512 0 24588380464261
274604 512 0 24588380720262
275116 512 0 24588380976263
275628 512 0 24588381232264
276140 512 0 24588381488265
276652 512 0 24588381744266
277164 512 0 24588382000267
277676 512 0 24588382256268
278188 512 0 24588382512269
278700 512 0 24588382768270
279212 512 0 24588383024272
279724 512 0 24588383280273
280236 512 0 24588383536274
280748 512 0 24588383792275
281260 512 0 24588384048276
281772 512 0 24588384304277
282284 512 0 24588384560278
282796 512 0 24588384816279
283308 512 0 24588385072280
283820 512 0 24588385328281
284332 512 0 24588385584282
284844 512 0 24588385840283
285356 512 0 24588386096284
285868 512 0 24588386352285
286380 512 0 24588386608286
286892 512 0 24588386864287
287404 512 0 24588387120287
287916 512 0 24588387376288
288428 512 0 24588387632289
288940 512 0 24588387888290
289452 512 0 24588388144291
289964 512 0 24588388400292
290476 512 0 24588388656293
290988 512 0 24588388912294
291500 512 0 24588389168295
292012 512 0 24588389424296
292524 512 0 24588389680297
293036 512 0 24588389936298
293548 512 0 24588390192299
294060 512 0 24588390448300
294572 512 0 24588390704301
295084 512 0 24588390960302
295596 512 0 24588391216304
296108 512 0 24588391472305
296620 512 0 24588391728306
297132 512 0 24588391984307
297644 512 0 24588392240308
298156 512 0 24588392496309
298668 512 0 24588392752310
299180 512 0 24588393008311
299692 512 0 24588393264312
300204 512 0 24588393520313
300716 512 0 24588393776314
301228 512 0 24588394032315
301740 512 0 24588394288316
302252 512 0 24588394544317
302764 512 0 24588394800318
303276 512 0 24588395056319
303788 512 0 24588395312321
304300 512 0 24588395568322
304812 512 0 24588395824323
305324 512 0 24588396080324
305836 512 0 24588396336325
306348 512 0 24588396592326
306860 512 0 24588396848327
307372 512 0 24588397104328
307884 512 0 24588397360329
308396 512 0 24588397616330
308908 512 0 24588397872331
309420 512 0 24588398128332
309932 512 0 24588398384333
310444 512 0 24588398640334
310956 512 0 24588398896335
311468 512 0 24588399152336
311980 512 0 24588399408337
312492 512 0 24588399664338
313004 512 0 24588399920339
313516 512 0 24588400176340
314028 512 0 24588400432341
314540 512 0 24588400688342
315052 512 0 24588400944343
315564 512 0 24588401200344
316076 512 0 24588401456345
316588 512 0 24588401712346
317100 512 0 24588401968347
317612 512 0 24588402224348
318124 512 0 24588402480349
318636 512 0 24588402736350
319148 512 0 24588402992351
319660 512 0 24588403248352
320172 512 0 24588403504353
320684 512 0 24588403760354
321196 512 0 24588404016355
321708 512 0 24588404272356
322220 512 0 24588404528357
322732 512 0 24588404784358
323244 512 0 24588405040359
323756 512 0 24588405296360
324268 512 0 24588405552361
324780 512 0 24588405808362
325292 512 0 24588406064363
325804 512 0 24588406320364
326316 512 0 24588406576365
326828 512 0 24588406832366
327340 512 0 24588407088367
327852 512 0 24588407344368
328364 512 0 24588407600370
328876 512 0 24588407856371
329388 512 0 24588408112372
329900 512 0 24588408368373
330412 512 0 24588408624374
330924 512 0 24588408880375
331436 512 0 24588409136376
331948 512 0 24588409392377
332460 512 0 24588409648378
332972 512 0 24588409904379
333484 512 0 24588410160380
333996 512 0 24588410416381
334508 512 0 24588410672382
335020 512 0 24588410928383
335532 512 0 24588411184384
336044 512 0 24588411440385
336556 512 0 24588411696386
337068 512 0 24588411952387
337580 512 0 24588412208388
338092 512 0 24588412464389
338604 512 0 24588412720390
339116 512 0 24588412976391
339628 512 0 24588413232392
340140 512 0 24588413488393
340652 512 0 24588413744394
341164 512 0 24588414000395
341676 512 0 24588414256396
342188 512 0 24588414512397
342700 512 0 24588414768398
343212 512 0 24588415024399
343724 512 0 24588415280400
344236 512 0 24588415536401
344748 512 0 24588415792403
345260 512 0 24588416048404
345772 512 0 24588416304405
346284 512 0 24588416560406
346796 512 0 24588416816407
347308 512 0 24588417072408
347820 512 0 24588417328409
348332 512 0 24588417584410
348844 512 0 24588417840411
349356 512 0 24588418096412
349868 512 0 24588418352413
350380 512 0 24588418608414
350892 512 0 24588418864415
351404 512 0 24588419120416
351916 512 0 24588419376417
352428 512 0 24588419632418
352940 512 0 24588419888419
353452 512 0 24588420144420
353964 512 0 24588420400421
354476 512 0 24588420656422
354988 512 0 24588420912423
355500 512 0 24588421168424
356012 512 0 24588421424425
356524 512 0 24588421680426
357036 512 0 24588421936427
357548 512 0 24588422192428
358060 512 0 24588422448429
358572 512 0 24588422704430
359084 512 0 24588422960431
359596 512 0 24588423216432
360108 512 0 24588423472433
360620 512 0 24588423728434
361132 512 0 24588423984435
361644 512 0 24588424240436
362156 512 0 24588424496437
362668 512 0 24588424752438
363180 512 0 24588425008439
363692 512 0 24588425264440
364204 512 0 24588425520441
364716 512 0 24588425776442
365228 512 0 24588426032443
365740 512 0 24588426288444
366252 512 0 24588426544445
366764 512 0 24588426800446
367276 512 0 24588427056447
367788 512 0 24588427312448
9304 512 0 24588444705245
9816 512 0 24588444983884
10328 512 0 24588445262524
10840 512 0 24588445541163
11352 512 0 24588445819803
11864 512 0 24588446098442
12376 512 0 24588446377082
12888 512 0 24588446655721
13400 512 0 24588446934361
13912 512 0 24588447213000
14424 512 0 24588447491639
14936 512 0 24588447770279
15448 512 0 24588448048918
15960 512 0 24588448327558
16472 512 0 24588448606197
16984 512 0 24588448884837
17496 512 0 24588449163476
18008 512 0 24588449442115
18520 512 0 24588449720755
19032 512 0 24588449999394
19544 512 0 24588450278034
20056 512 0 24588450556673
20568 512 0 24588450835313
21080 512 0 24588451113952
21592 512 0 24588451392592
22104 512 0 24588451671231
22616 512 0 24588451949870
23128 512 0 24588452228510
23640 512 0 24588452507149
24152 512 0 24588452785789
24664 512 0 24588453064428
25176 512 0 24588453343100
25688 512 0 24588453621740
26200 512 0 24588453900381
26712 512 0 24588454179021
27224 512 0 24588454457661
27736 512 0 24588454736301
28248 512 0 24588455014942
28760 512 0 24588455293582
29272 512 0 24588455572222
29784 512 0 24588455850863
30296 512 0 24588456129503
30808 512 0 24588456408143
31320 512 0 24588456686783
31832 512 0 24588456965424
32344 512 0 24588457244064
32856 512 0 24588457522704
33368 512 0 24588457801351
33880 512 0 24588458079991
34392 512 0 24588458358632
34904 512 0 24588458637272
35416 512 0 24588458915913
35928 512 0 24588459194553
36440 512 0 24588459473194
36952 512 0 24588459751834
37464 512 0 24588460030474
37976 512 0 24588460309115
38488 512 0 24588460587755
39000 512 0 24588460866396
39512 512 0 24588461145036
40024 512 0 24588461423677
40536 512 0 24588461702317
41048 512 0 24588461980958
41560 512 0 24588462259599
42072 512 0 24588462538240
42584 512 0 24588462816880
43096 512 0 24588463095521
43608 512 0 24588463374161
44120 512 0 24588463652802
44632 512 0 24588463931442
45144 512 0 24588464210083
45656 512 0 24588464488723
46168 512 0 24588464767364
46680 512 0 24588465046004
47192 512 0 24588465324645
47704 512 0 24588465603285
48216 512 0 24588465881926
48728 512 0 24588466160566
49240 512 0 24588466439206
49752 512 0 24588466717849
50264 512 0 24588466996490
50776 512 0 24588467275130
51288 512 0 24588467553771
51800 512 0 24588467832411
52312 512 0 24588468111052
52824 512 0 24588468389692
53336 512 0 24588468668333
53848 512 0 24588468946973
54360 512 0 24588469225614
54872 512 0 24588469504254
55384 512 0 24588469782895
55896 512 0 24588470061535
56408 512 0 24588470340176
56920 512 0 24588470618816
57432 512 0 24588470897457
57944 512 0 24588471176097
58456 512 0 24588471454737
58968 512 0 24588471733378
59480 512 0 24588472012019
59992 512 0 24588472290659
60504 512 0 24588472569300
61016 512 0 24588472847940
61528 512 0 24588473126581
62040 512 0 24588473405221
62552 512 0 24588473683862
63064 512 0 24588473962502
63576 512 0 24588474241143
64088 512 0 24588474519783
64600 512 0 24588474798424
65112 512 0 24588475077064
65624 512 0 24588475355705
66136 512 0 24588475634346
66648 512 0 24588475912987
67160 512 0 24588476191628
67672 512 0 24588476470268
68184 512 0 24588476748909
68696 512 0 24588477027549
69208 512 0 24588477306190
69720 512 0 24588477584830
70232 512 0 24588477863471
70744 512 0 24588478142111
71256 512 0 24588478420752
71768 512 0 24588478699392
72280 512 0 24588478978033
72792 512 0 24588479256673
73304 512 0 24588479535314
73816 512 0 24588479813954
74328 512 0 24588480092596
74840 512 0 24588480371236
75352 512 0 24588480649877
75864 512 0 24588480928517
76376 512 0 24588481207158
76888 512 0 24588481485798
77400 512 0 24588481764439
77912 512 0 24588482043079
78424 512 0 24588482321720
78936 512 0 24588482600360
79448 512 0 24588482879001
79960 512 0 24588483157642
80472 512 0 24588483436282
80984 512 0 24588483714923
81496 512 0 24588483993563
82008 512 0 24588484272204
82520 512 0 24588484550845
83032 512 0 24588484829485
83544 512 0 24588485108126
84056 512 0 24588485386766
84568 512 0 24588485665407
85080 512 0 24588485944047
85592 512 0 24588486222688
86104 512 0 24588486501328
86616 512 0 24588486779969
87128 512 0 24588487058610
87640 512 0 24588487337250
88152 512 0 24588487615891
88664 512 0 24588487894531
89176 512 0 24588488173172
89688 512 0 24588488451812
90200 512 0 24588488730453
90712 512 0 24588489009092
91224 512 0 24588489287733
91736 512 0 24588489566374
92248 512 0 24588489845014
92760 512 0 24588490123655
93272 512 0 24588490402295
93784 512 0 24588490680936
94296 512 0 24588490959576
94808 512 0 24588491238217
95320 512 0 24588491516857
95832 512 0 24588491795498
96344 512 0 24588492074138
96856 512 0 24588492352779
97368 512 0 24588492631419
97880 512 0 24588492910060
98392 512 0 24588493188700
98904 512 0 24588493467342
99416 512 0 24588493745982
99928 512 0 24588494024623
100440 512 0 24588494303263
100952 512 0 24588494581904
101464 512 0 24588494860544
101976 512 0 24588495139185
102488 512 0 24588495417825
103000 512 0 24588495696466
103512 512 0 24588495975106
104024 512 0 24588496253747
104536 512 0 24588496532388
105048 512 0 24588496811028
105560 512 0 24588497089669
106072 512 0 24588497368309
106584 512 0 24588497646950
107096 512 0 24588497925591
107608 512 0 24588498204231
108120 512 0 24588498482872
108632 512 0 24588498761512
109144 512 0 24588499040153
109656 512 0 24588499318793
110168 512 0 24588499597434
110680 512 0 24588499876074
111192 512 0 24588500154715
111704 512 0 24588500433356
112216 512 0 24588500711996
112728 512 0 24588500990637
113240 512 0 24588501269277
113752 512 0 24588501547918
114264 512 0 24588501826558
114776 512 0 24588502105199
115288 512 0 24588502383840
115800 512 0 24588502662480
116312 512 0 24588502941121
116824 512 0 24588503219761
117336 512 0 24588503498402
117848 512 0 24588503777042
118360 512 0 24588504055683
118872 512 0 24588504334324
119384 512 0 24588504612964
119896 512 0 24588504891605
120408 512 0 24588505170245
120920 512 0 24588505448886
121432 512 0 24588505727526
121944 512 0 24588506006167
122456 512 0 24588506284807
122968 512 0 24588506563448
123480 512 0 24588506842089
123992 512 0 24588507120729
124504 512 0 24588507399370
125016 512 0 24588507678010
125528 512 0 24588507956651
126040 512 0 24588508235292
126552 512 0 24588508513932
127064 512 0 24588508792573
127576 512 0 24588509071213
128088 512 0 24588509349854
128600 512 0 24588509628494
129112 512 0 24588509907135
129624 512 0 24588510185775
130136 512 0 24588510464416
130648 512 0 24588510743057
131160 512 0 24588511021697
131672 512 0 24588511300338
132184 512 0 24588511578978
132696 512 0 24588511857619
133208 512 0 24588512136259
133720 512 0 24588512414900
134232 512 0 24588512693541
134744 512 0 24588512972181
135256 512 0 24588513250822
135768 512 0 24588513529462
136280 512 0 24588513808103
136792 512 0 24588514086743
137304 512 0 24588514365384
137816 512 0 24588514644024
138328 512 0 24588514922665
138840 512 0 24588515201306
139352 512 0 24588515479946
139864 512 0 24588515758586
140376 512 0 24588516037226
140888 512 0 24588516315867
141400 512 0 24588516594507
141912 512 0 24588516873148
142424 512 0 24588517151788
142936 512 0 24588517430429
143448 512 0 24588517709070
143960 512 0 24588517987710
144472 512 0 24588518266351
144984 512 0 24588518544991
145496 512 0 24588518823632
146008 512 0 24588519102272
146520 512 0 24588519380913
147032 512 0 24588519659553
147544 512 0 24588519938194
148056 512 0 24588520216835
148568 512 0 24588520495475
149080 512 0 24588520774116
149592 512 0 24588521052756
150104 512 0 24588521331397
150616 512 0 24588521610037
151128 512 0 24588521888678
151640 512 0 24588522167319
152152 512 0 24588522445959
152664 512 0 24588522724600
153176 512 0 24588523003240
153688 512 0 24588523281881
154200 512 0 24588523560521
154712 512 0 24588523839162
155224 512 0 24588524117802
155736 512 0 24588524396443
156248 512 0 24588524675085
156760 512 0 24588524953725
157272 512 0 24588525232366
157784 512 0 24588525511007
158296 512 0 24588525789647
158808 512 0 24588526068288
159320 512 0 24588526346928
159832 512 0 24588526625569
160344 512 0 24588526904209
160856 512 0 24588527182850
161368 512 0 24588527461490
161880 512 0 24588527740131
162392 512 0 24588528018772
162904 512 0 24588528297412
163416 512 0 24588528576053
163928 512 0 24588528854693
164440 512 0 24588529133333
164952 512 0 24588529411973
165464 512 0 24588529690614
165976 512 0 24588529969254
166488 512 0 24588530247895
167000 512 0 24588530526536
167512 512 0 24588530805176
168024 512 0 24588531083817
168536 512 0 24588531362457
169048 512 0 24588531641098
169560 512 0 24588531919738
170072 512 0 24588532198379
170584 512 0 24588532477019
171096 512 0 24588532755660
171608 512 0 24588533034300
172120 512 0 24588533312941
172632 512 0 24588533591582
173144 512 0 24588533870222
173656 512 0 24588534148863
174168 512 0 24588534427503
174680 512 0 24588534706144
175192 512 0 24588534984785
175704 512 0 24588535263425
176216 512 0 24588535542066
176728 512 0 24588535820706
177240 512 0 24588536099347
177752 512 0 24588536377987
178264 512 0 24588536656628
178776 512 0 24588536935268
179288 512 0 24588537213909
179800 512 0 24588537492550
180312 512 0 24588537771190
180824 512 0 24588538049831
181336 512 0 24588538328471
181848 512 0 24588538607112
182360 512 0 24588538885752
182872 512 0 24588539164393
183384 512 0 24588539443034
183896 512 0 24588539721674
184408 512 0 24588540000315
184920 512 0 24588540278955
185432 512 0 24588540557596
185944 512 0 24588540836236
186456 512 0 24588541114877
186968 512 0 24588541393517
187480 512 0 24588541672158
187992 512 0 24588541950799
188504 512 0 24588542229439
189016 512 0 24588542508080
189528 512 0 24588542786720
190040 512 0 24588543065361
190552 512 0 24588543344001
191064 512 0 24588543622642
191576 512 0 24588543901283
192088 512 0 24588544179923
192600 512 0 24588544458564
193112 512 0 24588544737204
193624 512 0 24588545015845
194136 512 0 24588545294485
194648 512 0 24588545573126
195160 512 0 24588545851766
195672 512 0 24588546130407
196184 512 0 24588546409048
196696 512 0 24588546687688
197208 512 0 24588546966329
197720 512 0 24588547244969
198232 512 0 24588547523610
198744 512 0 24588547802250
199256 512 0 24588548080891
199768 512 0 24588548359532
200280 512 0 24588548638172
200792 512 0 24588548916813
201304 512 0 24588549195453
201816 512 0 24588549474094
202328 512 0 24588549752734
202840 512 0 24588550031375
203352 512 0 24588550310015
203864 512 0 24588550588656
204376 512 0 24588550867297
204888 512 0 24588551145937
205400 512 0 24588551424578
205912 512 0 24588551703218
206424 512 0 24588551981859
206936 512 0 24588552260499
207448 512 0 24588552539140
207960 512 0 24588552817781
208472 512 0 24588553096421
208984 512 0 24588553375062
209496 512 0 24588553653702
210008 512 0 24588553932343
210520 512 0 24588554210983
211032 512 0 24588554489624
211544 512 0 24588554768264
212056 512 0 24588555046905
212568 512 0 24588555325546
213080 512 0 24588555604186
213592 512 0 24588555882827
214104 512 0 24588556161467
214616 512 0 24588556440108
215128 512 0 24588556718748
215640 512 0 24588556997389
216152 512 0 24588557276030
216664 512 0 24588557554670
217176 512 0 24588557833311
217688 512 0 24588558111951
218200 512 0 24588558390592
218712 512 0 24588558669232
219224 512 0 24588558947873
219736 512 0 24588559226514
220248 512 0 24588559505154
220760 512 0 24588559783795
221272 512 0 24588560062435
221784 512 0 24588560341076
222296 512 0 24588560619716
222808 512 0 24588560898357
223320 512 0 24588561176998
223832 512 0 24588561455638
224344 512 0 24588561734279
224856 512 0 24588562012919
225368 512 0 24588562291560
225880 512 0 24588562570200
226392 512 0 24588562848841
226904 512 0 24588563127481
227416 512 0 24588563406122
227928 512 0 24588563684763
228440 512 0 24588563963403
228952 512 0 24588564242044
229464 512 0 24588564520684
229976 512 0 24588564799325
230488 512 0 24588565077965
231000 512 0 24588565356606
231512 512 0 24588565635247
232024 512 0 24588565913887
232536 512 0 24588566192528
233048 512 0 24588566471168
233560 512 0 24588566749809
234072 512 0 24588567028449
234584 512 0 24588567307090
235096 512 0 24588567585730
235608 512 0 24588567864371
236120 512 0 24588568143012
236632 512 0 24588568421652
237144 512 0 24588568700293
237656 512 0 24588568978933
238168 512 0 24588569257574
238680 512 0 24588569536214
239192 512 0 24588569814855
239704 512 0 24588570093496
240216 512 0 24588570372136
240728 512 0 24588570650777
241240 512 0 24588570929417
241752 512 0 24588571208058
242264 512 0 24588571486698
242776 512 0 24588571765339
243288 512 0 24588572043979
243800 512 0 24588572322620
244312 512 0 24588572601261
244824 512 0 24588572879901
245336 512 0 24588573158542
245848 512 0 24588573437182
246360 512 0 24588573715823
246872 512 0 24588573994463
247384 512 0 24588574273104
247896 512 0 24588574551745
248408 512 0 24588574830385
248920 512 0 24588575109026
249432 512 0 24588575387666
249944 512 0 24588575666307
250456 512 0 24588575944947
250968 512 0 24588576223588
251480 512 0 24588576502228
251992 512 0 24588576780869
252504 512 0 24588577059510
253016 512 0 24588577338150
253528 512 0 24588577616791
254040 512 0 24588577895431
254552 512 0 24588578174072
255064 512 0 24588578452712
255576 512 0 24588578731353
256088 512 0 24588579009994
256600 512 0 24588579288634
257112 512 0 24588579567275
257624 512 0 24588579845915
258136 512 0 24588580124556
258648 512 0 24588580403196
259160 512 0 24588580681837
259672 512 0 24588580960477
260184 512 0 24588581239118
260696 512 0 24588581517759
261208 512 0 24588581796399
261720 512 0 24588582075040
262232 512 0 24588582353680
262744 512 0 24588582632320
263256 512 0 24588582910960
263768 512 0 24588583189601
264280 512 0 24588583468241
264792 512 0 24588583746882
265304 512 0 24588584025523
265816 512 0 24588584304163
266328 512 0 24588584582804
266840 512 0 24588584861444
267352 512 0 24588585140085
267864 512 0 24588585418725
268376 512 0 24588585697366
268888 512 0 24588585976006
269400 512 0 24588586254647
269912 512 0 24588586533288
270424 512 0 24588586811928
270936 512 0 24588587090570
271448 512 0 24588587369210
271960 512 0 24588587647851
272472 512 0 24588587926492
272984 512 0 24588588205132
273496 512 0 24588588483773
274008 512 0 24588588762413
274520 512 0 24588589041054
275032 512 0 24588589319694
275544 512 0 24588589598335
276056 512 0 24588589876975
276568 512 0 24588590155616
277080 512 0 24588590434257
277592 512 0 24588590712897
278104 512 0 24588590991538
278616 512 0 24588591270178
279128 512 0 24588591548819
279640 512 0 24588591827459
280152 512 0 24588592106100
280664 512 0 24588592384741
281176 512 0 24588592663381
281688 512 0 24588592942022
282200 512 0 24588593220662
282712 512 0 24588593499303
283224 512 0 24588593777943
283736 512 0 24588594056584
284248 512 0 24588594335224
284760 512 0 24588594613865
285272 512 0 24588594892506
285784 512 0 24588595171146
286296 512 0 24588595449787
286808 512 0 24588595728427
287320 512 0 24588596007068
287832 512 0 24588596285708
288344 512 0 24588596564349
288856 512 0 24588596842990
289368 512 0 24588597121630
289880 512 0 24588597400271
290392 512 0 24588597678911
290904 512 0 24588597957552
291416 512 0 24588598236192
291928 512 0 24588598514833
292440 512 0 24588598793473
292952 512 0 24588599072114
293464 512 0 24588599350755
293976 512 0 24588599629395
294488 512 0 24588599908036
295000 512 0 24588600186676
295512 512 0 24588600465316
296024 512 0 24588600743956
296536 512 0 24588601022597
297048 512 0 24588601301237
297560 512 0 24588601579878
298072 512 0 24588601858519
298584 512 0 24588602137159
299096 512 0 24588602415800
299608 512 0 24588602694440
300120 512 0 24588602973081
300632 512 0 24588603251721
301144 512 0 24588603530362
301656 512 0 24588603809002
302168 512 0 24588604087643
302680 512 0 24588604366284
303192 512 0 24588604644924
303704 512 0 24588604923565
304216 512 0 24588605202205
304728 512 0 24588605480846
305240 512 0 24588605759486
305752 512 0 24588606038127
306264 512 0 24588606316768
306776 512 0 24588606595408
307288 512 0 24588606874049
307800 512 0 24588607152689
308312 512 0 24588607431330
308824 512 0 24588607709970
309336 512 0 24588607988611
309848 512 0 24588608267251
310360 512 0 24588608545892
310872 512 0 24588608824533
311384 512 0 24588609103173
311896 512 0 24588609381815
312408 512 0 24588609660455
312920 512 0 24588609939096
313432 512 0 24588610217737
313944 512 0 24588610496377
314456 512 0 24588610775018
314968 512 0 24588611053658
315480 512 0 24588611332299
315992 512 0 24588611610939
316504 512 0 24588611889580
317016 512 0 24588612168221
317528 512 0 24588612446861
318040 512 0 24588612725502
318552 512 0 24588613004142
319064 512 0 24588613282783
319576 512 0 24588613561423
320088 512 0 24588613840063
320600 512 0 24588614118703
321112 512 0 24588614397344
321624 512 0 24588614675984
322136 512 0 24588614954625
322648 512 0 24588615233266
323160 512 0 24588615511906
323672 512 0 24588615790547
324184 512 0 24588616069187
324696 512 0 24588616347828
325208 512 0 24588616626468
325720 512 0 24588616905109
326232 512 0 24588617183749
326744 512 0 24588617462390
327256 512 0 24588617741031
327768 512 0 24588618019671
328280 512 0 24588618298313
328792 512 0 24588618576953
329304 512 0 24588618855594
329816 512 0 24588619134235
330328 512 0 24588619412875
330840 512 0 24588619691516
331352 512 0 24588619970156
331864 512 0 24588620248797
332376 512 0 24588620527437
332888 512 0 24588620806078
333400 512 0 24588621084719
333912 512 0 24588621363359
334424 512 0 24588621642000
334936 512 0 24588621920640
335448 512 0 24588622199281
335960 512 0 24588622477921
336472 512 0 24588622756563
336984 512 0 24588623035204
337496 512 0 24588623313844
338008 512 0 24588623592485
338520 512 0 24588623871125
339032 512 0 24588624149766
339544 512 0 24588624428406
340056 512 0 24588624707047
340568 512 0 24588624985688
341080 512 0 24588625264328
341592 512 0 24588625542969
342104 512 0 24588625821609
342616 512 0 24588626100250
343128 512 0 24588626378890
343640 512 0 24588626657531
344152 512 0 24588626936172
344664 512 0 24588627214811
345176 512 0 24588627493451
345688 512 0 24588627772092
346200 512 0 24588628050733
346712 512 0 24588628329373
347224 512 0 24588628608014
347736 512 0 24588628886654
348248 512 0 24588629165295
348760 512 0 24588629443935
349272 512 0 24588629722576
349784 512 0 24588630001217
350296 512 0 24588630279857
350808 512 0 24588630558498
351320 512 0 24588630837138
351832 512 0 24588631115779
352344 512 0 24588631394419
352856 512 0 24588631673061
353368 512 0 24588631951702
353880 512 0 24588632230342
354392 512 0 24588632508983
354904 512 0 24588632787623
355416 512 0 24588633066264
355928 512 0 24588633344904
356440 512 0 24588633623545
356952 512 0 24588633902186
357464 512 0 24588634180826
357976 512 0 24588634459467
358488 512 0 24588634738107
359000 512 0 24588635016748
359512 512 0 24588635295388
360024 512 0 24588635574029
360536 512 0 24588635852670
361048 512 0 24588636131309
361560 512 0 24588636409949
362072 512 0 24588636688590
362584 512 0 24588636967231
363096 512 0 24588637245871
363608 512 0 24588637524512
364120 512 0 24588637803152
364632 512 0 24588638081793
365144 512 0 24588638360433
365656 512 0 24588638639074
366168 512 0 24588638917715
366680 512 0 24588639196355
367192 512 0 24588639474996
367704 512 0 24588639753636
368216 512 0 24588640032277
368728 512 0 24588640310917
369240 512 0 24588640589558
369752 512 0 24588640868198
370264 512 0 24588641146839
370776 512 0 24588641425480
371288 512 0 24588641704120
371800 512 0 24588641982761
372312 512 0 24588642261401
372824 512 0 24588642540042
373336 512 0 24588642818682
373848 512 0 24588643097323
374360 512 0 24588643375964
374872 512 0 24588643654604
375384 512 0 24588643933245
375896 512 0 24588644211885
376408 512 0 24588644490526
376920 512 0 24588644769166
377432 512 0 24588645047807
377944 512 0 24588645326447
378456 512 0 24588645605088
378968 512 0 24588645883729
379480 512 0 24588646162369
379992 512 0 24588646441010
380504 512 0 24588646719650
381016 512 0 24588646998291
381528 512 0 24588647276931
382040 512 0 24588647555572
382552 512 0 24588647834213
383064 512 0 24588648112853
383576 512 0 24588648391494
384088 512 0 24588648670134
384600 512 0 24588648948775
385112 512 0 24588649227415
385624 512 0 24588649506057
386136 512 0 24588649784698
386648 512 0 24588650063338
387160 512 0 24588650341979
387672 512 0 24588650620619
388184 512 0 24588650899260
388696 512 0 24588651177900
389208 512 0 24588651456541
389720 512 0 24588651735182
390232 512 0 24588652013822
390744 512 0 24588652292463
391256 512 0 24588652571103
391768 512 0 24588652849744
392280 512 0 24588653128384
392792 512 0 24588653407025
393304 512 0 24588653685666
393816 512 0 24588653964305
394328 512 0 24588654242945
394840 512 0 24588654521586
395352 512 0 24588654800227
395864 512 0 24588655078867
396376 512 0 24588655357508
396888 512 0 24588655636148
397400 512 0 24588655914789
397912 512 0 24588656193429
398424 512 0 24588656472070
398936 512 0 24588656750711
399448 512 0 24588657029351
399960 512 0 24588657307992
400472 512 0 24588657586632
400984 512 0 24588657865273
401496 512 0 24588658143913
402008 512 0 24588658422554
402520 512 0 24588658701194
403032 512 0 24588658979835
403544 512 0 24588659258476
404056 512 0 24588659537116
404568 512 0 24588659815757
405080 512 0 24588660094397
405592 512 0 24588660373038
406104 512 0 24588660651678
406616 512 0 24588660930319
407128 512 0 24588661208960
407640 512 0 24588661487600
408152 512 0 24588661766241
408664 512 0 24588662044881
409176 512 0 24588662323522
409688 512 0 24588662602162
410200 512 0 24588662880804
410712 512 0 24588663159445
411224 512 0 24588663438085
411736 512 0 24588663716726
412248 512 0 24588663995366
412760 512 0 24588664274007
413272 512 0 24588664552647
413784 512 0 24588664831288
414296 512 0 24588665109929
414808 512 0 24588665388569
415320 512 0 24588665667210
415832 512 0 24588665945850
416344 512 0 24588666224491
416856 512 0 24588666503131
417368 512 0 24588666781772
417880 512 0 24588667060413
418392 512 0 24588667339052
418904 512 0 24588667617692
419416 512 0 24588667896333
419928 512 0 24588668174974
420440 512 0 24588668453614
420952 512 0 24588668732255
421464 512 0 24588669010895
421976 512 0 24588669289536
422488 512 0 24588669568176
423000 512 0 24588669846817
423512 512 0 24588670125457
424024 512 0 24588670404098
424536 512 0 24588670682739
425048 512 0 24588670961379
425560 512 0 24588671240020
426072 512 0 24588671518660
426584 512 0 24588671797301
427096 512 0 24588672075941
427608 512 0 24588672354582
428120 512 0 24588672633223
428632 512 0 24588672911863
429144 512 0 24588673190504
429656 512 0 24588673469144
430168 512 0 24588673747785
430680 512 0 24588674026425
431192 512 0 24588674305066
431704 512 0 24588674583707
432216 512 0 24588674862347
432728 512 0 24588675140988
433240 512 0 24588675419628
433752 512 0 24588675698269
434264 512 0 24588675976909
434776 512 0 24588676255550
435288 512 0 24588676534190
435800 512 0 24588676812831
436312 512 0 24588677091472
436824 512 0 24588677370112
437336 512 0 24588677648753
437848 512 0 24588677927393
438360 512 0 24588678206034
438872 512 0 24588678484674
439384 512 0 24588678763315
439896 512 0 24588679041956
440408 512 0 24588679320596
440920 512 0 24588679599237
441432 512 0 24588679877877
441944 512 0 24588680156518
442456 512 0 24588680435158
442968 512 0 24588680713800
443480 512 0 24588680992441
443992 512 0 24588681271081
444504 512 0 24588681549722
445016 512 0 24588681828362
445528 512 0 24588682107003
446040 512 0 24588682385643
446552 512 0 24588682664284
447064 512 0 24588682942925
447576 512 0 24588683221565
448088 512 0 24588683500206
448600 512 0 24588683778846
449112 512 0 24588684057487
449624 512 0 24588684336127
450136 512 0 24588684614768
450648 512 0 24588684893409
451160 512 0 24588685172048
451672 512 0 24588685450688
452184 512 0 24588685729329
452696 512 0 24588686007970
453208 512 0 24588686286610
453720 512 0 24588686565251
454232 512 0 24588686843891
454744 512 0 24588687122532
455256 512 0 24588687401172
455768 512 0 24588687679813
456280 512 0 24588687958453
456792 512 0 24588688237094
457304 512 0 24588688515735
457816 512 0 24588688794375
458328 512 0 24588689073016
458840 512 0 24588689351656
459352 512 0 24588689630297
459864 512 0 24588689908937
460376 512 0 24588690187578
460888 512 0 24588690466219
461400 512 0 24588690744859
461912 512 0 24588691023500
462424 512 0 24588691302140
462936 512 0 24588691580781
463448 512 0 24588691859421
463960 512 0 24588692138062
464472 512 0 24588692416702
464984 512 0 24588692695343
465496 512 0 24588692973984
466008 512 0 24588693252624
466520 512 0 24588693531265
467032 512 0 24588693809905
467544 512 0 24588694088547
468056 512 0 24588694367188
468568 512 0 24588694645828
469080 512 0 24588694924469
469592 512 0 24588695203109
470104 512 0 24588695481750
470616 512 0 24588695760390
471128 512 0 24588696039031
471640 512 0 24588696317672
472152 512 0 24588696596312
472664 512 0 24588696874953
473176 512 0 24588697153593
473688 512 0 24588697432234
474200 512 0 24588697710874
474712 512 0 24588697989515
475224 512 0 24588698268156
475736 512 0 24588698546796
476248 512 0 24588698825437
476760 512 0 24588699104077
477272 512 0 24588699382718
477784 512 0 24588699661358
478296 512 0 24588699939999
478808 512 0 24588700218639
479320 512 0 24588700497280
479832 512 0 24588700775921
480344 512 0 24588701054561
480856 512 0 24588701333202
481368 512 0 24588701611842
481880 512 0 24588701890483
482392 512 0 24588702169123
482904 512 0 24588702447764
483416 512 0 24588702726404
483928 512 0 24588703005045
484440 512 0 24588703283686
484952 512 0 24588703562326
485464 512 0 24588703840967
485976 512 0 24588704119607
486488 512 0 24588704398248
487000 512 0 24588704676888
487512 512 0 24588704955529
488024 512 0 24588705234170
488536 512 0 24588705512810
489048 512 0 24588705791451
489560 512 0 24588706070091
490072 512 0 24588706348732
490584 512 0 24588706627372
491096 512 0 24588706906013
491608 512 0 24588707184653
492120 512 0 24588707463293
492632 512 0 24588707741933
493144 512 0 24588708020574
493656 512 0 24588708299215
494168 512 0 24588708577855
494680 512 0 24588708856496
495192 512 0 24588709135136
495704 512 0 24588709413777
496216 512 0 24588709692417
496728 512 0 24588709971058
497240 512 0 24588710249698
497752 512 0 24588710528339
498264 512 0 24588710806980
498776 512 0 24588711085620
499288 512 0 24588711364261
499800 512 0 24588711642901
500312 512 0 24588711921543
500824 512 0 24588712200184
501336 512 0 24588712478824
501848 512 0 24588712757465
502360 512 0 24588713036105
502872 512 0 24588713314746
503384 512 0 24588713593386
503896 512 0 24588713872027
504408 512 0 24588714150668
504920 512 0 24588714429308
505432 512 0 24588714707949
505944 512 0 24588714986589
506456 512 0 24588715265230
506968 512 0 24588715543870
507480 512 0 24588715822511
507992 512 0 24588716101151
508504 512 0 24588716379792
509016 512 0 24588716658433
509528 512 0 24588716937073
510040 512 0 24588717215714
510552 512 0 24588717494354
511064 512 0 24588717772995
511576 512 0 24588718051635
512088 512 0 24588718330276
512600 512 0 24588718608916
513112 512 0 24588718887557
513624 512 0 24588719166198
514136 512 0 24588719444838
514648 512 0 24588719723479
515160 512 0 24588720002119
515672 512 0 24588720280760
516184 512 0 24588720559400
516696 512 0 24588720838041
517208 512 0 24588721116682
517720 512 0 24588721395322
518232 512 0 24588721673963
518744 512 0 24588721952603
519256 512 0 24588722231244
519768 512 0 24588722509884
520280 512 0 24588722788525
520792 512 0 24588723067165
521304 512 0 24588723345806
521816 512 0 24588723624447
522328 512 0 24588723903087
522840 512 0 24588724181728
523352 512 0 24588724460368
523864 512 0 24588724739009
524376 512 0 24588725017649
524888 512 0 24588725296290
525400 512 0 24588725574931
525912 512 0 24588725853571
526424 512 0 24588726132212
526936 512 0 24588726410852
527448 512 0 24588726689493
527960 512 0 24588726968133
528472 512 0 24588727246774
528984 512 0 24588727525414
529496 512 0 24588727804055
530008 512 0 24588728082696
530520 512 0 24588728361336
531032 512 0 24588728639977
531544 512 0 24588728918617
532056 512 0 24588729197258
532568 512 0 24588729475898
533080 512 0 24588729754539
533592 512 0 24588730033180
534104 512 0 24588730311820
534616 512 0 24588730590461
535128 512 0 24588730869101
535640 512 0 24588731147742
536152 512 0 24588731426382
536664 512 0 24588731705023
537176 512 0 24588731983663
537688 512 0 24588732262304
538200 512 0 24588732540945
538712 512 0 24588732819585
539224 512 0 24588733098226
539736 512 0 24588733376866
540248 512 0 24588733655507
540760 512 0 24588733934147
541272 512 0 24588734212788
541784 512 0 24588734491429
542296 512 0 24588734770069
542808 512 0 24588735048710
543320 512 0 24588735327350
543832 512 0 24588735605991
544344 512 0 24588735884631
544856 512 0 24588736163272
545368 512 0 24588736441912
545880 512 0 24588736720553
546392 512 0 24588736999194
546904 512 0 24588737277834
547416 512 0 24588737556475
547928 512 0 24588737835115
548440 512 0 24588738113756
548952 512 0 24588738392396
549464 512 0 24588738671038
549976 512 0 24588738949679
550488 512 0 24588739228319
551000 512 0 24588739506960
551512 512 0 24588739785600
552024 512 0 24588740064241
552536 512 0 24588740342881
553048 512 0 24588740621522
553560 512 0 24588740900163
554072 512 0 24588741178803
554584 512 0 24588741457444
555096 512 0 24588741736084
555608 512 0 24588742014725
556120 512 0 24588742293365
556632 512 0 24588742572006
557144 512 0 24588742850647
557656 512 0 24588743129287
558168 512 0 24588743407928
558680 512 0 24588743686568
559192 512 0 24588743965209
559704 512 0 24588744243849
560216 512 0 24588744522490
560728 512 0 24588744801130
561240 512 0 24588745079771
561752 512 0 24588745358412
562264 512 0 24588745637052
562776 512 0 24588745915693
563288 512 0 24588746194333
563800 512 0 24588746472974
564312 512 0 24588746751614
564824 512 0 24588747030255
565336 512 0 24588747308896
565848 512 0 24588747587536
566360 512 0 24588747866177
566872 512 0 24588748144817
567384 512 0 24588748423458
567896 512 0 24588748702098
568408 512 0 24588748980739
568920 512 0 24588749259379
569432 512 0 24588749538020
569944 512 0 24588749816661
570456 512 0 24588750095301
570968 512 0 24588750373942
571480 512 0 24588750652582
571992 512 0 24588750931223
572504 512 0 24588751209863
573016 512 0 24588751488504
573528 512 0 24588751767145
574040 512 0 24588752045785
574552 512 0 24588752324426
575064 512 0 24588752603066
575576 512 0 24588752881707
576088 512 0 24588753160347
576600 512 0 24588753438988
577112 512 0 24588753717628
577624 512 0 24588753996269
578136 512 0 24588754274910
578648 512 0 24588754553550
579160 512 0 24588754832191
579672 512 0 24588755110831
580184 512 0 24588755389472
580696 512 0 24588755668112
581208 512 0 24588755946753
581720 512 0 24588756225394
582232 512 0 24588756504035
582744 512 0 24588756782676
583256 512 0 24588757061316
583768 512 0 24588757339957
584280 512 0 24588757618597
584792 512 0 24588757897238
585304 512 0 24588758175879
585816 512 0 24588758454519
586328 512 0 24588758733160
586840 512 0 24588759011800
587352 512 0 24588759290441
587864 512 0 24588759569081
588376 512 0 24588759847722
588888 512 0 24588760126363
589400 512 0 24588760405003
589912 512 0 24588760683644
590424 512 0 24588760962284
590936 512 0 24588761240925
591448 512 0 24588761519565
591960 512 0 24588761798206
592472 512 0 24588762076846
592984 512 0 24588762355487
593496 512 0 24588762634128
594008 512 0 24588762912768
594520 512 0 24588763191409
595032 512 0 24588763470049
595544 512 0 24588763748690
596056 512 0 24588764027330
596568 512 0 24588764305971
597080 512 0 24588764584612
597592 512 0 24588764863252
598104 512 0 24588765141893
598616 512 0 24588765420533
599128 512 0 24588765699174
599640 512 0 24588765977814
600152 512 0 24588766256455
600664 512 0 24588766535095
601176 512 0 24588766813736
601688 512 0 24588767092377
602200 512 0 24588767371017
602712 512 0 24588767649658
603224 512 0 24588767928298
603736 512 0 24588768206939
604248 512 0 24588768485579
604760 512 0 24588768764220
605272 512 0 24588769042861
605784 512 0 24588769321501
606296 512 0 24588769600142
606808 512 0 24588769878783
607320 512 0 24588770157424
607832 512 0 24588770436064
608344 512 0 24588770714705
608856 512 0 24588770993345
609368 512 0 24588771271986
609880 512 0 24588771550627
610392 512 0 24588771829267
610904 512 0 24588772107908
611416 512 0 24588772386548
611928 512 0 24588772665189
612440 512 0 24588772943830
612952 512 0 24588773222470
613464 512 0 24588773501111
613976 512 0 24588773779751
614488 512 0 24588774058392
615000 512 0 24588774337032
615512 512 0 24588774615673
616024 512 0 24588774894313
616536 512 0 24588775172954
617048 512 0 24588775451594
617560 512 0 24588775730235
618072 512 0 24588776008876
618584 512 0 24588776287516
619096 512 0 24588776566157
619608 512 0 24588776844797
620120 512 0 24588777123438
620632 512 0 24588777402078
621144 512 0 24588777680719
621656 512 0 24588777959360
622168 512 0 24588778238000
622680 512 0 24588778516641
623192 512 0 24588778795281
623704 512 0 24588779073922
624216 512 0 24588779352562
624728 512 0 24588779631203
625240 512 0 24588779909843
625752 512 0 24588780188484
626264 512 0 24588780467125
626776 512 0 24588780745765
627288 512 0 24588781024406
627800 512 0 24588781303046
628312 512 0 24588781581687
628824 512 0 24588781860327
629336 512 0 24588782138968
629848 512 0 24588782417609
630360 512 0 24588782696249
630872 512 0 24588782974890
631384 512 0 24588783253530
631896 512 0 24588783532171
632408 512 0 24588783810811
632920 512 0 24588784089452
633432 512 0 24588784368092
633944 512 0 24588784646733
634456 512 0 24588784925374
634968 512 0 24588785204014
635480 512 0 24588785482655
635992 512 0 24588785761295
636504 512 0 24588786039936
637016 512 0 24588786318576
637528 512 0 24588786597217
638040 512 0 24588786875858
638552 512 0 24588787154498
639064 512 0 24588787433139
639576 512 0 24588787711779
640088 512 0 24588787990420
640600 512 0 24588788269060
641112 512 0 24588788547701
641624 512 0 24588788826341
642136 512 0 24588789104982
642648 512 0 24588789383623
643160 512 0 24588789662263
643672 512 0 24588789940904
644184 512 0 24588790219544
644696 512 0 24588790498185
645208 512 0 24588790776825
645720 512 0 24588791055466
646232 512 0 24588791334107
646744 512 0 24588791612747
647256 512 0 24588791891388
647768 512 0 24588792170028
648280 512 0 24588792448669
648792 512 0 24588792727309
649304 512 0 24588793005950
649816 512 0 24588793284590
650328 512 0 24588793563231
650840 512 0 24588793841871
651352 512 0 24588794120512
651864 512 0 24588794399153
652376 512 0 24588794677793
652888 512 0 24588794956434
653400 512 0 24588795235074
653912 512 0 24588795513715
654424 512 0 24588795792355
654936 512 0 24588796070996
655448 512 0 24588796349637
655960 512 0 24588796628277
656472 512 0 24588796906918
656984 512 0 24588797185558
657496 512 0 24588797464199
658008 512 0 24588797742839
658520 512 0 24588798021480
659032 512 0 24588798300120
659544 512 0 24588798578761
660056 512 0 24588798857402
660568 512 0 24588799136042
661080 512 0 24588799414683
661592 512 0 24588799693323
662104 512 0 24588799971964
662616 512 0 24588800250604
663128 512 0 24588800529245
663640 512 0 24588800807886
664152 512 0 24588801086527
664664 512 0 24588801365168
665176 512 0 24588801643808
665688 512 0 24588801922449
666200 512 0 24588802201089
666712 512 0 24588802479730
667224 512 0 24588802758371
667736 512 0 24588803037011
668248 512 0 24588803315652
668760 512 0 24588803594292
669272 512 0 24588803872933
669784 512 0 24588804151573
670296 512 0 24588804430214
670808 512 0 24588804708855
671320 512 0 24588804987495
671832 512 0 24588805266136
672344 512 0 24588805544776
672856 512 0 24588805823417
673368 512 0 24588806102057
673880 512 0 24588806380698
674392 512 0 24588806659338
674904 512 0 24588806937979
675416 512 0 24588807216620
675928 512 0 24588807495260
676440 512 0 24588807773901
676952 512 0 24588808052541
677464 512 0 24588808331182
677976 512 0 24588808609822
678488 512 0 24588808888463
679000 512 0 24588809167104
679512 512 0 24588809445744
680024 512 0 24588809724385
680536 512 0 24588810003026
681048 512 0 24588810281667
681560 512 0 24588810560307
682072 512 0 24588810838948
682584 512 0 24588811117589
683096 512 0 24588811396229
683608 512 0 24588811674870
684120 512 0 24588811953510
684632 512 0 24588812232151
685144 512 0 24588812510791
685656 512 0 24588812789432
686168 512 0 24588813068073
686680 512 0 24588813346713
687192 512 0 24588813625354
687704 512 0 24588813903994
688216 512 0 24588814182635
688728 512 0 24588814461275
689240 512 0 24588814739916
689752 512 0 24588815018556
690264 512 0 24588815297197
690776 512 0 24588815575837
691288 512 0 24588815854478
691800 512 0 24588816133119
692312 512 0 24588816411759
692824 512 0 24588816690400
693336 512 0 24588816969040
693848 512 0 24588817247681
694360 512 0 24588817526322
694872 512 0 24588817804962
695384 512 0 24588818083603
695896 512 0 24588818362243
696408 512 0 24588818640884
696920 512 0 24588818919524
697432 512 0 24588819198165
697944 512 0 24588819476805
698456 512 0 24588819755446
698968 512 0 24588820034086
699480 512 0 24588820312727
699992 512 0 24588820591368
700504 512 0 24588820870008
9324 512 0 24588837568265
9836 512 0 24588837824265
10348 512 0 24588838080265
10860 512 0 24588838336265
11372 512 0 24588838592265
11884 512 0 24588838848265
12396 512 0 24588839104265
12908 512 0 24588839360265
13420 512 0 24588839616265
13932 512 0 24588839872265
14444 512 0 24588840128265
14956 512 0 24588840384265
15468 512 0 24588840640265
15980 512 0 24588840896265
16492 512 0 24588841152265
17004 512 0 24588841408265
17516 512 0 24588841664265
18028 512 0 24588841920265
18540 512 0 24588842176265
19052 512 0 24588842432265
19564 512 0 24588842688265
20076 512 0 24588842944265
20588 512 0 24588843200265
21100 512 0 24588843456265
21612 512 0 24588843712265
22124 512 0 24588843968265
22636 512 0 24588844224265
23148 512 0 24588844480265
23660 512 0 24588844736265
24172 512 0 24588844992265
24684 512 0 24588845248265
25196 512 0 24588845504265
25708 512 0 24588845760265
26220 512 0 24588846016265
26732 512 0 24588846272265
27244 512 0 24588846528265
27756 512 0 24588846784265
28268 512 0 24588847040265
28780 512 0 24588847296265
29292 512 0 24588847552265
29804 512 0 24588847808265
30316 512 0 24588848064265
30828 512 0 24588848320265
31340 512 0 24588848576265
31852 512 0 24588848832265
32364 512 0 24588849088265
32876 512 0 24588849344265
33388 512 0 24588849600287
33900 512 0 24588849856287
34412 512 0 24588850112288
34924 512 0 24588850368288
35436 512 0 24588850624289
35948 512 0 24588850880289
36460 512 0 24588851136290
36972 512 0 24588851392291
37484 512 0 24588851648291
37996 512 0 24588851904292
38508 512 0 24588852160292
39020 512 0 24588852416293
39532 512 0 24588852672293
40044 512 0 24588852928294
40556 512 0 24588853184295
41068 512 0 24588853440295
41580 512 0 24588853696308
42092 512 0 24588853952309
42604 512 0 24588854208310
43116 512 0 24588854464310
43628 512 0 24588854720311
44140 512 0 24588854976312
44652 512 0 24588855232313
45164 512 0 24588855488314
45676 512 0 24588855744314
46188 512 0 24588856000315
46700 512 0 24588856256316
47212 512 0 24588856512317
47724 512 0 24588856768318
48236 512 0 24588857024319
48748 512 0 24588857280319
49260 512 0 24588857536320
49772 512 0 24588857792327
50284 512 0 24588858048328
50796 512 0 24588858304329
51308 512 0 24588858560330
51820 512 0 24588858816331
52332 512 0 24588859072332
52844 512 0 24588859328333
53356 512 0 24588859584334
53868 512 0 24588859840335
54380 512 0 24588860096336
54892 512 0 24588860352337
55404 512 0 24588860608337
55916 512 0 24588860864338
56428 512 0 24588861120339
56940 512 0 24588861376340
57452 512 0 24588861632341
57964 512 0 24588861888344
58476 512 0 24588862144345
58988 512 0 24588862400346
59500 512 0 24588862656347
60012 512 0 24588862912348
60524 512 0 24588863168349
61036 512 0 24588863424349
61548 512 0 24588863680350
62060 512 0 24588863936351
62572 512 0 24588864192352
63084 512 0 24588864448353
63596 512 0 24588864704354
64108 512 0 24588864960355
64620 512 0 24588865216356
65132 512 0 24588865472357
65644 512 0 24588865728358
66156 512 0 24588865984361
66668 512 0 24588866240362
67180 512 0 24588866496364
67692 512 0 24588866752365
68204 512 0 24588867008366
68716 512 0 24588867264367
69228 512 0 24588867520368
69740 512 0 24588867776369
70252 512 0 24588868032370
70764 512 0 24588868288371
71276 512 0 24588868544372
71788 512 0 24588868800373
72300 512 0 24588869056374
72812 512 0 24588869312375
73324 512 0 24588869568376
73836 512 0 24588869824377
74348 512 0 24588870080377
74860 512 0 24588870336378
75372 512 0 24588870592379
75884 512 0 24588870848380
76396 512 0 24588871104381
76908 512 0 24588871360382
77420 512 0 24588871616383
77932 512 0 24588871872384
78444 512 0 24588872128386
78956 512 0 24588872384387
79468 512 0 24588872640388
79980 512 0 24588872896389
80492 512 0 24588873152390
81004 512 0 24588873408391
81516 512 0 24588873664392
82028 512 0 24588873920393
82540 512 0 24588874176393
83052 512 0 24588874432394
83564 512 0 24588874688395
84076 512 0 24588874944396
84588 512 0 24588875200397
85100 512 0 24588875456398
85612 512 0 24588875712399
86124 512 0 24588875968400
86636 512 0 24588876224401
87148 512 0 24588876480402
87660 512 0 24588876736403
88172 512 0 24588876992404
88684 512 0 24588877248405
89196 512 0 24588877504406
89708 512 0 24588877760407
90220 512 0 24588878016408
90732 512 0 24588878272409
91244 512 0 24588878528410
91756 512 0 24588878784411
92268 512 0 24588879040412
92780 512 0 24588879296413
93292 512 0 24588879552414
93804 512 0 24588879808415
94316 512 0 24588880064416
94828 512 0 24588880320417
95340 512 0 24588880576418
95852 512 0 24588880832419
96364 512 0 24588881088420
96876 512 0 24588881344421
97388 512 0 24588881600422
97900 512 0 24588881856423
98412 512 0 24588882112424
98924 512 0 24588882368427
99436 512 0 24588882624428
99948 512 0 24588882880429
100460 512 0 24588883136430
100972 512 0 24588883392431
101484 512 0 24588883648432
101996 512 0 24588883904433
102508 512 0 24588884160434
103020 512 0 24588884416435
103532 512 0 24588884672436
104044 512 0 24588884928437
104556 512 0 24588885184438
105068 512 0 24588885440439
105580 512 0 24588885696440
106092 512 0 24588885952441
106604 512 0 24588886208442
107116 512 0 24588886464444
107628 512 0 24588886720445
108140 512 0 24588886976446
108652 512 0 24588887232447
109164 512 0 24588887488448
109676 512 0 24588887744449
110188 512 0 24588888000450
110700 512 0 24588888256451
111212 512 0 24588888512452
111724 512 0 24588888768453
112236 512 0 24588889024454
112748 512 0 24588889280455
113260 512 0 24588889536456
113772 512 0 24588889792457
114284 512 0 24588890048458
114796 512 0 24588890304459
115308 512 0 24588890560460
115820 512 0 24588890816461
116332 512 0 24588891072462
116844 512 0 24588891328463
117356 512 0 24588891584464
117868 512 0 24588891840465
118380 512 0 24588892096466
118892 512 0 24588892352467
119404 512 0 24588892608468
119916 512 0 24588892864469
120428 512 0 24588893120470
120940 512 0 24588893376471
121452 512 0 24588893632472
121964 512 0 24588893888473
122476 512 0 24588894144474
122988 512 0 24588894400475
123500 512 0 24588894656477
124012 512 0 24588894912478
124524 512 0 24588895168479
125036 512 0 24588895424480
125548 512 0 24588895680481
126060 512 0 24588895936482
126572 512 0 24588896192483
127084 512 0 24588896448484
127596 512 0 24588896704485
128108 512 0 24588896960486
128620 512 0 24588897216487
129132 512 0 24588897472488
129644 512 0 24588897728489
130156 512 0 24588897984490
130668 512 0 24588898240491
131180 512 0 24588898496492
131692 512 0 24588898752493
132204 512 0 24588899008494
132716 512 0 24588899264495
133228 512 0 24588899520496
133740 512 0 24588899776497
134252 512 0 24588900032498
134764 512 0 24588900288499
135276 512 0 24588900544500
135788 512 0 24588900800501
136300 512 0 24588901056502
136812 512 0 24588901312503
137324 512 0 24588901568504
137836 512 0 24588901824505
138348 512 0 24588902080506
138860 512 0 24588902336507
139372 512 0 24588902592508
139884 512 0 24588902848510
140396 512 0 24588903104511
140908 512 0 24588903360512
141420 512 0 24588903616513
141932 512 0 24588903872514
142444 512 0 24588904128515
142956 512 0 24588904384516
143468 512 0 24588904640517
143980 512 0 24588904896518
144492 512 0 24588905152519
145004 512 0 24588905408520
145516 512 0 24588905664521
146028 512 0 24588905920522
146540 512 0 24588906176523
147052 512 0 24588906432524
147564 512 0 24588906688525
148076 512 0 24588906944526
148588 512 0 24588907200527
149100 512 0 24588907456528
149612 512 0 24588907712529
150124 512 0 24588907968530
150636 512 0 24588908224531
151148 512 0 24588908480532
151660 512 0 24588908736533
152172 512 0 24588908992534
152684 512 0 24588909248535
153196 512 0 24588909504536
153708 512 0 24588909760537
154220 512 0 24588910016538
154732 512 0 24588910272539
155244 512 0 24588910528540
155756 512 0 24588910784541
156268 512 0 24588911040543
156780 512 0 24588911296544
157292 512 0 24588911552545
157804 512 0 24588911808546
158316 512 0 24588912064547
158828 512 0 24588912320548
159340 512 0 24588912576549
159852 512 0 24588912832550
160364 512 0 24588913088551
160876 512 0 24588913344552
161388 512 0 24588913600553
161900 512 0 24588913856554
162412 512 0 24588914112555
162924 512 0 24588914368556
163436 512 0 24588914624557
163948 512 0 24588914880558
164460 512 0 24588915136559
164972 512 0 24588915392560
165484 512 0 24588915648561
165996 512 0 24588915904562
166508 512 0 24588916160563
167020 512 0 24588916416564
167532 512 0 24588916672565
168044 512 0 24588916928566
168556 512 0 24588917184567
169068 512 0 24588917440568
169580 512 0 24588917696569
170092 512 0 24588917952570
170604 512 0 24588918208571
171116 512 0 24588918464572
171628 512 0 24588918720573
172140 512 0 24588918976574
172652 512 0 24588919232576
173164 512 0 24588919488577
173676 512 0 24588919744578
174188 512 0 24588920000579
174700 512 0 24588920256580
175212 512 0 24588920512581
175724 512 0 24588920768582
176236 512 0 24588921024583
176748 512 0 24588921280584
177260 512 0 24588921536585
177772 512 0 24588921792586
178284 512 0 24588922048587
178796 512 0 24588922304588
179308 512 0 24588922560589
179820 512 0 24588922816590
180332 512 0 24588923072591
180844 512 0 24588923328593
181356 512 0 24588923584594
181868 512 0 24588923840595
182380 512 0 24588924096596
182892 512 0 24588924352597
183404 512 0 24588924608598
183916 512 0 24588924864599
184428 512 0 24588925120600
184940 512 0 24588925376601
185452 512 0 24588925632602
185964 512 0 24588925888603
186476 512 0 24588926144604
186988 512 0 24588926400605
187500 512 0 24588926656606
188012 512 0 24588926912607
188524 512 0 24588927168608
189036 512 0 24588927424609
189548 512 0 24588927680610
190060 512 0 24588927936611
190572 512 0 24588928192612
191084 512 0 24588928448613
191596 512 0 24588928704614
192108 512 0 24588928960615
192620 512 0 24588929216616
193132 512 0 24588929472617
193644 512 0 24588929728618
194156 512 0 24588929984619
194668 512 0 24588930240620
195180 512 0 24588930496621
195692 512 0 24588930752622
196204 512 0 24588931008623
196716 512 0 24588931264624
197228 512 0 24588931520626
197740 512 0 24588931776627
198252 512 0 24588932032628
198764 512 0 24588932288629
199276 512 0 24588932544630
199788 512 0 24588932800631
200300 512 0 24588933056632
200812 512 0 24588933312633
201324 512 0 24588933568634
201836 512 0 24588933824635
202348 512 0 24588934080636
202860 512 0 24588934336637
203372 512 0 24588934592638
203884 512 0 24588934848639
204396 512 0 24588935104640
204908 512 0 24588935360641
205420 512 0 24588935616643
205932 512 0 24588935872644
206444 512 0 24588936128645
206956 512 0 24588936384646
207468 512 0 24588936640647
207980 512 0 24588936896648
208492 512 0 24588937152649
209004 512 0 24588937408650
209516 512 0 24588937664651
210028 512 0 24588937920652
210540 512 0 24588938176653
211052 512 0 24588938432654
211564 512 0 24588938688655
212076 512 0 24588938944656
212588 512 0 24588939200657
213100 512 0 24588939456658
213612 512 0 24588939712659
214124 512 0 24588939968660
214636 512 0 24588940224661
215148 512 0 24588940480662
215660 512 0 24588940736663
216172 512 0 24588940992664
216684 512 0 24588941248665
217196 512 0 24588941504666
217708 512 0 24588941760667
218220 512 0 24588942016668
218732 512 0 24588942272669
219244 512 0 24588942528670
219756 512 0 24588942784671
220268 512 0 24588943040672
220780 512 0 24588943296673
221292 512 0 24588943552674
221804 512 0 24588943808676
222316 512 0 24588944064677
222828 512 0 24588944320678
223340 512 0 24588944576679
223852 512 0 24588944832680
224364 512 0 24588945088681
224876 512 0 24588945344682
225388 512 0 24588945600683
225900 512 0 24588945856684
226412 512 0 24588946112685
226924 512 0 24588946368686
227436 512 0 24588946624687
227948 512 0 24588946880688
228460 512 0 24588947136689
228972 512 0 24588947392690
229484 512 0 24588947648691
229996 512 0 24588947904693
230508 512 0 24588948160694
231020 512 0 24588948416695
231532 512 0 24588948672696
232044 512 0 24588948928697
232556 512 0 24588949184698
233068 512 0 24588949440699
233580 512 0 24588949696700
234092 512 0 24588949952701
234604 512 0 24588950208702
235116 512 0 24588950464703
235628 512 0 24588950720704
236140 512 0 24588950976705
236652 512 0 24588951232706
237164 512 0 24588951488707
237676 512 0 24588951744708
238188 512 0 24588952000709
238700 512 0 24588952256710
239212 512 0 24588952512711
239724 512 0 24588952768712
240236 512 0 24588953024713
240748 512 0 24588953280714
241260 512 0 24588953536715
241772 512 0 24588953792716
242284 512 0 24588954048717
242796 512 0 24588954304718
243308 512 0 24588954560719
243820 512 0 24588954816720
244332 512 0 24588955072721
244844 512 0 24588955328722
245356 512 0 24588955584723
245868 512 0 24588955840724
246380 512 0 24588956096725
246892 512 0 24588956352726
247404 512 0 24588956608727
247916 512 0 24588956864728
248428 512 0 24588957120729
248940 512 0 24588957376730
249452 512 0 24588957632731
249964 512 0 24588957888732
250476 512 0 24588958144733
250988 512 0 24588958400734
251500 512 0 24588958656735
252012 512 0 24588958912736
252524 512 0 24588959168737
253036 512 0 24588959424738
253548 512 0 24588959680739
254060 512 0 24588959936740
254572 512 0 24588960192742
255084 512 0 24588960448743
255596 512 0 24588960704744
256108 512 0 24588960960745
256620 512 0 24588961216746
257132 512 0 24588961472747
257644 512 0 24588961728748
258156 512 0 24588961984749
258668 512 0 24588962240750
259180 512 0 24588962496751
259692 512 0 24588962752752
260204 512 0 24588963008753
260716 512 0 24588963264754
261228 512 0 24588963520755
261740 512 0 24588963776756
262252 512 0 24588964032757
262764 512 0 24588964288759
263276 512 0 24588964544760
263788 512 0 24588964800761
264300 512 0 24588965056762
264812 512 0 24588965312763
265324 512 0 24588965568764
265836 512 0 24588965824765
266348 512 0 24588966080766
266860 512 0 24588966336767
267372 512 0 24588966592768
267884 512 0 24588966848769
268396 512 0 24588967104770
268908 512 0 24588967360771
269420 512 0 24588967616772
269932 512 0 24588967872773
270444 512 0 24588968128774
270956 512 0 24588968384776
271468 512 0 24588968640777
271980 512 0 24588968896778
272492 512 0 24588969152779
273004 512 0 24588969408780
273516 512 0 24588969664781
274028 512 0 24588969920782
274540 512 0 24588970176783
275052 512 0 24588970432784
275564 512 0 24588970688785
276076 512 0 24588970944786
276588 512 0 24588971200787
277100 512 0 24588971456788
277612 512 0 24588971712789
278124 512 0 24588971968790
278636 512 0 24588972224791
279148 512 0 24588972480792
279660 512 0 24588972736793
280172 512 0 24588972992794
280684 512 0 24588973248795
281196 512 0 24588973504796
281708 512 0 24588973760797
282220 512 0 24588974016798
282732 512 0 24588974272799
283244 512 0 24588974528800
283756 512 0 24588974784801
284268 512 0 24588975040802
284780 512 0 24588975296803
285292 512 0 24588975552804
285804 512 0 24588975808805
286316 512 0 24588976064806
286828 512 0 24588976320807
287340 512 0 24588976576808
287852 512 0 24588976832809
288364 512 0 24588977088810
288876 512 0 24588977344811
289388 512 0 24588977600812
289900 512 0 24588977856813
290412 512 0 24588978112814
290924 512 0 24588978368815
291436 512 0 24588978624816
291948 512 0 24588978880817
292460 512 0 24588979136818
292972 512 0 24588979392819
293484 512 0 24588979648820
293996 512 0 24588979904821
294508 512 0 24588980160822
295020 512 0 24588980416823
295532 512 0 24588980672825
296044 512 0 24588980928826
296556 512 0 24588981184827
297068 512 0 24588981440828
297580 512 0 24588981696829
298092 512 0 24588981952830
298604 512 0 24588982208831
299116 512 0 24588982464832
299628 512 0 24588982720833
300140 512 0 24588982976834
300652 512 0 24588983232835
301164 512 0 24588983488836
301676 512 0 24588983744837
302188 512 0 24588984000838
302700 512 0 24588984256839
303212 512 0 24588984512840
303724 512 0 24588984768842
304236 512 0 24588985024843
304748 512 0 24588985280844
305260 512 0 24588985536845
305772 512 0 24588985792846
306284 512 0 24588986048847
306796 512 0 24588986304848
307308 512 0 24588986560849
307820 512 0 24588986816850
308332 512 0 24588987072851
308844 512 0 24588987328852
309356 512 0 24588987584853
309868 512 0 24588987840854
310380 512 0 24588988096855
310892 512 0 24588988352856
311404 512 0 24588988608857
311916 512 0 24588988864859
312428 512 0 24588989120860
312940 512 0 24588989376861
313452 512 0 24588989632862
313964 512 0 24588989888863
314476 512 0 24588990144864
314988 512 0 24588990400865
315500 512 0 24588990656866
316012 512 0 24588990912867
316524 512 0 24588991168868
317036 512 0 24588991424869
317548 512 0 24588991680870
318060 512 0 24588991936871
318572 512 0 24588992192872
319084 512 0 24588992448873
319596 512 0 24588992704875
320108 512 0 24588992960875
320620 512 0 24588993216876
321132 512 0 24588993472877
321644 512 0 24588993728878
322156 512 0 24588993984879
322668 512 0 24588994240880
323180 512 0 24588994496881
323692 512 0 24588994752882
324204 512 0 24588995008883
324716 512 0 24588995264884
325228 512 0 24588995520885
325740 512 0 24588995776886
326252 512 0 24588996032887
326764 512 0 24588996288888
327276 512 0 24588996544889
327788 512 0 24588996800890
328300 512 0 24588997056892
328812 512 0 24588997312893
329324 512 0 24588997568894
329836 512 0 24588997824895
330348 512 0 24588998080896
330860 512 0 24588998336897
331372 512 0 24588998592898
331884 512 0 24588998848899
332396 512 0 24588999104900
332908 512 0 24588999360901
333420 512 0 24588999616902
333932 512 0 24588999872903
334444 512 0 24589000128904
334956 512 0 24589000384905
335468 512 0 24589000640906
335980 512 0 24589000896907
336492 512 0 24589001152909
337004 512 0 24589001408910
337516 512 0 24589001664911
338028 512 0 24589001920912
338540 512 0 24589002176913
339052 512 0 24589002432914
339564 512 0 24589002688915
340076 512 0 24589002944916
340588 512 0 24589003200917
341100 512 0 24589003456918
341612 512 0 24589003712919
342124 512 0 24589003968920
342636 512 0 24589004224921
343148 512 0 24589004480922
343660 512 0 24589004736923
344172 512 0 24589004992925
344684 512 0 24589005248925
345196 512 0 24589005504926
345708 512 0 24589005760927
346220 512 0 24589006016928
346732 512 0 24589006272929
347244 512 0 24589006528930
347756 512 0 24589006784931
348268 512 0 24589007040932
348780 512 0 24589007296933
349292 512 0 24589007552934
349804 512 0 24589007808935
350316 512 0 24589008064936
350828 512 0 24589008320937
351340 512 0 24589008576938
351852 512 0 24589008832939
352364 512 0 24589009088940
352876 512 0 24589009344943
353388 512 0 24589009600944
353900 512 0 24589009856945
354412 512 0 24589010112946
354924 512 0 24589010368947
355436 512 0 24589010624948
355948 512 0 24589010880949
356460 512 0 24589011136950
356972 512 0 24589011392951
357484 512 0 24589011648952
357996 512 0 24589011904953
358508 512 0 24589012160955
359020 512 0 24589012416956
359532 512 0 24589012672957
360044 512 0 24589012928958
360556 512 0 24589013184959
361068 512 0 24589013440959
361580 512 0 24589013696960
362092 512 0 24589013952961
362604 512 0 24589014208962
363116 512 0 24589014464963
363628 512 0 24589014720964
364140 512 0 24589014976965
364652 512 0 24589015232966
365164 512 0 24589015488967
365676 512 0 24589015744968
366188 512 0 24589016000969
366700 512 0 24589016256970
367212 512 0 24589016512971
367724 512 0 24589016768972
368236 512 0 24589017024974
368748 512 0 24589017280975
369260 512 0 24589017536975
369772 512 0 24589017792976
17524 512 0 24589035119549
18036 512 0 24589035247549
18548 512 0 24589035375549
19060 512 0 24589035503549
19572 512 0 24589035631549
20084 512 0 24589035759549
20596 512 0 24589035887549
21108 512 0 24589036015549
21620 512 0 24589036143549
22132 512 0 24589036271549
22644 512 0 24589036399549
23156 512 0 24589036527549
23668 512 0 24589036655549
24180 512 0 24589036783549
24692 512 0 24589036911549
25204 512 0 24589037039549
25716 512 0 24589037167549
26228 512 0 24589037295549
26740 512 0 24589037423549
27252 512 0 24589037551549
27764 512 0 24589037679549
28276 512 0 24589037807549
28788 512 0 24589037935549
29300 512 0 24589038063549
29812 512 0 24589038191549
30324 512 0 24589038319549
30836 512 0 24589038447549
31348 512 0 24589038575549
31860 512 0 24589038703549
32372 512 0 24589038831549
32884 512 0 24589038959549
33396 512 0 24589039087549
33908 512 0 24589039215549
34420 512 0 24589039343549
34932 512 0 24589039471549
35444 512 0 24589039599549
35956 512 0 24589039727549
36468 512 0 24589039855549
36980 512 0 24589039983549
37492 512 0 24589040111549
38004 512 0 24589040239549
38516 512 0 24589040367549
39028 512 0 24589040495549
39540 512 0 24589040623549
40052 512 0 24589040751549
40564 512 0 24589040879549
41076 512 0 24589041007549
41588 512 0 24589041135549
42100 512 0 24589041263549
42612 512 0 24589041391549
43124 512 0 24589041519549
43636 512 0 24589041647549
44148 512 0 24589041775549
44660 512 0 24589041903549
45172 512 0 24589042031549
45684 512 0 24589042159549
46196 512 0 24589042287549
46708 512 0 24589042415549
47220 512 0 24589042543549
47732 512 0 24589042671549
48244 512 0 24589042799549
48756 512 0 24589042927549
49268 512 0 24589043055549
49780 512 0 24589043183549
50292 512 0 24589043311545
50804 512 0 24589043439545
51316 512 0 24589043567545
51828 512 0 24589043695545
52340 512 0 24589043823545
52852 512 0 24589043951545
53364 512 0 24589044079545
53876 512 0 24589044207545
54388 512 0 24589044335545
54900 512 0 24589044463545
55412 512 0 24589044591545
55924 512 0 24589044719545
56436 512 0 24589044847545
56948 512 0 24589044975545
57460 512 0 24589045103545
57972 512 0 24589045231545
58484 512 0 24589045359545
58996 512 0 24589045487545
59508 512 0 24589045615545
60020 512 0 24589045743545
60532 512 0 24589045871544
61044 512 0 24589045999544
61556 512 0 24589046127544
62068 512 0 24589046255544
62580 512 0 24589046383544
63092 512 0 24589046511544
63604 512 0 24589046639544
64116 512 0 24589046767544
64628 512 0 24589046895544
65140 512 0 24589047023544
65652 512 0 24589047151544
66164 512 0 24589047279572
66676 512 0 24589047407572
67188 512 0 24589047535572
67700 512 0 24589047663572
68212 512 0 24589047791573
68724 512 0 24589047919573
69236 512 0 24589048047573
69748 512 0 24589048175574
70260 512 0 24589048303574
70772 512 0 24589048431574
71284 512 0 24589048559575
71796 512 0 24589048687575
72308 512 0 24589048815575
72820 512 0 24589048943576
73332 512 0 24589049071576
73844 512 0 24589049199576
74356 512 0 24589049327577
74868 512 0 24589049455577
75380 512 0 24589049583577
75892 512 0 24589049711578
76404 512 0 24589049839578
76916 512 0 24589049967578
77428 512 0 24589050095578
77940 512 0 24589050223579
78452 512 0 24589050351579
78964 512 0 24589050479579
79476 512 0 24589050607580
79988 512 0 24589050735580
80500 512 0 24589050863580
81012 512 0 24589050991581
81524 512 0 24589051119581
82036 512 0 24589051247581
82548 512 0 24589051375591
83060 512 0 24589051503591
83572 512 0 24589051631591
84084 512 0 24589051759592
84596 512 0 24589051887592
85108 512 0 24589052015593
85620 512 0 24589052143593
86132 512 0 24589052271593
86644 512 0 24589052399594
87156 512 0 24589052527594
87668 512 0 24589052655595
88180 512 0 24589052783595
88692 512 0 24589052911595
89204 512 0 24589053039596
89716 512 0 24589053167596
90228 512 0 24589053295597
90740 512 0 24589053423597
91252 512 0 24589053551598
91764 512 0 24589053679598
92276 512 0 24589053807598
92788 512 0 24589053935599
93300 512 0 24589054063599
93812 512 0 24589054191600
94324 512 0 24589054319600
94836 512 0 24589054447600
95348 512 0 24589054575601
95860 512 0 24589054703601
96372 512 0 24589054831602
96884 512 0 24589054959602
97396 512 0 24589055087602
97908 512 0 24589055215603
98420 512 0 24589055343603
98932 512 0 24589055471604
99444 512 0 24589055599610
99956 512 0 24589055727611
100468 512 0 24589055855611
100980 512 0 24589055983611
101492 512 0 24589056111612
102004 512 0 24589056239612
102516 512 0 24589056367613
103028 512 0 24589056495613
103540 512 0 24589056623614
104052 512 0 24589056751614
104564 512 0 24589056879615
105076 512 0 24589057007615
105588 512 0 24589057135616
106100 512 0 24589057263616
106612 512 0 24589057391617
107124 512 0 24589057519617
107636 512 0 24589057647618
108148 512 0 24589057775618
108660 512 0 24589057903619
109172 512 0 24589058031619
109684 512 0 24589058159619
110196 512 0 24589058287620
110708 512 0 24589058415620
111220 512 0 24589058543621
111732 512 0 24589058671621
112244 512 0 24589058799622
112756 512 0 24589058927622
113268 512 0 24589059055623
113780 512 0 24589059183623
114292 512 0 24589059311624
114804 512 0 24589059439624
115316 512 0 24589059567626
115828 512 0 24589059695627
116340 512 0 24589059823627
116852 512 0 24589059951628
117364 512 0 24589060079628
117876 512 0 24589060207629
118388 512 0 24589060335629
118900 512 0 24589060463630
119412 512 0 24589060591630
119924 512 0 24589060719630
120436 512 0 24589060847631
120948 512 0 24589060975631
121460 512 0 24589061103632
121972 512 0 24589061231632
122484 512 0 24589061359633
122996 512 0 24589061487633
123508 512 0 24589061615634
124020 512 0 24589061743634
124532 512 0 24589061871635
125044 512 0 24589061999635
125556 512 0 24589062127636
126068 512 0 24589062255636
126580 512 0 24589062383637
127092 512 0 24589062511637
127604 512 0 24589062639638
128116 512 0 24589062767638
128628 512 0 24589062895639
129140 512 0 24589063023639
129652 512 0 24589063151640
130164 512 0 24589063279640
130676 512 0 24589063407641
131188 512 0 24589063535641
131700 512 0 24589063663644
132212 512 0 24589063791644
132724 512 0 24589063919645
133236 512 0 24589064047645
133748 512 0 24589064175646
134260 512 0 24589064303646
134772 512 0 24589064431647
135284 512 0 24589064559647
135796 512 0 24589064687648
136308 512 0 24589064815648
136820 512 0 24589064943649
137332 512 0 24589065071649
137844 512 0 24589065199650
138356 512 0 24589065327650
138868 512 0 24589065455651
139380 512 0 24589065583652
139892 512 0 24589065711652
140404 512 0 24589065839653
140916 512 0 24589065967653
141428 512 0 24589066095654
141940 512 0 24589066223654
142452 512 0 24589066351655
142964 512 0 24589066479655
143476 512 0 24589066607656
143988 512 0 24589066735656
144500 512 0 24589066863657
145012 512 0 24589066991657
145524 512 0 24589067119658
146036 512 0 24589067247658
146548 512 0 24589067375659
147060 512 0 24589067503659
147572 512 0 24589067631660
148084 512 0 24589067759660
148596 512 0 24589067887660
149108 512 0 24589068015661
149620 512 0 24589068143661
150132 512 0 24589068271662
150644 512 0 24589068399662
151156 512 0 24589068527663
151668 512 0 24589068655663
152180 512 0 24589068783664
152692 512 0 24589068911664
153204 512 0 24589069039665
153716 512 0 24589069167665
154228 512 0 24589069295666
154740 512 0 24589069423666
155252 512 0 24589069551667
155764 512 0 24589069679667
156276 512 0 24589069807668
156788 512 0 24589069935668
157300 512 0 24589070063669
157812 512 0 24589070191669
158324 512 0 24589070319670
158836 512 0 24589070447670
159348 512 0 24589070575671
159860 512 0 24589070703671
160372 512 0 24589070831672
160884 512 0 24589070959672
161396 512 0 24589071087673
161908 512 0 24589071215673
162420 512 0 24589071343674
162932 512 0 24589071471674
163444 512 0 24589071599675
163956 512 0 24589071727676
164468 512 0 24589071855677
164980 512 0 24589071983678
165492 512 0 24589072111678
166004 512 0 24589072239679
166516 512 0 24589072367679
167028 512 0 24589072495680
167540 512 0 24589072623680
168052 512 0 24589072751681
168564 512 0 24589072879681
169076 512 0 24589073007682
169588 512 0 24589073135682
170100 512 0 24589073263683
170612 512 0 24589073391683
171124 512 0 24589073519684
171636 512 0 24589073647684
172148 512 0 24589073775685
172660 512 0 24589073903685
173172 512 0 24589074031686
173684 512 0 24589074159686
174196 512 0 24589074287687
174708 512 0 24589074415687
175220 512 0 24589074543688
175732 512 0 24589074671688
176244 512 0 24589074799689
176756 512 0 24589074927689
177268 512 0 24589075055690
177780 512 0 24589075183690
178292 512 0 24589075311691
178804 512 0 24589075439691
179316 512 0 24589075567692
179828 512 0 24589075695692
180340 512 0 24589075823693
180852 512 0 24589075951693
181364 512 0 24589076079693
181876 512 0 24589076207694
182388 512 0 24589076335694
182900 512 0 24589076463695
183412 512 0 24589076591695
183924 512 0 24589076719696
184436 512 0 24589076847696
184948 512 0 24589076975697
185460 512 0 24589077103698
185972 512 0 24589077231698
186484 512 0 24589077359699
186996 512 0 24589077487699
187508 512 0 24589077615700
188020 512 0 24589077743700
188532 512 0 24589077871701
189044 512 0 24589077999701
189556 512 0 24589078127702
190068 512 0 24589078255702
190580 512 0 24589078383703
191092 512 0 24589078511703
191604 512 0 24589078639704
192116 512 0 24589078767704
192628 512 0 24589078895705
193140 512 0 24589079023705
193652 512 0 24589079151706
194164 512 0 24589079279706
194676 512 0 24589079407707
195188 512 0 24589079535707
195700 512 0 24589079663708
196212 512 0 24589079791708
196724 512 0 24589079919709
197236 512 0 24589080047709
197748 512 0 24589080175709
198260 512 0 24589080303710
198772 512 0 24589080431710
199284 512 0 24589080559711
199796 512 0 24589080687711
200308 512 0 24589080815712
200820 512 0 24589080943712
201332 512 0 24589081071713
201844 512 0 24589081199713
202356 512 0 24589081327714
202868 512 0 24589081455714
203380 512 0 24589081583715
203892 512 0 24589081711715
204404 512 0 24589081839716
204916 512 0 24589081967716
205428 512 0 24589082095717
205940 512 0 24589082223717
206452 512 0 24589082351718
206964 512 0 24589082479718
207476 512 0 24589082607719
207988 512 0 24589082735719
208500 512 0 24589082863720
209012 512 0 24589082991721
209524 512 0 24589083119721
210036 512 0 24589083247722
210548 512 0 24589083375722
211060 512 0 24589083503723
211572 512 0 24589083631723
212084 512 0 24589083759724
212596 512 0 24589083887724
213108 512 0 24589084015725
213620 512 0 24589084143726
214132 512 0 24589084271727
214644 512 0 24589084399727
215156 512 0 24589084527728
215668 512 0 24589084655728
216180 512 0 24589084783729
216692 512 0 24589084911729
217204 512 0 24589085039730
217716 512 0 24589085167730
218228 512 0 24589085295731
218740 512 0 24589085423731
219252 512 0 24589085551732
219764 512 0 24589085679732
220276 512 0 24589085807733
220788 512 0 24589085935733
221300 512 0 24589086063734
221812 512 0 24589086191734
222324 512 0 24589086319735
222836 512 0 24589086447735
223348 512 0 24589086575736
223860 512 0 24589086703736
224372 512 0 24589086831737
224884 512 0 24589086959737
225396 512 0 24589087087738
225908 512 0 24589087215738
226420 512 0 24589087343739
226932 512 0 24589087471739
227444 512 0 24589087599740
227956 512 0 24589087727740
228468 512 0 24589087855741
228980 512 0 24589087983741
229492 512 0 24589088111742
230004 512 0 24589088239743
230516 512 0 24589088367744
231028 512 0 24589088495744
231540 512 0 24589088623745
232052 512 0 24589088751745
232564 512 0 24589088879746
233076 512 0 24589089007746
233588 512 0 24589089135747
234100 512 0 24589089263747
234612 512 0 24589089391748
235124 512 0 24589089519748
235636 512 0 24589089647749
236148 512 0 24589089775749
236660 512 0 24589089903750
237172 512 0 24589090031750
237684 512 0 24589090159751
238196 512 0 24589090287751
238708 512 0 24589090415752
239220 512 0 24589090543753
239732 512 0 24589090671753
240244 512 0 24589090799754
240756 512 0 24589090927754
241268 512 0 24589091055755
241780 512 0 24589091183755
242292 512 0 24589091311756
242804 512 0 24589091439756
243316 512 0 24589091567757
243828 512 0 24589091695757
244340 512 0 24589091823758
244852 512 0 24589091951758
245364 512 0 24589092079759
245876 512 0 24589092207759
246388 512 0 24589092335760
246900 512 0 24589092463760
247412 512 0 24589092591760
247924 512 0 24589092719761
248436 512 0 24589092847761
248948 512 0 24589092975762
249460 512 0 24589093103762
249972 512 0 24589093231763
250484 512 0 24589093359763
250996 512 0 24589093487764
251508 512 0 24589093615764
252020 512 0 24589093743765
252532 512 0 24589093871765
253044 512 0 24589093999766
253556 512 0 24589094127766
254068 512 0 24589094255767
254580 512 0 24589094383767
255092 512 0 24589094511768
255604 512 0 24589094639768
256116 512 0 24589094767769
256628 512 0 24589094895769
257140 512 0 24589095023770
257652 512 0 24589095151770
258164 512 0 24589095279771
258676 512 0 24589095407771
259188 512 0 24589095535772
259700 512 0 24589095663772
260212 512 0 24589095791773
260724 512 0 24589095919773
261236 512 0 24589096047774
261748 512 0 24589096175774
262260 512 0 24589096303775
262772 512 0 24589096431776
263284 512 0 24589096559777
263796 512 0 24589096687777
264308 512 0 24589096815778
264820 512 0 24589096943778
265332 512 0 24589097071779
265844 512 0 24589097199779
266356 512 0 24589097327780
266868 512 0 24589097455780
267380 512 0 24589097583781
267892 512 0 24589097711781
268404 512 0 24589097839782
268916 512 0 24589097967782
269428 512 0 24589098095783
269940 512 0 24589098223783
270452 512 0 24589098351784
270964 512 0 24589098479784
271476 512 0 24589098607785
271988 512 0 24589098735786
272500 512 0 24589098863786
273012 512 0 24589098991787
273524 512 0 24589099119787
274036 512 0 24589099247788
274548 512 0 24589099375788
275060 512 0 24589099503789
275572 512 0 24589099631789
276084 512 0 24589099759790
276596 512 0 24589099887790
277108 512 0 24589100015791
277620 512 0 24589100143791
278132 512 0 24589100271792
278644 512 0 24589100399792
279156 512 0 24589100527793
279668 512 0 24589100655794
280180 512 0 24589100783794
280692 512 0 24589100911795
281204 512 0 24589101039795
281716 512 0 24589101167796
282228 512 0 24589101295796
282740 512 0 24589101423797
283252 512 0 24589101551797
283764 512 0 24589101679798
284276 512 0 24589101807798
284788 512 0 24589101935799
285300 512 0 24589102063799
285812 512 0 24589102191800
286324 512 0 24589102319801
286836 512 0 24589102447801
287348 512 0 24589102575802
287860 512 0 24589102703802
288372 512 0 24589102831803
288884 512 0 24589102959803
289396 512 0 24589103087804
289908 512 0 24589103215804
290420 512 0 24589103343805
290932 512 0 24589103471805
291444 512 0 24589103599806
291956 512 0 24589103727806
292468 512 0 24589103855807
292980 512 0 24589103983807
293492 512 0 24589104111808
294004 512 0 24589104239808
294516 512 0 24589104367809
295028 512 0 24589104495809
295540 512 0 24589104623810
296052 512 0 24589104751810
296564 512 0 24589104879810
297076 512 0 24589105007811
297588 512 0 24589105135811
298100 512 0 24589105263812
298612 512 0 24589105391812
299124 512 0 24589105519813
299636 512 0 24589105647813
300148 512 0 24589105775814
300660 512 0 24589105903814
301172 512 0 24589106031815
301684 512 0 24589106159815
302196 512 0 24589106287816
302708 512 0 24589106415816
303220 512 0 24589106543817
303732 512 0 24589106671817
304244 512 0 24589106799818
304756 512 0 24589106927818
305268 512 0 24589107055819
305780 512 0 24589107183820
306292 512 0 24589107311820
306804 512 0 24589107439821
307316 512 0 24589107567821
307828 512 0 24589107695822
308340 512 0 24589107823822
308852 512 0 24589107951823
309364 512 0 24589108079823
309876 512 0 24589108207824
310388 512 0 24589108335824
310900 512 0 24589108463825
311412 512 0 24589108591825
311924 512 0 24589108719825
312436 512 0 24589108847826
312948 512 0 24589108975826
313460 512 0 24589109103827
313972 512 0 24589109231827
314484 512 0 24589109359828
314996 512 0 24589109487828
315508 512 0 24589109615829
316020 512 0 24589109743829
316532 512 0 24589109871830
317044 512 0 24589109999830
317556 512 0 24589110127831
318068 512 0 24589110255831
318580 512 0 24589110383832
319092 512 0 24589110511832
319604 512 0 24589110639833
320116 512 0 24589110767833
320628 512 0 24589110895834
321140 512 0 24589111023834
321652 512 0 24589111151835
322164 512 0 24589111279835
322676 512 0 24589111407836
323188 512 0 24589111535836
323700 512 0 24589111663837
324212 512 0 24589111791837
324724 512 0 24589111919838
325236 512 0 24589112047839
325748 512 0 24589112175839
326260 512 0 24589112303840
326772 512 0 24589112431840
327284 512 0 24589112559841
327796 512 0 24589112687841
328308 512 0 24589112815843
328820 512 0 24589112943844
329332 512 0 24589113071844
329844 512 0 24589113199845
330356 512 0 24589113327845
330868 512 0 24589113455846
331380 512 0 24589113583846
331892 512 0 24589113711847
332404 512 0 24589113839847
332916 512 0 24589113967848
333428 512 0 24589114095848
333940 512 0 24589114223849
334452 512 0 24589114351850
334964 512 0 24589114479850
335476 512 0 24589114607851
335988 512 0 24589114735851
336500 512 0 24589114863852
337012 512 0 24589114991852
337524 512 0 24589115119853
338036 512 0 24589115247853
338548 512 0 24589115375854
339060 512 0 24589115503854
339572 512 0 24589115631855
340084 512 0 24589115759855
340596 512 0 24589115887856
341108 512 0 24589116015856
341620 512 0 24589116143857
342132 512 0 24589116271857
342644 512 0 24589116399858
343156 512 0 24589116527858
343668 512 0 24589116655859
344180 512 0 24589116783859
344692 512 0 24589116911860
345204 512 0 24589117039860
345716 512 0 24589117167860
346228 512 0 24589117295861
346740 512 0 24589117423861
347252 512 0 24589117551862
347764 512 0 24589117679862
348276 512 0 24589117807863
348788 512 0 24589117935863
349300 512 0 24589118063864
349812 512 0 24589118191864
350324 512 0 24589118319865
350836 512 0 24589118447865
351348 512 0 24589118575866
351860 512 0 24589118703866
352372 512 0 24589118831867
352884 512 0 24589118959868
353396 512 0 24589119087868
353908 512 0 24589119215869
354420 512 0 24589119343869
354932 512 0 24589119471870
355444 512 0 24589119599870
355956 512 0 24589119727871
356468 512 0 24589119855871
356980 512 0 24589119983872
357492 512 0 24589120111872
358004 512 0 24589120239873
358516 512 0 24589120367873
359028 512 0 24589120495874
359540 512 0 24589120623874
360052 512 0 24589120751875
360564 512 0 24589120879875
361076 512 0 24589121007875
361588 512 0 24589121135876
362100 512 0 24589121263876
362612 512 0 24589121391877
363124 512 0 24589121519877
363636 512 0 24589121647878
364148 512 0 24589121775878
364660 512 0 24589121903879
365172 512 0 24589122031879
365684 512 0 24589122159880
366196 512 0 24589122287880
366708 512 0 24589122415881
367220 512 0 24589122543881
367732 512 0 24589122671882
368244 512 0 24589122799882
368756 512 0 24589122927883
369268 512 0 24589123055883
369780 512 0 24589123183884
370292 512 0 24589123311884
370804 512 0 24589123439885
371316 512 0 24589123567885
371828 512 0 24589123695886
372340 512 0 24589123823887
372852 512 0 24589123951887
373364 512 0 24589124079888
373876 512 0 24589124207888
374388 512 0 24589124335889
374900 512 0 24589124463889
375412 512 0 24589124591890
375924 512 0 24589124719890
376436 512 0 24589124847891
376948 512 0 24589124975891
377460 512 0 24589125103892
377972 512 0 24589125231893
378484 512 0 24589125359893
378996 512 0 24589125487894
379508 512 0 24589125615894
380020 512 0 24589125743895
380532 512 0 24589125871895
381044 512 0 24589125999896
381556 512 0 24589126127896
382068 512 0 24589126255897
382580 512 0 24589126383897
383092 512 0 24589126511898
383604 512 0 24589126639898
384116 512 0 24589126767899
384628 512 0 24589126895899
385140 512 0 24589127023900
385652 512 0 24589127151900
386164 512 0 24589127279901
386676 512 0 24589127407902
387188 512 0 24589127535902
387700 512 0 24589127663903
388212 512 0 24589127791903
388724 512 0 24589127919904
389236 512 0 24589128047904
389748 512 0 24589128175905
390260 512 0 24589128303905
390772 512 0 24589128431906
391284 512 0 24589128559906
391796 512 0 24589128687907
392308 512 0 24589128815907
392820 512 0 24589128943908
393332 512 0 24589129071908
393844 512 0 24589129199909
394356 512 0 24589129327910
394868 512 0 24589129455910
395380 512 0 24589129583911
395892 512 0 24589129711911
396404 512 0 24589129839912
396916 512 0 24589129967912
397428 512 0 24589130095913
397940 512 0 24589130223913
398452 512 0 24589130351914
398964 512 0 24589130479914
399476 512 0 24589130607915
399988 512 0 24589130735915
400500 512 0 24589130863916
401012 512 0 24589130991917
401524 512 0 24589131119917
402036 512 0 24589131247918
402548 512 0 24589131375918
403060 512 0 24589131503919
403572 512 0 24589131631919
404084 512 0 24589131759920
404596 512 0 24589131887920
405108 512 0 24589132015921
405620 512 0 24589132143921
406132 512 0 24589132271922
406644 512 0 24589132399922
407156 512 0 24589132527923
407668 512 0 24589132655923
408180 512 0 24589132783924
408692 512 0 24589132911924
409204 512 0 24589133039925
409716 512 0 24589133167925
410228 512 0 24589133295925
410740 512 0 24589133423926
411252 512 0 24589133551926
411764 512 0 24589133679927
412276 512 0 24589133807927
412788 512 0 24589133935928
413300 512 0 24589134063928
413812 512 0 24589134191929
414324 512 0 24589134319929
414836 512 0 24589134447930
415348 512 0 24589134575930
415860 512 0 24589134703931
416372 512 0 24589134831931
416884 512 0 24589134959932
417396 512 0 24589135087932
417908 512 0 24589135215933
418420 512 0 24589135343933
418932 512 0 24589135471934
419444 512 0 24589135599934
419956 512 0 24589135727935
420468 512 0 24589135855936
420980 512 0 24589135983936
421492 512 0 24589136111937
422004 512 0 24589136239937
422516 512 0 24589136367938
423028 512 0 24589136495938
423540 512 0 24589136623939
424052 512 0 24589136751939
424564 512 0 24589136879940
425076 512 0 24589137007940
425588 512 0 24589137135941
426100 512 0 24589137263941
426612 512 0 24589137391942
427124 512 0 24589137519943
427636 512 0 24589137647943
428148 512 0 24589137775944
428660 512 0 24589137903944
429172 512 0 24589138031945
429684 512 0 24589138159945
430196 512 0 24589138287946
430708 512 0 24589138415946
431220 512 0 24589138543947
431732 512 0 24589138671947
432244 512 0 24589138799948
432756 512 0 24589138927948
433268 512 0 24589139055949
433780 512 0 24589139183949
434292 512 0 24589139311950
434804 512 0 24589139439951
435316 512 0 24589139567951
435828 512 0 24589139695952
436340 512 0 24589139823952
436852 512 0 24589139951953
437364 512 0 24589140079953
437876 512 0 24589140207954
438388 512 0 24589140335954
438900 512 0 24589140463955
439412 512 0 24589140591955
439924 512 0 24589140719956
440436 512 0 24589140847956
440948 512 0 24589140975957
441460 512 0 24589141103957
441972 512 0 24589141231958
442484 512 0 24589141359958
442996 512 0 24589141487959
443508 512 0 24589141615960
444020 512 0 24589141743960
444532 512 0 24589141871961
445044 512 0 24589141999961
445556 512 0 24589142127962
446068 512 0 24589142255962
446580 512 0 24589142383963
447092 512 0 24589142511963
447604 512 0 24589142639964
448116 512 0 24589142767964
448628 512 0 24589142895965
449140 512 0 24589143023966
449652 512 0 24589143151966
450164 512 0 24589143279967
450676 512 0 24589143407967
451188 512 0 24589143535968
451700 512 0 24589143663968
452212 512 0 24589143791969
452724 512 0 24589143919969
453236 512 0 24589144047970
453748 512 0 24589144175970
454260 512 0 24589144303971
454772 512 0 24589144431971
455284 512 0 24589144559972
455796 512 0 24589144687972
456308 512 0 24589144815973
456820 512 0 24589144943973
457332 512 0 24589145071974
457844 512 0 24589145199974
458356 512 0 24589145327975
458868 512 0 24589145455975
459380 512 0 24589145583976
459892 512 0 24589145711977
460404 512 0 24589145839977
460916 512 0 24589145967978
461428 512 0 24589146095978
461940 512 0 24589146223979
462452 512 0 24589146351979
462964 512 0 24589146479980
463476 512 0 24589146607980
463988 512 0 24589146735981
464500 512 0 24589146863982
465012 512 0 24589146991982
465524 512 0 24589147119983
466036 512 0 24589147247983
466548 512 0 24589147375984
467060 512 0 24589147503984
467572 512 0 24589147631985
468084 512 0 24589147759985
468596 512 0 24589147887986
469108 512 0 24589148015986
469620 512 0 24589148143987
470132 512 0 24589148271987
470644 512 0 24589148399988
471156 512 0 24589148527988
471668 512 0 24589148655989
472180 512 0 24589148783989
472692 512 0 24589148911990
473204 512 0 24589149039990
473716 512 0 24589149167991
474228 512 0 24589149295991
474740 512 0 24589149423992
475252 512 0 24589149551992
475764 512 0 24589149679992
476276 512 0 24589149807993
476788 512 0 24589149935993
477300 512 0 24589150063994
477812 512 0 24589150191994
478324 512 0 24589150319995
478836 512 0 24589150447995
479348 512 0 24589150575996
479860 512 0 24589150703996
480372 512 0 24589150831997
480884 512 0 24589150959997
481396 512 0 24589151087998
481908 512 0 24589151215998
482420 512 0 24589151343999
482932 512 0 24589151472000
483444 512 0 24589151600000
483956 512 0 24589151728001
484468 512 0 24589151856001
484980 512 0 24589151984002
485492 512 0 24589152112002
486004 512 0 24589152240003
486516 512 0 24589152368003
487028 512 0 24589152496004
487540 512 0 24589152624004
488052 512 0 24589152752005
488564 512 0 24589152880005
489076 512 0 24589153008006
489588 512 0 24589153136006
490100 512 0 24589153264007
490612 512 0 24589153392007
491124 512 0 24589153520008
491636 512 0 24589153648008
492148 512 0 24589153776009
492660 512 0 24589153904009
493172 512 0 24589154032009
493684 512 0 24589154160010
494196 512 0 24589154288010
494708 512 0 24589154416011
495220 512 0 24589154544011
495732 512 0 24589154672012
496244 512 0 24589154800012
496756 512 0 24589154928013
497268 512 0 24589155056013
497780 512 0 24589155184014
498292 512 0 24589155312014
498804 512 0 24589155440015
499316 512 0 24589155568015
499828 512 0 24589155696016
500340 512 0 24589155824016
500852 512 0 24589155952017
501364 512 0 24589156080017
501876 512 0 24589156208018
502388 512 0 24589156336019
502900 512 0 24589156464019
503412 512 0 24589156592020
503924 512 0 24589156720020
504436 512 0 24589156848021
504948 512 0 24589156976021
505460 512 0 24589157104022
505972 512 0 24589157232022
506484 512 0 24589157360023
506996 512 0 24589157488023
507508 512 0 24589157616024
508020 512 0 24589157744024
508532 512 0 24589157872026
509044 512 0 24589158000027
509556 512 0 24589158128027
510068 512 0 24589158256028
510580 512 0 24589158384028
511092 512 0 24589158512029
511604 512 0 24589158640029
512116 512 0 24589158768030
512628 512 0 24589158896031
513140 512 0 24589159024031
513652 512 0 24589159152032
514164 512 0 24589159280032
514676 512 0 24589159408033
515188 512 0 24589159536033
515700 512 0 24589159664034
516212 512 0 24589159792034
516724 512 0 24589159920035
517236 512 0 24589160048035
517748 512 0 24589160176036
518260 512 0 24589160304036
518772 512 0 24589160432037
519284 512 0 24589160560037
519796 512 0 24589160688038
520308 512 0 24589160816038
520820 512 0 24589160944039
521332 512 0 24589161072039
521844 512 0 24589161200040
522356 512 0 24589161328040
522868 512 0 24589161456041
523380 512 0 24589161584041
523892 512 0 24589161712042
524404 512 0 24589161840042
524916 512 0 24589161968043
525428 512 0 24589162096044
525940 512 0 24589162224044
526452 512 0 24589162352045
526964 512 0 24589162480045
527476 512 0 24589162608046
527988 512 0 24589162736046
528500 512 0 24589162864047
529012 512 0 24589162992048
529524 512 0 24589163120048
530036 512 0 24589163248049
530548 512 0 24589163376049
531060 512 0 24589163504050
531572 512 0 24589163632050
532084 512 0 24589163760051
532596 512 0 24589163888051
533108 512 0 24589164016052
533620 512 0 24589164144052
534132 512 0 24589164272053
534644 512 0 24589164400053
535156 512 0 24589164528054
535668 512 0 24589164656054
536180 512 0 24589164784055
536692 512 0 24589164912055
537204 512 0 24589165040056
537716 512 0 24589165168056
538228 512 0 24589165296057
538740 512 0 24589165424057
539252 512 0 24589165552058
539764 512 0 24589165680059
540276 512 0 24589165808059
540788 512 0 24589165936060
541300 512 0 24589166064060
541812 512 0 24589166192061
542324 512 0 24589166320061
542836 512 0 24589166448062
543348 512 0 24589166576062
543860 512 0 24589166704063
544372 512 0 24589166832064
544884 512 0 24589166960064
545396 512 0 24589167088065
545908 512 0 24589167216065
546420 512 0 24589167344066
546932 512 0 24589167472066
547444 512 0 24589167600067
547956 512 0 24589167728067
548468 512 0 24589167856068
548980 512 0 24589167984068
549492 512 0 24589168112069
550004 512 0 24589168240069
550516 512 0 24589168368070
551028 512 0 24589168496070
551540 512 0 24589168624071
552052 512 0 24589168752071
552564 512 0 24589168880072
553076 512 0 24589169008072
553588 512 0 24589169136073
554100 512 0 24589169264073
554612 512 0 24589169392074
555124 512 0 24589169520075
555636 512 0 24589169648075
556148 512 0 24589169776076
556660 512 0 24589169904076
557172 512 0 24589170032077
557684 512 0 24589170160077
558196 512 0 24589170288078
558708 512 0 24589170416078
559220 512 0 24589170544079
559732 512 0 24589170672080
560244 512 0 24589170800080
560756 512 0 24589170928081
561268 512 0 24589171056081
561780 512 0 24589171184082
562292 512 0 24589171312082
562804 512 0 24589171440083
563316 512 0 24589171568083
563828 512 0 24589171696084
564340 512 0 24589171824084
564852 512 0 24589171952085
565364 512 0 24589172080085
565876 512 0 24589172208086
566388 512 0 24589172336086
566900 512 0 24589172464087
567412 512 0 24589172592087
567924 512 0 24589172720088
568436 512 0 24589172848088
568948 512 0 24589172976089
569460 512 0 24589173104089
569972 512 0 24589173232090
570484 512 0 24589173360091
570996 512 0 24589173488091
571508 512 0 24589173616092
572020 512 0 24589173744092
572532 512 0 24589173872093
573044 512 0 24589174000093
573556 512 0 24589174128094
574068 512 0 24589174256093
574580 512 0 24589174384094
575092 512 0 24589174512094
575604 512 0 24589174640095
576116 512 0 24589174768095
576628 512 0 24589174896096
577140 512 0 24589175024096
577652 512 0 24589175152097
578164 512 0 24589175280098
578676 512 0 24589175408098
579188 512 0 24589175536099
579700 512 0 24589175664099
580212 512 0 24589175792100
580724 512 0 24589175920100
581236 512 0 24589176048101
581748 512 0 24589176176101
582260 512 0 24589176304102
582772 512 0 24589176432102
583284 512 0 24589176560103
583796 512 0 24589176688103
584308 512 0 24589176816104
584820 512 0 24589176944104
585332 512 0 24589177072105
585844 512 0 24589177200105
586356 512 0 24589177328106
586868 512 0 24589177456106
587380 512 0 24589177584107
587892 512 0 24589177712107
588404 512 0 24589177840108
588916 512 0 24589177968108
589428 512 0 24589178096109
589940 512 0 24589178224110
590452 512 0 24589178352110
590964 512 0 24589178480111
591476 512 0 24589178608111
591988 512 0 24589178736112
592500 512 0 24589178864112
593012 512 0 24589178992113
593524 512 0 24589179120114
594036 512 0 24589179248114
594548 512 0 24589179376115
595060 512 0 24589179504115
595572 512 0 24589179632116
596084 512 0 24589179760116
596596 512 0 24589179888117
597108 512 0 24589180016117
597620 512 0 24589180144118
598132 512 0 24589180272118
598644 512 0 24589180400119
599156 512 0 24589180528119
599668 512 0 24589180656120
600180 512 0 24589180784120
600692 512 0 24589180912121
601204 512 0 24589181040121
601716 512 0 24589181168122
602228 512 0 24589181296122
602740 512 0 24589181424123
603252 512 0 24589181552123
603764 512 0 24589181680124
604276 512 0 24589181808124
604788 512 0 24589181936125
605300 512 0 24589182064126
605812 512 0 24589182192126
606324 512 0 24589182320127
606836 512 0 24589182448127
607348 512 0 24589182576128
607860 512 0 24589182704128
608372 512 0 24589182832129
608884 512 0 24589182960129
609396 512 0 24589183088130
609908 512 0 24589183216131
610420 512 0 24589183344131
610932 512 0 24589183472132
611444 512 0 24589183600132
611956 512 0 24589183728133
612468 512 0 24589183856133
612980 512 0 24589183984134
613492 512 0 24589184112134
614004 512 0 24589184240135
614516 512 0 24589184368135
615028 512 0 24589184496136
615540 512 0 24589184624136
616052 512 0 24589184752137
616564 512 0 24589184880137
617076 512 0 24589185008138
617588 512 0 24589185136138
618100 512 0 24589185264139
618612 512 0 24589185392139
619124 512 0 24589185520140
619636 512 0 24589185648140
620148 512 0 24589185776141
620660 512 0 24589185904142
621172 512 0 24589186032142
621684 512 0 24589186160143
622196 512 0 24589186288143
622708 512 0 24589186416144
623220 512 0 24589186544143
623732 512 0 24589186672144
624244 512 0 24589186800144
624756 512 0 24589186928145
625268 512 0 24589187056145
625780 512 0 24589187184146
626292 512 0 24589187312146
626804 512 0 24589187440147
627316 512 0 24589187568147
627828 512 0 24589187696148
628340 512 0 24589187824149
628852 512 0 24589187952149
629364 512 0 24589188080150
629876 512 0 24589188208150
630388 512 0 24589188336151
630900 512 0 24589188464151
631412 512 0 24589188592152
631924 512 0 24589188720152
632436 512 0 24589188848153
632948 512 0 24589188976153
633460 512 0 24589189104154
633972 512 0 24589189232154
634484 512 0 24589189360155
634996 512 0 24589189488155
635508 512 0 24589189616156
636020 512 0 24589189744156
636532 512 0 24589189872157
637044 512 0 24589190000157
637556 512 0 24589190128158
638068 512 0 24589190256158
638580 512 0 24589190384159
639092 512 0 24589190512159
639604 512 0 24589190640160
640116 512 0 24589190768161
640628 512 0 24589190896161
641140 512 0 24589191024162
641652 512 0 24589191152162
642164 512 0 24589191280163
642676 512 0 24589191408163
643188 512 0 24589191536164
643700 512 0 24589191664165
644212 512 0 24589191792165
644724 512 0 24589191920166
645236 512 0 24589192048166
645748 512 0 24589192176167
646260 512 0 24589192304167
646772 512 0 24589192432168
647284 512 0 24589192560168
647796 512 0 24589192688169
648308 512 0 24589192816169
648820 512 0 24589192944170
649332 512 0 24589193072170
649844 512 0 24589193200171
650356 512 0 24589193328171
650868 512 0 24589193456172
651380 512 0 24589193584172
651892 512 0 24589193712173
652404 512 0 24589193840173
652916 512 0 24589193968174
653428 512 0 24589194096174
653940 512 0 24589194224175
654452 512 0 24589194352175
654964 512 0 24589194480176
655476 512 0 24589194608177
655988 512 0 24589194736178
656500 512 0 24589194864179
657012 512 0 24589194992180
657524 512 0 24589195120180
658036 512 0 24589195248181
658548 512 0 24589195376181
659060 512 0 24589195504182
659572 512 0 24589195632182
660084 512 0 24589195760183
660596 512 0 24589195888183
661108 512 0 24589196016184
661620 512 0 24589196144184
662132 512 0 24589196272185
662644 512 0 24589196400185
663156 512 0 24589196528186
663668 512 0 24589196656186
664180 512 0 24589196784187
664692 512 0 24589196912187
665204 512 0 24589197040188
665716 512 0 24589197168188
666228 512 0 24589197296189
666740 512 0 24589197424190
667252 512 0 24589197552190
667764 512 0 24589197680191
668276 512 0 24589197808191
668788 512 0 24589197936192
669300 512 0 24589198064192
669812 512 0 24589198192193
670324 512 0 24589198320193
670836 512 0 24589198448194
671348 512 0 24589198576194
671860 512 0 24589198704195
672372 512 0 24589198832196
672884 512 0 24589198960196
673396 512 0 24589199088197
673908 512 0 24589199216197
674420 512 0 24589199344198
674932 512 0 24589199472198
675444 512 0 24589199600199
675956 512 0 24589199728199
676468 512 0 24589199856200
676980 512 0 24589199984200
677492 512 0 24589200112201
678004 512 0 24589200240201
678516 512 0 24589200368202
679028 512 0 24589200496202
679540 512 0 24589200624203
680052 512 0 24589200752203
680564 512 0 24589200880204
681076 512 0 24589201008204
681588 512 0 24589201136205
682100 512 0 24589201264206
682612 512 0 24589201392206
683124 512 0 24589201520207
683636 512 0 24589201648207
684148 512 0 24589201776208
684660 512 0 24589201904208
685172 512 0 24589202032209
685684 512 0 24589202160209
686196 512 0 24589202288210
686708 512 0 24589202416210
687220 512 0 24589202544211
687732 512 0 24589202672211
688244 512 0 24589202800212
688756 512 0 24589202928212
689268 512 0 24589203056213
689780 512 0 24589203184214
690292 512 0 24589203312214
690804 512 0 24589203440215
691316 512 0 24589203568215
691828 512 0 24589203696216
692340 512 0 24589203824216
692852 512 0 24589203952217
693364 512 0 24589204080217
693876 512 0 24589204208218
694388 512 0 24589204336218
694900 512 0 24589204464219
695412 512 0 24589204592219
695924 512 0 24589204720220
696436 512 0 24589204848220
696948 512 0 24589204976221
697460 512 0 24589205104221
697972 512 0 24589205232222
698484 512 0 24589205360223
698996 512 0 24589205488223
699508 512 0 24589205616224
700020 512 0 24589205744224
700532 512 0 24589205872225
701044 512 0 24589206000225
701556 512 0 24589206128226
702068 512 0 24589206256226
702580 512 0 24589206384227
703092 512 0 24589206512227
703604 512 0 24589206640228
704116 512 0 24589206768228
704628 512 0 24589206896229
705140 512 0 24589207024230
705652 512 0 24589207152230
706164 512 0 24589207280231
706676 512 0 24589207408231
707188 512 0 24589207536232
707700 512 0 24589207664232
708212 512 0 24589207792233
708724 512 0 24589207920233
709236 512 0 24589208048234
709748 512 0 24589208176234
710260 512 0 24589208304235
710772 512 0 24589208432235
711284 512 0 24589208560236
711796 512 0 24589208688236
712308 512 0 24589208816237
712820 512 0 24589208944237
713332 512 0 24589209072238
713844 512 0 24589209200238
714356 512 0 24589209328239
714868 512 0 24589209456240
715380 512 0 24589209584240
715892 512 0 24589209712241
716404 512 0 24589209840241
716916 512 0 24589209968242
717428 512 0 24589210096242
717940 512 0 24589210224243
718452 512 0 24589210352243
718964 512 0 24589210480244
719476 512 0 24589210608244
719988 512 0 24589210736245
720500 512 0 24589210864245
721012 512 0 24589210992246
721524 512 0 24589211120247
722036 512 0 24589211248247
722548 512 0 24589211376248
723060 512 0 24589211504248
723572 512 0 24589211632249
724084 512 0 24589211760249
724596 512 0 24589211888250
725108 512 0 24589212016250
725620 512 0 24589212144251
726132 512 0 24589212272251
726644 512 0 24589212400252
727156 512 0 24589212528252
727668 512 0 24589212656253
728180 512 0 24589212784253
728692 512 0 24589212912254
729204 512 0 24589213040254
729716 512 0 24589213168255
730228 512 0 24589213296256
730740 512 0 24589213424256
731252 512 0 24589213552257
731764 512 0 24589213680257
732276 512 0 24589213808258
732788 512 0 24589213936258
735620 512 0 24589214644261
736148 512 0 24589214776262
9300 512 0 24589232095647
9812 512 0 24589232374287
10324 512 0 24589232652926
10836 512 0 24589232931565
11348 512 0 24589233210205
11860 512 0 24589233488844
12372 512 0 24589233767484
12884 512 0 24589234046123
13396 512 0 24589234324763
13908 512 0 24589234603402
14420 512 0 24589234882042
14932 512 0 24589235160681
15444 512 0 24589235439320
15956 512 0 24589235717960
16468 512 0 24589235996599
16980 512 0 24589236275239
17492 512 0 24589236553878
18004 512 0 24589236832518
18516 512 0 24589237111157
19028 512 0 24589237389796
19540 512 0 24589237668436
20052 512 0 24589237947075
20564 512 0 24589238225715
21076 512 0 24589238504354
21588 512 0 24589238782994
22100 512 0 24589239061633
22612 512 0 24589239340273
23124 512 0 24589239618912
23636 512 0 24589239897551
24148 512 0 24589240176191
24660 512 0 24589240454830
25172 512 0 24589240733472
25684 512 0 24589241012111
26196 512 0 24589241290750
26708 512 0 24589241569390
27220 512 0 24589241848029
27732 512 0 24589242126669
28244 512 0 24589242405308
28756 512 0 24589242683948
29268 512 0 24589242962587
29780 512 0 24589243241227
30292 512 0 24589243519866
30804 512 0 24589243798506
31316 512 0 24589244077145
31828 512 0 24589244355785
32340 512 0 24589244634424
32852 512 0 24589244913064
33364 512 0 24589245191724
33876 512 0 24589245470364
34388 512 0 24589245749004
34900 512 0 24589246027644
35412 512 0 24589246306284
35924 512 0 24589246584924
36436 512 0 24589246863564
36948 512 0 24589247142204
37460 512 0 24589247420844
37972 512 0 24589247699484
38484 512 0 24589247978124
38996 512 0 24589248256764
39508 512 0 24589248535404
40020 512 0 24589248814044
40532 512 0 24589249092684
41044 512 0 24589249371324
41556 512 0 24589249649979
42068 512 0 24589249928619
42580 512 0 24589250207259
43092 512 0 24589250485900
43604 512 0 24589250764540
44116 512 0 24589251043180
44628 512 0 24589251321821
45140 512 0 24589251600461
45652 512 0 24589251879101
46164 512 0 24589252157742
46676 512 0 24589252436382
47188 512 0 24589252715022
47700 512 0 24589252993663
48212 512 0 24589253272303
48724 512 0 24589253550943
49236 512 0 24589253829584
49748 512 0 24589254108228
50260 512 0 24589254386869
50772 512 0 24589254665509
51284 512 0 24589254944150
51796 512 0 24589255222790
52308 512 0 24589255501430
52820 512 0 24589255780071
53332 512 0 24589256058711
53844 512 0 24589256337352
54356 512 0 24589256615992
54868 512 0 24589256894632
55380 512 0 24589257173273
55892 512 0 24589257451913
56404 512 0 24589257730554
56916 512 0 24589258009194
57428 512 0 24589258287835
57940 512 0 24589258566479
58452 512 0 24589258845119
58964 512 0 24589259123760
59476 512 0 24589259402400
59988 512 0 24589259681041
60500 512 0 24589259959681
61012 512 0 24589260238322
61524 512 0 24589260516962
62036 512 0 24589260795603
62548 512 0 24589261074243
63060 512 0 24589261352884
63572 512 0 24589261631524
64084 512 0 24589261910165
64596 512 0 24589262188805
65108 512 0 24589262467446
65620 512 0 24589262746086
66132 512 0 24589263024730
66644 512 0 24589263303370
67156 512 0 24589263582011
67668 512 0 24589263860652
68180 512 0 24589264139292
68692 512 0 24589264417933
69204 512 0 24589264696573
69716 512 0 24589264975214
70228 512 0 24589265253854
70740 512 0 24589265532495
71252 512 0 24589265811135
71764 512 0 24589266089776
72276 512 0 24589266368417
72788 512 0 24589266647057
73300 512 0 24589266925698
73812 512 0 24589267204338
74324 512 0 24589267482979
74836 512 0 24589267761619
75348 512 0 24589268040260
75860 512 0 24589268318901
76372 512 0 24589268597541
76884 512 0 24589268876182
77396 512 0 24589269154822
77908 512 0 24589269433463
78420 512 0 24589269712103
78932 512 0 24589269990744
79444 512 0 24589270269385
79956 512 0 24589270548025
80468 512 0 24589270826666
80980 512 0 24589271105306
81492 512 0 24589271383947
82004 512 0 24589271662587
82516 512 0 24589271941228
83028 512 0 24589272219869
83540 512 0 24589272498509
84052 512 0 24589272777150
84564 512 0 24589273055790
85076 512 0 24589273334431
85588 512 0 24589273613071
86100 512 0 24589273891712
86612 512 0 24589274170352
87124 512 0 24589274448993
87636 512 0 24589274727634
88148 512 0 24589275006274
88660 512 0 24589275284915
89172 512 0 24589275563555
89684 512 0 24589275842196
90196 512 0 24589276120836
90708 512 0 24589276399477
91220 512 0 24589276678118
91732 512 0 24589276956758
92244 512 0 24589277235399
92756 512 0 24589277514039
93268 512 0 24589277792680
93780 512 0 24589278071320
94292 512 0 24589278349961
94804 512 0 24589278628601
95316 512 0 24589278907242
95828 512 0 24589279185883
96340 512 0 24589279464523
96852 512 0 24589279743164
97364 512 0 24589280021804
97876 512 0 24589280300445
98388 512 0 24589280579085
98900 512 0 24589280857726
99412 512 0 24589281136367
99924 512 0 24589281415007
100436 512 0 24589281693648
100948 512 0 24589281972288
101460 512 0 24589282250929
101972 512 0 24589282529569
102484 512 0 24589282808210
102996 512 0 24589283086850
103508 512 0 24589283365491
104020 512 0 24589283644132
104532 512 0 24589283922772
105044 512 0 24589284201413
105556 512 0 24589284480053
106068 512 0 24589284758694
106580 512 0 24589285037334
107092 512 0 24589285315975
107604 512 0 24589285594616
108116 512 0 24589285873256
108628 512 0 24589286151897
109140 512 0 24589286430537
109652 512 0 24589286709178
110164 512 0 24589286987818
110676 512 0 24589287266459
111188 512 0 24589287545099
111700 512 0 24589287823740
112212 512 0 24589288102381
112724 512 0 24589288381021
113236 512 0 24589288659662
113748 512 0 24589288938302
114260 512 0 24589289216943
114772 512 0 24589289495583
115284 512 0 24589289774224
115796 512 0 24589290052865
116308 512 0 24589290331505
116820 512 0 24589290610146
117332 512 0 24589290888786
117844 512 0 24589291167427
118356 512 0 24589291446067
118868 512 0 24589291724708
119380 512 0 24589292003348
119892 512 0 24589292281989
120404 512 0 24589292560630
120916 512 0 24589292839270
121428 512 0 24589293117911
121940 512 0 24589293396551
122452 512 0 24589293675192
122964 512 0 24589293953832
123476 512 0 24589294232473
123988 512 0 24589294511114
124500 512 0 24589294789754
125012 512 0 24589295068395
125524 512 0 24589295347035
126036 512 0 24589295625676
126548 512 0 24589295904316
127060 512 0 24589296182957
127572 512 0 24589296461598
128084 512 0 24589296740238
128596 512 0 24589297018879
129108 512 0 24589297297519
129620 512 0 24589297576160
130132 512 0 24589297854800
130644 512 0 24589298133441
131156 512 0 24589298412081
131668 512 0 24589298690722
132180 512 0 24589298969363
132692 512 0 24589299248003
133204 512 0 24589299526644
133716 512 0 24589299805284
134228 512 0 24589300083925
134740 512 0 24589300362565
135252 512 0 24589300641206
135764 512 0 24589300919847
136276 512 0 24589301198487
136788 512 0 24589301477128
137300 512 0 24589301755768
137812 512 0 24589302034409
138324 512 0 24589302313049
138836 512 0 24589302591690
139348 512 0 24589302870330
139860 512 0 24589303148972
140372 512 0 24589303427613
140884 512 0 24589303706253
141396 512 0 24589303984894
141908 512 0 24589304263534
142420 512 0 24589304542175
142932 512 0 24589304820816
143444 512 0 24589305099456
143956 512 0 24589305378097
144468 512 0 24589305656737
144980 512 0 24589305935378
145492 512 0 24589306214018
146004 512 0 24589306492659
146516 512 0 24589306771300
147028 512 0 24589307049940
147540 512 0 24589307328581
148052 512 0 24589307607221
148564 512 0 24589307885862
149076 512 0 24589308164502
149588 512 0 24589308443143
150100 512 0 24589308721783
150612 512 0 24589309000424
151124 512 0 24589309279065
151636 512 0 24589309557705
152148 512 0 24589309836346
152660 512 0 24589310114986
153172 512 0 24589310393627
153684 512 0 24589310672267
154196 512 0 24589310950908
154708 512 0 24589311229548
155220 512 0 24589311508189
155732 512 0 24589311786830
156244 512 0 24589312065470
156756 512 0 24589312344111
157268 512 0 24589312622751
157780 512 0 24589312901392
158292 512 0 24589313180032
158804 512 0 24589313458673
159316 512 0 24589313737314
159828 512 0 24589314015954
160340 512 0 24589314294595
160852 512 0 24589314573235
161364 512 0 24589314851876
161876 512 0 24589315130516
162388 512 0 24589315409157
162900 512 0 24589315687797
163412 512 0 24589315966438
163924 512 0 24589316245079
164436 512 0 24589316523719
164948 512 0 24589316802360
165460 512 0 24589317081000
165972 512 0 24589317359641
166484 512 0 24589317638281
166996 512 0 24589317916922
167508 512 0 24589318195562
168020 512 0 24589318474203
168532 512 0 24589318752844
169044 512 0 24589319031484
169556 512 0 24589319310125
170068 512 0 24589319588765
170580 512 0 24589319867406
171092 512 0 24589320146046
171604 512 0 24589320424687
172116 512 0 24589320703328
172628 512 0 24589320981969
173140 512 0 24589321260610
173652 512 0 24589321539250
174164 512 0 24589321817891
174676 512 0 24589322096531
175188 512 0 24589322375172
175700 512 0 24589322653813
176212 512 0 24589322932453
176724 512 0 24589323211094
177236 512 0 24589323489734
177748 512 0 24589323768375
178260 512 0 24589324047015
178772 512 0 24589324325656
179284 512 0 24589324604297
179796 512 0 24589324882937
180308 512 0 24589325161578
180820 512 0 24589325440218
181332 512 0 24589325718859
181844 512 0 24589325997499
182356 512 0 24589326276140
182868 512 0 24589326554780
183380 512 0 24589326833421
183892 512 0 24589327112062
184404 512 0 24589327390702
184916 512 0 24589327669343
185428 512 0 24589327947983
185940 512 0 24589328226624
186452 512 0 24589328505264
186964 512 0 24589328783905
187476 512 0 24589329062546
187988 512 0 24589329341186
188500 512 0 24589329619827
189012 512 0 24589329898467
189524 512 0 24589330177108
190036 512 0 24589330455748
190548 512 0 24589330734389
191060 512 0 24589331013029
191572 512 0 24589331291670
192084 512 0 24589331570311
192596 512 0 24589331848951
193108 512 0 24589332127592
193620 512 0 24589332406232
194132 512 0 24589332684873
194644 512 0 24589332963513
195156 512 0 24589333242154
195668 512 0 24589333520795
196180 512 0 24589333799435
196692 512 0 24589334078076
197204 512 0 24589334356717
197716 512 0 24589334635358
198228 512 0 24589334913998
198740 512 0 24589335192639
199252 512 0 24589335471280
199764 512 0 24589335749920
200276 512 0 24589336028561
200788 512 0 24589336307201
201300 512 0 24589336585842
201812 512 0 24589336864482
202324 512 0 24589337143123
202836 512 0 24589337421764
203348 512 0 24589337700404
203860 512 0 24589337979045
204372 512 0 24589338257685
204884 512 0 24589338536326
205396 512 0 24589338814965
205908 512 0 24589339093606
206420 512 0 24589339372246
206932 512 0 24589339650887
207444 512 0 24589339929527
207956 512 0 24589340208168
208468 512 0 24589340486809
208980 512 0 24589340765449
209492 512 0 24589341044090
210004 512 0 24589341322730
210516 512 0 24589341601371
211028 512 0 24589341880011
211540 512 0 24589342158652
212052 512 0 24589342437293
212564 512 0 24589342715933
213076 512 0 24589342994574
213588 512 0 24589343273215
214100 512 0 24589343551856
214612 512 0 24589343830496
215124 512 0 24589344109137
215636 512 0 24589344387778
216148 512 0 24589344666418
216660 512 0 24589344945059
217172 512 0 24589345223699
217684 512 0 24589345502340
218196 512 0 24589345780980
218708 512 0 24589346059621
219220 512 0 24589346338262
219732 512 0 24589346616902
220244 512 0 24589346895543
220756 512 0 24589347174183
221268 512 0 24589347452824
221780 512 0 24589347731464
222292 512 0 24589348010105
222804 512 0 24589348288745
223316 512 0 24589348567386
223828 512 0 24589348846026
224340 512 0 24589349124667
224852 512 0 24589349403308
225364 512 0 24589349681948
225876 512 0 24589349960589
226388 512 0 24589350239229
226900 512 0 24589350517870
227412 512 0 24589350796511
227924 512 0 24589351075151
228436 512 0 24589351353792
228948 512 0 24589351632432
229460 512 0 24589351911073
229972 512 0 24589352189714
230484 512 0 24589352468355
230996 512 0 24589352746995
231508 512 0 24589353025636
232020 512 0 24589353304277
232532 512 0 24589353582917
233044 512 0 24589353861558
233556 512 0 24589354140198
234068 512 0 24589354418839
234580 512 0 24589354697480
235092 512 0 24589354976120
235604 512 0 24589355254761
236116 512 0 24589355533401
236628 512 0 24589355812042
237140 512 0 24589356090682
237652 512 0 24589356369323
238164 512 0 24589356647962
238676 512 0 24589356926603
239188 512 0 24589357205243
239700 512 0 24589357483884
240212 512 0 24589357762524
240724 512 0 24589358041165
241236 512 0 24589358319806
241748 512 0 24589358598446
242260 512 0 24589358877087
242772 512 0 24589359155727
243284 512 0 24589359434368
243796 512 0 24589359713008
244308 512 0 24589359991649
244820 512 0 24589360270290
245332 512 0 24589360548930
245844 512 0 24589360827571
246356 512 0 24589361106211
246868 512 0 24589361384852
247380 512 0 24589361663492
247892 512 0 24589361942133
248404 512 0 24589362220773
248916 512 0 24589362499414
249428 512 0 24589362778055
249940 512 0 24589363056695
250452 512 0 24589363335336
250964 512 0 24589363613976
251476 512 0 24589363892617
251988 512 0 24589364171257
252500 512 0 24589364449898
253012 512 0 24589364728539
253524 512 0 24589365007179
254036 512 0 24589365285820
254548 512 0 24589365564461
255060 512 0 24589365843102
255572 512 0 24589366121742
256084 512 0 24589366400383
256596 512 0 24589366679024
257108 512 0 24589366957664
257620 512 0 24589367236305
258132 512 0 24589367514945
258644 512 0 24589367793586
259156 512 0 24589368072226
259668 512 0 24589368350867
260180 512 0 24589368629508
260692 512 0 24589368908148
261204 512 0 24589369186789
261716 512 0 24589369465429
262228 512 0 24589369744070
262740 512 0 24589370022710
263252 512 0 24589370301351
263764 512 0 24589370579991
264276 512 0 24589370858632
264788 512 0 24589371137273
265300 512 0 24589371415913
265812 512 0 24589371694554
266324 512 0 24589371973194
266836 512 0 24589372251835
267348 512 0 24589372530475
267860 512 0 24589372809116
268372 512 0 24589373087757
268884 512 0 24589373366397
269396 512 0 24589373645038
269908 512 0 24589373923678
270420 512 0 24589374202319
270932 512 0 24589374480960
271444 512 0 24589374759601
271956 512 0 24589375038241
272468 512 0 24589375316882
272980 512 0 24589375595523
273492 512 0 24589375874163
274004 512 0 24589376152804
274516 512 0 24589376431444
275028 512 0 24589376710085
275540 512 0 24589376988726
276052 512 0 24589377267366
276564 512 0 24589377546007
277076 512 0 24589377824647
277588 512 0 24589378103288
278100 512 0 24589378381928
278612 512 0 24589378660569
279124 512 0 24589378939210
279636 512 0 24589379217851
280148 512 0 24589379496492
280660 512 0 24589379775132
281172 512 0 24589380053773
281684 512 0 24589380332413
282196 512 0 24589380611054
282708 512 0 24589380889694
283220 512 0 24589381168335
283732 512 0 24589381446976
284244 512 0 24589381725616
284756 512 0 24589382004257
285268 512 0 24589382282897
285780 512 0 24589382561538
286292 512 0 24589382840179
286804 512 0 24589383118819
287316 512 0 24589383397459
287828 512 0 24589383676100
288340 512 0 24589383954741
288852 512 0 24589384233381
289364 512 0 24589384512022
289876 512 0 24589384790662
290388 512 0 24589385069303
290900 512 0 24589385347943
291412 512 0 24589385626584
291924 512 0 24589385905225
292436 512 0 24589386183865
292948 512 0 24589386462506
293460 512 0 24589386741146
293972 512 0 24589387019787
294484 512 0 24589387298427
294996 512 0 24589387577068
295508 512 0 24589387855708
296020 512 0 24589388134349
296532 512 0 24589388412989
297044 512 0 24589388691630
297556 512 0 24589388970271
298068 512 0 24589389248911
298580 512 0 24589389527552
299092 512 0 24589389806192
299604 512 0 24589390084833
300116 512 0 24589390363474
300628 512 0 24589390642114
301140 512 0 24589390920755
301652 512 0 24589391199395
302164 512 0 24589391478036
302676 512 0 24589391756676
303188 512 0 24589392035317
303700 512 0 24589392313957
304212 512 0 24589392592598
304724 512 0 24589392871238
305236 512 0 24589393149879
305748 512 0 24589393428520
306260 512 0 24589393707160
306772 512 0 24589393985801
307284 512 0 24589394264441
307796 512 0 24589394543082
308308 512 0 24589394821722
308820 512 0 24589395100363
309332 512 0 24589395379004
309844 512 0 24589395657644
310356 512 0 24589395936285
310868 512 0 24589396214925
311380 512 0 24589396493566
311892 512 0 24589396772206
312404 512 0 24589397050847
312916 512 0 24589397329487
313428 512 0 24589397608128
313940 512 0 24589397886769
314452 512 0 24589398165409
314964 512 0 24589398444050
315476 512 0 24589398722690
315988 512 0 24589399001331
316500 512 0 24589399279971
317012 512 0 24589399558612
317524 512 0 24589399837253
318036 512 0 24589400115893
318548 512 0 24589400394534
319060 512 0 24589400673174
319572 512 0 24589400951815
320084 512 0 24589401230456
320596 512 0 24589401509097
321108 512 0 24589401787738
321620 512 0 24589402066378
322132 512 0 24589402345019
322644 512 0 24589402623659
323156 512 0 24589402902300
323668 512 0 24589403180940
324180 512 0 24589403459581
324692 512 0 24589403738222
325204 512 0 24589404016862
325716 512 0 24589404295503
326228 512 0 24589404574143
326740 512 0 24589404852784
327252 512 0 24589405131424
327764 512 0 24589405410065
328276 512 0 24589405688705
328788 512 0 24589405967346
329300 512 0 24589406245986
329812 512 0 24589406524627
330324 512 0 24589406803268
330836 512 0 24589407081908
331348 512 0 24589407360549
331860 512 0 24589407639189
332372 512 0 24589407917830
332884 512 0 24589408196471
333396 512 0 24589408475111
333908 512 0 24589408753752
334420 512 0 24589409032392
334932 512 0 24589409311033
335444 512 0 24589409589673
335956 512 0 24589409868314
336468 512 0 24589410146954
336980 512 0 24589410425595
337492 512 0 24589410704235
338004 512 0 24589410982876
338516 512 0 24589411261517
339028 512 0 24589411540157
9320 512 0 24589429262719
9832 512 0 24589429518719
10344 512 0 24589429774719
10856 512 0 24589430030719
11368 512 0 24589430286719
11880 512 0 24589430542719
12392 512 0 24589430798719
12904 512 0 24589431054719
13416 512 0 24589431310719
13928 512 0 24589431566719
14440 512 0 24589431822719
14952 512 0 24589432078719
15464 512 0 24589432334719
15976 512 0 24589432590719
16488 512 0 24589432846719
17000 512 0 24589433102719
17512 512 0 24589433358719
18024 512 0 24589433614719
18536 512 0 24589433870719
19048 512 0 24589434126719
19560 512 0 24589434382719
20072 512 0 24589434638719
20584 512 0 24589434894719
21096 512 0 24589435150719
21608 512 0 24589435406719
22120 512 0 24589435662719
22632 512 0 24589435918719
23144 512 0 24589436174719
23656 512 0 24589436430719
24168 512 0 24589436686719
24680 512 0 24589436942719
25192 512 0 24589437198750
25704 512 0 24589437454751
26216 512 0 24589437710751
26728 512 0 24589437966752
27240 512 0 24589438222753
27752 512 0 24589438478754
28264 512 0 24589438734754
28776 512 0 24589438990755
29288 512 0 24589439246756
29800 512 0 24589439502757
30312 512 0 24589439758758
30824 512 0 24589440014758
31336 512 0 24589440270759
31848 512 0 24589440526760
32360 512 0 24589440782761
32872 512 0 24589441038762
33384 512 0 24589441294768
33896 512 0 24589441550769
34408 512 0 24589441806770
34920 512 0 24589442062771
35432 512 0 24589442318772
35944 512 0 24589442574773
36456 512 0 24589442830774
36968 512 0 24589443086775
37480 512 0 24589443342776
37992 512 0 24589443598777
38504 512 0 24589443854778
39016 512 0 24589444110779
39528 512 0 24589444366780
40040 512 0 24589444622781
40552 512 0 24589444878782
41064 512 0 24589445134783
41576 512 0 24589445390786
42088 512 0 24589445646787
42600 512 0 24589445902788
43112 512 0 24589446158789
43624 512 0 24589446414790
44136 512 0 24589446670791
44648 512 0 24589446926792
45160 512 0 24589447182793
45672 512 0 24589447438794
46184 512 0 24589447694795
46696 512 0 24589447950796
47208 512 0 24589448206797
47720 512 0 24589448462798
48232 512 0 24589448718799
48744 512 0 24589448974800
49256 512 0 24589449230801
49768 512 0 24589449486802
50280 512 0 24589449742803
50792 512 0 24589449998804
51304 512 0 24589450254805
51816 512 0 24589450510806
52328 512 0 24589450766807
52840 512 0 24589451022808
53352 512 0 24589451278809
53864 512 0 24589451534810
54376 512 0 24589451790811
54888 512 0 24589452046812
55400 512 0 24589452302813
55912 512 0 24589452558814
56424 512 0 24589452814815
56936 512 0 24589453070816
57448 512 0 24589453326817
57960 512 0 24589453582820
58472 512 0 24589453838821
58984 512 0 24589454094822
59496 512 0 24589454350823
60008 512 0 24589454606824
60520 512 0 24589454862825
61032 512 0 24589455118826
61544 512 0 24589455374827
62056 512 0 24589455630828
62568 512 0 24589455886829
63080 512 0 24589456142830
63592 512 0 24589456398831
64104 512 0 24589456654832
64616 512 0 24589456910833
65128 512 0 24589457166834
65640 512 0 24589457422835
66152 512 0 24589457678835
66664 512 0 24589457934837
67176 512 0 24589458190838
67688 512 0 24589458446839
68200 512 0 24589458702840
68712 512 0 24589458958841
69224 512 0 24589459214842
69736 512 0 24589459470843
70248 512 0 24589459726844
70760 512 0 24589459982845
71272 512 0 24589460238846
71784 512 0 24589460494847
72296 512 0 24589460750848
72808 512 0 24589461006849
73320 512 0 24589461262850
73832 512 0 24589461518851
74344 512 0 24589461774853
74856 512 0 24589462030854
75368 512 0 24589462286855
75880 512 0 24589462542856
76392 512 0 24589462798857
76904 512 0 24589463054858
77416 512 0 24589463310859
77928 512 0 24589463566860
78440 512 0 24589463822861
78952 512 0 24589464078862
79464 512 0 24589464334863
79976 512 0 24589464590864
80488 512 0 24589464846865
81000 512 0 24589465102866
81512 512 0 24589465358867
82024 512 0 24589465614868
82536 512 0 24589465870870
83048 512 0 24589466126871
83560 512 0 24589466382872
84072 512 0 24589466638873
84584 512 0 24589466894874
85096 512 0 24589467150875
85608 512 0 24589467406876
86120 512 0 24589467662877
86632 512 0 24589467918878
87144 512 0 24589468174879
87656 512 0 24589468430880
88168 512 0 24589468686881
88680 512 0 24589468942882
89192 512 0 24589469198883
89704 512 0 24589469454884
90216 512 0 24589469710885
90728 512 0 24589469966886
91240 512 0 24589470222887
91752 512 0 24589470478888
92264 512 0 24589470734889
92776 512 0 24589470990890
93288 512 0 24589471246891
93800 512 0 24589471502892
94312 512 0 24589471758893
94824 512 0 24589472014894
95336 512 0 24589472270895
95848 512 0 24589472526896
96360 512 0 24589472782897
96872 512 0 24589473038898
97384 512 0 24589473294899
97896 512 0 24589473550900
98408 512 0 24589473806901
98920 512 0 24589474062903
99432 512 0 24589474318904
99944 512 0 24589474574905
100456 512 0 24589474830906
100968 512 0 24589475086907
101480 512 0 24589475342908
101992 512 0 24589475598909
102504 512 0 24589475854910
103016 512 0 24589476110911
103528 512 0 24589476366912
104040 512 0 24589476622913
104552 512 0 24589476878914
105064 512 0 24589477134915
105576 512 0 24589477390916
106088 512 0 24589477646917
106600 512 0 24589477902918
107112 512 0 24589478158920
107624 512 0 24589478414921
108136 512 0 24589478670922
108648 512 0 24589478926923
109160 512 0 24589479182924
109672 512 0 24589479438925
110184 512 0 24589479694926
110696 512 0 24589479950927
111208 512 0 24589480206928
111720 512 0 24589480462929
112232 512 0 24589480718930
112744 512 0 24589480974931
113256 512 0 24589481230932
113768 512 0 24589481486933
114280 512 0 24589481742935
114792 512 0 24589481998936
115304 512 0 24589482254936
115816 512 0 24589482510937
116328 512 0 24589482766938
116840 512 0 24589483022939
117352 512 0 24589483278940
117864 512 0 24589483534941
118376 512 0 24589483790942
118888 512 0 24589484046943
119400 512 0 24589484302944
119912 512 0 24589484558945
120424 512 0 24589484814946
120936 512 0 24589485070947
121448 512 0 24589485326948
121960 512 0 24589485582949
122472 512 0 24589485838950
122984 512 0 24589486094951
123496 512 0 24589486350952
124008 512 0 24589486606953
124520 512 0 24589486862954
125032 512 0 24589487118955
125544 512 0 24589487374956
126056 512 0 24589487630957
126568 512 0 24589487886958
127080 512 0 24589488142959
127592 512 0 24589488398960
128104 512 0 24589488654961
128616 512 0 24589488910962
129128 512 0 24589489166963
129640 512 0 24589489422964
130152 512 0 24589489678965
130664 512 0 24589489934966
131176 512 0 24589490190967
131688 512 0 24589490446970
132200 512 0 24589490702971
132712 512 0 24589490958972
133224 512 0 24589491214973
133736 512 0 24589491470974
134248 512 0 24589491726975
134760 512 0 24589491982976
135272 512 0 24589492238977
135784 512 0 24589492494978
136296 512 0 24589492750979
136808 512 0 24589493006981
137320 512 0 24589493262982
137832 512 0 24589493518983
138344 512 0 24589493774984
138856 512 0 24589494030985
139368 512 0 24589494286986
139880 512 0 24589494542986
140392 512 0 24589494798987
140904 512 0 24589495054988
141416 512 0 24589495310989
141928 512 0 24589495566990
142440 512 0 24589495822991
142952 512 0 24589496078992
143464 512 0 24589496334993
143976 512 0 24589496590994
144488 512 0 24589496846995
145000 512 0 24589497102996
145512 512 0 24589497358997
146024 512 0 24589497614998
146536 512 0 24589497871000
147048 512 0 24589498127001
147560 512 0 24589498383002
148072 512 0 24589498639003
148584 512 0 24589498895004
149096 512 0 24589499151005
149608 512 0 24589499407006
150120 512 0 24589499663007
150632 512 0 24589499919008
151144 512 0 24589500175009
151656 512 0 24589500431010
152168 512 0 24589500687011
152680 512 0 24589500943012
153192 512 0 24589501199013
153704 512 0 24589501455015
154216 512 0 24589501711016
154728 512 0 24589501967017
155240 512 0 24589502223018
155752 512 0 24589502479019
156264 512 0 24589502735021
156776 512 0 24589502991022
157288 512 0 24589503247023
157800 512 0 24589503503024
158312 512 0 24589503759025
158824 512 0 24589504015026
159336 512 0 24589504271027
159848 512 0 24589504527029
160360 512 0 24589504783030
160872 512 0 24589505039031
161384 512 0 24589505295032
161896 512 0 24589505551033
162408 512 0 24589505807034
162920 512 0 24589506063035
163432 512 0 24589506319036
163944 512 0 24589506575037
164456 512 0 24589506831037
164968 512 0 24589507087038
165480 512 0 24589507343039
165992 512 0 24589507599040
166504 512 0 24589507855041
167016 512 0 24589508111042
167528 512 0 24589508367043
168040 512 0 24589508623044
168552 512 0 24589508879045
169064 512 0 24589509135046
169576 512 0 24589509391048
170088 512 0 24589509647049
170600 512 0 24589509903050
171112 512 0 24589510159051
171624 512 0 24589510415052
172136 512 0 24589510671053
172648 512 0 24589510927054
173160 512 0 24589511183055
173672 512 0 24589511439056
174184 512 0 24589511695057
174696 512 0 24589511951058
175208 512 0 24589512207059
175720 512 0 24589512463060
176232 512 0 24589512719061
176744 512 0 24589512975062
177256 512 0 24589513231064
177768 512 0 24589513487065
178280 512 0 24589513743066
178792 512 0 24589513999067
179304 512 0 24589514255068
179816 512 0 24589514511069
180328 512 0 24589514767070
180840 512 0 24589515023071
181352 512 0 24589515279072
181864 512 0 24589515535073
182376 512 0 24589515791074
182888 512 0 24589516047075
183400 512 0 24589516303076
183912 512 0 24589516559077
184424 512 0 24589516815078
184936 512 0 24589517071079
185448 512 0 24589517327081
185960 512 0 24589517583082
186472 512 0 24589517839083
186984 512 0 24589518095084
187496 512 0 24589518351085
188008 512 0 24589518607086
188520 512 0 24589518863087
189032 512 0 24589519119087
189544 512 0 24589519375088
190056 512 0 24589519631089
190568 512 0 24589519887090
191080 512 0 24589520143091
191592 512 0 24589520399092
192104 512 0 24589520655093
192616 512 0 24589520911094
193128 512 0 24589521167095
193640 512 0 24589521423096
194152 512 0 24589521679097
194664 512 0 24589521935099
195176 512 0 24589522191100
195688 512 0 24589522447101
196200 512 0 24589522703102
196712 512 0 24589522959103
197224 512 0 24589523215104
197736 512 0 24589523471105
198248 512 0 24589523727106
198760 512 0 24589523983107
199272 512 0 24589524239108
199784 512 0 24589524495109
200296 512 0 24589524751110
200808 512 0 24589525007111
201320 512 0 24589525263112
201832 512 0 24589525519113
202344 512 0 24589525775115
202856 512 0 24589526031116
203368 512 0 24589526287117
203880 512 0 24589526543118
204392 512 0 24589526799119
204904 512 0 24589527055120
205416 512 0 24589527311121
205928 512 0 24589527567122
206440 512 0 24589527823123
206952 512 0 24589528079124
207464 512 0 24589528335125
207976 512 0 24589528591126
208488 512 0 24589528847127
209000 512 0 24589529103128
209512 512 0 24589529359129
210024 512 0 24589529615130
210536 512 0 24589529871132
211048 512 0 24589530127133
211560 512 0 24589530383134
212072 512 0 24589530639135
212584 512 0 24589530895136
213096 512 0 24589531151137
213608 512 0 24589531407137
214120 512 0 24589531663138
214632 512 0 24589531919139
215144 512 0 24589532175140
215656 512 0 24589532431141
216168 512 0 24589532687142
216680 512 0 24589532943143
217192 512 0 24589533199144
217704 512 0 24589533455145
218216 512 0 24589533711146
218728 512 0 24589533967147
219240 512 0 24589534223148
219752 512 0 24589534479149
220264 512 0 24589534735151
220776 512 0 24589534991152
221288 512 0 24589535247153
221800 512 0 24589535503154
222312 512 0 24589535759155
222824 512 0 24589536015156
223336 512 0 24589536271157
223848 512 0 24589536527158
224360 512 0 24589536783159
224872 512 0 24589537039160
225384 512 0 24589537295161
225896 512 0 24589537551162
226408 512 0 24589537807163
226920 512 0 24589538063164
227432 512 0 24589538319166
227944 512 0 24589538575167
228456 512 0 24589538831168
228968 512 0 24589539087169
229480 512 0 24589539343170
229992 512 0 24589539599171
230504 512 0 24589539855172
231016 512 0 24589540111173
231528 512 0 24589540367174
232040 512 0 24589540623175
232552 512 0 24589540879176
233064 512 0 24589541135177
233576 512 0 24589541391178
234088 512 0 24589541647179
234600 512 0 24589541903180
235112 512 0 24589542159182
235624 512 0 24589542415183
236136 512 0 24589542671184
236648 512 0 24589542927185
237160 512 0 24589543183186
237672 512 0 24589543439187
238184 512 0 24589543695187
238696 512 0 24589543951188
239208 512 0 24589544207189
239720 512 0 24589544463190
240232 512 0 24589544719191
240744 512 0 24589544975192
241256 512 0 24589545231193
241768 512 0 24589545487194
242280 512 0 24589545743195
242792 512 0 24589545999196
243304 512 0 24589546255197
243816 512 0 24589546511198
244328 512 0 24589546767199
244840 512 0 24589547023201
245352 512 0 24589547279202
245864 512 0 24589547535203
246376 512 0 24589547791204
246888 512 0 24589548047205
247400 512 0 24589548303206
247912 512 0 24589548559207
248424 512 0 24589548815208
248936 512 0 24589549071209
249448 512 0 24589549327210
249960 512 0 24589549583211
250472 512 0 24589549839212
250984 512 0 24589550095213
251496 512 0 24589550351214
252008 512 0 24589550607215
252520 512 0 24589550863217
253032 512 0 24589551119218
253544 512 0 24589551375219
254056 512 0 24589551631220
254568 512 0 24589551887221
255080 512 0 24589552143222
255592 512 0 24589552399223
256104 512 0 24589552655224
256616 512 0 24589552911225
257128 512 0 24589553167226
257640 512 0 24589553423227
258152 512 0 24589553679228
258664 512 0 24589553935229
259176 512 0 24589554191230
259688 512 0 24589554447231
260200 512 0 24589554703233
260712 512 0 24589554959234
261224 512 0 24589555215235
261736 512 0 24589555471236
262248 512 0 24589555727237
262760 512 0 24589555983238
263272 512 0 24589556239239
263784 512 0 24589556495240
264296 512 0 24589556751241
264808 512 0 24589557007242
265320 512 0 24589557263243
265832 512 0 24589557519244
266344 512 0 24589557775245
266856 512 0 24589558031246
267368 512 0 24589558287247
267880 512 0 24589558543249
268392 512 0 24589558799250
268904 512 0 24589559055251
269416 512 0 24589559311252
269928 512 0 24589559567253
270440 512 0 24589559823254
270952 512 0 24589560079254
271464 512 0 24589560335255
271976 512 0 24589560591256
272488 512 0 24589560847257
273000 512 0 24589561103258
273512 512 0 24589561359259
274024 512 0 24589561615260
274536 512 0 24589561871261
275048 512 0 24589562127262
275560 512 0 24589562383263
276072 512 0 24589562639264
276584 512 0 24589562895265
277096 512 0 24589563151266
277608 512 0 24589563407268
278120 512 0 24589563663269
278632 512 0 24589563919270
279144 512 0 24589564175271
279656 512 0 24589564431272
280168 512 0 24589564687273
280680 512 0 24589564943274
281192 512 0 24589565199275
281704 512 0 24589565455276
282216 512 0 24589565711277
282728 512 0 24589565967278
283240 512 0 24589566223279
283752 512 0 24589566479280
284264 512 0 24589566735281
284776 512 0 24589566991282
285288 512 0 24589567247284
285800 512 0 24589567503285
286312 512 0 24589567759286
286824 512 0 24589568015287
287336 512 0 24589568271288
287848 512 0 24589568527289
288360 512 0 24589568783290
288872 512 0 24589569039291
289384 512 0 24589569295292
289896 512 0 24589569551293
290408 512 0 24589569807294
290920 512 0 24589570063295
291432 512 0 24589570319296
291944 512 0 24589570575297
292456 512 0 24589570831298
292968 512 0 24589571087300
293480 512 0 24589571343301
293992 512 0 24589571599302
294504 512 0 24589571855303
295016 512 0 24589572111304
295528 512 0 24589572367305
296040 512 0 24589572623306
296552 512 0 24589572879307
297064 512 0 24589573135308
297576 512 0 24589573391309
298088 512 0 24589573647310
298600 512 0 24589573903311
299112 512 0 24589574159312
299624 512 0 24589574415313
300136 512 0 24589574671314
300648 512 0 24589574927316
301160 512 0 24589575183317
301672 512 0 24589575439318
302184 512 0 24589575695319
302696 512 0 24589575951320
303208 512 0 24589576207321
303720 512 0 24589576463321
304232 512 0 24589576719322
304744 512 0 24589576975323
305256 512 0 24589577231324
305768 512 0 24589577487325
306280 512 0 24589577743326
306792 512 0 24589577999327
307304 512 0 24589578255328
307816 512 0 24589578511329
308328 512 0 24589578767330
308840 512 0 24589579023331
309352 512 0 24589579279332
309864 512 0 24589579535333
310376 512 0 24589579791335
310888 512 0 24589580047336
311400 512 0 24589580303337
311912 512 0 24589580559338
312424 512 0 24589580815339
312936 512 0 24589581071340
313448 512 0 24589581327341
313960 512 0 24589581583342
314472 512 0 24589581839343
314984 512 0 24589582095344
315496 512 0 24589582351345
316008 512 0 24589582607346
316520 512 0 24589582863347
317032 512 0 24589583119348
317544 512 0 24589583375349
318056 512 0 24589583631351
318568 512 0 24589583887352
319080 512 0 24589584143353
319592 512 0 24589584399354
320104 512 0 24589584655355
320616 512 0 24589584911356
321128 512 0 24589585167357
321640 512 0 24589585423358
322152 512 0 24589585679359
322664 512 0 24589585935360
323176 512 0 24589586191361
323688 512 0 24589586447362
324200 512 0 24589586703363
324712 512 0 24589586959364
325224 512 0 24589587215365
325736 512 0 24589587471367
326248 512 0 24589587727368
326760 512 0 24589587983369
327272 512 0 24589588239370
327784 512 0 24589588495371
328296 512 0 24589588751372
328808 512 0 24589589007373
329320 512 0 24589589263374
329832 512 0 24589589519375
330344 512 0 24589589775376
330856 512 0 24589590031377
331368 512 0 24589590287378
331880 512 0 24589590543379
332392 512 0 24589590799380
332904 512 0 24589591055381
333416 512 0 24589591311383
333928 512 0 24589591567384
334440 512 0 24589591823385
334952 512 0 24589592079386
335464 512 0 24589592335387
335976 512 0 24589592591388
336488 512 0 24589592847389
337000 512 0 24589593103390
337512 512 0 24589593359391
338024 512 0 24589593615392
338536 512 0 24589593871393
339048 512 0 24589594127394
339560 512 0 24589594383395
340072 512 0 24589594639396
340584 512 0 24589594895397
341096 512 0 24589595151399
341608 512 0 24589595407400
342120 512 0 24589595663401
342632 512 0 24589595919402
343144 512 0 24589596175403
343656 512 0 24589596431404
344168 512 0 24589596687405
344680 512 0 24589596943405
345192 512 0 24589597199406
345704 512 0 24589597455407
346216 512 0 24589597711408
346728 512 0 24589597967409
347240 512 0 24589598223410
347752 512 0 24589598479411
348264 512 0 24589598735412
348776 512 0 24589598991413
349288 512 0 24589599247414
349800 512 0 24589599503415
350312 512 0 24589599759416
350824 512 0 24589600015418
351336 512 0 24589600271419
351848 512 0 24589600527420
352360 512 0 24589600783421
352872 512 0 24589601039422
353384 512 0 24589601295423
353896 512 0 24589601551424
354408 512 0 24589601807425
354920 512 0 24589602063426
355432 512 0 24589602319427
355944 512 0 24589602575428
356456 512 0 24589602831429
356968 512 0 24589603087430
357480 512 0 24589603343431
357992 512 0 24589603599432
358504 512 0 24589603855434
359016 512 0 24589604111435
359528 512 0 24589604367436
360040 512 0 24589604623437
360552 512 0 24589604879438
361064 512 0 24589605135439
361576 512 0 24589605391440
362088 512 0 24589605647441
362600 512 0 24589605903442
363112 512 0 24589606159443
363624 512 0 24589606415444
364136 512 0 24589606671445
364648 512 0 24589606927446
365160 512 0 24589607183447
365672 512 0 24589607439448
366184 512 0 24589607695450
366696 512 0 24589607951451
367208 512 0 24589608207452
367720 512 0 24589608463453
368232 512 0 24589608719454
368744 512 0 24589608975455
369256 512 0 24589609231456
369768 512 0 24589609487457
370280 512 0 24589609743458
370792 512 0 24589609999459
371304 512 0 24589610255460
371816 512 0 24589610511461
372328 512 0 24589610767462
372840 512 0 24589611023463
373352 512 0 24589611279464
373864 512 0 24589611535466
374376 512 0 24589611791467
374888 512 0 24589612047468
375400 512 0 24589612303469
375912 512 0 24589612559470
376424 512 0 24589612815471
376936 512 0 24589613071472
377448 512 0 24589613327473
377960 512 0 24589613583474
378472 512 0 24589613839475
378984 512 0 24589614095476
379496 512 0 24589614351477
380008 512 0 24589614607478
380520 512 0 24589614863479
381032 512 0 24589615119480
381544 512 0 24589615375481
382056 512 0 24589615631483
382568 512 0 24589615887484
383080 512 0 24589616143485
383592 512 0 24589616399486
384104 512 0 24589616655487
384616 512 0 24589616911488
385128 512 0 24589617167489
385640 512 0 24589617423489
386152 512 0 24589617679490
386664 512 0 24589617935491
387176 512 0 24589618191492
387688 512 0 24589618447493
388200 512 0 24589618703494
388712 512 0 24589618959495
389224 512 0 24589619215496
389736 512 0 24589619471497
390248 512 0 24589619727498
390760 512 0 24589619983499
391272 512 0 24589620239501
391784 512 0 24589620495502
392296 512 0 24589620751503
392808 512 0 24589621007504
393320 512 0 24589621263505
393832 512 0 24589621519506
394344 512 0 24589621775507
394856 512 0 24589622031508
395368 512 0 24589622287509
395880 512 0 24589622543510
396392 512 0 24589622799511
396904 512 0 24589623055512
397416 512 0 24589623311513
397928 512 0 24589623567514
398440 512 0 24589623823515
398952 512 0 24589624079516
399464 512 0 24589624335518
399976 512 0 24589624591519
400488 512 0 24589624847520
401000 512 0 24589625103521
401512 512 0 24589625359522
402024 512 0 24589625615523
402536 512 0 24589625871524
403048 512 0 24589626127525
403560 512 0 24589626383526
404072 512 0 24589626639527
404584 512 0 24589626895528
405096 512 0 24589627151529
405608 512 0 24589627407530
406120 512 0 24589627663531
406632 512 0 24589627919532
407144 512 0 24589628175534
407656 512 0 24589628431535
408168 512 0 24589628687536
408680 512 0 24589628943537
409192 512 0 24589629199538
