9300 512 0 24719669597057
9812 512 0 24719669875697
10324 512 0 24719670154336
10836 512 0 24719670432975
11348 512 0 24719670711615
11860 512 0 24719670990254
12372 512 0 24719671268894
12884 512 0 24719671547533
13396 512 0 24719671826173
13908 512 0 24719672104812
14420 512 0 24719672383452
14932 512 0 24719672662091
15444 512 0 24719672940730
15956 512 0 24719673219370
16468 512 0 24719673498009
16980 512 0 24719673776649
17492 512 0 24719674055288
18004 512 0 24719674333928
18516 512 0 24719674612567
19028 512 0 24719674891206
19540 512 0 24719675169846
20052 512 0 24719675448485
20564 512 0 24719675727125
21076 512 0 24719676005764
21588 512 0 24719676284404
22100 512 0 24719676563043
22612 512 0 24719676841683
23124 512 0 24719677120322
23636 512 0 24719677398961
24148 512 0 24719677677601
24660 512 0 24719677956240
25172 512 0 24719678234907
25684 512 0 24719678513547
26196 512 0 24719678792187
26708 512 0 24719679070827
27220 512 0 24719679349467
27732 512 0 24719679628107
28244 512 0 24719679906748
28756 512 0 24719680185388
29268 512 0 24719680464028
29780 512 0 24719680742668
30292 512 0 24719681021308
30804 512 0 24719681299948
31316 512 0 24719681578588
31828 512 0 24719681857229
32340 512 0 24719682135869
32852 512 0 24719682414509
33364 512 0 24719682693159
33876 512 0 24719682971800
34388 512 0 24719683250440
34900 512 0 24719683529081
35412 512 0 24719683807721
35924 512 0 24719684086361
36436 512 0 24719684365002
36948 512 0 24719684643642
37460 512 0 24719684922283
37972 512 0 24719685200923
38484 512 0 24719685479564
38996 512 0 24719685758204
39508 512 0 24719686036844
40020 512 0 24719686315485
40532 512 0 24719686594125
41044 512 0 24719686872766
41556 512 0 24719687151411
42068 512 0 24719687430052
42580 512 0 24719687708692
43092 512 0 24719687987333
43604 512 0 24719688265973
44116 512 0 24719688544614
44628 512 0 24719688823254
45140 512 0 24719689101895
45652 512 0 24719689380535
46164 512 0 24719689659176
46676 512 0 24719689937816
47188 512 0 24719690216457
47700 512 0 24719690495097
48212 512 0 24719690773738
48724 512 0 24719691052379
49236 512 0 24719691331019
49748 512 0 24719691609664
50260 512 0 24719691888304
50772 512 0 24719692166945
51284 512 0 24719692445586
51796 512 0 24719692724226
52308 512 0 24719693002867
52820 512 0 24719693281507
53332 512 0 24719693560148
53844 512 0 24719693838789
54356 512 0 24719694117429
54868 512 0 24719694396070
55380 512 0 24719694674710
55892 512 0 24719694953351
56404 512 0 24719695231992
56916 512 0 24719695510632
57428 512 0 24719695789273
57940 512 0 24719696067915
58452 512 0 24719696346556
58964 512 0 24719696625197
59476 512 0 24719696903837
59988 512 0 24719697182478
60500 512 0 24719697461119
61012 512 0 24719697739759
61524 512 0 24719698018400
62036 512 0 24719698297041
62548 512 0 24719698575681
63060 512 0 24719698854322
63572 512 0 24719699132963
64084 512 0 24719699411603
64596 512 0 24719699690244
65108 512 0 24719699968884
65620 512 0 24719700247525
66132 512 0 24719700526168
66644 512 0 24719700804809
67156 512 0 24719701083450
67668 512 0 24719701362090
68180 512 0 24719701640731
68692 512 0 24719701919372
69204 512 0 24719702198013
69716 512 0 24719702476653
70228 512 0 24719702755294
70740 512 0 24719703033935
71252 512 0 24719703312575
71764 512 0 24719703591216
72276 512 0 24719703869857
72788 512 0 24719704148497
73300 512 0 24719704427138
73812 512 0 24719704705779
74324 512 0 24719704984419
74836 512 0 24719705263060
75348 512 0 24719705541701
75860 512 0 24719705820341
76372 512 0 24719706098982
76884 512 0 24719706377623
77396 512 0 24719706656263
77908 512 0 24719706934904
78420 512 0 24719707213545
78932 512 0 24719707492186
79444 512 0 24719707770826
79956 512 0 24719708049467
80468 512 0 24719708328108
80980 512 0 24719708606748
81492 512 0 24719708885389
82004 512 0 24719709164030
82516 512 0 24719709442669
83028 512 0 24719709721310
83540 512 0 24719709999950
84052 512 0 24719710278591
84564 512 0 24719710557232
85076 512 0 24719710835872
85588 512 0 24719711114513
86100 512 0 24719711393154
86612 512 0 24719711671794
87124 512 0 24719711950435
87636 512 0 24719712229076
88148 512 0 24719712507716
88660 512 0 24719712786357
89172 512 0 24719713064998
89684 512 0 24719713343638
90196 512 0 24719713622279
90708 512 0 24719713900920
91220 512 0 24719714179561
91732 512 0 24719714458201
92244 512 0 24719714736842
92756 512 0 24719715015483
93268 512 0 24719715294123
93780 512 0 24719715572764
94292 512 0 24719715851405
94804 512 0 24719716130045
95316 512 0 24719716408686
95828 512 0 24719716687327
96340 512 0 24719716965968
96852 512 0 24719717244608
97364 512 0 24719717523249
97876 512 0 24719717801890
98388 512 0 24719718080530
98900 512 0 24719718359171
99412 512 0 24719718637812
99924 512 0 24719718916452
100436 512 0 24719719195093
100948 512 0 24719719473734
101460 512 0 24719719752374
101972 512 0 24719720031015
102484 512 0 24719720309656
102996 512 0 24719720588297
103508 512 0 24719720866937
104020 512 0 24719721145578
104532 512 0 24719721424219
105044 512 0 24719721702859
105556 512 0 24719721981500
106068 512 0 24719722260141
106580 512 0 24719722538781
107092 512 0 24719722817422
107604 512 0 24719723096063
108116 512 0 24719723374703
108628 512 0 24719723653344
109140 512 0 24719723931985
109652 512 0 24719724210626
110164 512 0 24719724489266
110676 512 0 24719724767907
111188 512 0 24719725046548
111700 512 0 24719725325188
112212 512 0 24719725603829
112724 512 0 24719725882470
113236 512 0 24719726161110
113748 512 0 24719726439751
114260 512 0 24719726718392
114772 512 0 24719726997032
115284 512 0 24719727275673
115796 512 0 24719727554314
116308 512 0 24719727832954
116820 512 0 24719728111595
117332 512 0 24719728390236
117844 512 0 24719728668877
118356 512 0 24719728947517
118868 512 0 24719729226158
119380 512 0 24719729504799
119892 512 0 24719729783439
120404 512 0 24719730062080
120916 512 0 24719730340721
121428 512 0 24719730619361
121940 512 0 24719730898002
122452 512 0 24719731176643
122964 512 0 24719731455283
123476 512 0 24719731733924
123988 512 0 24719732012565
124500 512 0 24719732291206
125012 512 0 24719732569846
125524 512 0 24719732848487
126036 512 0 24719733127128
126548 512 0 24719733405768
127060 512 0 24719733684409
127572 512 0 24719733963050
128084 512 0 24719734241690
128596 512 0 24719734520331
129108 512 0 24719734798972
129620 512 0 24719735077612
130132 512 0 24719735356253
130644 512 0 24719735634894
131156 512 0 24719735913534
131668 512 0 24719736192175
132180 512 0 24719736470816
132692 512 0 24719736749457
133204 512 0 24719737028097
133716 512 0 24719737306738
134228 512 0 24719737585379
134740 512 0 24719737864019
135252 512 0 24719738142660
135764 512 0 24719738421301
136276 512 0 24719738699941
136788 512 0 24719738978582
137300 512 0 24719739257223
137812 512 0 24719739535863
138324 512 0 24719739814504
138836 512 0 24719740093145
139348 512 0 24719740371785
139860 512 0 24719740650425
140372 512 0 24719740929066
140884 512 0 24719741207706
141396 512 0 24719741486347
141908 512 0 24719741764988
142420 512 0 24719742043628
142932 512 0 24719742322269
143444 512 0 24719742600910
143956 512 0 24719742879550
144468 512 0 24719743158191
144980 512 0 24719743436832
145492 512 0 24719743715473
146004 512 0 24719743994113
146516 512 0 24719744272754
147028 512 0 24719744551395
147540 512 0 24719744830035
148052 512 0 24719745108677
148564 512 0 24719745387318
149076 512 0 24719745665959
149588 512 0 24719745944599
150100 512 0 24719746223240
150612 512 0 24719746501881
151124 512 0 24719746780521
151636 512 0 24719747059162
152148 512 0 24719747337803
152660 512 0 24719747616443
153172 512 0 24719747895084
153684 512 0 24719748173725
154196 512 0 24719748452365
154708 512 0 24719748731006
155220 512 0 24719749009647
155732 512 0 24719749288287
156244 512 0 24719749566928
156756 512 0 24719749845569
157268 512 0 24719750124210
157780 512 0 24719750402850
158292 512 0 24719750681491
158804 512 0 24719750960132
159316 512 0 24719751238772
159828 512 0 24719751517413
160340 512 0 24719751796054
160852 512 0 24719752074694
161364 512 0 24719752353335
161876 512 0 24719752631976
162388 512 0 24719752910616
162900 512 0 24719753189257
163412 512 0 24719753467898
163924 512 0 24719753746538
164436 512 0 24719754025178
164948 512 0 24719754303819
165460 512 0 24719754582459
165972 512 0 24719754861100
166484 512 0 24719755139741
166996 512 0 24719755418381
167508 512 0 24719755697022
168020 512 0 24719755975663
168532 512 0 24719756254304
169044 512 0 24719756532944
169556 512 0 24719756811585
170068 512 0 24719757090226
170580 512 0 24719757368866
171092 512 0 24719757647507
171604 512 0 24719757926148
172116 512 0 24719758204788
172628 512 0 24719758483429
173140 512 0 24719758762070
173652 512 0 24719759040710
174164 512 0 24719759319351
174676 512 0 24719759597992
175188 512 0 24719759876632
175700 512 0 24719760155273
176212 512 0 24719760433914
176724 512 0 24719760712555
177236 512 0 24719760991195
177748 512 0 24719761269836
178260 512 0 24719761548477
178772 512 0 24719761827117
179284 512 0 24719762105758
179796 512 0 24719762384399
180308 512 0 24719762663039
180820 512 0 24719762941681
181332 512 0 24719763220322
181844 512 0 24719763498963
182356 512 0 24719763777603
182868 512 0 24719764056244
183380 512 0 24719764334885
183892 512 0 24719764613525
184404 512 0 24719764892166
184916 512 0 24719765170807
185428 512 0 24719765449447
185940 512 0 24719765728088
186452 512 0 24719766006729
186964 512 0 24719766285369
187476 512 0 24719766564010
187988 512 0 24719766842651
188500 512 0 24719767121292
189012 512 0 24719767399931
189524 512 0 24719767678572
190036 512 0 24719767957212
190548 512 0 24719768235853
191060 512 0 24719768514494
191572 512 0 24719768793134
192084 512 0 24719769071775
192596 512 0 24719769350416
193108 512 0 24719769629057
193620 512 0 24719769907697
194132 512 0 24719770186338
194644 512 0 24719770464979
195156 512 0 24719770743619
195668 512 0 24719771022260
196180 512 0 24719771300901
196692 512 0 24719771579541
197204 512 0 24719771858182
197716 512 0 24719772136823
198228 512 0 24719772415463
198740 512 0 24719772694104
199252 512 0 24719772972745
199764 512 0 24719773251385
200276 512 0 24719773530026
200788 512 0 24719773808667
201300 512 0 24719774087308
201812 512 0 24719774365948
202324 512 0 24719774644589
202836 512 0 24719774923230
203348 512 0 24719775201870
203860 512 0 24719775480511
204372 512 0 24719775759152
204884 512 0 24719776037792
205396 512 0 24719776316434
205908 512 0 24719776595075
206420 512 0 24719776873716
206932 512 0 24719777152356
207444 512 0 24719777430997
207956 512 0 24719777709638
208468 512 0 24719777988278
208980 512 0 24719778266919
209492 512 0 24719778545560
210004 512 0 24719778824200
210516 512 0 24719779102841
211028 512 0 24719779381482
211540 512 0 24719779660122
212052 512 0 24719779938763
212564 512 0 24719780217404
213076 512 0 24719780496045
213588 512 0 24719780774685
214100 512 0 24719781053326
214612 512 0 24719781331967
215124 512 0 24719781610607
215636 512 0 24719781889248
216148 512 0 24719782167889
216660 512 0 24719782446529
217172 512 0 24719782725170
217684 512 0 24719783003811
218196 512 0 24719783282451
218708 512 0 24719783561092
219220 512 0 24719783839733
219732 512 0 24719784118373
220244 512 0 24719784397014
220756 512 0 24719784675655
221268 512 0 24719784954296
221780 512 0 24719785232936
222292 512 0 24719785511577
222804 512 0 24719785790218
223316 512 0 24719786068858
223828 512 0 24719786347499
224340 512 0 24719786626140
224852 512 0 24719786904780
225364 512 0 24719787183421
225876 512 0 24719787462062
226388 512 0 24719787740702
226900 512 0 24719788019343
227412 512 0 24719788297984
227924 512 0 24719788576624
228436 512 0 24719788855265
228948 512 0 24719789133906
229460 512 0 24719789412547
229972 512 0 24719789691187
230484 512 0 24719789969828
230996 512 0 24719790248469
231508 512 0 24719790527109
232020 512 0 24719790805750
232532 512 0 24719791084391
233044 512 0 24719791363031
233556 512 0 24719791641672
234068 512 0 24719791920313
234580 512 0 24719792198953
235092 512 0 24719792477594
235604 512 0 24719792756235
236116 512 0 24719793034875
236628 512 0 24719793313516
237140 512 0 24719793592157
237652 512 0 24719793870798
238164 512 0 24719794149438
238676 512 0 24719794428079
239188 512 0 24719794706720
239700 512 0 24719794985360
240212 512 0 24719795264001
240724 512 0 24719795542642
241236 512 0 24719795821282
241748 512 0 24719796099923
242260 512 0 24719796378564
242772 512 0 24719796657204
243284 512 0 24719796935845
243796 512 0 24719797214486
244308 512 0 24719797493126
244820 512 0 24719797771767
245332 512 0 24719798050408
245844 512 0 24719798329049
246356 512 0 24719798607689
246868 512 0 24719798886330
247380 512 0 24719799164971
247892 512 0 24719799443611
248404 512 0 24719799722252
248916 512 0 24719800000893
249428 512 0 24719800279533
249940 512 0 24719800558174
250452 512 0 24719800836815
250964 512 0 24719801115455
251476 512 0 24719801394096
251988 512 0 24719801672737
252500 512 0 24719801951377
253012 512 0 24719802230018
253524 512 0 24719802508659
254036 512 0 24719802787300
254548 512 0 24719803065940
255060 512 0 24719803344581
255572 512 0 24719803623222
256084 512 0 24719803901862
256596 512 0 24719804180503
257108 512 0 24719804459144
257620 512 0 24719804737784
258132 512 0 24719805016425
258644 512 0 24719805295066
259156 512 0 24719805573706
259668 512 0 24719805852347
260180 512 0 24719806130988
260692 512 0 24719806409628
261204 512 0 24719806688269
261716 512 0 24719806966910
262228 512 0 24719807245551
262740 512 0 24719807524191
263252 512 0 24719807802832
263764 512 0 24719808081473
264276 512 0 24719808360113
264788 512 0 24719808638754
265300 512 0 24719808917395
265812 512 0 24719809196035
266324 512 0 24719809474676
266836 512 0 24719809753317
267348 512 0 24719810031957
267860 512 0 24719810310598
268372 512 0 24719810589239
268884 512 0 24719810867879
269396 512 0 24719811146520
269908 512 0 24719811425161
270420 512 0 24719811703802
270932 512 0 24719811982442
271444 512 0 24719812261083
271956 512 0 24719812539724
272468 512 0 24719812818364
272980 512 0 24719813097005
273492 512 0 24719813375646
274004 512 0 24719813654286
274516 512 0 24719813932927
275028 512 0 24719814211568
275540 512 0 24719814490208
276052 512 0 24719814768849
276564 512 0 24719815047490
277076 512 0 24719815326130
277588 512 0 24719815604771
278100 512 0 24719815883412
278612 512 0 24719816162053
279124 512 0 24719816440693
279636 512 0 24719816719334
280148 512 0 24719816997975
280660 512 0 24719817276615
281172 512 0 24719817555256
281684 512 0 24719817833897
282196 512 0 24719818112537
282708 512 0 24719818391178
283220 512 0 24719818669819
283732 512 0 24719818948459
284244 512 0 24719819227100
284756 512 0 24719819505741
285268 512 0 24719819784381
285780 512 0 24719820063022
286292 512 0 24719820341663
286804 512 0 24719820620304
287316 512 0 24719820898944
287828 512 0 24719821177585
288340 512 0 24719821456226
288852 512 0 24719821734866
289364 512 0 24719822013507
289876 512 0 24719822292148
290388 512 0 24719822570788
290900 512 0 24719822849429
291412 512 0 24719823128070
291924 512 0 24719823406710
292436 512 0 24719823685351
292948 512 0 24719823963992
293460 512 0 24719824242632
293972 512 0 24719824521273
294484 512 0 24719824799914
294996 512 0 24719825078555
295508 512 0 24719825357195
296020 512 0 24719825635836
296532 512 0 24719825914477
297044 512 0 24719826193117
297556 512 0 24719826471758
298068 512 0 24719826750399
298580 512 0 24719827029039
299092 512 0 24719827307680
299604 512 0 24719827586321
300116 512 0 24719827864961
300628 512 0 24719828143602
301140 512 0 24719828422243
301652 512 0 24719828700883
302164 512 0 24719828979524
302676 512 0 24719829258165
303188 512 0 24719829536806
303700 512 0 24719829815447
304212 512 0 24719830094088
304724 512 0 24719830372729
305236 512 0 24719830651369
305748 512 0 24719830930010
306260 512 0 24719831208651
306772 512 0 24719831487291
307284 512 0 24719831765932
307796 512 0 24719832044573
308308 512 0 24719832323214
308820 512 0 24719832601854
309332 512 0 24719832880495
309844 512 0 24719833159136
310356 512 0 24719833437776
310868 512 0 24719833716417
311380 512 0 24719833995058
311892 512 0 24719834273698
312404 512 0 24719834552339
312916 512 0 24719834830980
313428 512 0 24719835109620
313940 512 0 24719835388261
314452 512 0 24719835666902
314964 512 0 24719835945542
315476 512 0 24719836224183
315988 512 0 24719836502824
316500 512 0 24719836781465
317012 512 0 24719837060105
317524 512 0 24719837338746
318036 512 0 24719837617387
318548 512 0 24719837896027
319060 512 0 24719838174668
319572 512 0 24719838453309
320084 512 0 24719838731949
320596 512 0 24719839010590
321108 512 0 24719839289231
321620 512 0 24719839567871
322132 512 0 24719839846512
322644 512 0 24719840125153
323156 512 0 24719840403793
323668 512 0 24719840682434
324180 512 0 24719840961075
324692 512 0 24719841239716
325204 512 0 24719841518356
325716 512 0 24719841796997
326228 512 0 24719842075638
326740 512 0 24719842354278
327252 512 0 24719842632919
327764 512 0 24719842911560
328276 512 0 24719843190200
328788 512 0 24719843468841
329300 512 0 24719843747482
329812 512 0 24719844026122
330324 512 0 24719844304763
330836 512 0 24719844583404
331348 512 0 24719844862044
331860 512 0 24719845140685
332372 512 0 24719845419326
332884 512 0 24719845697966
333396 512 0 24719845976607
333908 512 0 24719846255248
334420 512 0 24719846533889
334932 512 0 24719846812529
335444 512 0 24719847091170
335956 512 0 24719847369811
336468 512 0 24719847648451
336980 512 0 24719847927092
337492 512 0 24719848205733
338004 512 0 24719848484373
338516 512 0 24719848763014
339028 512 0 24719849041655
339540 512 0 24719849320295
340052 512 0 24719849598936
340564 512 0 24719849877577
341076 512 0 24719850156217
341588 512 0 24719850434858
342100 512 0 24719850713499
342612 512 0 24719850992140
343124 512 0 24719851270780
343636 512 0 24719851549421
344148 512 0 24719851828062
344660 512 0 24719852106702
345172 512 0 24719852385343
345684 512 0 24719852663984
346196 512 0 24719852942624
346708 512 0 24719853221265
347220 512 0 24719853499906
347732 512 0 24719853778546
348244 512 0 24719854057187
348756 512 0 24719854335828
349268 512 0 24719854614468
349780 512 0 24719854893109
350292 512 0 24719855171750
350804 512 0 24719855450391
351316 512 0 24719855729031
351828 512 0 24719856007672
352340 512 0 24719856286313
352852 512 0 24719856564954
353364 512 0 24719856843595
353876 512 0 24719857122236
354388 512 0 24719857400876
354900 512 0 24719857679517
355412 512 0 24719857958158
355924 512 0 24719858236799
356436 512 0 24719858515439
356948 512 0 24719858794080
357460 512 0 24719859072721
357972 512 0 24719859351361
358484 512 0 24719859630002
358996 512 0 24719859908643
359508 512 0 24719860187283
360020 512 0 24719860465924
360532 512 0 24719860744565
361044 512 0 24719861023205
361556 512 0 24719861301846
362068 512 0 24719861580487
362580 512 0 24719861859127
363092 512 0 24719862137768
363604 512 0 24719862416409
364116 512 0 24719862695050
364628 512 0 24719862973690
365140 512 0 24719863252331
365652 512 0 24719863530972
366164 512 0 24719863809612
366676 512 0 24719864088253
367188 512 0 24719864366894
367700 512 0 24719864645534
368212 512 0 24719864924175
368724 512 0 24719865202816
369236 512 0 24719865481456
369748 512 0 24719865760097
370260 512 0 24719866038738
370772 512 0 24719866317378
371284 512 0 24719866596019
371796 512 0 24719866874660
372308 512 0 24719867153300
372820 512 0 24719867431941
373332 512 0 24719867710582
373844 512 0 24719867989223
374356 512 0 24719868267863
374868 512 0 24719868546504
375380 512 0 24719868825145
375892 512 0 24719869103785
376404 512 0 24719869382426
376916 512 0 24719869661067
377428 512 0 24719869939707
377940 512 0 24719870218348
378452 512 0 24719870496989
378964 512 0 24719870775629
379476 512 0 24719871054270
379988 512 0 24719871332911
380500 512 0 24719871611551
381012 512 0 24719871890192
381524 512 0 24719872168833
382036 512 0 24719872447474
382548 512 0 24719872726114
383060 512 0 24719873004755
383572 512 0 24719873283396
384084 512 0 24719873562036
384596 512 0 24719873840677
385108 512 0 24719874119318
385620 512 0 24719874397958
386132 512 0 24719874676599
386644 512 0 24719874955240
387156 512 0 24719875233880
387668 512 0 24719875512521
388180 512 0 24719875791162
388692 512 0 24719876069802
389204 512 0 24719876348443
389716 512 0 24719876627084
390228 512 0 24719876905725
390740 512 0 24719877184365
391252 512 0 24719877463006
391764 512 0 24719877741647
392276 512 0 24719878020287
392788 512 0 24719878298928
393300 512 0 24719878577569
393812 512 0 24719878856210
394324 512 0 24719879134851
394836 512 0 24719879413492
395348 512 0 24719879692132
395860 512 0 24719879970773
396372 512 0 24719880249414
396884 512 0 24719880528055
397396 512 0 24719880806695
397908 512 0 24719881085336
398420 512 0 24719881363977
398932 512 0 24719881642617
399444 512 0 24719881921258
399956 512 0 24719882199899
400468 512 0 24719882478539
400980 512 0 24719882757180
401492 512 0 24719883035821
402004 512 0 24719883314462
402516 512 0 24719883593103
403028 512 0 24719883871744
403540 512 0 24719884150385
404052 512 0 24719884429025
404564 512 0 24719884707666
405076 512 0 24719884986307
405588 512 0 24719885264947
406100 512 0 24719885543588
406612 512 0 24719885822229
407124 512 0 24719886100870
407636 512 0 24719886379510
408148 512 0 24719886658151
408660 512 0 24719886936792
409172 512 0 24719887215432
409684 512 0 24719887494073
410196 512 0 24719887772713
410708 512 0 24719888051354
411220 512 0 24719888329995
411732 512 0 24719888608636
412244 512 0 24719888887276
412756 512 0 24719889165917
413268 512 0 24719889444558
413780 512 0 24719889723198
414292 512 0 24719890001839
414804 512 0 24719890280480
415316 512 0 24719890559120
415828 512 0 24719890837761
416340 512 0 24719891116402
416852 512 0 24719891395043
417364 512 0 24719891673683
417876 512 0 24719891952324
418388 512 0 24719892230968
418900 512 0 24719892509608
419412 512 0 24719892788249
419924 512 0 24719893066890
420436 512 0 24719893345531
420948 512 0 24719893624171
421460 512 0 24719893902812
421972 512 0 24719894181453
422484 512 0 24719894460093
422996 512 0 24719894738734
423508 512 0 24719895017375
424020 512 0 24719895296016
424532 512 0 24719895574656
425044 512 0 24719895853297
425556 512 0 24719896131938
426068 512 0 24719896410579
426580 512 0 24719896689220
427092 512 0 24719896967861
427604 512 0 24719897246501
428116 512 0 24719897525142
428628 512 0 24719897803783
429140 512 0 24719898082423
429652 512 0 24719898361064
430164 512 0 24719898639705
430676 512 0 24719898918346
431188 512 0 24719899196986
431700 512 0 24719899475627
432212 512 0 24719899754268
432724 512 0 24719900032908
433236 512 0 24719900311549
433748 512 0 24719900590190
434260 512 0 24719900868831
434772 512 0 24719901147471
435284 512 0 24719901426111
435796 512 0 24719901704752
436308 512 0 24719901983393
436820 512 0 24719902262034
437332 512 0 24719902540674
437844 512 0 24719902819315
438356 512 0 24719903097956
438868 512 0 24719903376596
439380 512 0 24719903655237
439892 512 0 24719903933878
440404 512 0 24719904212519
440916 512 0 24719904491159
441428 512 0 24719904769800
441940 512 0 24719905048441
442452 512 0 24719905327082
442964 512 0 24719905605723
443476 512 0 24719905884363
443988 512 0 24719906163004
444500 512 0 24719906441645
445012 512 0 24719906720286
445524 512 0 24719906998926
446036 512 0 24719907277567
446548 512 0 24719907556208
447060 512 0 24719907834849
447572 512 0 24719908113489
448084 512 0 24719908392130
448596 512 0 24719908670771
449108 512 0 24719908949411
449620 512 0 24719909228052
450132 512 0 24719909506693
450644 512 0 24719909785334
451156 512 0 24719910063974
451668 512 0 24719910342614
452180 512 0 24719910621255
452692 512 0 24719910899896
453204 512 0 24719911178537
453716 512 0 24719911457177
454228 512 0 24719911735818
454740 512 0 24719912014459
455252 512 0 24719912293099
455764 512 0 24719912571740
456276 512 0 24719912850381
456788 512 0 24719913129022
457300 512 0 24719913407662
457812 512 0 24719913686303
458324 512 0 24719913964944
458836 512 0 24719914243585
459348 512 0 24719914522225
459860 512 0 24719914800865
460372 512 0 24719915079506
460884 512 0 24719915358147
461396 512 0 24719915636788
461908 512 0 24719915915428
462420 512 0 24719916194069
462932 512 0 24719916472710
463444 512 0 24719916751350
463956 512 0 24719917029991
464468 512 0 24719917308632
464980 512 0 24719917587273
465492 512 0 24719917865913
466004 512 0 24719918144554
466516 512 0 24719918423195
467028 512 0 24719918701835
467540 512 0 24719918980477
468052 512 0 24719919259117
468564 512 0 24719919537758
469076 512 0 24719919816399
469588 512 0 24719920095040
470100 512 0 24719920373680
470612 512 0 24719920652321
471124 512 0 24719920930962
471636 512 0 24719921209602
472148 512 0 24719921488243
472660 512 0 24719921766884
473172 512 0 24719922045525
473684 512 0 24719922324165
474196 512 0 24719922602806
474708 512 0 24719922881447
475220 512 0 24719923160088
475732 512 0 24719923438728
476244 512 0 24719923717368
476756 512 0 24719923996009
477268 512 0 24719924274650
477780 512 0 24719924553291
478292 512 0 24719924831931
478804 512 0 24719925110572
479316 512 0 24719925389213
479828 512 0 24719925667853
480340 512 0 24719925946494
480852 512 0 24719926225135
481364 512 0 24719926503776
481876 512 0 24719926782416
482388 512 0 24719927061057
482900 512 0 24719927339698
483412 512 0 24719927618338
483924 512 0 24719927896979
484436 512 0 24719928175619
484948 512 0 24719928454260
485460 512 0 24719928732901
485972 512 0 24719929011541
486484 512 0 24719929290182
486996 512 0 24719929568823
487508 512 0 24719929847464
488020 512 0 24719930126104
488532 512 0 24719930404745
489044 512 0 24719930683386
489556 512 0 24719930962026
490068 512 0 24719931240667
490580 512 0 24719931519308
491092 512 0 24719931797949
491604 512 0 24719932076589
492116 512 0 24719932355231
492628 512 0 24719932633871
493140 512 0 24719932912512
493652 512 0 24719933191153
494164 512 0 24719933469794
494676 512 0 24719933748434
495188 512 0 24719934027075
495700 512 0 24719934305716
496212 512 0 24719934584356
496724 512 0 24719934862997
497236 512 0 24719935141638
497748 512 0 24719935420279
498260 512 0 24719935698919
498772 512 0 24719935977560
499284 512 0 24719936256201
499796 512 0 24719936534841
500308 512 0 24719936813482
500820 512 0 24719937092122
501332 512 0 24719937370763
501844 512 0 24719937649404
502356 512 0 24719937928044
502868 512 0 24719938206685
503380 512 0 24719938485326
503892 512 0 24719938763967
504404 512 0 24719939042607
504916 512 0 24719939321248
505428 512 0 24719939599889
505940 512 0 24719939878529
506452 512 0 24719940157170
506964 512 0 24719940435811
507476 512 0 24719940714452
507988 512 0 24719940993092
508500 512 0 24719941271733
509012 512 0 24719941550373
509524 512 0 24719941829014
510036 512 0 24719942107655
510548 512 0 24719942386295
511060 512 0 24719942664936
511572 512 0 24719942943577
512084 512 0 24719943222218
512596 512 0 24719943500858
513108 512 0 24719943779499
513620 512 0 24719944058140
514132 512 0 24719944336780
514644 512 0 24719944615421
515156 512 0 24719944894062
515668 512 0 24719945172703
516180 512 0 24719945451343
516692 512 0 24719945729985
517204 512 0 24719946008625
517716 512 0 24719946287266
518228 512 0 24719946565907
518740 512 0 24719946844548
519252 512 0 24719947123188
519764 512 0 24719947401829
520276 512 0 24719947680470
520788 512 0 24719947959110
521300 512 0 24719948237751
521812 512 0 24719948516392
522324 512 0 24719948795033
522836 512 0 24719949073673
523348 512 0 24719949352314
523860 512 0 24719949630955
524372 512 0 24719949909595
524884 512 0 24719950188236
525396 512 0 24719950466876
525908 512 0 24719950745517
526420 512 0 24719951024158
526932 512 0 24719951302798
527444 512 0 24719951581439
527956 512 0 24719951860080
528468 512 0 24719952138721
528980 512 0 24719952417361
529492 512 0 24719952696002
530004 512 0 24719952974643
530516 512 0 24719953253283
531028 512 0 24719953531924
531540 512 0 24719953810565
532052 512 0 24719954089206
532564 512 0 24719954367846
533076 512 0 24719954646487
533588 512 0 24719954925127
534100 512 0 24719955203768
534612 512 0 24719955482409
535124 512 0 24719955761049
535636 512 0 24719956039690
536148 512 0 24719956318331
536660 512 0 24719956596972
537172 512 0 24719956875612
537684 512 0 24719957154253
538196 512 0 24719957432894
538708 512 0 24719957711534
539220 512 0 24719957990175
539732 512 0 24719958268816
540244 512 0 24719958547456
540756 512 0 24719958826097
541268 512 0 24719959104738
541780 512 0 24719959383378
542292 512 0 24719959662019
542804 512 0 24719959940660
543316 512 0 24719960219300
543828 512 0 24719960497941
544340 512 0 24719960776582
544852 512 0 24719961055222
545364 512 0 24719961333863
545876 512 0 24719961612504
546388 512 0 24719961891145
546900 512 0 24719962169785
547412 512 0 24719962448426
547924 512 0 24719962727067
548436 512 0 24719963005707
548948 512 0 24719963284348
549460 512 0 24719963562991
549972 512 0 24719963841631
550484 512 0 24719964120272
550996 512 0 24719964398913
551508 512 0 24719964677554
552020 512 0 24719964956194
552532 512 0 24719965234835
553044 512 0 24719965513476
553556 512 0 24719965792116
554068 512 0 24719966070757
554580 512 0 24719966349398
555092 512 0 24719966628039
555604 512 0 24719966906679
556116 512 0 24719967185320
556628 512 0 24719967463961
557140 512 0 24719967742601
557652 512 0 24719968021242
558164 512 0 24719968299882
558676 512 0 24719968578523
559188 512 0 24719968857164
559700 512 0 24719969135805
560212 512 0 24719969414445
560724 512 0 24719969693086
561236 512 0 24719969971727
561748 512 0 24719970250367
562260 512 0 24719970529008
562772 512 0 24719970807649
563284 512 0 24719971086290
563796 512 0 24719971364930
564308 512 0 24719971643571
564820 512 0 24719971922212
565332 512 0 24719972200852
565844 512 0 24719972479494
566356 512 0 24719972758134
566868 512 0 24719973036775
567380 512 0 24719973315416
567892 512 0 24719973594057
568404 512 0 24719973872697
568916 512 0 24719974151338
569428 512 0 24719974429979
569940 512 0 24719974708619
570452 512 0 24719974987260
570964 512 0 24719975265901
571476 512 0 24719975544542
571988 512 0 24719975823182
572500 512 0 24719976101823
573012 512 0 24719976380464
573524 512 0 24719976659104
574036 512 0 24719976937745
574548 512 0 24719977216385
575060 512 0 24719977495026
575572 512 0 24719977773667
576084 512 0 24719978052308
576596 512 0 24719978330948
577108 512 0 24719978609589
577620 512 0 24719978888230
578132 512 0 24719979166870
578644 512 0 24719979445511
579156 512 0 24719979724152
579668 512 0 24719980002793
580180 512 0 24719980281433
580692 512 0 24719980560074
581204 512 0 24719980838715
581716 512 0 24719981117355
582228 512 0 24719981395997
582740 512 0 24719981674637
583252 512 0 24719981953278
583764 512 0 24719982231919
584276 512 0 24719982510560
584788 512 0 24719982789200
585300 512 0 24719983067841
585812 512 0 24719983346482
586324 512 0 24719983625122
586836 512 0 24719983903763
587348 512 0 24719984182404
587860 512 0 24719984461045
588372 512 0 24719984739685
588884 512 0 24719985018326
589396 512 0 24719985296967
589908 512 0 24719985575607
590420 512 0 24719985854248
590932 512 0 24719986132888
591444 512 0 24719986411529
591956 512 0 24719986690170
592468 512 0 24719986968811
592980 512 0 24719987247451
593492 512 0 24719987526092
594004 512 0 24719987804733
594516 512 0 24719988083373
595028 512 0 24719988362014
595540 512 0 24719988640655
596052 512 0 24719988919296
596564 512 0 24719989197936
597076 512 0 24719989476577
597588 512 0 24719989755218
598100 512 0 24719990033858
598612 512 0 24719990312500
599124 512 0 24719990591140
599636 512 0 24719990869781
600148 512 0 24719991148422
600660 512 0 24719991427063
601172 512 0 24719991705703
601684 512 0 24719991984344
602196 512 0 24719992262985
602708 512 0 24719992541625
603220 512 0 24719992820266
603732 512 0 24719993098907
604244 512 0 24719993377548
604756 512 0 24719993656188
605268 512 0 24719993934829
605780 512 0 24719994213470
606292 512 0 24719994492111
606804 512 0 24719994770752
607316 512 0 24719995049392
607828 512 0 24719995328033
608340 512 0 24719995606674
608852 512 0 24719995885315
609364 512 0 24719996163955
609876 512 0 24719996442596
610388 512 0 24719996721237
610900 512 0 24719996999878
611412 512 0 24719997278518
611924 512 0 24719997557159
612436 512 0 24719997835800
612948 512 0 24719998114440
613460 512 0 24719998393081
613972 512 0 24719998671722
614484 512 0 24719998950363
614996 512 0 24719999229005
615508 512 0 24719999507646
616020 512 0 24719999786286
616532 512 0 24720000064927
617044 512 0 24720000343568
617556 512 0 24720000622209
618068 512 0 24720000900849
618580 512 0 24720001179490
619092 512 0 24720001458131
619604 512 0 24720001736772
620116 512 0 24720002015412
620628 512 0 24720002294053
621140 512 0 24720002572694
621652 512 0 24720002851334
622164 512 0 24720003129975
622676 512 0 24720003408616
623188 512 0 24720003687257
623700 512 0 24720003965898
624212 512 0 24720004244538
624724 512 0 24720004523179
625236 512 0 24720004801820
625748 512 0 24720005080461
626260 512 0 24720005359101
626772 512 0 24720005637742
627284 512 0 24720005916383
627796 512 0 24720006195024
628308 512 0 24720006473664
628820 512 0 24720006752305
629332 512 0 24720007030946
629844 512 0 24720007309586
630356 512 0 24720007588227
630868 512 0 24720007866868
631380 512 0 24720008145508
631892 512 0 24720008424149
632404 512 0 24720008702789
632916 512 0 24720008981430
633428 512 0 24720009260071
633940 512 0 24720009538712
634452 512 0 24720009817352
634964 512 0 24720010095993
635476 512 0 24720010374634
635988 512 0 24720010653274
636500 512 0 24720010931915
637012 512 0 24720011210556
637524 512 0 24720011489197
638036 512 0 24720011767837
638548 512 0 24720012046478
639060 512 0 24720012325119
639572 512 0 24720012603760
640084 512 0 24720012882401
640596 512 0 24720013161041
641108 512 0 24720013439682
641620 512 0 24720013718323
642132 512 0 24720013996964
642644 512 0 24720014275604
643156 512 0 24720014554245
643668 512 0 24720014832886
644180 512 0 24720015111526
644692 512 0 24720015390167
645204 512 0 24720015668808
645716 512 0 24720015947449
646228 512 0 24720016226089
646740 512 0 24720016504730
647252 512 0 24720016783371
647764 512 0 24720017062011
648276 512 0 24720017340652
648788 512 0 24720017619292
649300 512 0 24720017897933
649812 512 0 24720018176574
650324 512 0 24720018455214
650836 512 0 24720018733855
651348 512 0 24720019012496
651860 512 0 24720019291137
652372 512 0 24720019569777
652884 512 0 24720019848418
653396 512 0 24720020127059
653908 512 0 24720020405700
654420 512 0 24720020684340
654932 512 0 24720020962981
655444 512 0 24720021241622
655956 512 0 24720021520262
656468 512 0 24720021798902
656980 512 0 24720022077543
657492 512 0 24720022356184
658004 512 0 24720022634825
658516 512 0 24720022913465
659028 512 0 24720023192106
659540 512 0 24720023470747
660052 512 0 24720023749388
660564 512 0 24720024028028
661076 512 0 24720024306669
661588 512 0 24720024585310
662100 512 0 24720024863950
662612 512 0 24720025142591
663124 512 0 24720025421232
663636 512 0 24720025699873
664148 512 0 24720025978514
664660 512 0 24720026257155
665172 512 0 24720026535795
665684 512 0 24720026814436
666196 512 0 24720027093077
666708 512 0 24720027371717
667220 512 0 24720027650358
667732 512 0 24720027928999
668244 512 0 24720028207640
668756 512 0 24720028486280
669268 512 0 24720028764921
669780 512 0 24720029043562
670292 512 0 24720029322203
670804 512 0 24720029600843
671316 512 0 24720029879484
671828 512 0 24720030158125
672340 512 0 24720030436766
672852 512 0 24720030715407
673364 512 0 24720030994047
673876 512 0 24720031272688
674388 512 0 24720031551329
674900 512 0 24720031829970
675412 512 0 24720032108610
675924 512 0 24720032387251
676436 512 0 24720032665892
676948 512 0 24720032944532
677460 512 0 24720033223173
677972 512 0 24720033501814
678484 512 0 24720033780455
678996 512 0 24720034059095
679508 512 0 24720034337736
680020 512 0 24720034616377
680532 512 0 24720034895017
681044 512 0 24720035173658
681556 512 0 24720035452298
682068 512 0 24720035730939
682580 512 0 24720036009580
683092 512 0 24720036288220
683604 512 0 24720036566861
684116 512 0 24720036845502
684628 512 0 24720037124143
685140 512 0 24720037402783
685652 512 0 24720037681424
686164 512 0 24720037960065
686676 512 0 24720038238705
687188 512 0 24720038517346
687700 512 0 24720038795987
688212 512 0 24720039074628
688724 512 0 24720039353270
689236 512 0 24720039631911
689748 512 0 24720039910551
690260 512 0 24720040189192
690772 512 0 24720040467833
691284 512 0 24720040746474
691796 512 0 24720041025114
692308 512 0 24720041303755
692820 512 0 24720041582396
693332 512 0 24720041861037
693844 512 0 24720042139677
694356 512 0 24720042418318
694868 512 0 24720042696959
695380 512 0 24720042975599
695892 512 0 24720043254240
696404 512 0 24720043532881
696916 512 0 24720043811521
697428 512 0 24720044090162
697940 512 0 24720044368802
698452 512 0 24720044647443
698964 512 0 24720044926084
699476 512 0 24720045204725
699988 512 0 24720045483365
700500 512 0 24720045762006
701012 512 0 24720046040647
701524 512 0 24720046319287
702036 512 0 24720046597928
702548 512 0 24720046876569
703060 512 0 24720047155210
703572 512 0 24720047433850
704084 512 0 24720047712491
9340 512 0 24720064654770
9852 512 0 24720064910770
10364 512 0 24720065166770
10876 512 0 24720065422770
11388 512 0 24720065678770
11900 512 0 24720065934770
12412 512 0 24720066190770
12924 512 0 24720066446770
13436 512 0 24720066702770
13948 512 0 24720066958770
14460 512 0 24720067214770
14972 512 0 24720067470770
15484 512 0 24720067726770
15996 512 0 24720067982770
16508 512 0 24720068238770
17020 512 0 24720068494770
17532 512 0 24720068750770
18044 512 0 24720069006770
18556 512 0 24720069262770
19068 512 0 24720069518770
19580 512 0 24720069774770
20092 512 0 24720070030770
20604 512 0 24720070286770
21116 512 0 24720070542770
21628 512 0 24720070798770
22140 512 0 24720071054770
22652 512 0 24720071310770
23164 512 0 24720071566770
23676 512 0 24720071822770
24188 512 0 24720072078770
24700 512 0 24720072334770
25212 512 0 24720072590803
25724 512 0 24720072846803
26236 512 0 24720073102804
26748 512 0 24720073358805
27260 512 0 24720073614806
27772 512 0 24720073870807
28284 512 0 24720074126808
28796 512 0 24720074382808
29308 512 0 24720074638809
29820 512 0 24720074894810
30332 512 0 24720075150811
30844 512 0 24720075406812
31356 512 0 24720075662813
31868 512 0 24720075918814
32380 512 0 24720076174814
32892 512 0 24720076430815
33404 512 0 24720076686822
33916 512 0 24720076942823
34428 512 0 24720077198824
34940 512 0 24720077454825
35452 512 0 24720077710826
35964 512 0 24720077966827
36476 512 0 24720078222828
36988 512 0 24720078478829
37500 512 0 24720078734830
38012 512 0 24720078990831
38524 512 0 24720079246832
39036 512 0 24720079502833
39548 512 0 24720079758834
40060 512 0 24720080014835
40572 512 0 24720080270836
41084 512 0 24720080526837
41596 512 0 24720080782841
42108 512 0 24720081038842
42620 512 0 24720081294844
43132 512 0 24720081550845
43644 512 0 24720081806846
44156 512 0 24720082062847
44668 512 0 24720082318848
45180 512 0 24720082574849
45692 512 0 24720082830850
46204 512 0 24720083086851
46716 512 0 24720083342852
47228 512 0 24720083598853
47740 512 0 24720083854854
48252 512 0 24720084110855
48764 512 0 24720084366856
49276 512 0 24720084622857
49788 512 0 24720084878861
50300 512 0 24720085134863
50812 512 0 24720085390864
51324 512 0 24720085646865
51836 512 0 24720085902866
52348 512 0 24720086158867
52860 512 0 24720086414868
53372 512 0 24720086670869
53884 512 0 24720086926870
54396 512 0 24720087182872
54908 512 0 24720087438873
55420 512 0 24720087694874
55932 512 0 24720087950875
56444 512 0 24720088206876
56956 512 0 24720088462877
57468 512 0 24720088718878
57980 512 0 24720088974879
58492 512 0 24720089230881
59004 512 0 24720089486882
59516 512 0 24720089742883
60028 512 0 24720089998884
60540 512 0 24720090254885
61052 512 0 24720090510886
61564 512 0 24720090766887
62076 512 0 24720091022888
62588 512 0 24720091278890
63100 512 0 24720091534891
63612 512 0 24720091790892
64124 512 0 24720092046893
64636 512 0 24720092302894
65148 512 0 24720092558895
65660 512 0 24720092814896
66172 512 0 24720093070897
66684 512 0 24720093326899
67196 512 0 24720093582900
67708 512 0 24720093838901
68220 512 0 24720094094902
68732 512 0 24720094350903
69244 512 0 24720094606904
69756 512 0 24720094862905
70268 512 0 24720095118906
70780 512 0 24720095374908
71292 512 0 24720095630909
71804 512 0 24720095886910
72316 512 0 24720096142911
72828 512 0 24720096398912
73340 512 0 24720096654913
73852 512 0 24720096910914
74364 512 0 24720097166915
74876 512 0 24720097422918
75388 512 0 24720097678919
75900 512 0 24720097934920
76412 512 0 24720098190921
76924 512 0 24720098446922
77436 512 0 24720098702924
77948 512 0 24720098958925
78460 512 0 24720099214926
78972 512 0 24720099470927
79484 512 0 24720099726928
79996 512 0 24720099982929
80508 512 0 24720100238930
81020 512 0 24720100494932
81532 512 0 24720100750933
82044 512 0 24720101006934
82556 512 0 24720101262935
83068 512 0 24720101518936
83580 512 0 24720101774937
84092 512 0 24720102030938
84604 512 0 24720102286939
85116 512 0 24720102542940
85628 512 0 24720102798941
86140 512 0 24720103054943
86652 512 0 24720103310944
87164 512 0 24720103566945
87676 512 0 24720103822946
88188 512 0 24720104078947
88700 512 0 24720104334948
89212 512 0 24720104590949
89724 512 0 24720104846951
90236 512 0 24720105102952
90748 512 0 24720105358953
91260 512 0 24720105614954
91772 512 0 24720105870955
92284 512 0 24720106126956
92796 512 0 24720106382957
93308 512 0 24720106638958
93820 512 0 24720106894959
94332 512 0 24720107150960
94844 512 0 24720107406962
95356 512 0 24720107662963
95868 512 0 24720107918964
96380 512 0 24720108174965
96892 512 0 24720108430966
97404 512 0 24720108686967
97916 512 0 24720108942968
98428 512 0 24720109198970
98940 512 0 24720109454971
99452 512 0 24720109710972
99964 512 0 24720109966973
100476 512 0 24720110222974
100988 512 0 24720110478975
101500 512 0 24720110734976
102012 512 0 24720110990977
102524 512 0 24720111246978
103036 512 0 24720111502980
103548 512 0 24720111758981
104060 512 0 24720112014982
104572 512 0 24720112270983
105084 512 0 24720112526984
105596 512 0 24720112782985
106108 512 0 24720113038986
106620 512 0 24720113294987
107132 512 0 24720113550988
107644 512 0 24720113806990
108156 512 0 24720114062991
108668 512 0 24720114318992
109180 512 0 24720114574993
109692 512 0 24720114830994
110204 512 0 24720115086995
110716 512 0 24720115342996
111228 512 0 24720115598998
111740 512 0 24720115854999
112252 512 0 24720116111000
112764 512 0 24720116367001
113276 512 0 24720116623002
113788 512 0 24720116879003
114300 512 0 24720117135004
114812 512 0 24720117391005
115324 512 0 24720117647008
115836 512 0 24720117903009
116348 512 0 24720118159010
116860 512 0 24720118415011
117372 512 0 24720118671012
117884 512 0 24720118927013
118396 512 0 24720119183015
118908 512 0 24720119439016
119420 512 0 24720119695017
119932 512 0 24720119951018
120444 512 0 24720120207019
120956 512 0 24720120463020
121468 512 0 24720120719021
121980 512 0 24720120975023
122492 512 0 24720121231024
123004 512 0 24720121487025
123516 512 0 24720121743026
124028 512 0 24720121999027
124540 512 0 24720122255028
125052 512 0 24720122511029
125564 512 0 24720122767030
126076 512 0 24720123023031
126588 512 0 24720123279032
127100 512 0 24720123535034
127612 512 0 24720123791035
128124 512 0 24720124047036
128636 512 0 24720124303037
129148 512 0 24720124559038
129660 512 0 24720124815039
130172 512 0 24720125071040
130684 512 0 24720125327042
131196 512 0 24720125583043
131708 512 0 24720125839045
132220 512 0 24720126095046
132732 512 0 24720126351047
133244 512 0 24720126607048
133756 512 0 24720126863049
134268 512 0 24720127119051
134780 512 0 24720127375052
135292 512 0 24720127631053
135804 512 0 24720127887054
136316 512 0 24720128143055
136828 512 0 24720128399056
137340 512 0 24720128655058
137852 512 0 24720128911059
138364 512 0 24720129167060
138876 512 0 24720129423061
139388 512 0 24720129679062
139900 512 0 24720129935063
140412 512 0 24720130191064
140924 512 0 24720130447065
141436 512 0 24720130703066
141948 512 0 24720130959067
142460 512 0 24720131215069
142972 512 0 24720131471070
143484 512 0 24720131727071
143996 512 0 24720131983072
144508 512 0 24720132239073
145020 512 0 24720132495074
145532 512 0 24720132751075
146044 512 0 24720133007077
146556 512 0 24720133263078
147068 512 0 24720133519079
147580 512 0 24720133775080
148092 512 0 24720134031081
148604 512 0 24720134287082
149116 512 0 24720134543083
149628 512 0 24720134799084
150140 512 0 24720135055085
150652 512 0 24720135311087
151164 512 0 24720135567088
151676 512 0 24720135823089
152188 512 0 24720136079090
152700 512 0 24720136335091
153212 512 0 24720136591092
153724 512 0 24720136847093
154236 512 0 24720137103095
154748 512 0 24720137359096
155260 512 0 24720137615097
155772 512 0 24720137871098
156284 512 0 24720138127100
156796 512 0 24720138383101
157308 512 0 24720138639102
157820 512 0 24720138895103
158332 512 0 24720139151104
158844 512 0 24720139407106
159356 512 0 24720139663107
159868 512 0 24720139919108
160380 512 0 24720140175109
160892 512 0 24720140431110
161404 512 0 24720140687111
161916 512 0 24720140943112
162428 512 0 24720141199114
162940 512 0 24720141455115
163452 512 0 24720141711116
163964 512 0 24720141967117
164476 512 0 24720142223119
164988 512 0 24720142479120
165500 512 0 24720142735121
166012 512 0 24720142991122
166524 512 0 24720143247124
167036 512 0 24720143503125
167548 512 0 24720143759126
168060 512 0 24720144015127
168572 512 0 24720144271128
169084 512 0 24720144527129
169596 512 0 24720144783130
170108 512 0 24720145039132
170620 512 0 24720145295133
171132 512 0 24720145551134
171644 512 0 24720145807135
172156 512 0 24720146063136
172668 512 0 24720146319137
173180 512 0 24720146575138
173692 512 0 24720146831139
174204 512 0 24720147087140
174716 512 0 24720147343141
175228 512 0 24720147599143
175740 512 0 24720147855144
176252 512 0 24720148111145
176764 512 0 24720148367146
177276 512 0 24720148623147
177788 512 0 24720148879148
178300 512 0 24720149135150
178812 512 0 24720149391151
179324 512 0 24720149647152
179836 512 0 24720149903153
180348 512 0 24720150159154
180860 512 0 24720150415156
181372 512 0 24720150671157
181884 512 0 24720150927158
182396 512 0 24720151183159
182908 512 0 24720151439161
183420 512 0 24720151695162
183932 512 0 24720151951163
184444 512 0 24720152207164
184956 512 0 24720152463165
185468 512 0 24720152719166
185980 512 0 24720152975167
186492 512 0 24720153231169
187004 512 0 24720153487170
187516 512 0 24720153743171
188028 512 0 24720153999172
188540 512 0 24720154255173
189052 512 0 24720154511174
189564 512 0 24720154767175
190076 512 0 24720155023176
190588 512 0 24720155279177
191100 512 0 24720155535178
191612 512 0 24720155791180
192124 512 0 24720156047181
192636 512 0 24720156303182
193148 512 0 24720156559183
193660 512 0 24720156815184
194172 512 0 24720157071185
194684 512 0 24720157327187
195196 512 0 24720157583188
195708 512 0 24720157839189
196220 512 0 24720158095190
196732 512 0 24720158351191
197244 512 0 24720158607192
197756 512 0 24720158863193
198268 512 0 24720159119194
198780 512 0 24720159375195
199292 512 0 24720159631196
199804 512 0 24720159887198
200316 512 0 24720160143199
200828 512 0 24720160399200
201340 512 0 24720160655201
201852 512 0 24720160911202
202364 512 0 24720161167203
202876 512 0 24720161423204
203388 512 0 24720161679206
203900 512 0 24720161935207
204412 512 0 24720162191208
204924 512 0 24720162447209
205436 512 0 24720162703211
205948 512 0 24720162959212
206460 512 0 24720163215213
206972 512 0 24720163471214
207484 512 0 24720163727215
207996 512 0 24720163983217
208508 512 0 24720164239218
209020 512 0 24720164495219
209532 512 0 24720164751220
210044 512 0 24720165007221
210556 512 0 24720165263222
211068 512 0 24720165519224
211580 512 0 24720165775225
212092 512 0 24720166031226
212604 512 0 24720166287227
213116 512 0 24720166543228
213628 512 0 24720166799229
214140 512 0 24720167055230
214652 512 0 24720167311231
215164 512 0 24720167567232
215676 512 0 24720167823233
216188 512 0 24720168079235
216700 512 0 24720168335236
217212 512 0 24720168591237
217724 512 0 24720168847238
218236 512 0 24720169103239
218748 512 0 24720169359240
219260 512 0 24720169615241
219772 512 0 24720169871243
220284 512 0 24720170127244
220796 512 0 24720170383245
221308 512 0 24720170639246
221820 512 0 24720170895248
222332 512 0 24720171151249
222844 512 0 24720171407250
223356 512 0 24720171663251
223868 512 0 24720171919253
224380 512 0 24720172175254
224892 512 0 24720172431255
225404 512 0 24720172687256
225916 512 0 24720172943257
226428 512 0 24720173199258
226940 512 0 24720173455259
227452 512 0 24720173711261
227964 512 0 24720173967262
228476 512 0 24720174223263
228988 512 0 24720174479264
229500 512 0 24720174735265
230012 512 0 24720174991266
230524 512 0 24720175247267
231036 512 0 24720175503268
231548 512 0 24720175759269
232060 512 0 24720176015270
232572 512 0 24720176271272
233084 512 0 24720176527273
233596 512 0 24720176783274
234108 512 0 24720177039275
234620 512 0 24720177295276
235132 512 0 24720177551277
235644 512 0 24720177807279
236156 512 0 24720178063280
236668 512 0 24720178319281
237180 512 0 24720178575282
237692 512 0 24720178831283
238204 512 0 24720179087284
238716 512 0 24720179343285
239228 512 0 24720179599286
239740 512 0 24720179855287
240252 512 0 24720180111288
240764 512 0 24720180367290
241276 512 0 24720180623291
241788 512 0 24720180879292
242300 512 0 24720181135293
242812 512 0 24720181391294
243324 512 0 24720181647295
243836 512 0 24720181903296
244348 512 0 24720182159298
244860 512 0 24720182415299
245372 512 0 24720182671300
245884 512 0 24720182927301
246396 512 0 24720183183303
246908 512 0 24720183439304
247420 512 0 24720183695305
247932 512 0 24720183951306
248444 512 0 24720184207307
248956 512 0 24720184463309
249468 512 0 24720184719310
249980 512 0 24720184975311
250492 512 0 24720185231312
251004 512 0 24720185487313
251516 512 0 24720185743314
252028 512 0 24720185999316
252540 512 0 24720186255317
253052 512 0 24720186511318
253564 512 0 24720186767319
254076 512 0 24720187023320
254588 512 0 24720187279321
255100 512 0 24720187535322
255612 512 0 24720187791323
256124 512 0 24720188047324
256636 512 0 24720188303325
257148 512 0 24720188559327
257660 512 0 24720188815328
258172 512 0 24720189071329
258684 512 0 24720189327330
259196 512 0 24720189583331
259708 512 0 24720189839332
260220 512 0 24720190095333
260732 512 0 24720190351335
261244 512 0 24720190607336
261756 512 0 24720190863337
262268 512 0 24720191119338
262780 512 0 24720191375340
263292 512 0 24720191631341
263804 512 0 24720191887342
264316 512 0 24720192143343
264828 512 0 24720192399345
265340 512 0 24720192655346
265852 512 0 24720192911347
266364 512 0 24720193167348
266876 512 0 24720193423349
267388 512 0 24720193679350
267900 512 0 24720193935351
268412 512 0 24720194191353
268924 512 0 24720194447354
269436 512 0 24720194703355
269948 512 0 24720194959356
270460 512 0 24720195215357
270972 512 0 24720195471358
271484 512 0 24720195727359
271996 512 0 24720195983360
272508 512 0 24720196239361
273020 512 0 24720196495362
273532 512 0 24720196751364
274044 512 0 24720197007365
274556 512 0 24720197263366
275068 512 0 24720197519367
275580 512 0 24720197775368
276092 512 0 24720198031369
276604 512 0 24720198287370
277116 512 0 24720198543372
277628 512 0 24720198799373
278140 512 0 24720199055374
278652 512 0 24720199311375
279164 512 0 24720199567376
279676 512 0 24720199823377
280188 512 0 24720200079378
280700 512 0 24720200335379
281212 512 0 24720200591380
281724 512 0 24720200847382
282236 512 0 24720201103383
282748 512 0 24720201359384
283260 512 0 24720201615385
283772 512 0 24720201871386
284284 512 0 24720202127387
284796 512 0 24720202383388
285308 512 0 24720202639390
285820 512 0 24720202895391
286332 512 0 24720203151392
286844 512 0 24720203407393
287356 512 0 24720203663395
287868 512 0 24720203919396
288380 512 0 24720204175397
288892 512 0 24720204431398
289404 512 0 24720204687399
289916 512 0 24720204943401
290428 512 0 24720205199402
290940 512 0 24720205455403
291452 512 0 24720205711404
291964 512 0 24720205967405
292476 512 0 24720206223406
292988 512 0 24720206479408
293500 512 0 24720206735409
294012 512 0 24720206991410
294524 512 0 24720207247411
295036 512 0 24720207503412
295548 512 0 24720207759413
296060 512 0 24720208015414
296572 512 0 24720208271415
297084 512 0 24720208527416
297596 512 0 24720208783417
298108 512 0 24720209039419
298620 512 0 24720209295420
299132 512 0 24720209551421
299644 512 0 24720209807422
300156 512 0 24720210063423
300668 512 0 24720210319424
301180 512 0 24720210575425
301692 512 0 24720210831427
302204 512 0 24720211087428
302716 512 0 24720211343429
303228 512 0 24720211599430
303740 512 0 24720211855431
304252 512 0 24720212111432
304764 512 0 24720212367433
305276 512 0 24720212623434
305788 512 0 24720212879435
306300 512 0 24720213135437
306812 512 0 24720213391438
307324 512 0 24720213647439
307836 512 0 24720213903440
308348 512 0 24720214159441
308860 512 0 24720214415442
309372 512 0 24720214671443
309884 512 0 24720214927445
310396 512 0 24720215183446
310908 512 0 24720215439447
311420 512 0 24720215695448
311932 512 0 24720215951450
312444 512 0 24720216207451
312956 512 0 24720216463452
313468 512 0 24720216719453
313980 512 0 24720216975454
314492 512 0 24720217231456
315004 512 0 24720217487457
315516 512 0 24720217743458
316028 512 0 24720217999459
316540 512 0 24720218255460
317052 512 0 24720218511461
317564 512 0 24720218767463
318076 512 0 24720219023464
318588 512 0 24720219279465
319100 512 0 24720219535466
319612 512 0 24720219791467
320124 512 0 24720220047468
320636 512 0 24720220303469
321148 512 0 24720220559470
321660 512 0 24720220815471
322172 512 0 24720221071472
322684 512 0 24720221327474
323196 512 0 24720221583475
323708 512 0 24720221839476
324220 512 0 24720222095477
324732 512 0 24720222351478
325244 512 0 24720222607479
325756 512 0 24720222863480
326268 512 0 24720223119482
326780 512 0 24720223375483
327292 512 0 24720223631484
327804 512 0 24720223887485
328316 512 0 24720224143486
328828 512 0 24720224399487
329340 512 0 24720224655488
329852 512 0 24720224911489
330364 512 0 24720225167490
330876 512 0 24720225423491
331388 512 0 24720225679493
331900 512 0 24720225935494
332412 512 0 24720226191495
332924 512 0 24720226447496
333436 512 0 24720226703497
333948 512 0 24720226959498
334460 512 0 24720227215500
334972 512 0 24720227471501
335484 512 0 24720227727502
335996 512 0 24720227983503
336508 512 0 24720228239505
337020 512 0 24720228495506
337532 512 0 24720228751507
338044 512 0 24720229007508
338556 512 0 24720229263509
339068 512 0 24720229519511
339580 512 0 24720229775512
340092 512 0 24720230031513
340604 512 0 24720230287514
341116 512 0 24720230543515
341628 512 0 24720230799516
342140 512 0 24720231055517
342652 512 0 24720231311519
343164 512 0 24720231567520
343676 512 0 24720231823521
344188 512 0 24720232079522
344700 512 0 24720232335523
345212 512 0 24720232591524
345724 512 0 24720232847525
346236 512 0 24720233103526
346748 512 0 24720233359527
347260 512 0 24720233615529
347772 512 0 24720233871530
348284 512 0 24720234127531
348796 512 0 24720234383532
349308 512 0 24720234639533
349820 512 0 24720234895534
350332 512 0 24720235151535
350844 512 0 24720235407537
351356 512 0 24720235663538
351868 512 0 24720235919539
352380 512 0 24720236175540
352892 512 0 24720236431542
353404 512 0 24720236687543
353916 512 0 24720236943544
354428 512 0 24720237199545
354940 512 0 24720237455546
355452 512 0 24720237711548
355964 512 0 24720237967549
356476 512 0 24720238223550
356988 512 0 24720238479551
357500 512 0 24720238735552
358012 512 0 24720238991553
358524 512 0 24720239247555
359036 512 0 24720239503556
359548 512 0 24720239759557
360060 512 0 24720240015558
360572 512 0 24720240271559
361084 512 0 24720240527560
361596 512 0 24720240783561
362108 512 0 24720241039562
362620 512 0 24720241295563
363132 512 0 24720241551564
363644 512 0 24720241807566
364156 512 0 24720242063567
364668 512 0 24720242319568
365180 512 0 24720242575569
365692 512 0 24720242831570
366204 512 0 24720243087571
366716 512 0 24720243343572
367228 512 0 24720243599574
367740 512 0 24720243855575
368252 512 0 24720244111576
368764 512 0 24720244367577
369276 512 0 24720244623578
369788 512 0 24720244879579
370300 512 0 24720245135580
370812 512 0 24720245391581
371324 512 0 24720245647582
371836 512 0 24720245903584
372348 512 0 24720246159585
372860 512 0 24720246415586
373372 512 0 24720246671587
373884 512 0 24720246927588
374396 512 0 24720247183589
374908 512 0 24720247439590
375420 512 0 24720247695592
375932 512 0 24720247951593
376444 512 0 24720248207594
376956 512 0 24720248463595
377468 512 0 24720248719597
377980 512 0 24720248975598
378492 512 0 24720249231599
379004 512 0 24720249487600
379516 512 0 24720249743601
380028 512 0 24720249999603
380540 512 0 24720250255604
381052 512 0 24720250511605
381564 512 0 24720250767606
382076 512 0 24720251023607
382588 512 0 24720251279608
383100 512 0 24720251535609
383612 512 0 24720251791611
384124 512 0 24720252047612
384636 512 0 24720252303613
385148 512 0 24720252559614
385660 512 0 24720252815616
386172 512 0 24720253071617
386684 512 0 24720253327618
387196 512 0 24720253583619
387708 512 0 24720253839621
388220 512 0 24720254095622
388732 512 0 24720254351623
389244 512 0 24720254607624
389756 512 0 24720254863625
390268 512 0 24720255119626
390780 512 0 24720255375627
391292 512 0 24720255631629
391804 512 0 24720255887630
392316 512 0 24720256143631
392828 512 0 24720256399632
393340 512 0 24720256655633
393852 512 0 24720256911634
394364 512 0 24720257167635
394876 512 0 24720257423636
395388 512 0 24720257679637
395900 512 0 24720257935638
396412 512 0 24720258191640
396924 512 0 24720258447641
397436 512 0 24720258703642
397948 512 0 24720258959643
398460 512 0 24720259215644
398972 512 0 24720259471645
399484 512 0 24720259727647
399996 512 0 24720259983648
400508 512 0 24720260239649
401020 512 0 24720260495650
401532 512 0 24720260751651
402044 512 0 24720261007653
402556 512 0 24720261263654
403068 512 0 24720261519655
403580 512 0 24720261775656
404092 512 0 24720262031658
404604 512 0 24720262287659
405116 512 0 24720262543660
405628 512 0 24720262799661
406140 512 0 24720263055662
406652 512 0 24720263311663
407164 512 0 24720263567664
407676 512 0 24720263823666
408188 512 0 24720264079667
408700 512 0 24720264335668
409212 512 0 24720264591669
409724 512 0 24720264847670
410236 512 0 24720265103672
410748 512 0 24720265359673
411260 512 0 24720265615674
411772 512 0 24720265871675
412284 512 0 24720266127677
412796 512 0 24720266383678
413308 512 0 24720266639679
413820 512 0 24720266895680
414332 512 0 24720267151681
414844 512 0 24720267407682
415356 512 0 24720267663684
415868 512 0 24720267919685
416380 512 0 24720268175686
416892 512 0 24720268431687
417404 512 0 24720268687688
417916 512 0 24720268943689
418428 512 0 24720269199691
418940 512 0 24720269455692
419452 512 0 24720269711693
419964 512 0 24720269967695
420476 512 0 24720270223696
420988 512 0 24720270479697
421500 512 0 24720270735698
422012 512 0 24720270991699
422524 512 0 24720271247700
423036 512 0 24720271503701
423548 512 0 24720271759703
424060 512 0 24720272015704
424572 512 0 24720272271705
425084 512 0 24720272527706
425596 512 0 24720272783707
426108 512 0 24720273039708
426620 512 0 24720273295708
427132 512 0 24720273551709
427644 512 0 24720273807710
428156 512 0 24720274063711
428668 512 0 24720274319712
429180 512 0 24720274575714
429692 512 0 24720274831715
430204 512 0 24720275087716
430716 512 0 24720275343717
431228 512 0 24720275599718
431740 512 0 24720275855719
432252 512 0 24720276111721
432764 512 0 24720276367722
433276 512 0 24720276623723
433788 512 0 24720276879724
434300 512 0 24720277135725
434812 512 0 24720277391727
435324 512 0 24720277647728
435836 512 0 24720277903729
436348 512 0 24720278159730
436860 512 0 24720278415732
437372 512 0 24720278671733
437884 512 0 24720278927734
438396 512 0 24720279183735
438908 512 0 24720279439736
439420 512 0 24720279695737
439932 512 0 24720279951738
440444 512 0 24720280207740
440956 512 0 24720280463741
441468 512 0 24720280719742
441980 512 0 24720280975743
442492 512 0 24720281231744
443004 512 0 24720281487746
443516 512 0 24720281743747
444028 512 0 24720281999748
444540 512 0 24720282255749
445052 512 0 24720282511751
445564 512 0 24720282767752
446076 512 0 24720283023753
446588 512 0 24720283279754
447100 512 0 24720283535755
447612 512 0 24720283791756
448124 512 0 24720284047758
448636 512 0 24720284303759
449148 512 0 24720284559760
449660 512 0 24720284815761
450172 512 0 24720285071762
450684 512 0 24720285327763
451196 512 0 24720285583764
451708 512 0 24720285839765
452220 512 0 24720286095766
452732 512 0 24720286351767
453244 512 0 24720286607769
453756 512 0 24720286863770
454268 512 0 24720287119771
454780 512 0 24720287375772
455292 512 0 24720287631773
455804 512 0 24720287887774
456316 512 0 24720288143775
456828 512 0 24720288399777
457340 512 0 24720288655778
457852 512 0 24720288911779
458364 512 0 24720289167780
458876 512 0 24720289423781
459388 512 0 24720289679783
459900 512 0 24720289935784
460412 512 0 24720290191785
460924 512 0 24720290447786
461436 512 0 24720290703788
461948 512 0 24720290959789
462460 512 0 24720291215790
462972 512 0 24720291471791
463484 512 0 24720291727792
463996 512 0 24720291983793
464508 512 0 24720292239795
465020 512 0 24720292495796
465532 512 0 24720292751797
466044 512 0 24720293007798
466556 512 0 24720293263799
467068 512 0 24720293519800
467580 512 0 24720293775801
468092 512 0 24720294031802
468604 512 0 24720294287803
469116 512 0 24720294543804
469628 512 0 24720294799806
470140 512 0 24720295055807
470652 512 0 24720295311808
471164 512 0 24720295567809
471676 512 0 24720295823810
472188 512 0 24720296079811
472700 512 0 24720296335812
473212 512 0 24720296591814
473724 512 0 24720296847815
474236 512 0 24720297103816
474748 512 0 24720297359817
475260 512 0 24720297615818
475772 512 0 24720297871820
476284 512 0 24720298127821
476796 512 0 24720298383822
477308 512 0 24720298639823
477820 512 0 24720298895825
478332 512 0 24720299151826
478844 512 0 24720299407827
479356 512 0 24720299663828
479868 512 0 24720299919829
480380 512 0 24720300175830
480892 512 0 24720300431832
481404 512 0 24720300687833
481916 512 0 24720300943834
482428 512 0 24720301199835
482940 512 0 24720301455836
483452 512 0 24720301711837
483964 512 0 24720301967838
484476 512 0 24720302223839
484988 512 0 24720302479840
485500 512 0 24720302735841
486012 512 0 24720302991843
486524 512 0 24720303247844
487036 512 0 24720303503845
487548 512 0 24720303759846
488060 512 0 24720304015847
488572 512 0 24720304271848
489084 512 0 24720304527849
489596 512 0 24720304783851
490108 512 0 24720305039852
490620 512 0 24720305295853
491132 512 0 24720305551854
491644 512 0 24720305807855
492156 512 0 24720306063857
492668 512 0 24720306319858
493180 512 0 24720306575859
493692 512 0 24720306831860
494204 512 0 24720307087862
494716 512 0 24720307343863
495228 512 0 24720307599864
495740 512 0 24720307855865
496252 512 0 24720308111866
496764 512 0 24720308367867
497276 512 0 24720308623869
497788 512 0 24720308879870
498300 512 0 24720309135871
498812 512 0 24720309391872
499324 512 0 24720309647873
499836 512 0 24720309903874
500348 512 0 24720310159875
500860 512 0 24720310415876
501372 512 0 24720310671877
501884 512 0 24720310927878
502396 512 0 24720311183880
502908 512 0 24720311439881
503420 512 0 24720311695882
503932 512 0 24720311951883
504444 512 0 24720312207884
504956 512 0 24720312463885
505468 512 0 24720312719886
505980 512 0 24720312975888
506492 512 0 24720313231889
507004 512 0 24720313487890
507516 512 0 24720313743891
508028 512 0 24720313999892
508540 512 0 24720314255894
509052 512 0 24720314511895
509564 512 0 24720314767896
510076 512 0 24720315023897
510588 512 0 24720315279899
511100 512 0 24720315535900
511612 512 0 24720315791901
512124 512 0 24720316047902
512636 512 0 24720316303903
513148 512 0 24720316559904
513660 512 0 24720316815906
514172 512 0 24720317071907
514684 512 0 24720317327908
515196 512 0 24720317583909
515708 512 0 24720317839910
516220 512 0 24720318095911
516732 512 0 24720318351912
517244 512 0 24720318607913
517756 512 0 24720318863914
518268 512 0 24720319119915
518780 512 0 24720319375917
519292 512 0 24720319631918
519804 512 0 24720319887919
520316 512 0 24720320143920
520828 512 0 24720320399921
521340 512 0 24720320655922
521852 512 0 24720320911923
522364 512 0 24720321167925
522876 512 0 24720321423926
523388 512 0 24720321679927
523900 512 0 24720321935928
524412 512 0 24720322191929
524924 512 0 24720322447932
525436 512 0 24720322703933
525948 512 0 24720322959934
526460 512 0 24720323215936
526972 512 0 24720323471937
527484 512 0 24720323727938
527996 512 0 24720323983939
528508 512 0 24720324239940
529020 512 0 24720324495941
529532 512 0 24720324751943
530044 512 0 24720325007944
530556 512 0 24720325263945
531068 512 0 24720325519946
531580 512 0 24720325775947
532092 512 0 24720326031948
532604 512 0 24720326287950
533116 512 0 24720326543950
533628 512 0 24720326799951
534140 512 0 24720327055952
534652 512 0 24720327311953
535164 512 0 24720327567955
535676 512 0 24720327823956
536188 512 0 24720328079957
536700 512 0 24720328335958
537212 512 0 24720328591959
537724 512 0 24720328847960
538236 512 0 24720329103962
538748 512 0 24720329359963
539260 512 0 24720329615964
539772 512 0 24720329871965
540284 512 0 24720330127966
540796 512 0 24720330383967
541308 512 0 24720330639969
541820 512 0 24720330895970
542332 512 0 24720331151971
542844 512 0 24720331407973
543356 512 0 24720331663974
543868 512 0 24720331919975
544380 512 0 24720332175976
544892 512 0 24720332431977
545404 512 0 24720332687978
545916 512 0 24720332943980
546428 512 0 24720333199981
546940 512 0 24720333455982
547452 512 0 24720333711983
547964 512 0 24720333967984
548476 512 0 24720334223985
548988 512 0 24720334479986
549500 512 0 24720334735988
550012 512 0 24720334991989
550524 512 0 24720335247990
551036 512 0 24720335503992
551548 512 0 24720335759993
552060 512 0 24720336015994
552572 512 0 24720336271995
553084 512 0 24720336527996
553596 512 0 24720336783997
554108 512 0 24720337039999
554620 512 0 24720337296000
555132 512 0 24720337552001
555644 512 0 24720337808002
556156 512 0 24720338064003
556668 512 0 24720338320004
557180 512 0 24720338576006
557692 512 0 24720338832007
558204 512 0 24720339088008
558716 512 0 24720339344009
559228 512 0 24720339600011
559740 512 0 24720339856012
560252 512 0 24720340112013
560764 512 0 24720340368014
561276 512 0 24720340624015
561788 512 0 24720340880016
562300 512 0 24720341136018
562812 512 0 24720341392019
563324 512 0 24720341648020
563836 512 0 24720341904021
564348 512 0 24720342160022
564860 512 0 24720342416023
565372 512 0 24720342672025
565884 512 0 24720342928027
566396 512 0 24720343184028
566908 512 0 24720343440030
567420 512 0 24720343696031
567932 512 0 24720343952032
568444 512 0 24720344208033
568956 512 0 24720344464034
569468 512 0 24720344720036
569980 512 0 24720344976037
570492 512 0 24720345232038
571004 512 0 24720345488039
571516 512 0 24720345744040
572028 512 0 24720346000041
572540 512 0 24720346256043
573052 512 0 24720346512044
573564 512 0 24720346768045
574076 512 0 24720347024045
574588 512 0 24720347280046
575100 512 0 24720347536048
575612 512 0 24720347792049
576124 512 0 24720348048050
576636 512 0 24720348304051
577148 512 0 24720348560052
577660 512 0 24720348816053
578172 512 0 24720349072055
578684 512 0 24720349328056
579196 512 0 24720349584057
579708 512 0 24720349840058
580220 512 0 24720350096059
580732 512 0 24720350352060
581244 512 0 24720350608062
581756 512 0 24720350864063
582268 512 0 24720351120064
582780 512 0 24720351376065
583292 512 0 24720351632067
583804 512 0 24720351888068
584316 512 0 24720352144069
584828 512 0 24720352400070
585340 512 0 24720352656071
585852 512 0 24720352912072
586364 512 0 24720353168074
586876 512 0 24720353424075
587388 512 0 24720353680076
587900 512 0 24720353936077
588412 512 0 24720354192078
588924 512 0 24720354448079
589436 512 0 24720354704081
589948 512 0 24720354960082
590460 512 0 24720355216083
590972 512 0 24720355472084
591484 512 0 24720355728086
591996 512 0 24720355984087
592508 512 0 24720356240088
593020 512 0 24720356496089
593532 512 0 24720356752090
594044 512 0 24720357008091
594556 512 0 24720357264093
595068 512 0 24720357520094
595580 512 0 24720357776095
596092 512 0 24720358032096
596604 512 0 24720358288097
597116 512 0 24720358544099
597628 512 0 24720358800100
598140 512 0 24720359056101
598652 512 0 24720359312101
599164 512 0 24720359568102
599676 512 0 24720359824103
600188 512 0 24720360080105
600700 512 0 24720360336106
601212 512 0 24720360592107
601724 512 0 24720360848108
602236 512 0 24720361104109
602748 512 0 24720361360111
603260 512 0 24720361616112
603772 512 0 24720361872113
604284 512 0 24720362128114
604796 512 0 24720362384115
605308 512 0 24720362640116
605820 512 0 24720362896118
606332 512 0 24720363152119
606844 512 0 24720363408120
607356 512 0 24720363664121
607868 512 0 24720363920123
608380 512 0 24720364176124
608892 512 0 24720364432125
609404 512 0 24720364688126
609916 512 0 24720364944127
610428 512 0 24720365200128
610940 512 0 24720365456130
611452 512 0 24720365712131
611964 512 0 24720365968132
612476 512 0 24720366224133
612988 512 0 24720366480134
613500 512 0 24720366736135
614012 512 0 24720366992137
614524 512 0 24720367248138
615036 512 0 24720367504140
615548 512 0 24720367760142
616060 512 0 24720368016143
616572 512 0 24720368272144
617084 512 0 24720368528145
617596 512 0 24720368784146
618108 512 0 24720369040147
618620 512 0 24720369296149
619132 512 0 24720369552150
619644 512 0 24720369808151
620156 512 0 24720370064152
620668 512 0 24720370320153
621180 512 0 24720370576154
621692 512 0 24720370832156
622204 512 0 24720371088157
622716 512 0 24720371344158
623228 512 0 24720371600158
623740 512 0 24720371856159
624252 512 0 24720372112161
624764 512 0 24720372368162
625276 512 0 24720372624163
625788 512 0 24720372880164
626300 512 0 24720373136165
626812 512 0 24720373392166
627324 512 0 24720373648168
627836 512 0 24720373904169
628348 512 0 24720374160170
628860 512 0 24720374416171
629372 512 0 24720374672172
629884 512 0 24720374928173
630396 512 0 24720375184175
630908 512 0 24720375440176
631420 512 0 24720375696177
631932 512 0 24720375952178
632444 512 0 24720376208180
632956 512 0 24720376464181
633468 512 0 24720376720182
633980 512 0 24720376976183
634492 512 0 24720377232184
635004 512 0 24720377488185
635516 512 0 24720377744187
636028 512 0 24720378000188
636540 512 0 24720378256189
637052 512 0 24720378512190
637564 512 0 24720378768191
638076 512 0 24720379024193
638588 512 0 24720379280194
639100 512 0 24720379536195
639612 512 0 24720379792195
640124 512 0 24720380048196
640636 512 0 24720380304198
641148 512 0 24720380560199
641660 512 0 24720380816200
642172 512 0 24720381072201
642684 512 0 24720381328202
643196 512 0 24720381584203
643708 512 0 24720381840205
644220 512 0 24720382096206
644732 512 0 24720382352207
645244 512 0 24720382608208
645756 512 0 24720382864209
646268 512 0 24720383120210
646780 512 0 24720383376212
647292 512 0 24720383632213
647804 512 0 24720383888214
648316 512 0 24720384144215
648828 512 0 24720384400217
649340 512 0 24720384656218
649852 512 0 24720384912219
650364 512 0 24720385168220
650876 512 0 24720385424221
651388 512 0 24720385680222
651900 512 0 24720385936224
652412 512 0 24720386192225
652924 512 0 24720386448226
653436 512 0 24720386704227
653948 512 0 24720386960228
654460 512 0 24720387216229
654972 512 0 24720387472231
655484 512 0 24720387728232
655996 512 0 24720387984234
656508 512 0 24720388240236
657020 512 0 24720388496237
657532 512 0 24720388752238
658044 512 0 24720389008239
658556 512 0 24720389264240
659068 512 0 24720389520241
659580 512 0 24720389776243
660092 512 0 24720390032244
660604 512 0 24720390288245
661116 512 0 24720390544246
661628 512 0 24720390800247
662140 512 0 24720391056248
662652 512 0 24720391312250
663164 512 0 24720391568251
663676 512 0 24720391824252
664188 512 0 24720392080252
664700 512 0 24720392336253
665212 512 0 24720392592255
665724 512 0 24720392848256
666236 512 0 24720393104257
666748 512 0 24720393360258
667260 512 0 24720393616259
667772 512 0 24720393872260
668284 512 0 24720394128262
668796 512 0 24720394384263
669308 512 0 24720394640264
669820 512 0 24720394896265
670332 512 0 24720395152266
670844 512 0 24720395408268
671356 512 0 24720395664269
671868 512 0 24720395920270
672380 512 0 24720396176271
672892 512 0 24720396432272
673404 512 0 24720396688274
673916 512 0 24720396944275
674428 512 0 24720397200276
674940 512 0 24720397456277
675452 512 0 24720397712278
675964 512 0 24720397968279
676476 512 0 24720398224281
676988 512 0 24720398480282
677500 512 0 24720398736283
678012 512 0 24720398992284
678524 512 0 24720399248285
679036 512 0 24720399504287
679548 512 0 24720399760288
680060 512 0 24720400016289
680572 512 0 24720400272290
681084 512 0 24720400528291
681596 512 0 24720400784293
682108 512 0 24720401040294
682620 512 0 24720401296295
683132 512 0 24720401552296
683644 512 0 24720401808297
684156 512 0 24720402064299
684668 512 0 24720402320300
685180 512 0 24720402576301
685692 512 0 24720402832302
686204 512 0 24720403088303
686716 512 0 24720403344304
687228 512 0 24720403600306
687740 512 0 24720403856307
688252 512 0 24720404112308
688764 512 0 24720404368309
689276 512 0 24720404624310
689788 512 0 24720404880312
690300 512 0 24720405136313
690812 512 0 24720405392314
691324 512 0 24720405648315
691836 512 0 24720405904316
692348 512 0 24720406160318
692860 512 0 24720406416319
693372 512 0 24720406672320
693884 512 0 24720406928321
694396 512 0 24720407184322
694908 512 0 24720407440323
695420 512 0 24720407696325
695932 512 0 24720407952326
696444 512 0 24720408208327
696956 512 0 24720408464327
697468 512 0 24720408720328
697980 512 0 24720408976330
698492 512 0 24720409232331
699004 512 0 24720409488332
699516 512 0 24720409744333
700028 512 0 24720410000334
700540 512 0 24720410256335
701052 512 0 24720410512337
701564 512 0 24720410768338
702076 512 0 24720411024339
702588 512 0 24720411280340
703100 512 0 24720411536341
703612 512 0 24720411792342
704124 512 0 24720412048344
704636 512 0 24720412304345
705148 512 0 24720412560346
705660 512 0 24720412816347
706172 512 0 24720413072349
706684 512 0 24720413328350
707196 512 0 24720413584351
707708 512 0 24720413840352
708220 512 0 24720414096353
708732 512 0 24720414352354
709244 512 0 24720414608356
709756 512 0 24720414864357
710268 512 0 24720415120358
710780 512 0 24720415376359
711292 512 0 24720415632360
711804 512 0 24720415888362
712316 512 0 24720416144363
712828 512 0 24720416400364
713340 512 0 24720416656364
713852 512 0 24720416912365
714364 512 0 24720417168366
714876 512 0 24720417424368
715388 512 0 24720417680369
715900 512 0 24720417936370
716412 512 0 24720418192371
716924 512 0 24720418448372
717436 512 0 24720418704374
717948 512 0 24720418960375
718460 512 0 24720419216376
718972 512 0 24720419472377
719484 512 0 24720419728378
719996 512 0 24720419984379
720508 512 0 24720420240381
721020 512 0 24720420496382
721532 512 0 24720420752382
722044 512 0 24720421008383
722556 512 0 24720421264384
723068 512 0 24720421520386
723580 512 0 24720421776387
724092 512 0 24720422032388
724604 512 0 24720422288389
725116 512 0 24720422544390
725628 512 0 24720422800391
726140 512 0 24720423056393
726652 512 0 24720423312394
727164 512 0 24720423568395
727676 512 0 24720423824396
728188 512 0 24720424080397
728700 512 0 24720424336398
729212 512 0 24720424592400
729724 512 0 24720424848400
730236 512 0 24720425104401
730748 512 0 24720425360402
731260 512 0 24720425616403
731772 512 0 24720425872405
732284 512 0 24720426128406
732796 512 0 24720426384407
733308 512 0 24720426640408
733820 512 0 24720426896409
734332 512 0 24720427152410
734844 512 0 24720427408412
735356 512 0 24720427664413
735868 512 0 24720427920414
736380 512 0 24720428176415
736892 512 0 24720428432416
737404 512 0 24720428688417
737916 512 0 24720428944419
738428 512 0 24720429200420
738940 512 0 24720429456421
739452 512 0 24720429712423
739964 512 0 24720429968424
740476 512 0 24720430224425
740988 512 0 24720430480426
741500 512 0 24720430736427
742012 512 0 24720430992428
742524 512 0 24720431248430
743036 512 0 24720431504431
743548 512 0 24720431760432
744060 512 0 24720432016433
744572 512 0 24720432272434
745084 512 0 24720432528435
745596 512 0 24720432784437
746108 512 0 24720433040437
746620 512 0 24720433296438
747132 512 0 24720433552439
747644 512 0 24720433808440
748156 512 0 24720434064442
748668 512 0 24720434320443
749180 512 0 24720434576444
749692 512 0 24720434832445
750204 512 0 24720435088446
750716 512 0 24720435344447
751228 512 0 24720435600449
751740 512 0 24720435856450
752252 512 0 24720436112451
752764 512 0 24720436368452
753276 512 0 24720436624453
753788 512 0 24720436880454
754300 512 0 24720437136456
754812 512 0 24720437392457
755324 512 0 24720437648458
755836 512 0 24720437904460
756348 512 0 24720438160461
756860 512 0 24720438416462
757372 512 0 24720438672463
757884 512 0 24720438928464
758396 512 0 24720439184465
758908 512 0 24720439440467
759420 512 0 24720439696468
759932 512 0 24720439952469
760444 512 0 24720440208470
760956 512 0 24720440464471
761468 512 0 24720440720472
761980 512 0 24720440976473
762492 512 0 24720441232480
763004 512 0 24720441488481
763516 512 0 24720441744482
764028 512 0 24720442000483
764540 512 0 24720442256484
765052 512 0 24720442512485
765564 512 0 24720442768487
766076 512 0 24720443024488
766588 512 0 24720443280489
767100 512 0 24720443536490
767612 512 0 24720443792491
768124 512 0 24720444048493
768636 512 0 24720444304494
769148 512 0 24720444560495
769660 512 0 24720444816496
770172 512 0 24720445072497
770684 512 0 24720445328497
771196 512 0 24720445584499
771708 512 0 24720445840500
772220 512 0 24720446096501
772732 512 0 24720446352502
773244 512 0 24720446608503
773756 512 0 24720446864505
774268 512 0 24720447120506
774780 512 0 24720447376507
775292 512 0 24720447632508
775804 512 0 24720447888509
776316 512 0 24720448144510
776828 512 0 24720448400512
777340 512 0 24720448656513
777852 512 0 24720448912514
778364 512 0 24720449168515
778876 512 0 24720449424518
779388 512 0 24720449680519
779900 512 0 24720449936520
780412 512 0 24720450192521
780924 512 0 24720450448522
781436 512 0 24720450704523
781948 512 0 24720450960525
782460 512 0 24720451216526
782972 512 0 24720451472527
783484 512 0 24720451728528
783996 512 0 24720451984529
784508 512 0 24720452240531
785020 512 0 24720452496532
785532 512 0 24720452752533
786044 512 0 24720453008534
786556 512 0 24720453264535
787412 512 0 24720453692537
9316 512 0 24720470679113
9828 512 0 24720470957752
10340 512 0 24720471236392
10852 512 0 24720471515031
11364 512 0 24720471793670
11876 512 0 24720472072310
12388 512 0 24720472350949
12900 512 0 24720472629589
13412 512 0 24720472908228
13924 512 0 24720473186868
14436 512 0 24720473465507
14948 512 0 24720473744146
15460 512 0 24720474022786
15972 512 0 24720474301425
16484 512 0 24720474580065
16996 512 0 24720474858704
17508 512 0 24720475137344
18020 512 0 24720475415983
18532 512 0 24720475694623
19044 512 0 24720475973262
19556 512 0 24720476251901
20068 512 0 24720476530541
20580 512 0 24720476809180
21092 512 0 24720477087820
21604 512 0 24720477366459
22116 512 0 24720477645099
22628 512 0 24720477923738
23140 512 0 24720478202377
23652 512 0 24720478481017
24164 512 0 24720478759656
24676 512 0 24720479038296
25188 512 0 24720479316946
25700 512 0 24720479595586
26212 512 0 24720479874225
26724 512 0 24720480152865
27236 512 0 24720480431505
27748 512 0 24720480710145
28260 512 0 24720480988784
28772 512 0 24720481267424
29284 512 0 24720481546064
29796 512 0 24720481824704
30308 512 0 24720482103343
30820 512 0 24720482381983
31332 512 0 24720482660623
31844 512 0 24720482939262
32356 512 0 24720483217902
32868 512 0 24720483496542
33380 512 0 24720483775204
33892 512 0 24720484053844
34404 512 0 24720484332485
34916 512 0 24720484611125
35428 512 0 24720484889765
35940 512 0 24720485168406
36452 512 0 24720485447046
36964 512 0 24720485725686
37476 512 0 24720486004327
37988 512 0 24720486282967
38500 512 0 24720486561607
39012 512 0 24720486840247
39524 512 0 24720487118888
40036 512 0 24720487397528
40548 512 0 24720487676168
41060 512 0 24720487954809
41572 512 0 24720488233458
42084 512 0 24720488512099
42596 512 0 24720488790739
43108 512 0 24720489069380
43620 512 0 24720489348020
44132 512 0 24720489626661
44644 512 0 24720489905301
45156 512 0 24720490183942
45668 512 0 24720490462582
46180 512 0 24720490741223
46692 512 0 24720491019863
47204 512 0 24720491298504
47716 512 0 24720491577144
48228 512 0 24720491855785
48740 512 0 24720492134425
49252 512 0 24720492413066
49764 512 0 24720492691711
50276 512 0 24720492970352
50788 512 0 24720493248992
51300 512 0 24720493527633
51812 512 0 24720493806273
52324 512 0 24720494084914
52836 512 0 24720494363555
53348 512 0 24720494642195
53860 512 0 24720494920836
54372 512 0 24720495199476
54884 512 0 24720495478117
55396 512 0 24720495756758
55908 512 0 24720496035398
56420 512 0 24720496314039
56932 512 0 24720496592679
57444 512 0 24720496871320
57956 512 0 24720497149963
58468 512 0 24720497428604
58980 512 0 24720497707244
59492 512 0 24720497985885
60004 512 0 24720498264525
60516 512 0 24720498543166
61028 512 0 24720498821807
61540 512 0 24720499100447
62052 512 0 24720499379088
62564 512 0 24720499657729
63076 512 0 24720499936369
63588 512 0 24720500215010
64100 512 0 24720500493651
64612 512 0 24720500772291
65124 512 0 24720501050932
65636 512 0 24720501329572
66148 512 0 24720501608213
66660 512 0 24720501886853
67172 512 0 24720502165494
67684 512 0 24720502444135
68196 512 0 24720502722775
68708 512 0 24720503001416
69220 512 0 24720503280057
69732 512 0 24720503558697
70244 512 0 24720503837338
70756 512 0 24720504115978
71268 512 0 24720504394619
71780 512 0 24720504673260
72292 512 0 24720504951900
72804 512 0 24720505230541
73316 512 0 24720505509182
73828 512 0 24720505787822
74340 512 0 24720506066464
74852 512 0 24720506345105
75364 512 0 24720506623745
75876 512 0 24720506902386
76388 512 0 24720507181027
76900 512 0 24720507459667
77412 512 0 24720507738308
77924 512 0 24720508016949
78436 512 0 24720508295589
78948 512 0 24720508574230
79460 512 0 24720508852870
79972 512 0 24720509131511
80484 512 0 24720509410152
80996 512 0 24720509688792
81508 512 0 24720509967433
82020 512 0 24720510246074
82532 512 0 24720510524715
83044 512 0 24720510803356
83556 512 0 24720511081996
84068 512 0 24720511360637
84580 512 0 24720511639278
85092 512 0 24720511917918
85604 512 0 24720512196559
86116 512 0 24720512475200
86628 512 0 24720512753840
87140 512 0 24720513032481
87652 512 0 24720513311122
88164 512 0 24720513589762
88676 512 0 24720513868403
89188 512 0 24720514147044
89700 512 0 24720514425684
90212 512 0 24720514704325
90724 512 0 24720514982966
91236 512 0 24720515261607
91748 512 0 24720515540248
92260 512 0 24720515818888
92772 512 0 24720516097529
93284 512 0 24720516376170
93796 512 0 24720516654810
94308 512 0 24720516933451
94820 512 0 24720517212092
95332 512 0 24720517490732
95844 512 0 24720517769373
96356 512 0 24720518048014
96868 512 0 24720518326654
97380 512 0 24720518605295
97892 512 0 24720518883936
98404 512 0 24720519162576
98916 512 0 24720519441217
99428 512 0 24720519719858
99940 512 0 24720519998499
100452 512 0 24720520277139
100964 512 0 24720520555780
101476 512 0 24720520834421
101988 512 0 24720521113061
102500 512 0 24720521391702
103012 512 0 24720521670343
103524 512 0 24720521948983
104036 512 0 24720522227624
104548 512 0 24720522506265
105060 512 0 24720522784905
105572 512 0 24720523063546
106084 512 0 24720523342187
106596 512 0 24720523620827
107108 512 0 24720523899468
107620 512 0 24720524178109
108132 512 0 24720524456750
108644 512 0 24720524735390
109156 512 0 24720525014031
109668 512 0 24720525292672
110180 512 0 24720525571313
110692 512 0 24720525849953
111204 512 0 24720526128594
111716 512 0 24720526407235
112228 512 0 24720526685875
112740 512 0 24720526964516
113252 512 0 24720527243157
113764 512 0 24720527521797
114276 512 0 24720527800438
114788 512 0 24720528079079
115300 512 0 24720528357720
115812 512 0 24720528636360
116324 512 0 24720528915001
116836 512 0 24720529193642
117348 512 0 24720529472282
117860 512 0 24720529750923
118372 512 0 24720530029564
118884 512 0 24720530308204
119396 512 0 24720530586845
119908 512 0 24720530865486
120420 512 0 24720531144126
120932 512 0 24720531422767
121444 512 0 24720531701408
121956 512 0 24720531980048
122468 512 0 24720532258689
122980 512 0 24720532537330
123492 512 0 24720532815969
124004 512 0 24720533094610
124516 512 0 24720533373251
125028 512 0 24720533651891
125540 512 0 24720533930532
126052 512 0 24720534209173
126564 512 0 24720534487813
127076 512 0 24720534766454
127588 512 0 24720535045095
128100 512 0 24720535323735
128612 512 0 24720535602376
129124 512 0 24720535881017
129636 512 0 24720536159657
130148 512 0 24720536438298
130660 512 0 24720536716939
131172 512 0 24720536995579
131684 512 0 24720537274222
132196 512 0 24720537552862
132708 512 0 24720537831503
133220 512 0 24720538110144
133732 512 0 24720538388784
134244 512 0 24720538667425
134756 512 0 24720538946066
135268 512 0 24720539224706
135780 512 0 24720539503347
136292 512 0 24720539781988
136804 512 0 24720540060629
137316 512 0 24720540339269
137828 512 0 24720540617910
138340 512 0 24720540896551
138852 512 0 24720541175191
139364 512 0 24720541453832
139876 512 0 24720541732472
140388 512 0 24720542011112
140900 512 0 24720542289753
141412 512 0 24720542568394
141924 512 0 24720542847034
142436 512 0 24720543125675
142948 512 0 24720543404316
143460 512 0 24720543682956
143972 512 0 24720543961597
144484 512 0 24720544240238
144996 512 0 24720544518878
145508 512 0 24720544797519
146020 512 0 24720545076160
146532 512 0 24720545354800
147044 512 0 24720545633441
147556 512 0 24720545912082
148068 512 0 24720546190723
148580 512 0 24720546469363
149092 512 0 24720546748004
149604 512 0 24720547026645
150116 512 0 24720547305285
150628 512 0 24720547583926
151140 512 0 24720547862567
151652 512 0 24720548141207
152164 512 0 24720548419848
152676 512 0 24720548698489
153188 512 0 24720548977129
153700 512 0 24720549255770
154212 512 0 24720549534411
154724 512 0 24720549813051
155236 512 0 24720550091692
155748 512 0 24720550370333
156260 512 0 24720550648974
156772 512 0 24720550927614
157284 512 0 24720551206255
157796 512 0 24720551484896
158308 512 0 24720551763536
158820 512 0 24720552042177
159332 512 0 24720552320818
159844 512 0 24720552599458
160356 512 0 24720552878099
160868 512 0 24720553156740
161380 512 0 24720553435380
161892 512 0 24720553714021
162404 512 0 24720553992662
162916 512 0 24720554271302
163428 512 0 24720554549943
163940 512 0 24720554828584
164452 512 0 24720555107225
164964 512 0 24720555385865
165476 512 0 24720555664506
165988 512 0 24720555943147
166500 512 0 24720556221787
167012 512 0 24720556500428
167524 512 0 24720556779069
168036 512 0 24720557057709
168548 512 0 24720557336350
169060 512 0 24720557614991
169572 512 0 24720557893631
170084 512 0 24720558172272
170596 512 0 24720558450913
171108 512 0 24720558729553
171620 512 0 24720559008194
172132 512 0 24720559286835
172644 512 0 24720559565476
173156 512 0 24720559844116
173668 512 0 24720560122757
174180 512 0 24720560401398
174692 512 0 24720560680038
175204 512 0 24720560958679
175716 512 0 24720561237320
176228 512 0 24720561515960
176740 512 0 24720561794601
177252 512 0 24720562073242
177764 512 0 24720562351882
178276 512 0 24720562630523
178788 512 0 24720562909164
179300 512 0 24720563187804
179812 512 0 24720563466445
180324 512 0 24720563745086
180836 512 0 24720564023727
181348 512 0 24720564302367
181860 512 0 24720564581008
182372 512 0 24720564859649
182884 512 0 24720565138289
183396 512 0 24720565416930
183908 512 0 24720565695571
184420 512 0 24720565974211
184932 512 0 24720566252852
185444 512 0 24720566531493
185956 512 0 24720566810133
186468 512 0 24720567088774
186980 512 0 24720567367415
187492 512 0 24720567646055
188004 512 0 24720567924696
188516 512 0 24720568203337
189028 512 0 24720568481978
189540 512 0 24720568760618
190052 512 0 24720569039259
190564 512 0 24720569317900
191076 512 0 24720569596540
191588 512 0 24720569875181
192100 512 0 24720570153822
192612 512 0 24720570432462
193124 512 0 24720570711103
193636 512 0 24720570989744
194148 512 0 24720571268384
194660 512 0 24720571547025
195172 512 0 24720571825666
195684 512 0 24720572104307
196196 512 0 24720572382947
196708 512 0 24720572661588
197220 512 0 24720572940229
197732 512 0 24720573218869
198244 512 0 24720573497510
198756 512 0 24720573776151
199268 512 0 24720574054791
199780 512 0 24720574333432
200292 512 0 24720574612073
200804 512 0 24720574890713
201316 512 0 24720575169354
201828 512 0 24720575447995
202340 512 0 24720575726635
202852 512 0 24720576005276
203364 512 0 24720576283917
203876 512 0 24720576562558
204388 512 0 24720576841198
204900 512 0 24720577119839
205412 512 0 24720577398480
205924 512 0 24720577677120
206436 512 0 24720577955761
206948 512 0 24720578234402
207460 512 0 24720578513042
207972 512 0 24720578791683
208484 512 0 24720579070324
208996 512 0 24720579348964
209508 512 0 24720579627605
210020 512 0 24720579906246
210532 512 0 24720580184886
211044 512 0 24720580463527
211556 512 0 24720580742168
212068 512 0 24720581020809
212580 512 0 24720581299449
213092 512 0 24720581578090
213604 512 0 24720581856730
214116 512 0 24720582135370
214628 512 0 24720582414011
215140 512 0 24720582692652
215652 512 0 24720582971292
216164 512 0 24720583249933
216676 512 0 24720583528574
217188 512 0 24720583807214
217700 512 0 24720584085855
218212 512 0 24720584364496
218724 512 0 24720584643136
219236 512 0 24720584921777
219748 512 0 24720585200418
220260 512 0 24720585479058
220772 512 0 24720585757699
221284 512 0 24720586036340
221796 512 0 24720586314982
222308 512 0 24720586593622
222820 512 0 24720586872263
223332 512 0 24720587150904
223844 512 0 24720587429544
224356 512 0 24720587708185
224868 512 0 24720587986826
225380 512 0 24720588265466
225892 512 0 24720588544107
226404 512 0 24720588822748
226916 512 0 24720589101389
227428 512 0 24720589380029
227940 512 0 24720589658670
228452 512 0 24720589937311
228964 512 0 24720590215951
229476 512 0 24720590494592
229988 512 0 24720590773233
230500 512 0 24720591051873
231012 512 0 24720591330514
231524 512 0 24720591609155
232036 512 0 24720591887795
232548 512 0 24720592166436
233060 512 0 24720592445077
233572 512 0 24720592723717
234084 512 0 24720593002358
234596 512 0 24720593280999
235108 512 0 24720593559640
235620 512 0 24720593838280
236132 512 0 24720594116921
236644 512 0 24720594395562
237156 512 0 24720594674202
237668 512 0 24720594952843
238180 512 0 24720595231484
238692 512 0 24720595510124
239204 512 0 24720595788765
239716 512 0 24720596067406
240228 512 0 24720596346046
240740 512 0 24720596624687
241252 512 0 24720596903328
241764 512 0 24720597181968
242276 512 0 24720597460609
242788 512 0 24720597739250
243300 512 0 24720598017891
243812 512 0 24720598296531
244324 512 0 24720598575172
244836 512 0 24720598853813
245348 512 0 24720599132453
245860 512 0 24720599411094
246372 512 0 24720599689735
246884 512 0 24720599968375
247396 512 0 24720600247016
247908 512 0 24720600525657
248420 512 0 24720600804297
248932 512 0 24720601082938
249444 512 0 24720601361579
249956 512 0 24720601640219
250468 512 0 24720601918860
250980 512 0 24720602197501
251492 512 0 24720602476142
252004 512 0 24720602754782
252516 512 0 24720603033423
253028 512 0 24720603312064
253540 512 0 24720603590704
254052 512 0 24720603869345
254564 512 0 24720604147986
255076 512 0 24720604426626
255588 512 0 24720604705267
256100 512 0 24720604983908
256612 512 0 24720605262548
257124 512 0 24720605541189
257636 512 0 24720605819830
258148 512 0 24720606098470
258660 512 0 24720606377111
259172 512 0 24720606655752
259684 512 0 24720606934393
260196 512 0 24720607213033
260708 512 0 24720607491674
261220 512 0 24720607770315
261732 512 0 24720608048955
262244 512 0 24720608327596
262756 512 0 24720608606237
263268 512 0 24720608884877
263780 512 0 24720609163518
264292 512 0 24720609442159
264804 512 0 24720609720799
265316 512 0 24720609999440
265828 512 0 24720610278081
266340 512 0 24720610556721
266852 512 0 24720610835362
267364 512 0 24720611114003
267876 512 0 24720611392644
268388 512 0 24720611671284
268900 512 0 24720611949925
269412 512 0 24720612228566
269924 512 0 24720612507206
270436 512 0 24720612785847
270948 512 0 24720613064488
271460 512 0 24720613343128
271972 512 0 24720613621769
272484 512 0 24720613900410
272996 512 0 24720614179050
273508 512 0 24720614457691
274020 512 0 24720614736332
274532 512 0 24720615014972
275044 512 0 24720615293613
275556 512 0 24720615572254
276068 512 0 24720615850895
276580 512 0 24720616129535
277092 512 0 24720616408176
277604 512 0 24720616686817
278116 512 0 24720616965457
278628 512 0 24720617244098
279140 512 0 24720617522739
279652 512 0 24720617801379
280164 512 0 24720618080020
280676 512 0 24720618358661
281188 512 0 24720618637301
281700 512 0 24720618915942
282212 512 0 24720619194583
282724 512 0 24720619473223
283236 512 0 24720619751864
283748 512 0 24720620030505
284260 512 0 24720620309146
284772 512 0 24720620587786
285284 512 0 24720620866427
285796 512 0 24720621145068
286308 512 0 24720621423708
286820 512 0 24720621702349
287332 512 0 24720621980990
287844 512 0 24720622259630
288356 512 0 24720622538271
288868 512 0 24720622816912
289380 512 0 24720623095552
289892 512 0 24720623374193
290404 512 0 24720623652834
290916 512 0 24720623931474
291428 512 0 24720624210115
291940 512 0 24720624488756
292452 512 0 24720624767397
292964 512 0 24720625046037
293476 512 0 24720625324678
293988 512 0 24720625603319
294500 512 0 24720625881959
295012 512 0 24720626160600
295524 512 0 24720626439241
296036 512 0 24720626717881
296548 512 0 24720626996522
297060 512 0 24720627275163
297572 512 0 24720627553803
298084 512 0 24720627832444
298596 512 0 24720628111085
299108 512 0 24720628389725
299620 512 0 24720628668366
300132 512 0 24720628947007
300644 512 0 24720629225648
301156 512 0 24720629504288
301668 512 0 24720629782929
302180 512 0 24720630061570
302692 512 0 24720630340210
303204 512 0 24720630618851
303716 512 0 24720630897492
304228 512 0 24720631176132
304740 512 0 24720631454773
305252 512 0 24720631733414
305764 512 0 24720632012054
306276 512 0 24720632290695
306788 512 0 24720632569336
307300 512 0 24720632847976
307812 512 0 24720633126617
308324 512 0 24720633405258
308836 512 0 24720633683899
309348 512 0 24720633962539
309860 512 0 24720634241180
310372 512 0 24720634519821
310884 512 0 24720634798461
311396 512 0 24720635077102
311908 512 0 24720635355743
312420 512 0 24720635634383
312932 512 0 24720635913024
313444 512 0 24720636191665
313956 512 0 24720636470305
314468 512 0 24720636748946
314980 512 0 24720637027587
315492 512 0 24720637306227
316004 512 0 24720637584868
316516 512 0 24720637863509
317028 512 0 24720638142150
317540 512 0 24720638420790
318052 512 0 24720638699431
318564 512 0 24720638978072
319076 512 0 24720639256712
319588 512 0 24720639535353
320100 512 0 24720639813994
320612 512 0 24720640092634
321124 512 0 24720640371275
321636 512 0 24720640649916
322148 512 0 24720640928556
322660 512 0 24720641207197
323172 512 0 24720641485838
323684 512 0 24720641764478
324196 512 0 24720642043119
324708 512 0 24720642321760
325220 512 0 24720642600401
325732 512 0 24720642879041
326244 512 0 24720643157682
326756 512 0 24720643436323
327268 512 0 24720643714963
327780 512 0 24720643993604
328292 512 0 24720644272245
328804 512 0 24720644550885
329316 512 0 24720644829526
329828 512 0 24720645108167
330340 512 0 24720645386807
330852 512 0 24720645665448
331364 512 0 24720645944089
331876 512 0 24720646222729
332388 512 0 24720646501370
332900 512 0 24720646780011
333412 512 0 24720647058652
333924 512 0 24720647337292
334436 512 0 24720647615933
334948 512 0 24720647894574
335460 512 0 24720648173214
335972 512 0 24720648451855
336484 512 0 24720648730496
336996 512 0 24720649009136
337508 512 0 24720649287777
338020 512 0 24720649566418
338532 512 0 24720649845058
339044 512 0 24720650123699
339556 512 0 24720650402340
340068 512 0 24720650680980
340580 512 0 24720650959621
341092 512 0 24720651238262
341604 512 0 24720651516903
342116 512 0 24720651795543
342628 512 0 24720652074184
343140 512 0 24720652352825
343652 512 0 24720652631465
344164 512 0 24720652910106
344676 512 0 24720653188747
345188 512 0 24720653467387
345700 512 0 24720653746028
346212 512 0 24720654024669
346724 512 0 24720654303309
347236 512 0 24720654581950
347748 512 0 24720654860591
348260 512 0 24720655139231
348772 512 0 24720655417872
349284 512 0 24720655696513
349796 512 0 24720655975154
350308 512 0 24720656253794
350820 512 0 24720656532435
351332 512 0 24720656811076
351844 512 0 24720657089716
352356 512 0 24720657368357
352868 512 0 24720657646998
353380 512 0 24720657925638
353892 512 0 24720658204279
354404 512 0 24720658482920
354916 512 0 24720658761560
355428 512 0 24720659040201
355940 512 0 24720659318842
356452 512 0 24720659597483
356964 512 0 24720659876123
357476 512 0 24720660154764
357988 512 0 24720660433405
358500 512 0 24720660712045
359012 512 0 24720660990686
359524 512 0 24720661269327
360036 512 0 24720661547967
360548 512 0 24720661826608
361060 512 0 24720662105249
361572 512 0 24720662383889
362084 512 0 24720662662530
362596 512 0 24720662941171
363108 512 0 24720663219811
363620 512 0 24720663498452
364132 512 0 24720663777093
364644 512 0 24720664055734
365156 512 0 24720664334374
365668 512 0 24720664613015
366180 512 0 24720664891656
366692 512 0 24720665170296
367204 512 0 24720665448937
367716 512 0 24720665727578
368228 512 0 24720666006218
368740 512 0 24720666284859
369252 512 0 24720666563500
369764 512 0 24720666842140
370276 512 0 24720667120781
370788 512 0 24720667399422
371300 512 0 24720667678062
371812 512 0 24720667956703
372324 512 0 24720668235344
372836 512 0 24720668513985
373348 512 0 24720668792625
373860 512 0 24720669071266
374372 512 0 24720669349907
374884 512 0 24720669628547
375396 512 0 24720669907188
375908 512 0 24720670185829
376420 512 0 24720670464469
376932 512 0 24720670743110
377444 512 0 24720671021751
377956 512 0 24720671300391
378468 512 0 24720671579032
378980 512 0 24720671857673
379492 512 0 24720672136313
380004 512 0 24720672414954
380516 512 0 24720672693595
381028 512 0 24720672972236
381540 512 0 24720673250876
382052 512 0 24720673529517
382564 512 0 24720673808158
383076 512 0 24720674086798
383588 512 0 24720674365439
384100 512 0 24720674644080
384612 512 0 24720674922720
385124 512 0 24720675201361
385636 512 0 24720675480002
386148 512 0 24720675758642
386660 512 0 24720676037283
387172 512 0 24720676315924
387684 512 0 24720676594564
388196 512 0 24720676873205
388708 512 0 24720677151846
389220 512 0 24720677430487
389732 512 0 24720677709127
390244 512 0 24720677987768
390756 512 0 24720678266409
391268 512 0 24720678545049
391780 512 0 24720678823690
392292 512 0 24720679102331
392804 512 0 24720679380971
393316 512 0 24720679659612
393828 512 0 24720679938253
394340 512 0 24720680216893
394852 512 0 24720680495534
395364 512 0 24720680774175
395876 512 0 24720681052815
396388 512 0 24720681331456
396900 512 0 24720681610097
397412 512 0 24720681888738
397924 512 0 24720682167378
398436 512 0 24720682446019
398948 512 0 24720682724660
399460 512 0 24720683003300
399972 512 0 24720683281941
400484 512 0 24720683560582
400996 512 0 24720683839222
401508 512 0 24720684117863
402020 512 0 24720684396504
402532 512 0 24720684675144
403044 512 0 24720684953785
403556 512 0 24720685232426
404068 512 0 24720685511066
404580 512 0 24720685789707
405092 512 0 24720686068348
405604 512 0 24720686346989
406116 512 0 24720686625629
406628 512 0 24720686904270
407140 512 0 24720687182911
407652 512 0 24720687461551
408164 512 0 24720687740192
408676 512 0 24720688018833
409188 512 0 24720688297473
409700 512 0 24720688576114
410212 512 0 24720688854755
410724 512 0 24720689133395
411236 512 0 24720689412036
411748 512 0 24720689690677
412260 512 0 24720689969317
412772 512 0 24720690247958
413284 512 0 24720690526599
413796 512 0 24720690805240
414308 512 0 24720691083880
414820 512 0 24720691362521
415332 512 0 24720691641162
415844 512 0 24720691919802
416356 512 0 24720692198443
416868 512 0 24720692477084
417380 512 0 24720692755724
417892 512 0 24720693034365
418404 512 0 24720693313006
418916 512 0 24720693591646
419428 512 0 24720693870287
419940 512 0 24720694148928
420452 512 0 24720694427568
420964 512 0 24720694706209
421476 512 0 24720694984850
421988 512 0 24720695263491
422500 512 0 24720695542131
423012 512 0 24720695820772
423524 512 0 24720696099413
424036 512 0 24720696378053
424548 512 0 24720696656694
425060 512 0 24720696935335
425572 512 0 24720697213975
426084 512 0 24720697492616
426596 512 0 24720697771258
427108 512 0 24720698049898
427620 512 0 24720698328539
428132 512 0 24720698607180
428644 512 0 24720698885821
429156 512 0 24720699164461
429668 512 0 24720699443102
430180 512 0 24720699721743
430692 512 0 24720700000383
431204 512 0 24720700279024
431716 512 0 24720700557665
432228 512 0 24720700836305
432740 512 0 24720701114946
433252 512 0 24720701393587
433764 512 0 24720701672228
434276 512 0 24720701950868
434788 512 0 24720702229509
435300 512 0 24720702508149
435812 512 0 24720702786790
436324 512 0 24720703065431
436836 512 0 24720703344072
437348 512 0 24720703622712
437860 512 0 24720703901353
438372 512 0 24720704179994
438884 512 0 24720704458634
439396 512 0 24720704737275
439908 512 0 24720705015916
440420 512 0 24720705294556
440932 512 0 24720705573197
441444 512 0 24720705851838
441956 512 0 24720706130478
442468 512 0 24720706409119
442980 512 0 24720706687760
443492 512 0 24720706966400
444004 512 0 24720707245041
444516 512 0 24720707523682
445028 512 0 24720707802323
445540 512 0 24720708080963
446052 512 0 24720708359604
446564 512 0 24720708638245
447076 512 0 24720708916885
447588 512 0 24720709195526
448100 512 0 24720709474167
448612 512 0 24720709752807
449124 512 0 24720710031448
449636 512 0 24720710310089
450148 512 0 24720710588729
450660 512 0 24720710867370
451172 512 0 24720711146012
451684 512 0 24720711424653
452196 512 0 24720711703293
452708 512 0 24720711981934
453220 512 0 24720712260575
453732 512 0 24720712539215
454244 512 0 24720712817856
454756 512 0 24720713096497
455268 512 0 24720713375137
455780 512 0 24720713653778
456292 512 0 24720713932419
456804 512 0 24720714211060
457316 512 0 24720714489700
457828 512 0 24720714768341
458340 512 0 24720715046982
458852 512 0 24720715325622
459364 512 0 24720715604264
459876 512 0 24720715882905
460388 512 0 24720716161545
460900 512 0 24720716440186
461412 512 0 24720716718827
461924 512 0 24720716997467
462436 512 0 24720717276108
462948 512 0 24720717554749
463460 512 0 24720717833390
463972 512 0 24720718112030
464484 512 0 24720718390671
464996 512 0 24720718669312
465508 512 0 24720718947952
466020 512 0 24720719226593
466532 512 0 24720719505234
467044 512 0 24720719783875
467556 512 0 24720720062515
468068 512 0 24720720341156
468580 512 0 24720720619796
469092 512 0 24720720898437
469604 512 0 24720721177078
470116 512 0 24720721455718
470628 512 0 24720721734359
471140 512 0 24720722013000
471652 512 0 24720722291641
472164 512 0 24720722570281
472676 512 0 24720722848922
473188 512 0 24720723127563
473700 512 0 24720723406203
474212 512 0 24720723684844
474724 512 0 24720723963485
475236 512 0 24720724242125
475748 512 0 24720724520766
476260 512 0 24720724799407
476772 512 0 24720725078047
477284 512 0 24720725356688
477796 512 0 24720725635329
478308 512 0 24720725913969
478820 512 0 24720726192610
479332 512 0 24720726471251
479844 512 0 24720726749892
480356 512 0 24720727028532
480868 512 0 24720727307173
481380 512 0 24720727585814
481892 512 0 24720727864454
482404 512 0 24720728143095
482916 512 0 24720728421736
483428 512 0 24720728700376
483940 512 0 24720728979017
484452 512 0 24720729257658
484964 512 0 24720729536298
485476 512 0 24720729814939
485988 512 0 24720730093580
486500 512 0 24720730372220
487012 512 0 24720730650861
487524 512 0 24720730929502
488036 512 0 24720731208142
488548 512 0 24720731486783
489060 512 0 24720731765424
489572 512 0 24720732044065
490084 512 0 24720732322705
490596 512 0 24720732601346
491108 512 0 24720732879987
491620 512 0 24720733158627
492132 512 0 24720733437268
492644 512 0 24720733715909
493156 512 0 24720733994549
493668 512 0 24720734273190
494180 512 0 24720734551831
494692 512 0 24720734830471
495204 512 0 24720735109112
495716 512 0 24720735387753
496228 512 0 24720735666393
496740 512 0 24720735945034
497252 512 0 24720736223675
497764 512 0 24720736502316
498276 512 0 24720736780956
498788 512 0 24720737059597
499300 512 0 24720737338238
499812 512 0 24720737616878
500324 512 0 24720737895520
500836 512 0 24720738174161
501348 512 0 24720738452801
501860 512 0 24720738731442
502372 512 0 24720739010083
502884 512 0 24720739288723
503396 512 0 24720739567364
503908 512 0 24720739846005
504420 512 0 24720740124646
504932 512 0 24720740403286
505444 512 0 24720740681927
505956 512 0 24720740960568
506468 512 0 24720741239208
506980 512 0 24720741517849
507492 512 0 24720741796490
508004 512 0 24720742075131
508516 512 0 24720742353771
509028 512 0 24720742632412
509540 512 0 24720742911052
510052 512 0 24720743189693
510564 512 0 24720743468334
511076 512 0 24720743746974
511588 512 0 24720744025615
512100 512 0 24720744304256
512612 512 0 24720744582897
513124 512 0 24720744861537
513636 512 0 24720745140178
514148 512 0 24720745418819
514660 512 0 24720745697459
515172 512 0 24720745976100
515684 512 0 24720746254741
516196 512 0 24720746533381
516708 512 0 24720746812022
517220 512 0 24720747090663
517732 512 0 24720747369303
518244 512 0 24720747647944
518756 512 0 24720747926585
519268 512 0 24720748205225
519780 512 0 24720748483866
520292 512 0 24720748762507
520804 512 0 24720749041148
521316 512 0 24720749319788
521828 512 0 24720749598429
522340 512 0 24720749877070
522852 512 0 24720750155710
523364 512 0 24720750434351
523876 512 0 24720750712992
524388 512 0 24720750991632
524900 512 0 24720751270273
525412 512 0 24720751548914
525924 512 0 24720751827554
526436 512 0 24720752106195
526948 512 0 24720752384836
527460 512 0 24720752663476
527972 512 0 24720752942117
528484 512 0 24720753220758
528996 512 0 24720753499398
529508 512 0 24720753778039
530020 512 0 24720754056680
530532 512 0 24720754335321
531044 512 0 24720754613961
531556 512 0 24720754892602
532068 512 0 24720755171243
532580 512 0 24720755449883
533092 512 0 24720755728524
533604 512 0 24720756007165
534116 512 0 24720756285805
534628 512 0 24720756564446
535140 512 0 24720756843087
535652 512 0 24720757121727
536164 512 0 24720757400368
536676 512 0 24720757679009
537188 512 0 24720757957649
537700 512 0 24720758236290
538212 512 0 24720758514931
538724 512 0 24720758793572
539236 512 0 24720759072212
539748 512 0 24720759350853
540260 512 0 24720759629494
540772 512 0 24720759908134
541284 512 0 24720760186775
541796 512 0 24720760465416
542308 512 0 24720760744056
542820 512 0 24720761022697
543332 512 0 24720761301338
543844 512 0 24720761579978
544356 512 0 24720761858619
544868 512 0 24720762137260
545380 512 0 24720762415900
545892 512 0 24720762694541
546404 512 0 24720762973182
546916 512 0 24720763251823
547428 512 0 24720763530463
547940 512 0 24720763809104
548452 512 0 24720764087745
548964 512 0 24720764366385
549476 512 0 24720764645026
549988 512 0 24720764923667
550500 512 0 24720765202307
551012 512 0 24720765480948
551524 512 0 24720765759589
552036 512 0 24720766038229
552548 512 0 24720766316870
553060 512 0 24720766595511
553572 512 0 24720766874151
554084 512 0 24720767152792
554596 512 0 24720767431433
555108 512 0 24720767710073
555620 512 0 24720767988714
556132 512 0 24720768267355
556644 512 0 24720768545996
557156 512 0 24720768824636
557668 512 0 24720769103277
558180 512 0 24720769381918
558692 512 0 24720769660558
559204 512 0 24720769939199
559716 512 0 24720770217840
560228 512 0 24720770496480
560740 512 0 24720770775121
561252 512 0 24720771053762
561764 512 0 24720771332402
562276 512 0 24720771611043
562788 512 0 24720771889684
563300 512 0 24720772168324
563812 512 0 24720772446965
564324 512 0 24720772725606
564836 512 0 24720773004247
565348 512 0 24720773282887
565860 512 0 24720773561529
566372 512 0 24720773840170
566884 512 0 24720774118810
567396 512 0 24720774397451
567908 512 0 24720774676092
568420 512 0 24720774954732
568932 512 0 24720775233373
569444 512 0 24720775512014
569956 512 0 24720775790655
570468 512 0 24720776069295
570980 512 0 24720776347936
571492 512 0 24720776626577
572004 512 0 24720776905217
572516 512 0 24720777183858
573028 512 0 24720777462499
573540 512 0 24720777741139
574052 512 0 24720778019780
574564 512 0 24720778298421
575076 512 0 24720778577061
575588 512 0 24720778855702
576100 512 0 24720779134343
576612 512 0 24720779412983
577124 512 0 24720779691624
577636 512 0 24720779970265
578148 512 0 24720780248905
578660 512 0 24720780527546
579172 512 0 24720780806187
579684 512 0 24720781084828
580196 512 0 24720781363468
580708 512 0 24720781642109
581220 512 0 24720781920750
581732 512 0 24720782199390
582244 512 0 24720782478032
582756 512 0 24720782756673
583268 512 0 24720783035313
583780 512 0 24720783313954
584292 512 0 24720783592595
584804 512 0 24720783871236
585316 512 0 24720784149876
585828 512 0 24720784428517
586340 512 0 24720784707158
586852 512 0 24720784985798
587364 512 0 24720785264439
587876 512 0 24720785543080
588388 512 0 24720785821720
588900 512 0 24720786100361
589412 512 0 24720786379002
589924 512 0 24720786657643
590436 512 0 24720786936283
590948 512 0 24720787214924
591460 512 0 24720787493564
591972 512 0 24720787772205
592484 512 0 24720788050846
592996 512 0 24720788329486
593508 512 0 24720788608127
594020 512 0 24720788886768
594532 512 0 24720789165409
595044 512 0 24720789444049
595556 512 0 24720789722690
596068 512 0 24720790001331
596580 512 0 24720790279971
597092 512 0 24720790558612
597604 512 0 24720790837253
598116 512 0 24720791115893
598628 512 0 24720791394535
599140 512 0 24720791673176
599652 512 0 24720791951816
600164 512 0 24720792230457
600676 512 0 24720792509098
601188 512 0 24720792787739
601700 512 0 24720793066379
602212 512 0 24720793345020
602724 512 0 24720793623661
603236 512 0 24720793902301
603748 512 0 24720794180942
604260 512 0 24720794459583
604772 512 0 24720794738224
605284 512 0 24720795016864
605796 512 0 24720795295505
606308 512 0 24720795574146
606820 512 0 24720795852786
607332 512 0 24720796131427
607844 512 0 24720796410067
608356 512 0 24720796688708
608868 512 0 24720796967349
609380 512 0 24720797245990
609892 512 0 24720797524630
610404 512 0 24720797803271
610916 512 0 24720798081912
611428 512 0 24720798360552
611940 512 0 24720798639193
612452 512 0 24720798917834
612964 512 0 24720799196474
613476 512 0 24720799475115
613988 512 0 24720799753756
614500 512 0 24720800032397
615012 512 0 24720800311037
615524 512 0 24720800589678
616036 512 0 24720800868318
616548 512 0 24720801146959
617060 512 0 24720801425600
617572 512 0 24720801704240
618084 512 0 24720801982881
618596 512 0 24720802261522
619108 512 0 24720802540163
619620 512 0 24720802818803
620132 512 0 24720803097444
620644 512 0 24720803376085
621156 512 0 24720803654725
621668 512 0 24720803933366
622180 512 0 24720804212007
622692 512 0 24720804490648
623204 512 0 24720804769288
623716 512 0 24720805047929
624228 512 0 24720805326569
624740 512 0 24720805605210
625252 512 0 24720805883851
625764 512 0 24720806162491
626276 512 0 24720806441132
626788 512 0 24720806719773
627300 512 0 24720806998414
627812 512 0 24720807277054
628324 512 0 24720807555695
628836 512 0 24720807834336
629348 512 0 24720808112976
629860 512 0 24720808391617
630372 512 0 24720808670258
630884 512 0 24720808948898
631396 512 0 24720809227540
631908 512 0 24720809506181
632420 512 0 24720809784821
632932 512 0 24720810063462
633444 512 0 24720810342103
633956 512 0 24720810620744
634468 512 0 24720810899384
634980 512 0 24720811178025
635492 512 0 24720811456666
636004 512 0 24720811735306
636516 512 0 24720812013947
637028 512 0 24720812292588
637540 512 0 24720812571229
638052 512 0 24720812849869
638564 512 0 24720813128510
639076 512 0 24720813407151
639588 512 0 24720813685791
640100 512 0 24720813964432
640612 512 0 24720814243072
641124 512 0 24720814521713
641636 512 0 24720814800354
642148 512 0 24720815078995
642660 512 0 24720815357635
643172 512 0 24720815636276
643684 512 0 24720815914917
644196 512 0 24720816193557
644708 512 0 24720816472198
645220 512 0 24720816750839
645732 512 0 24720817029479
646244 512 0 24720817308120
646756 512 0 24720817586761
647268 512 0 24720817865402
647780 512 0 24720818144042
648292 512 0 24720818422683
648804 512 0 24720818701323
649316 512 0 24720818979964
649828 512 0 24720819258605
650340 512 0 24720819537245
650852 512 0 24720819815886
651364 512 0 24720820094527
651876 512 0 24720820373168
652388 512 0 24720820651808
652900 512 0 24720820930449
653412 512 0 24720821209090
653924 512 0 24720821487730
654436 512 0 24720821766371
654948 512 0 24720822045012
655460 512 0 24720822323653
655972 512 0 24720822602293
656484 512 0 24720822880934
656996 512 0 24720823159574
657508 512 0 24720823438215
658020 512 0 24720823716856
658532 512 0 24720823995496
659044 512 0 24720824274137
659556 512 0 24720824552778
660068 512 0 24720824831419
660580 512 0 24720825110059
661092 512 0 24720825388700
661604 512 0 24720825667341
662116 512 0 24720825945981
662628 512 0 24720826224622
663140 512 0 24720826503263
663652 512 0 24720826781903
664164 512 0 24720827060545
664676 512 0 24720827339186
665188 512 0 24720827617826
665700 512 0 24720827896467
666212 512 0 24720828175108
666724 512 0 24720828453749
667236 512 0 24720828732389
667748 512 0 24720829011030
668260 512 0 24720829289671
668772 512 0 24720829568311
669284 512 0 24720829846952
669796 512 0 24720830125593
670308 512 0 24720830404233
670820 512 0 24720830682874
671332 512 0 24720830961515
671844 512 0 24720831240156
672356 512 0 24720831518796
672868 512 0 24720831797437
673380 512 0 24720832076077
673892 512 0 24720832354718
674404 512 0 24720832633359
674916 512 0 24720832912000
675428 512 0 24720833190640
675940 512 0 24720833469281
676452 512 0 24720833747922
676964 512 0 24720834026562
677476 512 0 24720834305203
677988 512 0 24720834583844
678500 512 0 24720834862484
679012 512 0 24720835141125
679524 512 0 24720835419766
680036 512 0 24720835698407
680548 512 0 24720835977049
681060 512 0 24720836255690
681572 512 0 24720836534331
682084 512 0 24720836812971
682596 512 0 24720837091612
683108 512 0 24720837370253
683620 512 0 24720837648893
684132 512 0 24720837927534
684644 512 0 24720838206175
685156 512 0 24720838484816
685668 512 0 24720838763456
686180 512 0 24720839042097
686692 512 0 24720839320738
687204 512 0 24720839599378
687716 512 0 24720839878019
688228 512 0 24720840156660
688740 512 0 24720840435301
689252 512 0 24720840713942
689764 512 0 24720840992583
690276 512 0 24720841271223
690788 512 0 24720841549864
691300 512 0 24720841828505
691812 512 0 24720842107146
692324 512 0 24720842385786
692836 512 0 24720842664427
693348 512 0 24720842943068
693860 512 0 24720843221708
694372 512 0 24720843500349
694884 512 0 24720843778990
695396 512 0 24720844057631
695908 512 0 24720844336271
696420 512 0 24720844614912
696932 512 0 24720844893552
697444 512 0 24720845172193
697956 512 0 24720845450834
698468 512 0 24720845729474
698980 512 0 24720846008115
699492 512 0 24720846286756
700004 512 0 24720846565396
700516 512 0 24720846844037
701028 512 0 24720847122678
701540 512 0 24720847401319
702052 512 0 24720847679959
702564 512 0 24720847958600
703076 512 0 24720848237241
703588 512 0 24720848515881
704100 512 0 24720848794522
704612 512 0 24720849073163
705124 512 0 24720849351804
705636 512 0 24720849630445
706148 512 0 24720849909086
706660 512 0 24720850187726
707172 512 0 24720850466367
707684 512 0 24720850745008
708196 512 0 24720851023649
708708 512 0 24720851302289
709220 512 0 24720851580930
709732 512 0 24720851859571
710244 512 0 24720852138211
710756 512 0 24720852416852
711268 512 0 24720852695493
711780 512 0 24720852974134
712292 512 0 24720853252774
712804 512 0 24720853531415
713316 512 0 24720853810056
713828 512 0 24720854088697
714340 512 0 24720854367338
714852 512 0 24720854645978
715364 512 0 24720854924619
715876 512 0 24720855203260
716388 512 0 24720855481901
716900 512 0 24720855760541
717412 512 0 24720856039182
717924 512 0 24720856317823
718436 512 0 24720856596464
718948 512 0 24720856875104
719460 512 0 24720857153745
719972 512 0 24720857432386
720484 512 0 24720857711026
720996 512 0 24720857989667
721508 512 0 24720858268308
722020 512 0 24720858546949
722532 512 0 24720858825590
723044 512 0 24720859104231
723556 512 0 24720859382871
724068 512 0 24720859661512
724580 512 0 24720859940153
725092 512 0 24720860218793
725604 512 0 24720860497434
726116 512 0 24720860776075
726628 512 0 24720861054716
727140 512 0 24720861333356
727652 512 0 24720861611997
728164 512 0 24720861890638
728676 512 0 24720862169278
729188 512 0 24720862447919
729700 512 0 24720862726563
730212 512 0 24720863005203
730724 512 0 24720863283844
731236 512 0 24720863562485
731748 512 0 24720863841126
732260 512 0 24720864119766
732772 512 0 24720864398407
733284 512 0 24720864677048
733796 512 0 24720864955689
734308 512 0 24720865234329
734820 512 0 24720865512970
735332 512 0 24720865791611
735844 512 0 24720866070251
736356 512 0 24720866348892
736868 512 0 24720866627533
737380 512 0 24720866906174
737892 512 0 24720867184814
738404 512 0 24720867463454
738916 512 0 24720867742095
739428 512 0 24720868020736
739940 512 0 24720868299376
740452 512 0 24720868578017
740964 512 0 24720868856658
741476 512 0 24720869135299
741988 512 0 24720869413939
742500 512 0 24720869692580
743012 512 0 24720869971221
743524 512 0 24720870249862
744036 512 0 24720870528502
744548 512 0 24720870807143
745060 512 0 24720871085784
745572 512 0 24720871364425
746084 512 0 24720871643064
746596 512 0 24720871921705
747108 512 0 24720872200346
747620 512 0 24720872478987
748132 512 0 24720872757627
748644 512 0 24720873036268
749156 512 0 24720873314909
749668 512 0 24720873593550
750180 512 0 24720873872190
750692 512 0 24720874150831
751204 512 0 24720874429472
751716 512 0 24720874708112
752228 512 0 24720874986753
752740 512 0 24720875265394
753252 512 0 24720875544035
753764 512 0 24720875822675
754276 512 0 24720876101315
754788 512 0 24720876379956
755300 512 0 24720876658597
755812 512 0 24720876937238
756324 512 0 24720877215878
756836 512 0 24720877494519
757348 512 0 24720877773160
757860 512 0 24720878051800
758372 512 0 24720878330441
758884 512 0 24720878609082
759396 512 0 24720878887723
759908 512 0 24720879166363
760420 512 0 24720879445004
760932 512 0 24720879723645
761444 512 0 24720880002286
761956 512 0 24720880280926
762468 512 0 24720880559569
762980 512 0 24720880838209
763492 512 0 24720881116850
764004 512 0 24720881395491
764516 512 0 24720881674131
765028 512 0 24720881952772
765540 512 0 24720882231413
766052 512 0 24720882510054
766564 512 0 24720882788694
767076 512 0 24720883067335
767588 512 0 24720883345976
768100 512 0 24720883624617
768612 512 0 24720883903257
769124 512 0 24720884181898
769636 512 0 24720884460539
770148 512 0 24720884739180
770660 512 0 24720885017819
771172 512 0 24720885296460
771684 512 0 24720885575101
772196 512 0 24720885853742
772708 512 0 24720886132382
773220 512 0 24720886411023
773732 512 0 24720886689664
774244 512 0 24720886968305
774756 512 0 24720887246945
775268 512 0 24720887525586
775780 512 0 24720887804227
776292 512 0 24720888082867
776804 512 0 24720888361508
777316 512 0 24720888640149
777828 512 0 24720888918790
778340 512 0 24720889197430
778852 512 0 24720889476071
779364 512 0 24720889754712
779876 512 0 24720890033353
780388 512 0 24720890311994
780900 512 0 24720890590634
781412 512 0 24720890869275
781924 512 0 24720891147916
782436 512 0 24720891426557
782948 512 0 24720891705197
783460 512 0 24720891983838
783972 512 0 24720892262479
784484 512 0 24720892541120
784996 512 0 24720892819760
785508 512 0 24720893098401
786020 512 0 24720893377042
786532 512 0 24720893655682
787044 512 0 24720893934322
787556 512 0 24720894212963
788068 512 0 24720894491604
788580 512 0 24720894770245
789092 512 0 24720895048885
789604 512 0 24720895327526
790116 512 0 24720895606167
790628 512 0 24720895884807
791140 512 0 24720896163448
791652 512 0 24720896442089
792164 512 0 24720896720730
792676 512 0 24720896999370
793188 512 0 24720897278011
793700 512 0 24720897556652
794212 512 0 24720897835293
794724 512 0 24720898113933
795236 512 0 24720898392574
795748 512 0 24720898671215
796260 512 0 24720898949856
796772 512 0 24720899228497
797284 512 0 24720899507137
797796 512 0 24720899785778
798308 512 0 24720900064419
798820 512 0 24720900343060
799332 512 0 24720900621700
799844 512 0 24720900900341
800356 512 0 24720901178982
800868 512 0 24720901457622
801380 512 0 24720901736263
801892 512 0 24720902014904
802404 512 0 24720902293545
802916 512 0 24720902572185
803428 512 0 24720902850825
803940 512 0 24720903129466
804452 512 0 24720903408107
804964 512 0 24720903686748
805476 512 0 24720903965388
805988 512 0 24720904244029
806500 512 0 24720904522670
807012 512 0 24720904801310
807524 512 0 24720905079951
808036 512 0 24720905358592
808548 512 0 24720905637233
809060 512 0 24720905915873
809572 512 0 24720906194514
810084 512 0 24720906473155
810596 512 0 24720906751796
811108 512 0 24720907030436
811620 512 0 24720907309080
812132 512 0 24720907587720
812644 512 0 24720907866361
813156 512 0 24720908145002
813668 512 0 24720908423643
814180 512 0 24720908702283
814692 512 0 24720908980924
815204 512 0 24720909259565
815716 512 0 24720909538206
816228 512 0 24720909816846
816740 512 0 24720910095487
817252 512 0 24720910374128
817764 512 0 24720910652768
818276 512 0 24720910931409
818788 512 0 24720911210050
819300 512 0 24720911488691
819812 512 0 24720911767332
820324 512 0 24720912045972
820836 512 0 24720912324613
821348 512 0 24720912603254
821860 512 0 24720912881895
822372 512 0 24720913160535
822884 512 0 24720913439176
823396 512 0 24720913717817
823908 512 0 24720913996458
824420 512 0 24720914275098
824932 512 0 24720914553739
825444 512 0 24720914832380
825956 512 0 24720915111021
826468 512 0 24720915389661
826980 512 0 24720915668302
827492 512 0 24720915946943
828004 512 0 24720916225584
828516 512 0 24720916504224
829028 512 0 24720916782865
829540 512 0 24720917061506
830052 512 0 24720917340147
830564 512 0 24720917618787
831076 512 0 24720917897428
831588 512 0 24720918176069
832100 512 0 24720918454710
832612 512 0 24720918733350
833124 512 0 24720919011991
833636 512 0 24720919290632
834148 512 0 24720919569273
834660 512 0 24720919847913
835172 512 0 24720920126554
835684 512 0 24720920405195
836196 512 0 24720920683838
836708 512 0 24720920962479
837220 512 0 24720921241119
837732 512 0 24720921519760
838244 512 0 24720921798401
838756 512 0 24720922077042
839268 512 0 24720922355682
839780 512 0 24720922634323
840292 512 0 24720922912964
840804 512 0 24720923191605
841316 512 0 24720923470245
841828 512 0 24720923748886
842340 512 0 24720924027527
842852 512 0 24720924306168
843364 512 0 24720924584808
843876 512 0 24720924863449
844388 512 0 24720925142092
844900 512 0 24720925420733
845412 512 0 24720925699374
845924 512 0 24720925978014
846436 512 0 24720926256655
846948 512 0 24720926535296
847460 512 0 24720926813937
847972 512 0 24720927092577
848484 512 0 24720927371218
848996 512 0 24720927649859
849508 512 0 24720927928500
850020 512 0 24720928207141
850532 512 0 24720928485781
851044 512 0 24720928764422
851556 512 0 24720929043063
852068 512 0 24720929321704
852580 512 0 24720929600344
853092 512 0 24720929878985
853604 512 0 24720930157626
854116 512 0 24720930436266
854628 512 0 24720930714907
855140 512 0 24720930993548
855652 512 0 24720931272189
856164 512 0 24720931550829
856676 512 0 24720931829470
857188 512 0 24720932108111
857700 512 0 24720932386752
858212 512 0 24720932665392
858724 512 0 24720932944033
859236 512 0 24720933222674
859748 512 0 24720933501315
860260 512 0 24720933779956
860772 512 0 24720934058596
861284 512 0 24720934337237
861796 512 0 24720934615878
862308 512 0 24720934894518
862820 512 0 24720935173159
863332 512 0 24720935451800
863844 512 0 24720935730441
864356 512 0 24720936009081
864868 512 0 24720936287722
865380 512 0 24720936566363
865892 512 0 24720936845004
866404 512 0 24720937123644
866916 512 0 24720937402285
867428 512 0 24720937680926
867940 512 0 24720937959567
868452 512 0 24720938238207
868964 512 0 24720938516850
869476 512 0 24720938795491
869988 512 0 24720939074132
870500 512 0 24720939352773
871012 512 0 24720939631413
871524 512 0 24720939910054
872036 512 0 24720940188695
872548 512 0 24720940467336
873060 512 0 24720940745976
873572 512 0 24720941024617
874084 512 0 24720941303258
874596 512 0 24720941581899
875108 512 0 24720941860540
875620 512 0 24720942139180
876132 512 0 24720942417821
876644 512 0 24720942696462
877156 512 0 24720942975104
877668 512 0 24720943253745
878180 512 0 24720943532386
878692 512 0 24720943811027
879204 512 0 24720944089668
879716 512 0 24720944368308
880228 512 0 24720944646949
880740 512 0 24720944925590
