196 512 0 24719662385842
708 512 0 24719662664481
1220 512 0 24719662943121
1732 512 0 24719663221760
2244 512 0 24719663500400
2756 512 0 24719663779039
3268 512 0 24719664057678
3780 512 0 24719664336318
4292 512 0 24719664614957
4804 512 0 24719664893597
5316 512 0 24719665172236
5828 512 0 24719665450876
6340 512 0 24719665729515
6852 512 0 24719666008155
7364 512 0 24719666286794
7876 512 0 24719666565434
8388 512 0 24719666844073
8900 512 0 24719667122713
9412 512 0 24719667401352
9924 512 0 24719667679992
10436 512 0 24719667958631
10948 512 0 24719668237271
11460 512 0 24719668515910
11972 512 0 24719668794549
12484 512 0 24719669073189
12996 512 0 24719669351828
13508 512 0 24719669630468
14020 512 0 24719669909107
14532 512 0 24719670187747
15044 512 0 24719670466386
15556 512 0 24719670745026
16068 512 0 24719671023665
16580 512 0 24719671302305
17092 512 0 24719671580944
17604 512 0 24719671859584
18116 512 0 24719672138223
18628 512 0 24719672416863
19140 512 0 24719672695502
19652 512 0 24719672974141
20164 512 0 24719673252781
20676 512 0 24719673531420
21188 512 0 24719673810060
21700 512 0 24719674088699
22212 512 0 24719674367339
22724 512 0 24719674645978
23236 512 0 24719674924618
23748 512 0 24719675203257
24260 512 0 24719675481897
24772 512 0 24719675760536
25284 512 0 24719676039176
25796 512 0 24719676317815
26308 512 0 24719676596455
26820 512 0 24719676875094
27332 512 0 24719677153734
27844 512 0 24719677432373
28356 512 0 24719677711012
28868 512 0 24719677989652
29380 512 0 24719678268291
29892 512 0 24719678546931
30404 512 0 24719678825570
30916 512 0 24719679104210
31428 512 0 24719679382849
31940 512 0 24719679661489
32452 512 0 24719679940126
32964 512 0 24719680218766
33476 512 0 24719680497405
33988 512 0 24719680776045
34500 512 0 24719681054684
35012 512 0 24719681333324
35524 512 0 24719681611963
36036 512 0 24719681890603
36548 512 0 24719682169242
37060 512 0 24719682447881
37572 512 0 24719682726521
38084 512 0 24719683005160
38596 512 0 24719683283800
39108 512 0 24719683562439
39620 512 0 24719683841079
40132 512 0 24719684119718
40644 512 0 24719684398358
41156 512 0 24719684676997
41668 512 0 24719684955636
42180 512 0 24719685234276
42692 512 0 24719685512915
43204 512 0 24719685791555
43716 512 0 24719686070194
44228 512 0 24719686348834
44740 512 0 24719686627473
45252 512 0 24719686906113
45764 512 0 24719687184752
46276 512 0 24719687463391
46788 512 0 24719687742031
47300 512 0 24719688020670
47812 512 0 24719688299310
48324 512 0 24719688577949
48836 512 0 24719688856590
49348 512 0 24719689135229
49860 512 0 24719689413869
50372 512 0 24719689692508
50884 512 0 24719689971148
51396 512 0 24719690249787
51908 512 0 24719690528427
52420 512 0 24719690807066
52932 512 0 24719691085706
53444 512 0 24719691364345
53956 512 0 24719691642985
54468 512 0 24719691921624
54980 512 0 24719692200264
55492 512 0 24719692478903
56004 512 0 24719692757542
56516 512 0 24719693036182
57028 512 0 24719693314821
57540 512 0 24719693593461
58052 512 0 24719693872100
58564 512 0 24719694150740
59076 512 0 24719694429379
59588 512 0 24719694708019
60100 512 0 24719694986658
60612 512 0 24719695265298
61124 512 0 24719695543937
61636 512 0 24719695822577
62148 512 0 24719696101216
62660 512 0 24719696379856
63172 512 0 24719696658495
63684 512 0 24719696937134
64196 512 0 24719697215774
64708 512 0 24719697494413
65220 512 0 24719697773052
65732 512 0 24719698051691
66244 512 0 24719698330331
66756 512 0 24719698608970
67268 512 0 24719698887609
67780 512 0 24719699166249
68292 512 0 24719699444888
68804 512 0 24719699723528
69316 512 0 24719700002167
69828 512 0 24719700280807
70340 512 0 24719700559446
70852 512 0 24719700838086
71364 512 0 24719701116725
71876 512 0 24719701395364
72388 512 0 24719701674004
72900 512 0 24719701952643
73412 512 0 24719702231283
73924 512 0 24719702509922
74436 512 0 24719702788562
74948 512 0 24719703067201
75460 512 0 24719703345841
75972 512 0 24719703624480
76484 512 0 24719703903120
76996 512 0 24719704181759
77508 512 0 24719704460398
78020 512 0 24719704739038
78532 512 0 24719705017677
79044 512 0 24719705296317
79556 512 0 24719705574956
80068 512 0 24719705853596
80580 512 0 24719706132235
81092 512 0 24719706410875
81604 512 0 24719706689515
82116 512 0 24719706968154
82628 512 0 24719707246794
83140 512 0 24719707525433
83652 512 0 24719707804073
84164 512 0 24719708082712
84676 512 0 24719708361352
85188 512 0 24719708639991
85700 512 0 24719708918631
86212 512 0 24719709197270
86724 512 0 24719709475910
87236 512 0 24719709754549
87748 512 0 24719710033188
88260 512 0 24719710311828
88772 512 0 24719710590467
89284 512 0 24719710869107
89796 512 0 24719711147746
90308 512 0 24719711426386
90820 512 0 24719711705025
91332 512 0 24719711983665
91844 512 0 24719712262304
92356 512 0 24719712540944
92868 512 0 24719712819583
93380 512 0 24719713098222
93892 512 0 24719713376862
94404 512 0 24719713655501
94916 512 0 24719713934141
95428 512 0 24719714212780
95940 512 0 24719714491420
96452 512 0 24719714770059
96964 512 0 24719715048699
97476 512 0 24719715327338
97988 512 0 24719715606030
98500 512 0 24719715884670
99012 512 0 24719716163310
99524 512 0 24719716441950
100036 512 0 24719716720590
100548 512 0 24719716999230
101060 512 0 24719717277870
101572 512 0 24719717556510
102084 512 0 24719717835150
102596 512 0 24719718113790
103108 512 0 24719718392430
103620 512 0 24719718671070
104132 512 0 24719718949710
104644 512 0 24719719228350
105156 512 0 24719719506990
105668 512 0 24719719785630
106180 512 0 24719720064270
106692 512 0 24719720342910
107204 512 0 24719720621550
107716 512 0 24719720900190
108228 512 0 24719721178830
108740 512 0 24719721457470
109252 512 0 24719721736110
109764 512 0 24719722014750
110276 512 0 24719722293390
110788 512 0 24719722572030
111300 512 0 24719722850671
111812 512 0 24719723129311
112324 512 0 24719723407951
112836 512 0 24719723686591
113348 512 0 24719723965231
113860 512 0 24719724243871
114372 512 0 24719724522541
114884 512 0 24719724801182
115396 512 0 24719725079822
115908 512 0 24719725358462
116420 512 0 24719725637103
116932 512 0 24719725915743
117444 512 0 24719726194383
117956 512 0 24719726473024
118468 512 0 24719726751664
118980 512 0 24719727030304
119492 512 0 24719727308945
120004 512 0 24719727587585
120516 512 0 24719727866225
121028 512 0 24719728144866
121540 512 0 24719728423506
122052 512 0 24719728702146
122564 512 0 24719728980787
123076 512 0 24719729259427
123588 512 0 24719729538067
124100 512 0 24719729816708
124612 512 0 24719730095348
125124 512 0 24719730373988
125636 512 0 24719730652629
126148 512 0 24719730931269
126660 512 0 24719731209909
127172 512 0 24719731488550
127684 512 0 24719731767190
128196 512 0 24719732045830
128708 512 0 24719732324471
129220 512 0 24719732603111
129732 512 0 24719732881751
130244 512 0 24719733160392
130756 512 0 24719733439046
131268 512 0 24719733717687
131780 512 0 24719733996327
132292 512 0 24719734274967
132804 512 0 24719734553608
133316 512 0 24719734832248
133828 512 0 24719735110889
134340 512 0 24719735389529
134852 512 0 24719735668169
135364 512 0 24719735946810
135876 512 0 24719736225450
136388 512 0 24719736504091
136900 512 0 24719736782731
137412 512 0 24719737061372
137924 512 0 24719737340012
138436 512 0 24719737618652
138948 512 0 24719737897293
139460 512 0 24719738175933
139972 512 0 24719738454574
140484 512 0 24719738733214
140996 512 0 24719739011855
141508 512 0 24719739290495
142020 512 0 24719739569135
142532 512 0 24719739847776
143044 512 0 24719740126416
143556 512 0 24719740405057
144068 512 0 24719740683697
144580 512 0 24719740962338
145092 512 0 24719741240978
145604 512 0 24719741519618
146116 512 0 24719741798259
146628 512 0 24719742076899
147140 512 0 24719742355549
147652 512 0 24719742634189
148164 512 0 24719742912830
148676 512 0 24719743191470
149188 512 0 24719743470111
149700 512 0 24719743748751
150212 512 0 24719744027392
150724 512 0 24719744306032
151236 512 0 24719744584673
151748 512 0 24719744863313
152260 512 0 24719745141954
152772 512 0 24719745420594
153284 512 0 24719745699235
153796 512 0 24719745977875
154308 512 0 24719746256516
154820 512 0 24719746535156
155332 512 0 24719746813797
155844 512 0 24719747092437
156356 512 0 24719747371078
156868 512 0 24719747649718
157380 512 0 24719747928359
157892 512 0 24719748206999
158404 512 0 24719748485640
158916 512 0 24719748764280
159428 512 0 24719749042920
159940 512 0 24719749321561
160452 512 0 24719749600201
160964 512 0 24719749878842
161476 512 0 24719750157482
161988 512 0 24719750436123
162500 512 0 24719750714763
163012 512 0 24719750993404
163524 512 0 24719751272053
164036 512 0 24719751550693
164548 512 0 24719751829334
165060 512 0 24719752107974
165572 512 0 24719752386615
166084 512 0 24719752665255
166596 512 0 24719752943896
167108 512 0 24719753222536
167620 512 0 24719753501177
168132 512 0 24719753779817
168644 512 0 24719754058458
169156 512 0 24719754337098
169668 512 0 24719754615739
170180 512 0 24719754894380
170692 512 0 24719755173020
171204 512 0 24719755451661
171716 512 0 24719755730301
172228 512 0 24719756008942
172740 512 0 24719756287582
173252 512 0 24719756566223
173764 512 0 24719756844863
174276 512 0 24719757123504
174788 512 0 24719757402144
175300 512 0 24719757680785
175812 512 0 24719757959425
176324 512 0 24719758238066
176836 512 0 24719758516706
177348 512 0 24719758795347
177860 512 0 24719759073987
178372 512 0 24719759352628
178884 512 0 24719759631269
179396 512 0 24719759909909
179908 512 0 24719760188556
180420 512 0 24719760467196
180932 512 0 24719760745837
181444 512 0 24719761024478
181956 512 0 24719761303118
182468 512 0 24719761581759
182980 512 0 24719761860399
183492 512 0 24719762139040
184004 512 0 24719762417680
184516 512 0 24719762696321
185028 512 0 24719762974962
185540 512 0 24719763253602
186052 512 0 24719763532243
186564 512 0 24719763810883
187076 512 0 24719764089524
187588 512 0 24719764368164
188100 512 0 24719764646805
188612 512 0 24719764925446
189124 512 0 24719765204086
189636 512 0 24719765482727
190148 512 0 24719765761367
190660 512 0 24719766040008
191172 512 0 24719766318648
191684 512 0 24719766597289
192196 512 0 24719766875930
192708 512 0 24719767154570
193220 512 0 24719767433211
193732 512 0 24719767711851
194244 512 0 24719767990492
194756 512 0 24719768269132
195268 512 0 24719768547773
195780 512 0 24719768826414
196292 512 0 24719769105059
196804 512 0 24719769383699
197316 512 0 24719769662340
197828 512 0 24719769940981
198340 512 0 24719770219621
198852 512 0 24719770498262
199364 512 0 24719770776902
199876 512 0 24719771055543
200388 512 0 24719771334184
200900 512 0 24719771612824
201412 512 0 24719771891465
201924 512 0 24719772170105
202436 512 0 24719772448746
202948 512 0 24719772727387
203460 512 0 24719773006027
203972 512 0 24719773284668
204484 512 0 24719773563308
204996 512 0 24719773841949
205508 512 0 24719774120590
206020 512 0 24719774399230
206532 512 0 24719774677871
207044 512 0 24719774956511
207556 512 0 24719775235152
208068 512 0 24719775513793
208580 512 0 24719775792433
209092 512 0 24719776071074
209604 512 0 24719776349714
210116 512 0 24719776628355
210628 512 0 24719776906996
211140 512 0 24719777185636
211652 512 0 24719777464277
212164 512 0 24719777742917
212676 512 0 24719778021561
213188 512 0 24719778300202
213700 512 0 24719778578843
214212 512 0 24719778857483
214724 512 0 24719779136124
215236 512 0 24719779414765
215748 512 0 24719779693405
216260 512 0 24719779972046
216772 512 0 24719780250686
217284 512 0 24719780529327
217796 512 0 24719780807968
218308 512 0 24719781086608
218820 512 0 24719781365249
219332 512 0 24719781643889
219844 512 0 24719781922530
220356 512 0 24719782201171
220868 512 0 24719782479811
221380 512 0 24719782758452
221892 512 0 24719783037093
222404 512 0 24719783315733
222916 512 0 24719783594374
223428 512 0 24719783873014
223940 512 0 24719784151655
224452 512 0 24719784430296
224964 512 0 24719784708936
225476 512 0 24719784987577
225988 512 0 24719785266218
226500 512 0 24719785544858
227012 512 0 24719785823499
227524 512 0 24719786102139
228036 512 0 24719786380780
228548 512 0 24719786659421
229060 512 0 24719786938064
229572 512 0 24719787216705
230084 512 0 24719787495345
230596 512 0 24719787773986
231108 512 0 24719788052626
231620 512 0 24719788331267
232132 512 0 24719788609908
232644 512 0 24719788888548
233156 512 0 24719789167189
233668 512 0 24719789445830
234180 512 0 24719789724470
234692 512 0 24719790003111
235204 512 0 24719790281752
235716 512 0 24719790560392
236228 512 0 24719790839033
236740 512 0 24719791117673
237252 512 0 24719791396314
237764 512 0 24719791674955
238276 512 0 24719791953595
238788 512 0 24719792232236
239300 512 0 24719792510877
239812 512 0 24719792789517
240324 512 0 24719793068158
240836 512 0 24719793346799
241348 512 0 24719793625439
241860 512 0 24719793904080
242372 512 0 24719794182721
242884 512 0 24719794461361
243396 512 0 24719794740002
243908 512 0 24719795018642
244420 512 0 24719795297283
244932 512 0 24719795575924
245444 512 0 24719795854566
245956 512 0 24719796133207
246468 512 0 24719796411848
246980 512 0 24719796690488
247492 512 0 24719796969129
248004 512 0 24719797247770
248516 512 0 24719797526410
249028 512 0 24719797805051
249540 512 0 24719798083692
250052 512 0 24719798362332
250564 512 0 24719798640973
251076 512 0 24719798919613
251588 512 0 24719799198254
252100 512 0 24719799476895
252612 512 0 24719799755535
253124 512 0 24719800034176
253636 512 0 24719800312817
254148 512 0 24719800591457
254660 512 0 24719800870098
255172 512 0 24719801148739
255684 512 0 24719801427379
256196 512 0 24719801706020
256708 512 0 24719801984661
257220 512 0 24719802263301
257732 512 0 24719802541942
258244 512 0 24719802820583
258756 512 0 24719803099223
259268 512 0 24719803377864
259780 512 0 24719803656505
260292 512 0 24719803935145
260804 512 0 24719804213786
261316 512 0 24719804492426
261828 512 0 24719804771068
262340 512 0 24719805049709
262852 512 0 24719805328350
263364 512 0 24719805606990
263876 512 0 24719805885631
264388 512 0 24719806164272
264900 512 0 24719806442912
265412 512 0 24719806721553
265924 512 0 24719807000194
266436 512 0 24719807278834
266948 512 0 24719807557475
267460 512 0 24719807836116
267972 512 0 24719808114756
268484 512 0 24719808393397
268996 512 0 24719808672038
269508 512 0 24719808950678
270020 512 0 24719809229319
270532 512 0 24719809507960
271044 512 0 24719809786600
271556 512 0 24719810065241
272068 512 0 24719810343881
272580 512 0 24719810622522
273092 512 0 24719810901163
273604 512 0 24719811179803
274116 512 0 24719811458444
274628 512 0 24719811737085
275140 512 0 24719812015725
275652 512 0 24719812294366
276164 512 0 24719812573007
276676 512 0 24719812851647
277188 512 0 24719813130288
277700 512 0 24719813408929
278212 512 0 24719813687571
278724 512 0 24719813966211
279236 512 0 24719814244852
279748 512 0 24719814523492
280260 512 0 24719814802133
280772 512 0 24719815080774
281284 512 0 24719815359414
281796 512 0 24719815638055
282308 512 0 24719815916696
282820 512 0 24719816195336
283332 512 0 24719816473977
283844 512 0 24719816752618
284356 512 0 24719817031258
284868 512 0 24719817309899
285380 512 0 24719817588540
285892 512 0 24719817867180
286404 512 0 24719818145821
286916 512 0 24719818424462
287428 512 0 24719818703102
287940 512 0 24719818981743
288452 512 0 24719819260384
288964 512 0 24719819539024
289476 512 0 24719819817665
289988 512 0 24719820096306
290500 512 0 24719820374946
291012 512 0 24719820653587
291524 512 0 24719820932228
292036 512 0 24719821210868
292548 512 0 24719821489509
293060 512 0 24719821768150
293572 512 0 24719822046790
294084 512 0 24719822325431
294596 512 0 24719822604072
295108 512 0 24719822882712
295620 512 0 24719823161353
296132 512 0 24719823439993
296644 512 0 24719823718634
297156 512 0 24719823997275
297668 512 0 24719824275915
298180 512 0 24719824554556
298692 512 0 24719824833197
299204 512 0 24719825111837
299716 512 0 24719825390478
300228 512 0 24719825669119
300740 512 0 24719825947759
301252 512 0 24719826226400
301764 512 0 24719826505041
302276 512 0 24719826783681
302788 512 0 24719827062322
303300 512 0 24719827340963
303812 512 0 24719827619603
304324 512 0 24719827898244
304836 512 0 24719828176885
305348 512 0 24719828455525
305860 512 0 24719828734166
306372 512 0 24719829012807
306884 512 0 24719829291447
307396 512 0 24719829570088
307908 512 0 24719829848729
308420 512 0 24719830127369
308932 512 0 24719830406010
309444 512 0 24719830684651
309956 512 0 24719830963291
310468 512 0 24719831241932
310980 512 0 24719831520574
311492 512 0 24719831799214
312004 512 0 24719832077855
312516 512 0 24719832356496
313028 512 0 24719832635136
313540 512 0 24719832913777
314052 512 0 24719833192418
314564 512 0 24719833471058
315076 512 0 24719833749699
315588 512 0 24719834028340
316100 512 0 24719834306980
316612 512 0 24719834585621
317124 512 0 24719834864262
317636 512 0 24719835142902
318148 512 0 24719835421543
318660 512 0 24719835700184
319172 512 0 24719835978824
319684 512 0 24719836257465
320196 512 0 24719836536105
320708 512 0 24719836814746
321220 512 0 24719837093387
321732 512 0 24719837372027
322244 512 0 24719837650668
322756 512 0 24719837929309
323268 512 0 24719838207949
323780 512 0 24719838486590
324292 512 0 24719838765231
324804 512 0 24719839043871
325316 512 0 24719839322512
325828 512 0 24719839601153
326340 512 0 24719839879793
326852 512 0 24719840158434
327364 512 0 24719840437076
327876 512 0 24719840715716
328388 512 0 24719840994357
328900 512 0 24719841272998
329412 512 0 24719841551638
329924 512 0 24719841830279
330436 512 0 24719842108920
330948 512 0 24719842387560
331460 512 0 24719842666201
331972 512 0 24719842944842
332484 512 0 24719843223482
332996 512 0 24719843502123
333508 512 0 24719843780764
334020 512 0 24719844059404
334532 512 0 24719844338045
335044 512 0 24719844616686
335556 512 0 24719844895326
336068 512 0 24719845173967
336580 512 0 24719845452608
337092 512 0 24719845731248
337604 512 0 24719846009889
338116 512 0 24719846288530
338628 512 0 24719846567170
339140 512 0 24719846845811
339652 512 0 24719847124452
340164 512 0 24719847403092
340676 512 0 24719847681733
341188 512 0 24719847960374
341700 512 0 24719848239014
342212 512 0 24719848517655
342724 512 0 24719848796296
343236 512 0 24719849074936
343748 512 0 24719849353578
344260 512 0 24719849632218
344772 512 0 24719849910859
345284 512 0 24719850189500
345796 512 0 24719850468140
346308 512 0 24719850746781
346820 512 0 24719851025422
347332 512 0 24719851304062
347844 512 0 24719851582703
348356 512 0 24719851861344
348868 512 0 24719852139984
349380 512 0 24719852418625
349892 512 0 24719852697266
350404 512 0 24719852975906
350916 512 0 24719853254547
351428 512 0 24719853533188
351940 512 0 24719853811828
352452 512 0 24719854090469
352964 512 0 24719854369110
353476 512 0 24719854647750
353988 512 0 24719854926391
354500 512 0 24719855205032
355012 512 0 24719855483672
355524 512 0 24719855762313
356036 512 0 24719856040954
356548 512 0 24719856319594
357060 512 0 24719856598235
357572 512 0 24719856876876
358084 512 0 24719857155516
358596 512 0 24719857434157
359108 512 0 24719857712798
359620 512 0 24719857991438
360132 512 0 24719858270080
360644 512 0 24719858548721
361156 512 0 24719858827361
361668 512 0 24719859106002
362180 512 0 24719859384643
362692 512 0 24719859663283
363204 512 0 24719859941924
363716 512 0 24719860220565
364228 512 0 24719860499205
364740 512 0 24719860777846
365252 512 0 24719861056487
365764 512 0 24719861335127
366276 512 0 24719861613768
366788 512 0 24719861892409
367300 512 0 24719862171049
367812 512 0 24719862449690
368324 512 0 24719862728331
368836 512 0 24719863006971
369348 512 0 24719863285612
369860 512 0 24719863564253
370372 512 0 24719863842893
370884 512 0 24719864121534
371396 512 0 24719864400175
371908 512 0 24719864678815
372420 512 0 24719864957456
372932 512 0 24719865236097
373444 512 0 24719865514737
373956 512 0 24719865793378
374468 512 0 24719866072019
374980 512 0 24719866350659
375492 512 0 24719866629300
376004 512 0 24719866907941
376516 512 0 24719867186582
377028 512 0 24719867465223
377540 512 0 24719867743863
378052 512 0 24719868022504
378564 512 0 24719868301145
379076 512 0 24719868579785
379588 512 0 24719868858426
380100 512 0 24719869137067
380612 512 0 24719869415707
381124 512 0 24719869694348
381636 512 0 24719869972989
382148 512 0 24719870251629
382660 512 0 24719870530270
383172 512 0 24719870808911
383684 512 0 24719871087551
384196 512 0 24719871366192
384708 512 0 24719871644833
385220 512 0 24719871923473
385732 512 0 24719872202114
386244 512 0 24719872480755
386756 512 0 24719872759395
387268 512 0 24719873038036
387780 512 0 24719873316677
388292 512 0 24719873595317
388804 512 0 24719873873958
389316 512 0 24719874152599
389828 512 0 24719874431239
390340 512 0 24719874709880
390852 512 0 24719874988521
391364 512 0 24719875267161
391876 512 0 24719875545802
392388 512 0 24719875824443
392900 512 0 24719876103084
393412 512 0 24719876381725
393924 512 0 24719876660365
394436 512 0 24719876939006
394948 512 0 24719877217647
395460 512 0 24719877496287
395972 512 0 24719877774928
396484 512 0 24719878053569
396996 512 0 24719878332209
397508 512 0 24719878610850
398020 512 0 24719878889491
398532 512 0 24719879168131
399044 512 0 24719879446772
399556 512 0 24719879725413
400068 512 0 24719880004053
400580 512 0 24719880282694
401092 512 0 24719880561335
401604 512 0 24719880839975
402116 512 0 24719881118616
402628 512 0 24719881397257
403140 512 0 24719881675897
403652 512 0 24719881954538
404164 512 0 24719882233179
404676 512 0 24719882511819
405188 512 0 24719882790460
405700 512 0 24719883069101
406212 512 0 24719883347741
406724 512 0 24719883626382
407236 512 0 24719883905023
407748 512 0 24719884183663
408260 512 0 24719884462304
408772 512 0 24719884740945
409284 512 0 24719885019586
409796 512 0 24719885298227
410308 512 0 24719885576867
410820 512 0 24719885855508
411332 512 0 24719886134149
411844 512 0 24719886412789
412356 512 0 24719886691430
412868 512 0 24719886970071
413380 512 0 24719887248711
413892 512 0 24719887527352
414404 512 0 24719887805993
414916 512 0 24719888084633
415428 512 0 24719888363274
415940 512 0 24719888641915
416452 512 0 24719888920555
416964 512 0 24719889199196
417476 512 0 24719889477837
417988 512 0 24719889756477
418500 512 0 24719890035118
419012 512 0 24719890313759
419524 512 0 24719890592399
420036 512 0 24719890871040
420548 512 0 24719891149681
421060 512 0 24719891428321
421572 512 0 24719891706962
422084 512 0 24719891985603
422596 512 0 24719892264244
423108 512 0 24719892542884
423620 512 0 24719892821525
424132 512 0 24719893100166
424644 512 0 24719893378806
425156 512 0 24719893657447
425668 512 0 24719893936088
426180 512 0 24719894214729
426692 512 0 24719894493369
427204 512 0 24719894772010
427716 512 0 24719895050651
428228 512 0 24719895329291
428740 512 0 24719895607932
429252 512 0 24719895886573
429764 512 0 24719896165213
430276 512 0 24719896443854
430788 512 0 24719896722495
431300 512 0 24719897001135
431812 512 0 24719897279776
432324 512 0 24719897558417
432836 512 0 24719897837057
433348 512 0 24719898115698
433860 512 0 24719898394339
434372 512 0 24719898672980
434884 512 0 24719898951620
435396 512 0 24719899230261
435908 512 0 24719899508902
436420 512 0 24719899787542
436932 512 0 24719900066183
437444 512 0 24719900344824
437956 512 0 24719900623464
438468 512 0 24719900902105
438980 512 0 24719901180746
439492 512 0 24719901459386
440004 512 0 24719901738027
440516 512 0 24719902016668
441028 512 0 24719902295308
441540 512 0 24719902573949
442052 512 0 24719902852591
442564 512 0 24719903131232
443076 512 0 24719903409873
443588 512 0 24719903688513
444100 512 0 24719903967154
444612 512 0 24719904245795
445124 512 0 24719904524435
445636 512 0 24719904803076
446148 512 0 24719905081717
446660 512 0 24719905360357
447172 512 0 24719905638998
447684 512 0 24719905917639
448196 512 0 24719906196279
448708 512 0 24719906474920
449220 512 0 24719906753561
449732 512 0 24719907032201
450244 512 0 24719907310842
450756 512 0 24719907589483
451268 512 0 24719907868123
451780 512 0 24719908146764
452292 512 0 24719908425405
452804 512 0 24719908704045
453316 512 0 24719908982686
453828 512 0 24719909261327
454340 512 0 24719909539967
454852 512 0 24719909818608
455364 512 0 24719910097249
455876 512 0 24719910375890
456388 512 0 24719910654530
456900 512 0 24719910933171
457412 512 0 24719911211812
457924 512 0 24719911490452
458436 512 0 24719911769093
458948 512 0 24719912047734
459460 512 0 24719912326375
459972 512 0 24719912605015
460484 512 0 24719912883656
460996 512 0 24719913162297
461508 512 0 24719913440937
462020 512 0 24719913719578
462532 512 0 24719913998219
463044 512 0 24719914276859
463556 512 0 24719914555500
464068 512 0 24719914834141
464580 512 0 24719915112781
465092 512 0 24719915391422
465604 512 0 24719915670063
466116 512 0 24719915948703
466628 512 0 24719916227344
467140 512 0 24719916505985
467652 512 0 24719916784625
468164 512 0 24719917063266
468676 512 0 24719917341907
469188 512 0 24719917620547
469700 512 0 24719917899188
470212 512 0 24719918177829
470724 512 0 24719918456470
471236 512 0 24719918735110
471748 512 0 24719919013751
472260 512 0 24719919292392
472772 512 0 24719919571032
473284 512 0 24719919849673
473796 512 0 24719920128314
474308 512 0 24719920406954
474820 512 0 24719920685596
475332 512 0 24719920964237
475844 512 0 24719921242878
476356 512 0 24719921521518
476868 512 0 24719921800159
477380 512 0 24719922078800
477892 512 0 24719922357440
478404 512 0 24719922636081
478916 512 0 24719922914722
479428 512 0 24719923193362
479940 512 0 24719923472003
480452 512 0 24719923750644
480964 512 0 24719924029285
481476 512 0 24719924307925
481988 512 0 24719924586566
482500 512 0 24719924865207
483012 512 0 24719925143847
483524 512 0 24719925422488
484036 512 0 24719925701129
484548 512 0 24719925979769
485060 512 0 24719926258410
485572 512 0 24719926537051
486084 512 0 24719926815691
486596 512 0 24719927094332
487108 512 0 24719927372973
487620 512 0 24719927651613
488132 512 0 24719927930254
488644 512 0 24719928208895
489156 512 0 24719928487535
489668 512 0 24719928766176
490180 512 0 24719929044817
490692 512 0 24719929323458
491204 512 0 24719929602099
491716 512 0 24719929880740
492228 512 0 24719930159381
492740 512 0 24719930438022
493252 512 0 24719930716662
493764 512 0 24719930995303
494276 512 0 24719931273944
494788 512 0 24719931552584
495300 512 0 24719931831225
495812 512 0 24719932109866
496324 512 0 24719932388506
496836 512 0 24719932667147
497348 512 0 24719932945788
497860 512 0 24719933224428
498372 512 0 24719933503069
498884 512 0 24719933781710
499396 512 0 24719934060350
499908 512 0 24719934338991
500420 512 0 24719934617632
500932 512 0 24719934896273
501444 512 0 24719935174913
501956 512 0 24719935453554
502468 512 0 24719935732195
502980 512 0 24719936010835
503492 512 0 24719936289476
504004 512 0 24719936568117
504516 512 0 24719936846757
505028 512 0 24719937125398
505540 512 0 24719937404039
506052 512 0 24719937682679
506564 512 0 24719937961320
507076 512 0 24719938239961
507588 512 0 24719938518603
508100 512 0 24719938797243
508612 512 0 24719939075884
509124 512 0 24719939354525
509636 512 0 24719939633165
510148 512 0 24719939911806
510660 512 0 24719940190447
511172 512 0 24719940469087
511684 512 0 24719940747728
512196 512 0 24719941026369
512708 512 0 24719941305009
513220 512 0 24719941583650
513732 512 0 24719941862291
514244 512 0 24719942140932
514756 512 0 24719942419572
515268 512 0 24719942698213
515780 512 0 24719942976854
516292 512 0 24719943255494
516804 512 0 24719943534135
517316 512 0 24719943812776
517828 512 0 24719944091416
518340 512 0 24719944370057
518852 512 0 24719944648698
519364 512 0 24719944927338
519876 512 0 24719945205979
520388 512 0 24719945484620
520900 512 0 24719945763260
521412 512 0 24719946041901
521924 512 0 24719946320542
522436 512 0 24719946599183
522948 512 0 24719946877823
523460 512 0 24719947156464
523972 512 0 24719947435106
524484 512 0 24719947713746
524996 512 0 24719947992387
525508 512 0 24719948271028
526020 512 0 24719948549668
526532 512 0 24719948828309
527044 512 0 24719949106950
527556 512 0 24719949385590
528068 512 0 24719949664231
528580 512 0 24719949942872
529092 512 0 24719950221513
529604 512 0 24719950500153
530116 512 0 24719950778794
530628 512 0 24719951057435
531140 512 0 24719951336075
531652 512 0 24719951614716
532164 512 0 24719951893357
532676 512 0 24719952171997
533188 512 0 24719952450638
533700 512 0 24719952729279
534212 512 0 24719953007919
534724 512 0 24719953286560
535236 512 0 24719953565201
535748 512 0 24719953843842
536260 512 0 24719954122482
536772 512 0 24719954401123
537284 512 0 24719954679764
537796 512 0 24719954958404
538308 512 0 24719955237045
538820 512 0 24719955515686
539332 512 0 24719955794326
539844 512 0 24719956072967
540356 512 0 24719956351608
540868 512 0 24719956630248
541380 512 0 24719956908889
541892 512 0 24719957187530
542404 512 0 24719957466170
542916 512 0 24719957744811
543428 512 0 24719958023452
543940 512 0 24719958302092
544452 512 0 24719958580733
544964 512 0 24719958859374
545476 512 0 24719959138015
545988 512 0 24719959416655
546500 512 0 24719959695296
547012 512 0 24719959973937
547524 512 0 24719960252577
548036 512 0 24719960531218
548548 512 0 24719960809859
549060 512 0 24719961088499
549572 512 0 24719961367140
550084 512 0 24719961645781
550596 512 0 24719961924421
551108 512 0 24719962203062
551620 512 0 24719962481703
552132 512 0 24719962760344
552644 512 0 24719963038984
553156 512 0 24719963317625
553668 512 0 24719963596266
554180 512 0 24719963874906
554692 512 0 24719964153547
555204 512 0 24719964432188
555716 512 0 24719964710828
556228 512 0 24719964989469
556740 512 0 24719965268111
557252 512 0 24719965546751
557764 512 0 24719965825392
558276 512 0 24719966104033
558788 512 0 24719966382673
559300 512 0 24719966661314
559812 512 0 24719966939955
560324 512 0 24719967218596
560836 512 0 24719967497236
561348 512 0 24719967775877
561860 512 0 24719968054518
562372 512 0 24719968333158
562884 512 0 24719968611799
563396 512 0 24719968890440
563908 512 0 24719969169080
564420 512 0 24719969447721
564932 512 0 24719969726362
565444 512 0 24719970005003
565956 512 0 24719970283643
566468 512 0 24719970562284
566980 512 0 24719970840925
567492 512 0 24719971119565
568004 512 0 24719971398206
568516 512 0 24719971676847
569028 512 0 24719971955487
569540 512 0 24719972234128
570052 512 0 24719972512769
570564 512 0 24719972791409
571076 512 0 24719973070050
571588 512 0 24719973348691
572100 512 0 24719973627332
572612 512 0 24719973905972
573124 512 0 24719974184614
573636 512 0 24719974463254
574148 512 0 24719974741895
574660 512 0 24719975020536
575172 512 0 24719975299177
575684 512 0 24719975577817
576196 512 0 24719975856458
576708 512 0 24719976135099
577220 512 0 24719976413739
577732 512 0 24719976692380
578244 512 0 24719976971021
578756 512 0 24719977249661
579268 512 0 24719977528302
579780 512 0 24719977806943
580292 512 0 24719978085584
580804 512 0 24719978364224
581316 512 0 24719978642865
581828 512 0 24719978921506
582340 512 0 24719979200146
582852 512 0 24719979478787
583364 512 0 24719979757428
583876 512 0 24719980036068
584388 512 0 24719980314709
584900 512 0 24719980593350
585412 512 0 24719980871991
585924 512 0 24719981150631
586436 512 0 24719981429272
586948 512 0 24719981707913
587460 512 0 24719981986553
587972 512 0 24719982265194
588484 512 0 24719982543835
588996 512 0 24719982822475
589508 512 0 24719983101117
590020 512 0 24719983379758
590532 512 0 24719983658398
591044 512 0 24719983937039
591556 512 0 24719984215680
592068 512 0 24719984494320
592580 512 0 24719984772961
593092 512 0 24719985051602
593604 512 0 24719985330242
594116 512 0 24719985608883
594628 512 0 24719985887524
595140 512 0 24719986166165
595652 512 0 24719986444805
596164 512 0 24719986723446
596676 512 0 24719987002087
597188 512 0 24719987280727
597700 512 0 24719987559368
598212 512 0 24719987838009
598724 512 0 24719988116649
599236 512 0 24719988395290
599748 512 0 24719988673931
600260 512 0 24719988952572
600772 512 0 24719989231212
601284 512 0 24719989509853
601796 512 0 24719989788494
602308 512 0 24719990067134
602820 512 0 24719990345775
603332 512 0 24719990624416
603844 512 0 24719990903056
604356 512 0 24719991181697
604868 512 0 24719991460338
605380 512 0 24719991738979
605892 512 0 24719992017621
606404 512 0 24719992296262
606916 512 0 24719992574902
607428 512 0 24719992853543
607940 512 0 24719993132184
608452 512 0 24719993410825
608964 512 0 24719993689465
609476 512 0 24719993968106
609988 512 0 24719994246747
610500 512 0 24719994525387
611012 512 0 24719994804028
611524 512 0 24719995082669
612036 512 0 24719995361309
612548 512 0 24719995639950
613060 512 0 24719995918591
613572 512 0 24719996197232
614084 512 0 24719996475872
614596 512 0 24719996754513
615108 512 0 24719997033154
615620 512 0 24719997311794
616132 512 0 24719997590435
616644 512 0 24719997869076
617156 512 0 24719998147716
617668 512 0 24719998426357
618180 512 0 24719998704998
618692 512 0 24719998983639
619204 512 0 24719999262279
619716 512 0 24719999540920
620228 512 0 24719999819561
620740 512 0 24720000098201
621252 512 0 24720000376842
621764 512 0 24720000655483
622276 512 0 24720000934124
622788 512 0 24720001212765
623300 512 0 24720001491405
623812 512 0 24720001770046
624324 512 0 24720002048687
624836 512 0 24720002327328
625348 512 0 24720002605968
625860 512 0 24720002884609
626372 512 0 24720003163250
626884 512 0 24720003441890
627396 512 0 24720003720531
627908 512 0 24720003999172
628420 512 0 24720004277813
628932 512 0 24720004556453
629444 512 0 24720004835094
629956 512 0 24720005113735
630468 512 0 24720005392375
630980 512 0 24720005671016
631492 512 0 24720005949657
632004 512 0 24720006228297
632516 512 0 24720006506938
633028 512 0 24720006785579
633540 512 0 24720007064220
634052 512 0 24720007342860
634564 512 0 24720007621501
635076 512 0 24720007900142
635588 512 0 24720008178782
636100 512 0 24720008457423
636612 512 0 24720008736064
637124 512 0 24720009014705
637636 512 0 24720009293345
638148 512 0 24720009571986
638660 512 0 24720009850627
639172 512 0 24720010129268
639684 512 0 24720010407908
640196 512 0 24720010686549
640708 512 0 24720010965190
641220 512 0 24720011243831
641732 512 0 24720011522471
642244 512 0 24720011801112
642756 512 0 24720012079753
643268 512 0 24720012358393
643780 512 0 24720012637034
644292 512 0 24720012915675
644804 512 0 24720013194316
645316 512 0 24720013472956
645828 512 0 24720013751597
646340 512 0 24720014030238
646852 512 0 24720014308878
647364 512 0 24720014587519
647876 512 0 24720014866160
648388 512 0 24720015144801
648900 512 0 24720015423441
649412 512 0 24720015702082
649924 512 0 24720015980723
650436 512 0 24720016259363
650948 512 0 24720016538004
651460 512 0 24720016816645
651972 512 0 24720017095285
652484 512 0 24720017373926
652996 512 0 24720017652567
653508 512 0 24720017931208
654020 512 0 24720018209848
654532 512 0 24720018488489
655044 512 0 24720018767130
655556 512 0 24720019045771
656068 512 0 24720019324412
656580 512 0 24720019603052
657092 512 0 24720019881693
657604 512 0 24720020160334
658116 512 0 24720020438974
658628 512 0 24720020717615
659140 512 0 24720020996256
659652 512 0 24720021274896
660164 512 0 24720021553537
660676 512 0 24720021832178
661188 512 0 24720022110819
661700 512 0 24720022389459
662212 512 0 24720022668100
662724 512 0 24720022946741
663236 512 0 24720023225381
663748 512 0 24720023504022
664260 512 0 24720023782663
664772 512 0 24720024061304
665284 512 0 24720024339944
665796 512 0 24720024618585
666308 512 0 24720024897226
666820 512 0 24720025175866
667332 512 0 24720025454507
667844 512 0 24720025733148
668356 512 0 24720026011789
668868 512 0 24720026290429
669380 512 0 24720026569070
669892 512 0 24720026847711
670404 512 0 24720027126351
670916 512 0 24720027404992
671428 512 0 24720027683633
671940 512 0 24720027962274
672452 512 0 24720028240915
672964 512 0 24720028519555
673476 512 0 24720028798196
673988 512 0 24720029076837
674500 512 0 24720029355477
675012 512 0 24720029634118
675524 512 0 24720029912759
676036 512 0 24720030191400
676548 512 0 24720030470040
677060 512 0 24720030748681
677572 512 0 24720031027322
678084 512 0 24720031305962
678596 512 0 24720031584603
679108 512 0 24720031863244
679620 512 0 24720032141884
680132 512 0 24720032420525
680644 512 0 24720032699166
681156 512 0 24720032977807
681668 512 0 24720033256447
682180 512 0 24720033535088
682692 512 0 24720033813729
683204 512 0 24720034092369
683716 512 0 24720034371010
684228 512 0 24720034649651
684740 512 0 24720034928292
685252 512 0 24720035206932
685764 512 0 24720035485573
686276 512 0 24720035764214
686788 512 0 24720036042854
687300 512 0 24720036321495
687812 512 0 24720036600137
688324 512 0 24720036878778
688836 512 0 24720037157419
689348 512 0 24720037436059
689860 512 0 24720037714700
690372 512 0 24720037993341
690884 512 0 24720038271982
691396 512 0 24720038550622
691908 512 0 24720038829263
692420 512 0 24720039107904
692932 512 0 24720039386544
693444 512 0 24720039665185
693956 512 0 24720039943826
694468 512 0 24720040222467
694980 512 0 24720040501107
695492 512 0 24720040779748
696004 512 0 24720041058389
696516 512 0 24720041337029
697028 512 0 24720041615670
697540 512 0 24720041894311
698052 512 0 24720042172952
698564 512 0 24720042451592
699076 512 0 24720042730233
699588 512 0 24720043008874
700100 512 0 24720043287514
700612 512 0 24720043566155
701124 512 0 24720043844796
701636 512 0 24720044123437
702148 512 0 24720044402077
702660 512 0 24720044680718
703172 512 0 24720044959359
703684 512 0 24720045237999
704196 512 0 24720045516640
704708 512 0 24720045795281
705220 512 0 24720046073922
705732 512 0 24720046352562
2144 512 0 24720052672224
2656 512 0 24720052928224
3168 512 0 24720053184224
3680 512 0 24720053440224
4192 512 0 24720053696224
4704 512 0 24720053952224
5216 512 0 24720054208224
5728 512 0 24720054464224
6240 512 0 24720054720224
6752 512 0 24720054976224
7264 512 0 24720055232224
7776 512 0 24720055488224
8288 512 0 24720055744224
8800 512 0 24720056000224
9312 512 0 24720056256224
9824 512 0 24720056512224
10336 512 0 24720056768224
10848 512 0 24720057024224
11360 512 0 24720057280224
11872 512 0 24720057536224
12384 512 0 24720057792224
12896 512 0 24720058048224
13408 512 0 24720058304224
13920 512 0 24720058560224
14432 512 0 24720058816224
14944 512 0 24720059072224
15456 512 0 24720059328224
15968 512 0 24720059584224
16480 512 0 24720059840224
16992 512 0 24720060096224
17504 512 0 24720060352224
18016 512 0 24720060608224
18528 512 0 24720060864224
19040 512 0 24720061120224
19552 512 0 24720061376224
20064 512 0 24720061632224
20576 512 0 24720061888224
21088 512 0 24720062144224
21600 512 0 24720062400224
22112 512 0 24720062656224
22624 512 0 24720062912224
23136 512 0 24720063168224
23648 512 0 24720063424224
24160 512 0 24720063680224
24672 512 0 24720063936224
25184 512 0 24720064192224
25696 512 0 24720064448224
26208 512 0 24720064704224
26720 512 0 24720064960224
27232 512 0 24720065216224
27744 512 0 24720065472224
28256 512 0 24720065728224
28768 512 0 24720065984224
29280 512 0 24720066240224
29792 512 0 24720066496224
30304 512 0 24720066752224
30816 512 0 24720067008224
31328 512 0 24720067264224
31840 512 0 24720067520224
32352 512 0 24720067776288
32864 512 0 24720068032289
33376 512 0 24720068288290
33888 512 0 24720068544291
34400 512 0 24720068800292
34912 512 0 24720069056292
35424 512 0 24720069312293
35936 512 0 24720069568294
36448 512 0 24720069824295
36960 512 0 24720070080296
37472 512 0 24720070336297
37984 512 0 24720070592298
38496 512 0 24720070848298
39008 512 0 24720071104299
39520 512 0 24720071360300
40032 512 0 24720071616301
40544 512 0 24720071872302
41056 512 0 24720072128303
41568 512 0 24720072384304
42080 512 0 24720072640305
42592 512 0 24720072896305
43104 512 0 24720073152306
43616 512 0 24720073408307
44128 512 0 24720073664308
44640 512 0 24720073920309
45152 512 0 24720074176310
45664 512 0 24720074432311
46176 512 0 24720074688311
46688 512 0 24720074944312
47200 512 0 24720075200313
47712 512 0 24720075456314
48224 512 0 24720075712315
48736 512 0 24720075968332
49248 512 0 24720076224333
49760 512 0 24720076480334
50272 512 0 24720076736335
50784 512 0 24720076992336
51296 512 0 24720077248337
51808 512 0 24720077504338
52320 512 0 24720077760339
52832 512 0 24720078016340
53344 512 0 24720078272342
53856 512 0 24720078528343
54368 512 0 24720078784344
54880 512 0 24720079040345
55392 512 0 24720079296346
55904 512 0 24720079552347
56416 512 0 24720079808348
56928 512 0 24720080064349
57440 512 0 24720080320350
57952 512 0 24720080576351
58464 512 0 24720080832352
58976 512 0 24720081088353
59488 512 0 24720081344355
60000 512 0 24720081600356
60512 512 0 24720081856357
61024 512 0 24720082112358
61536 512 0 24720082368359
62048 512 0 24720082624360
62560 512 0 24720082880361
63072 512 0 24720083136362
63584 512 0 24720083392363
64096 512 0 24720083648364
64608 512 0 24720083904365
65120 512 0 24720084160371
65632 512 0 24720084416373
66144 512 0 24720084672374
66656 512 0 24720084928375
67168 512 0 24720085184376
67680 512 0 24720085440377
68192 512 0 24720085696378
68704 512 0 24720085952379
69216 512 0 24720086208381
69728 512 0 24720086464382
70240 512 0 24720086720383
70752 512 0 24720086976384
71264 512 0 24720087232385
71776 512 0 24720087488386
72288 512 0 24720087744387
72800 512 0 24720088000388
73312 512 0 24720088256390
73824 512 0 24720088512391
74336 512 0 24720088768392
74848 512 0 24720089024393
75360 512 0 24720089280394
75872 512 0 24720089536395
76384 512 0 24720089792396
76896 512 0 24720090048398
77408 512 0 24720090304399
77920 512 0 24720090560400
78432 512 0 24720090816401
78944 512 0 24720091072402
79456 512 0 24720091328403
79968 512 0 24720091584404
80480 512 0 24720091840405
80992 512 0 24720092096407
81504 512 0 24720092352409
82016 512 0 24720092608410
82528 512 0 24720092864411
83040 512 0 24720093120412
83552 512 0 24720093376413
84064 512 0 24720093632414
84576 512 0 24720093888416
85088 512 0 24720094144417
85600 512 0 24720094400418
86112 512 0 24720094656419
86624 512 0 24720094912420
87136 512 0 24720095168421
87648 512 0 24720095424422
88160 512 0 24720095680424
88672 512 0 24720095936425
89184 512 0 24720096192426
89696 512 0 24720096448427
90208 512 0 24720096704428
90720 512 0 24720096960429
91232 512 0 24720097216431
91744 512 0 24720097472432
92256 512 0 24720097728433
92768 512 0 24720097984434
93280 512 0 24720098240435
93792 512 0 24720098496436
94304 512 0 24720098752437
94816 512 0 24720099008439
95328 512 0 24720099264440
95840 512 0 24720099520441
96352 512 0 24720099776442
96864 512 0 24720100032443
97376 512 0 24720100288444
97888 512 0 24720100544446
98400 512 0 24720100800447
98912 512 0 24720101056448
99424 512 0 24720101312449
99936 512 0 24720101568451
100448 512 0 24720101824452
100960 512 0 24720102080453
101472 512 0 24720102336454
101984 512 0 24720102592455
102496 512 0 24720102848456
103008 512 0 24720103104457
103520 512 0 24720103360459
104032 512 0 24720103616460
104544 512 0 24720103872461
105056 512 0 24720104128462
105568 512 0 24720104384463
106080 512 0 24720104640464
106592 512 0 24720104896465
107104 512 0 24720105152467
107616 512 0 24720105408468
108128 512 0 24720105664469
108640 512 0 24720105920470
109152 512 0 24720106176471
109664 512 0 24720106432472
110176 512 0 24720106688474
110688 512 0 24720106944475
111200 512 0 24720107200476
111712 512 0 24720107456477
112224 512 0 24720107712478
112736 512 0 24720107968479
113248 512 0 24720108224480
113760 512 0 24720108480482
114272 512 0 24720108736481
114784 512 0 24720108992483
115296 512 0 24720109248484
115808 512 0 24720109504485
116320 512 0 24720109760486
116832 512 0 24720110016487
117344 512 0 24720110272488
117856 512 0 24720110528489
118368 512 0 24720110784491
118880 512 0 24720111040492
119392 512 0 24720111296493
119904 512 0 24720111552494
120416 512 0 24720111808495
120928 512 0 24720112064496
121440 512 0 24720112320497
121952 512 0 24720112576499
122464 512 0 24720112832500
122976 512 0 24720113088501
123488 512 0 24720113344502
124000 512 0 24720113600503
124512 512 0 24720113856504
125024 512 0 24720114112505
125536 512 0 24720114368507
126048 512 0 24720114624508
126560 512 0 24720114880509
127072 512 0 24720115136510
127584 512 0 24720115392511
128096 512 0 24720115648512
128608 512 0 24720115904513
129120 512 0 24720116160514
129632 512 0 24720116416516
130144 512 0 24720116672517
130656 512 0 24720116928519
131168 512 0 24720117184520
131680 512 0 24720117440521
132192 512 0 24720117696522
132704 512 0 24720117952523
133216 512 0 24720118208524
133728 512 0 24720118464525
134240 512 0 24720118720527
134752 512 0 24720118976528
135264 512 0 24720119232529
135776 512 0 24720119488530
136288 512 0 24720119744531
136800 512 0 24720120000532
137312 512 0 24720120256533
137824 512 0 24720120512535
138336 512 0 24720120768536
138848 512 0 24720121024537
139360 512 0 24720121280538
139872 512 0 24720121536539
140384 512 0 24720121792540
140896 512 0 24720122048541
141408 512 0 24720122304543
141920 512 0 24720122560544
142432 512 0 24720122816545
142944 512 0 24720123072546
143456 512 0 24720123328547
143968 512 0 24720123584548
144480 512 0 24720123840549
144992 512 0 24720124096551
145504 512 0 24720124352552
146016 512 0 24720124608553
146528 512 0 24720124864554
147040 512 0 24720125120554
147552 512 0 24720125376556
148064 512 0 24720125632557
148576 512 0 24720125888558
149088 512 0 24720126144559
149600 512 0 24720126400560
150112 512 0 24720126656561
150624 512 0 24720126912562
151136 512 0 24720127168564
151648 512 0 24720127424565
152160 512 0 24720127680566
152672 512 0 24720127936567
153184 512 0 24720128192568
153696 512 0 24720128448569
154208 512 0 24720128704570
154720 512 0 24720128960572
155232 512 0 24720129216573
155744 512 0 24720129472574
156256 512 0 24720129728575
156768 512 0 24720129984576
157280 512 0 24720130240577
157792 512 0 24720130496578
158304 512 0 24720130752580
158816 512 0 24720131008581
159328 512 0 24720131264582
159840 512 0 24720131520583
160352 512 0 24720131776584
160864 512 0 24720132032585
161376 512 0 24720132288586
161888 512 0 24720132544588
162400 512 0 24720132800589
162912 512 0 24720133056590
163424 512 0 24720133312590
163936 512 0 24720133568592
164448 512 0 24720133824593
164960 512 0 24720134080594
165472 512 0 24720134336595
165984 512 0 24720134592596
166496 512 0 24720134848597
167008 512 0 24720135104598
167520 512 0 24720135360599
168032 512 0 24720135616601
168544 512 0 24720135872602
169056 512 0 24720136128603
169568 512 0 24720136384604
170080 512 0 24720136640605
170592 512 0 24720136896606
171104 512 0 24720137152607
171616 512 0 24720137408609
172128 512 0 24720137664610
172640 512 0 24720137920611
173152 512 0 24720138176612
173664 512 0 24720138432613
174176 512 0 24720138688614
174688 512 0 24720138944615
175200 512 0 24720139200616
175712 512 0 24720139456618
176224 512 0 24720139712619
176736 512 0 24720139968620
177248 512 0 24720140224621
177760 512 0 24720140480622
178272 512 0 24720140736623
178784 512 0 24720140992624
179296 512 0 24720141248626
179808 512 0 24720141504628
180320 512 0 24720141760629
180832 512 0 24720142016630
181344 512 0 24720142272631
181856 512 0 24720142528632
182368 512 0 24720142784633
182880 512 0 24720143040634
183392 512 0 24720143296636
183904 512 0 24720143552637
184416 512 0 24720143808638
184928 512 0 24720144064639
185440 512 0 24720144320640
185952 512 0 24720144576641
186464 512 0 24720144832642
186976 512 0 24720145088644
187488 512 0 24720145344645
188000 512 0 24720145600646
188512 512 0 24720145856647
189024 512 0 24720146112648
189536 512 0 24720146368649
190048 512 0 24720146624650
190560 512 0 24720146880652
191072 512 0 24720147136653
191584 512 0 24720147392654
192096 512 0 24720147648655
192608 512 0 24720147904656
193120 512 0 24720148160657
193632 512 0 24720148416658
194144 512 0 24720148672659
194656 512 0 24720148928661
195168 512 0 24720149184662
195680 512 0 24720149440663
196192 512 0 24720149696665
196704 512 0 24720149952666
197216 512 0 24720150208667
197728 512 0 24720150464668
198240 512 0 24720150720669
198752 512 0 24720150976670
199264 512 0 24720151232672
199776 512 0 24720151488673
200288 512 0 24720151744674
200800 512 0 24720152000675
201312 512 0 24720152256676
201824 512 0 24720152512677
202336 512 0 24720152768678
202848 512 0 24720153024680
203360 512 0 24720153280681
203872 512 0 24720153536682
204384 512 0 24720153792683
204896 512 0 24720154048684
205408 512 0 24720154304685
205920 512 0 24720154560686
206432 512 0 24720154816688
206944 512 0 24720155072689
207456 512 0 24720155328690
207968 512 0 24720155584691
208480 512 0 24720155840692
208992 512 0 24720156096693
209504 512 0 24720156352694
210016 512 0 24720156608696
210528 512 0 24720156864697
211040 512 0 24720157120698
211552 512 0 24720157376699
212064 512 0 24720157632700
212576 512 0 24720157888701
213088 512 0 24720158144702
213600 512 0 24720158400703
214112 512 0 24720158656704
214624 512 0 24720158912705
215136 512 0 24720159168706
215648 512 0 24720159424707
216160 512 0 24720159680709
216672 512 0 24720159936710
217184 512 0 24720160192711
217696 512 0 24720160448712
218208 512 0 24720160704713
218720 512 0 24720160960714
219232 512 0 24720161216715
219744 512 0 24720161472716
220256 512 0 24720161728718
220768 512 0 24720161984719
221280 512 0 24720162240720
221792 512 0 24720162496721
222304 512 0 24720162752722
222816 512 0 24720163008723
223328 512 0 24720163264724
223840 512 0 24720163520726
224352 512 0 24720163776727
224864 512 0 24720164032728
225376 512 0 24720164288729
225888 512 0 24720164544730
226400 512 0 24720164800731
226912 512 0 24720165056732
227424 512 0 24720165312734
227936 512 0 24720165568735
228448 512 0 24720165824736
228960 512 0 24720166080738
229472 512 0 24720166336739
229984 512 0 24720166592740
230496 512 0 24720166848741
231008 512 0 24720167104742
231520 512 0 24720167360743
232032 512 0 24720167616745
232544 512 0 24720167872746
233056 512 0 24720168128747
233568 512 0 24720168384748
234080 512 0 24720168640749
234592 512 0 24720168896750
235104 512 0 24720169152751
235616 512 0 24720169408753
236128 512 0 24720169664754
236640 512 0 24720169920755
237152 512 0 24720170176756
237664 512 0 24720170432757
238176 512 0 24720170688758
238688 512 0 24720170944759
239200 512 0 24720171200761
239712 512 0 24720171456762
240224 512 0 24720171712763
240736 512 0 24720171968764
241248 512 0 24720172224765
241760 512 0 24720172480766
242272 512 0 24720172736767
242784 512 0 24720172992769
243296 512 0 24720173248770
243808 512 0 24720173504771
244320 512 0 24720173760772
244832 512 0 24720174016773
245344 512 0 24720174272775
245856 512 0 24720174528776
246368 512 0 24720174784777
246880 512 0 24720175040778
247392 512 0 24720175296779
247904 512 0 24720175552780
248416 512 0 24720175808782
248928 512 0 24720176064783
249440 512 0 24720176320784
249952 512 0 24720176576785
250464 512 0 24720176832786
250976 512 0 24720177088787
251488 512 0 24720177344789
252000 512 0 24720177600790
252512 512 0 24720177856791
253024 512 0 24720178112792
253536 512 0 24720178368793
254048 512 0 24720178624794
254560 512 0 24720178880795
255072 512 0 24720179136797
255584 512 0 24720179392798
256096 512 0 24720179648799
256608 512 0 24720179904800
257120 512 0 24720180160801
257632 512 0 24720180416802
258144 512 0 24720180672803
258656 512 0 24720180928805
259168 512 0 24720181184806
259680 512 0 24720181440807
260192 512 0 24720181696808
260704 512 0 24720181952809
261216 512 0 24720182208810
261728 512 0 24720182464812
262240 512 0 24720182720813
262752 512 0 24720182976814
263264 512 0 24720183232815
263776 512 0 24720183488816
264288 512 0 24720183744818
264800 512 0 24720184000819
265312 512 0 24720184256820
265824 512 0 24720184512821
266336 512 0 24720184768822
266848 512 0 24720185024823
267360 512 0 24720185280824
267872 512 0 24720185536826
268384 512 0 24720185792827
268896 512 0 24720186048828
269408 512 0 24720186304829
269920 512 0 24720186560830
270432 512 0 24720186816831
270944 512 0 24720187072832
271456 512 0 24720187328834
271968 512 0 24720187584835
272480 512 0 24720187840836
272992 512 0 24720188096837
273504 512 0 24720188352838
274016 512 0 24720188608839
274528 512 0 24720188864840
275040 512 0 24720189120842
275552 512 0 24720189376843
276064 512 0 24720189632844
276576 512 0 24720189888845
277088 512 0 24720190144846
277600 512 0 24720190400847
278112 512 0 24720190656849
278624 512 0 24720190912850
279136 512 0 24720191168851
279648 512 0 24720191424852
280160 512 0 24720191680853
280672 512 0 24720191936855
281184 512 0 24720192192856
281696 512 0 24720192448857
282208 512 0 24720192704858
282720 512 0 24720192960859
283232 512 0 24720193216860
283744 512 0 24720193472861
284256 512 0 24720193728863
284768 512 0 24720193984864
285280 512 0 24720194240865
285792 512 0 24720194496866
286304 512 0 24720194752867
286816 512 0 24720195008868
287328 512 0 24720195264869
287840 512 0 24720195520871
288352 512 0 24720195776872
288864 512 0 24720196032873
289376 512 0 24720196288874
289888 512 0 24720196544875
290400 512 0 24720196800876
290912 512 0 24720197056878
291424 512 0 24720197312879
291936 512 0 24720197568880
292448 512 0 24720197824881
292960 512 0 24720198080882
293472 512 0 24720198336883
293984 512 0 24720198592884
294496 512 0 24720198848886
295008 512 0 24720199104887
295520 512 0 24720199360888
296032 512 0 24720199616889
296544 512 0 24720199872890
297056 512 0 24720200128892
297568 512 0 24720200384893
298080 512 0 24720200640894
298592 512 0 24720200896895
299104 512 0 24720201152896
299616 512 0 24720201408897
300128 512 0 24720201664898
300640 512 0 24720201920900
301152 512 0 24720202176901
301664 512 0 24720202432902
302176 512 0 24720202688903
302688 512 0 24720202944904
303200 512 0 24720203200905
303712 512 0 24720203456907
304224 512 0 24720203712908
304736 512 0 24720203968909
305248 512 0 24720204224910
305760 512 0 24720204480911
306272 512 0 24720204736912
306784 512 0 24720204992913
307296 512 0 24720205248915
307808 512 0 24720205504916
308320 512 0 24720205760917
308832 512 0 24720206016918
309344 512 0 24720206272919
309856 512 0 24720206528920
310368 512 0 24720206784921
310880 512 0 24720207040922
311392 512 0 24720207296923
311904 512 0 24720207552924
312416 512 0 24720207808925
312928 512 0 24720208064926
313440 512 0 24720208320928
313952 512 0 24720208576929
314464 512 0 24720208832930
314976 512 0 24720209088931
315488 512 0 24720209344932
316000 512 0 24720209600933
316512 512 0 24720209856934
317024 512 0 24720210112936
317536 512 0 24720210368937
318048 512 0 24720210624938
318560 512 0 24720210880939
319072 512 0 24720211136940
319584 512 0 24720211392941
320096 512 0 24720211648942
320608 512 0 24720211904944
321120 512 0 24720212160945
321632 512 0 24720212416946
322144 512 0 24720212672947
322656 512 0 24720212928948
323168 512 0 24720213184949
323680 512 0 24720213440950
324192 512 0 24720213696952
324704 512 0 24720213952953
325216 512 0 24720214208954
325728 512 0 24720214464955
326240 512 0 24720214720956
326752 512 0 24720214976957
327264 512 0 24720215232959
327776 512 0 24720215488960
328288 512 0 24720215744961
328800 512 0 24720216000962
329312 512 0 24720216256963
329824 512 0 24720216512965
330336 512 0 24720216768966
330848 512 0 24720217024967
331360 512 0 24720217280968
331872 512 0 24720217536969
332384 512 0 24720217792970
332896 512 0 24720218048971
333408 512 0 24720218304973
333920 512 0 24720218560974
334432 512 0 24720218816975
334944 512 0 24720219072976
335456 512 0 24720219328977
335968 512 0 24720219584978
336480 512 0 24720219840979
336992 512 0 24720220096981
337504 512 0 24720220352982
338016 512 0 24720220608983
338528 512 0 24720220864984
339040 512 0 24720221120985
339552 512 0 24720221376986
340064 512 0 24720221632987
340576 512 0 24720221888989
341088 512 0 24720222144990
341600 512 0 24720222400991
342112 512 0 24720222656992
342624 512 0 24720222912993
343136 512 0 24720223168994
343648 512 0 24720223424996
344160 512 0 24720223680997
344672 512 0 24720223936998
345184 512 0 24720224192999
345696 512 0 24720224449000
346208 512 0 24720224705002
346720 512 0 24720224961003
347232 512 0 24720225217004
347744 512 0 24720225473005
348256 512 0 24720225729006
348768 512 0 24720225985007
349280 512 0 24720226241008
349792 512 0 24720226497010
350304 512 0 24720226753011
350816 512 0 24720227009012
351328 512 0 24720227265013
351840 512 0 24720227521014
352352 512 0 24720227777015
352864 512 0 24720228033017
353376 512 0 24720228289018
353888 512 0 24720228545019
354400 512 0 24720228801020
354912 512 0 24720229057021
355424 512 0 24720229313022
355936 512 0 24720229569023
356448 512 0 24720229825025
356960 512 0 24720230081026
357472 512 0 24720230337027
357984 512 0 24720230593028
358496 512 0 24720230849029
359008 512 0 24720231105030
359520 512 0 24720231361031
360032 512 0 24720231617033
360544 512 0 24720231873034
361056 512 0 24720232129035
361568 512 0 24720232385036
362080 512 0 24720232641037
362592 512 0 24720232897039
363104 512 0 24720233153040
363616 512 0 24720233409041
364128 512 0 24720233665042
364640 512 0 24720233921043
365152 512 0 24720234177044
365664 512 0 24720234433045
366176 512 0 24720234689047
366688 512 0 24720234945048
367200 512 0 24720235201049
367712 512 0 24720235457050
368224 512 0 24720235713051
368736 512 0 24720235969052
369248 512 0 24720236225054
369760 512 0 24720236481055
370272 512 0 24720236737056
370784 512 0 24720236993057
371296 512 0 24720237249058
371808 512 0 24720237505059
372320 512 0 24720237761060
372832 512 0 24720238017062
373344 512 0 24720238273063
373856 512 0 24720238529064
374368 512 0 24720238785065
374880 512 0 24720239041066
375392 512 0 24720239297067
375904 512 0 24720239553068
376416 512 0 24720239809069
376928 512 0 24720240065070
377440 512 0 24720240321071
377952 512 0 24720240577072
378464 512 0 24720240833073
378976 512 0 24720241089075
379488 512 0 24720241345076
380000 512 0 24720241601077
380512 512 0 24720241857078
381024 512 0 24720242113079
381536 512 0 24720242369080
382048 512 0 24720242625081
382560 512 0 24720242881083
383072 512 0 24720243137084
383584 512 0 24720243393085
384096 512 0 24720243649086
384608 512 0 24720243905087
385120 512 0 24720244161088
385632 512 0 24720244417089
386144 512 0 24720244673091
386656 512 0 24720244929092
387168 512 0 24720245185093
387680 512 0 24720245441094
388192 512 0 24720245697095
388704 512 0 24720245953096
389216 512 0 24720246209097
389728 512 0 24720246465099
390240 512 0 24720246721100
390752 512 0 24720246977101
391264 512 0 24720247233102
391776 512 0 24720247489103
392288 512 0 24720247745104
392800 512 0 24720248001106
393312 512 0 24720248257107
393824 512 0 24720248513108
394336 512 0 24720248769109
394848 512 0 24720249025110
395360 512 0 24720249281112
395872 512 0 24720249537113
396384 512 0 24720249793114
396896 512 0 24720250049115
397408 512 0 24720250305116
397920 512 0 24720250561117
398432 512 0 24720250817118
398944 512 0 24720251073120
399456 512 0 24720251329121
399968 512 0 24720251585122
400480 512 0 24720251841123
400992 512 0 24720252097124
401504 512 0 24720252353125
402016 512 0 24720252609126
402528 512 0 24720252865128
403040 512 0 24720253121129
403552 512 0 24720253377130
404064 512 0 24720253633131
404576 512 0 24720253889132
405088 512 0 24720254145133
405600 512 0 24720254401134
406112 512 0 24720254657136
406624 512 0 24720254913137
407136 512 0 24720255169138
407648 512 0 24720255425139
408160 512 0 24720255681140
408672 512 0 24720255937141
409184 512 0 24720256193143
409696 512 0 24720256449144
410208 512 0 24720256705145
410720 512 0 24720256961146
411232 512 0 24720257217147
411744 512 0 24720257473149
412256 512 0 24720257729150
412768 512 0 24720257985151
413280 512 0 24720258241152
413792 512 0 24720258497153
414304 512 0 24720258753154
414816 512 0 24720259009155
415328 512 0 24720259265157
415840 512 0 24720259521158
416352 512 0 24720259777159
416864 512 0 24720260033160
417376 512 0 24720260289161
417888 512 0 24720260545162
418400 512 0 24720260801164
418912 512 0 24720261057165
419424 512 0 24720261313166
419936 512 0 24720261569167
420448 512 0 24720261825168
420960 512 0 24720262081169
421472 512 0 24720262337170
421984 512 0 24720262593172
422496 512 0 24720262849173
423008 512 0 24720263105174
423520 512 0 24720263361175
424032 512 0 24720263617176
424544 512 0 24720263873177
425056 512 0 24720264129178
425568 512 0 24720264385179
426080 512 0 24720264641180
426592 512 0 24720264897181
427104 512 0 24720265153182
427616 512 0 24720265409183
428128 512 0 24720265665184
428640 512 0 24720265921186
429152 512 0 24720266177187
429664 512 0 24720266433188
430176 512 0 24720266689189
430688 512 0 24720266945190
431200 512 0 24720267201191
431712 512 0 24720267457193
432224 512 0 24720267713194
432736 512 0 24720267969195
433248 512 0 24720268225196
433760 512 0 24720268481197
434272 512 0 24720268737198
434784 512 0 24720268993199
435296 512 0 24720269249201
435808 512 0 24720269505202
436320 512 0 24720269761203
436832 512 0 24720270017204
437344 512 0 24720270273205
437856 512 0 24720270529206
438368 512 0 24720270785207
438880 512 0 24720271041209
439392 512 0 24720271297210
439904 512 0 24720271553211
440416 512 0 24720271809212
440928 512 0 24720272065213
441440 512 0 24720272321214
441952 512 0 24720272577216
442464 512 0 24720272833217
442976 512 0 24720273089218
443488 512 0 24720273345219
444000 512 0 24720273601220
444512 512 0 24720273857222
445024 512 0 24720274113223
445536 512 0 24720274369224
446048 512 0 24720274625225
446560 512 0 24720274881226
447072 512 0 24720275137227
447584 512 0 24720275393228
448096 512 0 24720275649230
448608 512 0 24720275905231
449120 512 0 24720276161232
449632 512 0 24720276417233
450144 512 0 24720276673234
450656 512 0 24720276929235
451168 512 0 24720277185236
451680 512 0 24720277441238
452192 512 0 24720277697239
452704 512 0 24720277953240
453216 512 0 24720278209241
453728 512 0 24720278465242
454240 512 0 24720278721243
454752 512 0 24720278977244
455264 512 0 24720279233246
455776 512 0 24720279489247
456288 512 0 24720279745248
456800 512 0 24720280001249
457312 512 0 24720280257250
457824 512 0 24720280513251
458336 512 0 24720280769253
458848 512 0 24720281025254
459360 512 0 24720281281255
459872 512 0 24720281537256
460384 512 0 24720281793257
460896 512 0 24720282049259
461408 512 0 24720282305260
461920 512 0 24720282561261
462432 512 0 24720282817262
462944 512 0 24720283073263
463456 512 0 24720283329264
463968 512 0 24720283585265
464480 512 0 24720283841267
464992 512 0 24720284097268
465504 512 0 24720284353269
466016 512 0 24720284609270
466528 512 0 24720284865271
467040 512 0 24720285121272
467552 512 0 24720285377273
468064 512 0 24720285633275
468576 512 0 24720285889276
469088 512 0 24720286145277
469600 512 0 24720286401278
470112 512 0 24720286657279
470624 512 0 24720286913280
471136 512 0 24720287169282
471648 512 0 24720287425283
472160 512 0 24720287681284
472672 512 0 24720287937285
473184 512 0 24720288193286
473696 512 0 24720288449287
474208 512 0 24720288705288
474720 512 0 24720288961290
475232 512 0 24720289217291
475744 512 0 24720289473292
476256 512 0 24720289729293
476768 512 0 24720289985294
477280 512 0 24720290241296
477792 512 0 24720290497297
478304 512 0 24720290753298
478816 512 0 24720291009299
479328 512 0 24720291265300
479840 512 0 24720291521301
480352 512 0 24720291777302
480864 512 0 24720292033304
481376 512 0 24720292289305
481888 512 0 24720292545306
482400 512 0 24720292801307
482912 512 0 24720293057308
483424 512 0 24720293313309
483936 512 0 24720293569311
484448 512 0 24720293825312
484960 512 0 24720294081313
485472 512 0 24720294337314
485984 512 0 24720294593315
486496 512 0 24720294849316
487008 512 0 24720295105317
487520 512 0 24720295361319
488032 512 0 24720295617320
488544 512 0 24720295873321
489056 512 0 24720296129322
489568 512 0 24720296385323
490080 512 0 24720296641324
490592 512 0 24720296897325
491104 512 0 24720297153326
491616 512 0 24720297409327
492128 512 0 24720297665328
492640 512 0 24720297921329
493152 512 0 24720298177330
493664 512 0 24720298433331
494176 512 0 24720298689333
494688 512 0 24720298945334
495200 512 0 24720299201335
495712 512 0 24720299457336
496224 512 0 24720299713337
496736 512 0 24720299969338
497248 512 0 24720300225340
497760 512 0 24720300481341
498272 512 0 24720300737342
498784 512 0 24720300993343
499296 512 0 24720301249344
499808 512 0 24720301505345
500320 512 0 24720301761346
500832 512 0 24720302017348
501344 512 0 24720302273349
501856 512 0 24720302529350
502368 512 0 24720302785351
502880 512 0 24720303041352
503392 512 0 24720303297353
503904 512 0 24720303553354
504416 512 0 24720303809356
504928 512 0 24720304065357
505440 512 0 24720304321358
505952 512 0 24720304577359
506464 512 0 24720304833360
506976 512 0 24720305089361
507488 512 0 24720305345363
508000 512 0 24720305601364
508512 512 0 24720305857365
509024 512 0 24720306113366
509536 512 0 24720306369367
510048 512 0 24720306625369
510560 512 0 24720306881370
511072 512 0 24720307137371
511584 512 0 24720307393372
512096 512 0 24720307649373
512608 512 0 24720307905374
513120 512 0 24720308161375
513632 512 0 24720308417377
514144 512 0 24720308673378
514656 512 0 24720308929379
515168 512 0 24720309185380
515680 512 0 24720309441381
516192 512 0 24720309697382
516704 512 0 24720309953383
517216 512 0 24720310209385
517728 512 0 24720310465386
518240 512 0 24720310721387
518752 512 0 24720310977388
519264 512 0 24720311233389
519776 512 0 24720311489390
520288 512 0 24720311745391
520800 512 0 24720312001393
521312 512 0 24720312257394
521824 512 0 24720312513395
522336 512 0 24720312769396
522848 512 0 24720313025397
523360 512 0 24720313281398
523872 512 0 24720313537400
524384 512 0 24720313793401
524896 512 0 24720314049402
525408 512 0 24720314305403
525920 512 0 24720314561404
526432 512 0 24720314817406
526944 512 0 24720315073407
527456 512 0 24720315329408
527968 512 0 24720315585409
528480 512 0 24720315841410
528992 512 0 24720316097411
529504 512 0 24720316353412
530016 512 0 24720316609414
530528 512 0 24720316865415
531040 512 0 24720317121416
531552 512 0 24720317377417
532064 512 0 24720317633418
532576 512 0 24720317889419
533088 512 0 24720318145420
533600 512 0 24720318401422
534112 512 0 24720318657423
534624 512 0 24720318913424
535136 512 0 24720319169425
535648 512 0 24720319425426
536160 512 0 24720319681427
536672 512 0 24720319937429
537184 512 0 24720320193430
537696 512 0 24720320449431
538208 512 0 24720320705432
538720 512 0 24720320961433
539232 512 0 24720321217434
539744 512 0 24720321473435
540256 512 0 24720321729437
540768 512 0 24720321985438
541280 512 0 24720322241439
541792 512 0 24720322497440
542304 512 0 24720322753441
542816 512 0 24720323009443
543328 512 0 24720323265444
543840 512 0 24720323521445
544352 512 0 24720323777446
544864 512 0 24720324033447
545376 512 0 24720324289448
545888 512 0 24720324545449
546400 512 0 24720324801451
546912 512 0 24720325057452
547424 512 0 24720325313453
547936 512 0 24720325569454
548448 512 0 24720325825455
548960 512 0 24720326081456
549472 512 0 24720326337458
549984 512 0 24720326593459
550496 512 0 24720326849460
551008 512 0 24720327105461
551520 512 0 24720327361462
552032 512 0 24720327617463
552544 512 0 24720327873464
553056 512 0 24720328129466
553568 512 0 24720328385467
554080 512 0 24720328641468
554592 512 0 24720328897469
555104 512 0 24720329153470
555616 512 0 24720329409471
556128 512 0 24720329665472
556640 512 0 24720329921474
557152 512 0 24720330177475
557664 512 0 24720330433476
558176 512 0 24720330689477
558688 512 0 24720330945478
559200 512 0 24720331201480
559712 512 0 24720331457481
560224 512 0 24720331713482
560736 512 0 24720331969483
561248 512 0 24720332225484
561760 512 0 24720332481485
562272 512 0 24720332737487
562784 512 0 24720332993488
563296 512 0 24720333249489
563808 512 0 24720333505490
564320 512 0 24720333761491
564832 512 0 24720334017492
565344 512 0 24720334273493
565856 512 0 24720334529495
566368 512 0 24720334785496
566880 512 0 24720335041497
567392 512 0 24720335297498
567904 512 0 24720335553499
568416 512 0 24720335809500
568928 512 0 24720336065501
569440 512 0 24720336321503
569952 512 0 24720336577504
570464 512 0 24720336833505
570976 512 0 24720337089506
571488 512 0 24720337345507
572000 512 0 24720337601508
572512 512 0 24720337857510
573024 512 0 24720338113511
573536 512 0 24720338369512
574048 512 0 24720338625513
574560 512 0 24720338881514
575072 512 0 24720339137515
575584 512 0 24720339393517
576096 512 0 24720339649518
576608 512 0 24720339905519
577120 512 0 24720340161520
577632 512 0 24720340417521
578144 512 0 24720340673522
578656 512 0 24720340929524
579168 512 0 24720341185525
579680 512 0 24720341441526
580192 512 0 24720341697527
580704 512 0 24720341953528
581216 512 0 24720342209529
581728 512 0 24720342465530
582240 512 0 24720342721532
582752 512 0 24720342977533
583264 512 0 24720343233534
583776 512 0 24720343489535
584288 512 0 24720343745536
584800 512 0 24720344001537
585312 512 0 24720344257538
585824 512 0 24720344513540
586336 512 0 24720344769541
586848 512 0 24720345025542
587360 512 0 24720345281543
587872 512 0 24720345537544
588384 512 0 24720345793545
588896 512 0 24720346049547
589408 512 0 24720346305548
589920 512 0 24720346561549
590432 512 0 24720346817550
590944 512 0 24720347073551
591456 512 0 24720347329553
591968 512 0 24720347585554
592480 512 0 24720347841555
592992 512 0 24720348097556
593504 512 0 24720348353557
594016 512 0 24720348609558
594528 512 0 24720348865559
595040 512 0 24720349121561
595552 512 0 24720349377562
596064 512 0 24720349633563
596576 512 0 24720349889564
597088 512 0 24720350145565
597600 512 0 24720350401566
598112 512 0 24720350657567
598624 512 0 24720350913569
599136 512 0 24720351169570
599648 512 0 24720351425571
600160 512 0 24720351681572
600672 512 0 24720351937573
601184 512 0 24720352193574
601696 512 0 24720352449576
602208 512 0 24720352705577
602720 512 0 24720352961578
603232 512 0 24720353217579
603744 512 0 24720353473580
604256 512 0 24720353729581
604768 512 0 24720353985582
605280 512 0 24720354241584
605792 512 0 24720354497585
606304 512 0 24720354753586
606816 512 0 24720355009587
607328 512 0 24720355265588
607840 512 0 24720355521590
608352 512 0 24720355777591
608864 512 0 24720356033592
609376 512 0 24720356289593
609888 512 0 24720356545594
610400 512 0 24720356801595
610912 512 0 24720357057596
611424 512 0 24720357313598
611936 512 0 24720357569599
612448 512 0 24720357825600
612960 512 0 24720358081601
613472 512 0 24720358337602
613984 512 0 24720358593603
614496 512 0 24720358849604
615008 512 0 24720359105606
615520 512 0 24720359361607
616032 512 0 24720359617608
616544 512 0 24720359873609
617056 512 0 24720360129610
617568 512 0 24720360385611
618080 512 0 24720360641613
618592 512 0 24720360897614
619104 512 0 24720361153615
619616 512 0 24720361409616
620128 512 0 24720361665617
620640 512 0 24720361921618
621152 512 0 24720362177619
621664 512 0 24720362433621
622176 512 0 24720362689623
622688 512 0 24720362945624
623200 512 0 24720363201625
623712 512 0 24720363457626
624224 512 0 24720363713628
624736 512 0 24720363969629
625248 512 0 24720364225630
625760 512 0 24720364481631
626272 512 0 24720364737632
626784 512 0 24720364993633
627296 512 0 24720365249635
627808 512 0 24720365505636
628320 512 0 24720365761637
628832 512 0 24720366017638
629344 512 0 24720366273639
629856 512 0 24720366529640
630368 512 0 24720366785642
630880 512 0 24720367041643
631392 512 0 24720367297644
631904 512 0 24720367553645
632416 512 0 24720367809646
632928 512 0 24720368065647
633440 512 0 24720368321648
633952 512 0 24720368577650
634464 512 0 24720368833651
634976 512 0 24720369089652
635488 512 0 24720369345653
636000 512 0 24720369601654
636512 512 0 24720369857655
637024 512 0 24720370113657
637536 512 0 24720370369658
638048 512 0 24720370625659
638560 512 0 24720370881660
639072 512 0 24720371137661
639584 512 0 24720371393662
640096 512 0 24720371649663
640608 512 0 24720371905665
641120 512 0 24720372161666
641632 512 0 24720372417667
642144 512 0 24720372673668
642656 512 0 24720372929669
643168 512 0 24720373185670
643680 512 0 24720373441672
644192 512 0 24720373697673
644704 512 0 24720373953674
645216 512 0 24720374209675
645728 512 0 24720374465676
646240 512 0 24720374721677
646752 512 0 24720374977679
647264 512 0 24720375233680
647776 512 0 24720375489681
648288 512 0 24720375745682
648800 512 0 24720376001683
649312 512 0 24720376257684
649824 512 0 24720376513685
650336 512 0 24720376769687
650848 512 0 24720377025688
651360 512 0 24720377281689
651872 512 0 24720377537690
652384 512 0 24720377793691
652896 512 0 24720378049692
653408 512 0 24720378305694
653920 512 0 24720378561695
654432 512 0 24720378817696
654944 512 0 24720379073698
655456 512 0 24720379329699
655968 512 0 24720379585700
656480 512 0 24720379841702
656992 512 0 24720380097703
657504 512 0 24720380353704
658016 512 0 24720380609705
658528 512 0 24720380865706
659040 512 0 24720381121707
659552 512 0 24720381377709
660064 512 0 24720381633710
660576 512 0 24720381889711
661088 512 0 24720382145712
661600 512 0 24720382401713
662112 512 0 24720382657714
662624 512 0 24720382913716
663136 512 0 24720383169717
663648 512 0 24720383425718
664160 512 0 24720383681719
664672 512 0 24720383937720
665184 512 0 24720384193721
665696 512 0 24720384449722
666208 512 0 24720384705724
666720 512 0 24720384961725
667232 512 0 24720385217726
667744 512 0 24720385473727
668256 512 0 24720385729728
668768 512 0 24720385985729
669280 512 0 24720386241731
669792 512 0 24720386497732
670304 512 0 24720386753733
670816 512 0 24720387009734
671328 512 0 24720387265735
671840 512 0 24720387521736
672352 512 0 24720387777737
672864 512 0 24720388033739
673376 512 0 24720388289740
673888 512 0 24720388545741
674400 512 0 24720388801742
674912 512 0 24720389057743
675424 512 0 24720389313744
675936 512 0 24720389569746
676448 512 0 24720389825747
676960 512 0 24720390081748
677472 512 0 24720390337749
677984 512 0 24720390593750
678496 512 0 24720390849751
679008 512 0 24720391105753
679520 512 0 24720391361754
680032 512 0 24720391617755
680544 512 0 24720391873756
681056 512 0 24720392129757
681568 512 0 24720392385758
682080 512 0 24720392641759
682592 512 0 24720392897761
683104 512 0 24720393153762
683616 512 0 24720393409763
684128 512 0 24720393665764
684640 512 0 24720393921765
685152 512 0 24720394177766
685664 512 0 24720394433768
686176 512 0 24720394689769
686688 512 0 24720394945770
687200 512 0 24720395201771
687712 512 0 24720395457773
688224 512 0 24720395713774
688736 512 0 24720395969776
689248 512 0 24720396225777
689760 512 0 24720396481778
690272 512 0 24720396737779
690784 512 0 24720396993780
691296 512 0 24720397249781
691808 512 0 24720397505783
692320 512 0 24720397761784
692832 512 0 24720398017785
693344 512 0 24720398273786
693856 512 0 24720398529787
694368 512 0 24720398785788
694880 512 0 24720399041789
695392 512 0 24720399297791
695904 512 0 24720399553792
696416 512 0 24720399809793
696928 512 0 24720400065794
697440 512 0 24720400321795
697952 512 0 24720400577796
698464 512 0 24720400833798
698976 512 0 24720401089799
699488 512 0 24720401345800
700000 512 0 24720401601801
700512 512 0 24720401857802
701024 512 0 24720402113803
701536 512 0 24720402369805
702048 512 0 24720402625806
702560 512 0 24720402881807
703072 512 0 24720403137808
703584 512 0 24720403393809
704096 512 0 24720403649811
704608 512 0 24720403905812
705120 512 0 24720404161814
705632 512 0 24720404417815
706144 512 0 24720404673816
706656 512 0 24720404929817
707168 512 0 24720405185818
707680 512 0 24720405441819
708192 512 0 24720405697821
708704 512 0 24720405953822
709216 512 0 24720406209823
709728 512 0 24720406465824
710240 512 0 24720406721825
710752 512 0 24720406977826
711264 512 0 24720407233828
711776 512 0 24720407489829
712288 512 0 24720407745830
712800 512 0 24720408001831
713312 512 0 24720408257832
713824 512 0 24720408513833
714336 512 0 24720408769835
714848 512 0 24720409025836
715360 512 0 24720409281837
715872 512 0 24720409537838
716384 512 0 24720409793839
716896 512 0 24720410049840
717408 512 0 24720410305842
717920 512 0 24720410561843
718432 512 0 24720410817844
718944 512 0 24720411073845
719456 512 0 24720411329846
719968 512 0 24720411585847
720480 512 0 24720411841848
720992 512 0 24720412097849
721504 512 0 24720412353851
722016 512 0 24720412609852
722528 512 0 24720412865853
723040 512 0 24720413121854
723552 512 0 24720413377855
724064 512 0 24720413633856
724576 512 0 24720413889858
725088 512 0 24720414145859
725600 512 0 24720414401860
726112 512 0 24720414657861
726624 512 0 24720414913862
727136 512 0 24720415169863
727648 512 0 24720415425865
728160 512 0 24720415681866
728672 512 0 24720415937867
729184 512 0 24720416193868
729696 512 0 24720416449869
730208 512 0 24720416705870
730720 512 0 24720416961872
731232 512 0 24720417217873
731744 512 0 24720417473874
732256 512 0 24720417729875
732768 512 0 24720417985876
733280 512 0 24720418241877
733792 512 0 24720418497879
734304 512 0 24720418753880
734816 512 0 24720419009881
735328 512 0 24720419265882
735840 512 0 24720419521883
736352 512 0 24720419777884
736864 512 0 24720420033886
737376 512 0 24720420289888
737888 512 0 24720420545889
738400 512 0 24720420801890
738912 512 0 24720421057891
739424 512 0 24720421313892
739936 512 0 24720421569893
740448 512 0 24720421825895
740960 512 0 24720422081896
741472 512 0 24720422337897
741984 512 0 24720422593898
742496 512 0 24720422849899
743008 512 0 24720423105900
743520 512 0 24720423361902
744032 512 0 24720423617903
744544 512 0 24720423873904
745056 512 0 24720424129905
745568 512 0 24720424385906
746080 512 0 24720424641907
746592 512 0 24720424897908
747104 512 0 24720425153910
747616 512 0 24720425409911
748128 512 0 24720425665912
748640 512 0 24720425921913
749152 512 0 24720426177914
749664 512 0 24720426433915
750176 512 0 24720426689917
750688 512 0 24720426945918
751200 512 0 24720427201919
751712 512 0 24720427457920
752224 512 0 24720427713921
752736 512 0 24720427969922
753248 512 0 24720428225924
753760 512 0 24720428481926
754272 512 0 24720428737927
754784 512 0 24720428993928
755296 512 0 24720429249929
755808 512 0 24720429505930
756320 512 0 24720429761931
756832 512 0 24720430017933
757344 512 0 24720430273934
757856 512 0 24720430529935
758368 512 0 24720430785936
758880 512 0 24720431041937
759392 512 0 24720431297938
759904 512 0 24720431553940
760416 512 0 24720431809941
760928 512 0 24720432065942
761440 512 0 24720432321943
761952 512 0 24720432577944
762464 512 0 24720432833945
762976 512 0 24720433089947
763488 512 0 24720433345948
764000 512 0 24720433601949
764512 512 0 24720433857950
765024 512 0 24720434113951
765536 512 0 24720434369952
766048 512 0 24720434625954
766560 512 0 24720434881955
767072 512 0 24720435137956
767584 512 0 24720435393957
768096 512 0 24720435649958
768608 512 0 24720435905959
769120 512 0 24720436161961
769632 512 0 24720436417961
770144 512 0 24720436673963
770656 512 0 24720436929964
771168 512 0 24720437185965
771680 512 0 24720437441966
772192 512 0 24720437697967
772704 512 0 24720437953968
773216 512 0 24720438209970
773728 512 0 24720438465971
774240 512 0 24720438721972
774752 512 0 24720438977973
775264 512 0 24720439233974
775776 512 0 24720439489975
776288 512 0 24720439745977
776800 512 0 24720440001978
777312 512 0 24720440257979
777824 512 0 24720440513980
778336 512 0 24720440769981
778848 512 0 24720441025982
779360 512 0 24720441281984
779872 512 0 24720441537985
780384 512 0 24720441793986
780896 512 0 24720442049987
781408 512 0 24720442305988
781920 512 0 24720442561989
782432 512 0 24720442817991
782944 512 0 24720443073992
783456 512 0 24720443329993
783968 512 0 24720443585994
784480 512 0 24720443841995
784992 512 0 24720444097996
785504 512 0 24720444353998
786016 512 0 24720444609999
786528 512 0 24720444866001
787040 512 0 24720445122002
787552 512 0 24720445378003
788064 512 0 24720445634004
788576 512 0 24720445890005
789088 512 0 24720446146006
789600 512 0 24720446402008
790112 512 0 24720446658009
790624 512 0 24720446914010
791136 512 0 24720447170011
791648 512 0 24720447426012
792160 512 0 24720447682013
792672 512 0 24720447938015
793184 512 0 24720448194016
793696 512 0 24720448450017
794208 512 0 24720448706018
794720 512 0 24720448962019
795232 512 0 24720449218020
795744 512 0 24720449474022
796256 512 0 24720449730023
796768 512 0 24720449986024
797280 512 0 24720450242025
797792 512 0 24720450498026
798304 512 0 24720450754027
798816 512 0 24720451010029
799328 512 0 24720451266030
799840 512 0 24720451522031
800352 512 0 24720451778032
800864 512 0 24720452034033
468 512 0 24720457789051
980 512 0 24720458067690
1492 512 0 24720458346330
2004 512 0 24720458624969
2516 512 0 24720458903609
3028 512 0 24720459182248
3540 512 0 24720459460888
4052 512 0 24720459739527
4564 512 0 24720460018167
5076 512 0 24720460296806
5588 512 0 24720460575446
6100 512 0 24720460854085
6612 512 0 24720461132725
7124 512 0 24720461411364
7636 512 0 24720461690003
8148 512 0 24720461968643
8660 512 0 24720462247282
9172 512 0 24720462525922
9684 512 0 24720462804561
10196 512 0 24720463083201
10708 512 0 24720463361840
11220 512 0 24720463640480
11732 512 0 24720463919119
12244 512 0 24720464197759
12756 512 0 24720464476398
13268 512 0 24720464755038
13780 512 0 24720465033677
14292 512 0 24720465312317
14804 512 0 24720465590956
15316 512 0 24720465869595
15828 512 0 24720466148235
16340 512 0 24720466426874
16852 512 0 24720466705514
17364 512 0 24720466984153
17876 512 0 24720467262793
18388 512 0 24720467541432
18900 512 0 24720467820072
19412 512 0 24720468098711
19924 512 0 24720468377351
20436 512 0 24720468655990
20948 512 0 24720468934630
21460 512 0 24720469213269
21972 512 0 24720469491909
22484 512 0 24720469770548
22996 512 0 24720470049188
23508 512 0 24720470327827
24020 512 0 24720470606466
24532 512 0 24720470885106
25044 512 0 24720471163745
25556 512 0 24720471442385
26068 512 0 24720471721024
26580 512 0 24720471999664
27092 512 0 24720472278303
27604 512 0 24720472556943
28116 512 0 24720472835582
28628 512 0 24720473114222
29140 512 0 24720473392861
29652 512 0 24720473671501
30164 512 0 24720473950140
30676 512 0 24720474228780
31188 512 0 24720474507419
31700 512 0 24720474786058
32212 512 0 24720475064698
32724 512 0 24720475343407
33236 512 0 24720475622048
33748 512 0 24720475900688
34260 512 0 24720476179329
34772 512 0 24720476457969
35284 512 0 24720476736609
35796 512 0 24720477015250
36308 512 0 24720477293890
36820 512 0 24720477572531
37332 512 0 24720477851171
37844 512 0 24720478129811
38356 512 0 24720478408452
38868 512 0 24720478687092
39380 512 0 24720478965733
39892 512 0 24720479244373
40404 512 0 24720479523013
40916 512 0 24720479801654
41428 512 0 24720480080294
41940 512 0 24720480358935
42452 512 0 24720480637575
42964 512 0 24720480916215
43476 512 0 24720481194856
43988 512 0 24720481473496
44500 512 0 24720481752137
45012 512 0 24720482030777
45524 512 0 24720482309417
46036 512 0 24720482588058
46548 512 0 24720482866698
47060 512 0 24720483145339
47572 512 0 24720483423979
48084 512 0 24720483702620
48596 512 0 24720483981260
49108 512 0 24720484259920
49620 512 0 24720484538560
50132 512 0 24720484817201
50644 512 0 24720485095842
51156 512 0 24720485374482
51668 512 0 24720485653123
52180 512 0 24720485931764
52692 512 0 24720486210404
53204 512 0 24720486489045
53716 512 0 24720486767686
54228 512 0 24720487046326
54740 512 0 24720487324967
55252 512 0 24720487603608
55764 512 0 24720487882248
56276 512 0 24720488160889
56788 512 0 24720488439530
57300 512 0 24720488718170
57812 512 0 24720488996811
58324 512 0 24720489275452
58836 512 0 24720489554092
59348 512 0 24720489832733
59860 512 0 24720490111374
60372 512 0 24720490390014
60884 512 0 24720490668655
61396 512 0 24720490947296
61908 512 0 24720491225936
62420 512 0 24720491504577
62932 512 0 24720491783217
63444 512 0 24720492061858
63956 512 0 24720492340499
64468 512 0 24720492619139
64980 512 0 24720492897780
65492 512 0 24720493176425
66004 512 0 24720493455066
66516 512 0 24720493733706
67028 512 0 24720494012347
67540 512 0 24720494290988
68052 512 0 24720494569628
68564 512 0 24720494848269
69076 512 0 24720495126910
69588 512 0 24720495405551
70100 512 0 24720495684191
70612 512 0 24720495962832
71124 512 0 24720496241473
71636 512 0 24720496520113
72148 512 0 24720496798754
72660 512 0 24720497077395
73172 512 0 24720497356036
73684 512 0 24720497634676
74196 512 0 24720497913317
74708 512 0 24720498191958
75220 512 0 24720498470598
75732 512 0 24720498749239
76244 512 0 24720499027880
76756 512 0 24720499306520
77268 512 0 24720499585161
77780 512 0 24720499863802
78292 512 0 24720500142443
78804 512 0 24720500421083
79316 512 0 24720500699724
79828 512 0 24720500978365
80340 512 0 24720501257005
80852 512 0 24720501535646
81364 512 0 24720501814287
81876 512 0 24720502092930
82388 512 0 24720502371570
82900 512 0 24720502650211
83412 512 0 24720502928852
83924 512 0 24720503207493
84436 512 0 24720503486133
84948 512 0 24720503764774
85460 512 0 24720504043415
85972 512 0 24720504322055
86484 512 0 24720504600696
86996 512 0 24720504879337
87508 512 0 24720505157978
88020 512 0 24720505436618
88532 512 0 24720505715259
89044 512 0 24720505993900
89556 512 0 24720506272541
90068 512 0 24720506551181
90580 512 0 24720506829822
91092 512 0 24720507108463
91604 512 0 24720507387103
92116 512 0 24720507665744
92628 512 0 24720507944385
93140 512 0 24720508223026
93652 512 0 24720508501666
94164 512 0 24720508780307
94676 512 0 24720509058948
95188 512 0 24720509337589
95700 512 0 24720509616229
96212 512 0 24720509894870
96724 512 0 24720510173511
97236 512 0 24720510452151
97748 512 0 24720510730792
98260 512 0 24720511009428
98772 512 0 24720511288069
99284 512 0 24720511566709
99796 512 0 24720511845350
100308 512 0 24720512123991
100820 512 0 24720512402631
101332 512 0 24720512681272
101844 512 0 24720512959913
102356 512 0 24720513238553
102868 512 0 24720513517194
103380 512 0 24720513795835
103892 512 0 24720514074475
104404 512 0 24720514353116
104916 512 0 24720514631757
105428 512 0 24720514910397
105940 512 0 24720515189038
106452 512 0 24720515467679
106964 512 0 24720515746319
107476 512 0 24720516024960
107988 512 0 24720516303601
108500 512 0 24720516582242
109012 512 0 24720516860882
109524 512 0 24720517139523
110036 512 0 24720517418164
110548 512 0 24720517696804
111060 512 0 24720517975445
111572 512 0 24720518254086
112084 512 0 24720518532726
112596 512 0 24720518811367
113108 512 0 24720519090008
113620 512 0 24720519368648
114132 512 0 24720519647289
114644 512 0 24720519925927
115156 512 0 24720520204568
115668 512 0 24720520483208
116180 512 0 24720520761849
116692 512 0 24720521040490
117204 512 0 24720521319130
117716 512 0 24720521597771
118228 512 0 24720521876412
118740 512 0 24720522155052
119252 512 0 24720522433693
119764 512 0 24720522712334
120276 512 0 24720522990974
120788 512 0 24720523269615
121300 512 0 24720523548256
121812 512 0 24720523826896
122324 512 0 24720524105537
122836 512 0 24720524384178
123348 512 0 24720524662818
123860 512 0 24720524941459
124372 512 0 24720525220100
124884 512 0 24720525498740
125396 512 0 24720525777381
125908 512 0 24720526056021
126420 512 0 24720526334662
126932 512 0 24720526613303
127444 512 0 24720526891943
127956 512 0 24720527170584
128468 512 0 24720527449225
128980 512 0 24720527727865
129492 512 0 24720528006506
130004 512 0 24720528285147
130516 512 0 24720528563787
131028 512 0 24720528842427
131540 512 0 24720529121068
132052 512 0 24720529399708
132564 512 0 24720529678349
133076 512 0 24720529956990
133588 512 0 24720530235630
134100 512 0 24720530514271
134612 512 0 24720530792911
135124 512 0 24720531071552
135636 512 0 24720531350193
136148 512 0 24720531628833
136660 512 0 24720531907474
137172 512 0 24720532186115
137684 512 0 24720532464755
138196 512 0 24720532743396
138708 512 0 24720533022037
139220 512 0 24720533300677
139732 512 0 24720533579318
140244 512 0 24720533857959
140756 512 0 24720534136599
141268 512 0 24720534415240
141780 512 0 24720534693880
142292 512 0 24720534972521
142804 512 0 24720535251162
143316 512 0 24720535529802
143828 512 0 24720535808443
144340 512 0 24720536087084
144852 512 0 24720536365724
145364 512 0 24720536644365
145876 512 0 24720536923006
146388 512 0 24720537201646
146900 512 0 24720537480287
147412 512 0 24720537758929
147924 512 0 24720538037570
148436 512 0 24720538316211
148948 512 0 24720538594851
149460 512 0 24720538873492
149972 512 0 24720539152133
150484 512 0 24720539430773
150996 512 0 24720539709414
151508 512 0 24720539988055
152020 512 0 24720540266695
152532 512 0 24720540545336
153044 512 0 24720540823976
153556 512 0 24720541102617
154068 512 0 24720541381258
154580 512 0 24720541659898
155092 512 0 24720541938539
155604 512 0 24720542217180
156116 512 0 24720542495820
156628 512 0 24720542774461
157140 512 0 24720543053102
157652 512 0 24720543331742
158164 512 0 24720543610383
158676 512 0 24720543889024
159188 512 0 24720544167664
159700 512 0 24720544446305
160212 512 0 24720544724946
160724 512 0 24720545003586
161236 512 0 24720545282227
161748 512 0 24720545560868
162260 512 0 24720545839508
162772 512 0 24720546118149
163284 512 0 24720546396790
163796 512 0 24720546675430
164308 512 0 24720546954071
164820 512 0 24720547232712
165332 512 0 24720547511352
165844 512 0 24720547789993
166356 512 0 24720548068634
166868 512 0 24720548347274
167380 512 0 24720548625915
167892 512 0 24720548904556
168404 512 0 24720549183196
168916 512 0 24720549461837
169428 512 0 24720549740478
169940 512 0 24720550019118
170452 512 0 24720550297759
170964 512 0 24720550576399
171476 512 0 24720550855040
171988 512 0 24720551133681
172500 512 0 24720551412321
173012 512 0 24720551690962
173524 512 0 24720551969603
174036 512 0 24720552248243
174548 512 0 24720552526884
175060 512 0 24720552805525
175572 512 0 24720553084165
176084 512 0 24720553362806
176596 512 0 24720553641447
177108 512 0 24720553920087
177620 512 0 24720554198728
178132 512 0 24720554477369
178644 512 0 24720554756009
179156 512 0 24720555034650
179668 512 0 24720555313291
180180 512 0 24720555591933
180692 512 0 24720555870573
181204 512 0 24720556149214
181716 512 0 24720556427855
182228 512 0 24720556706495
182740 512 0 24720556985136
183252 512 0 24720557263777
183764 512 0 24720557542417
184276 512 0 24720557821058
184788 512 0 24720558099699
185300 512 0 24720558378339
185812 512 0 24720558656980
186324 512 0 24720558935621
186836 512 0 24720559214261
187348 512 0 24720559492902
187860 512 0 24720559771543
188372 512 0 24720560050183
188884 512 0 24720560328824
189396 512 0 24720560607464
189908 512 0 24720560886105
190420 512 0 24720561164746
190932 512 0 24720561443386
191444 512 0 24720561722027
191956 512 0 24720562000668
192468 512 0 24720562279308
192980 512 0 24720562557949
193492 512 0 24720562836590
194004 512 0 24720563115230
194516 512 0 24720563393871
195028 512 0 24720563672512
195540 512 0 24720563951152
196052 512 0 24720564229793
196564 512 0 24720564508435
197076 512 0 24720564787075
197588 512 0 24720565065716
198100 512 0 24720565344357
198612 512 0 24720565622997
199124 512 0 24720565901638
199636 512 0 24720566180279
200148 512 0 24720566458919
200660 512 0 24720566737560
201172 512 0 24720567016201
201684 512 0 24720567294841
202196 512 0 24720567573482
202708 512 0 24720567852123
203220 512 0 24720568130763
203732 512 0 24720568409404
204244 512 0 24720568688045
204756 512 0 24720568966685
205268 512 0 24720569245326
205780 512 0 24720569523967
206292 512 0 24720569802607
206804 512 0 24720570081248
207316 512 0 24720570359889
207828 512 0 24720570638529
208340 512 0 24720570917170
208852 512 0 24720571195811
209364 512 0 24720571474451
209876 512 0 24720571753092
210388 512 0 24720572031733
210900 512 0 24720572310373
211412 512 0 24720572589014
211924 512 0 24720572867655
212436 512 0 24720573146295
212948 512 0 24720573424937
213460 512 0 24720573703578
213972 512 0 24720573982218
214484 512 0 24720574260859
214996 512 0 24720574539500
215508 512 0 24720574818140
216020 512 0 24720575096781
216532 512 0 24720575375422
217044 512 0 24720575654062
217556 512 0 24720575932703
218068 512 0 24720576211344
218580 512 0 24720576489984
219092 512 0 24720576768625
219604 512 0 24720577047266
220116 512 0 24720577325906
220628 512 0 24720577604547
221140 512 0 24720577883188
221652 512 0 24720578161828
222164 512 0 24720578440469
222676 512 0 24720578719110
223188 512 0 24720578997750
223700 512 0 24720579276391
224212 512 0 24720579555032
224724 512 0 24720579833672
225236 512 0 24720580112313
225748 512 0 24720580390954
226260 512 0 24720580669594
226772 512 0 24720580948235
227284 512 0 24720581226876
227796 512 0 24720581505516
228308 512 0 24720581784157
228820 512 0 24720582062798
229332 512 0 24720582341439
229844 512 0 24720582620080
230356 512 0 24720582898720
230868 512 0 24720583177361
231380 512 0 24720583456002
231892 512 0 24720583734642
232404 512 0 24720584013283
232916 512 0 24720584291924
233428 512 0 24720584570564
233940 512 0 24720584849205
234452 512 0 24720585127846
234964 512 0 24720585406486
235476 512 0 24720585685127
235988 512 0 24720585963768
236500 512 0 24720586242408
237012 512 0 24720586521049
237524 512 0 24720586799690
238036 512 0 24720587078331
238548 512 0 24720587356971
239060 512 0 24720587635612
239572 512 0 24720587914253
240084 512 0 24720588192893
240596 512 0 24720588471534
241108 512 0 24720588750175
241620 512 0 24720589028815
242132 512 0 24720589307456
242644 512 0 24720589586097
243156 512 0 24720589864737
243668 512 0 24720590143378
244180 512 0 24720590422019
244692 512 0 24720590700659
245204 512 0 24720590979300
245716 512 0 24720591257940
246228 512 0 24720591536580
246740 512 0 24720591815221
247252 512 0 24720592093862
247764 512 0 24720592372503
248276 512 0 24720592651143
248788 512 0 24720592929784
249300 512 0 24720593208425
249812 512 0 24720593487065
250324 512 0 24720593765706
250836 512 0 24720594044347
251348 512 0 24720594322987
251860 512 0 24720594601628
252372 512 0 24720594880269
252884 512 0 24720595158909
253396 512 0 24720595437550
253908 512 0 24720595716191
254420 512 0 24720595994831
254932 512 0 24720596273472
255444 512 0 24720596552113
255956 512 0 24720596830753
256468 512 0 24720597109394
256980 512 0 24720597388035
257492 512 0 24720597666675
258004 512 0 24720597945316
258516 512 0 24720598223957
259028 512 0 24720598502597
259540 512 0 24720598781238
260052 512 0 24720599059879
260564 512 0 24720599338519
261076 512 0 24720599617160
261588 512 0 24720599895801
262100 512 0 24720600174442
262612 512 0 24720600453083
263124 512 0 24720600731723
263636 512 0 24720601010364
264148 512 0 24720601289005
264660 512 0 24720601567645
265172 512 0 24720601846286
265684 512 0 24720602124927
266196 512 0 24720602403567
266708 512 0 24720602682208
267220 512 0 24720602960849
267732 512 0 24720603239489
268244 512 0 24720603518130
268756 512 0 24720603796771
269268 512 0 24720604075411
269780 512 0 24720604354052
270292 512 0 24720604632693
270804 512 0 24720604911333
271316 512 0 24720605189974
271828 512 0 24720605468615
272340 512 0 24720605747255
272852 512 0 24720606025896
273364 512 0 24720606304537
273876 512 0 24720606583177
274388 512 0 24720606861818
274900 512 0 24720607140459
275412 512 0 24720607419099
275924 512 0 24720607697740
276436 512 0 24720607976381
276948 512 0 24720608255021
277460 512 0 24720608533662
277972 512 0 24720608812303
278484 512 0 24720609090944
278996 512 0 24720609369585
279508 512 0 24720609648225
280020 512 0 24720609926866
280532 512 0 24720610205507
281044 512 0 24720610484147
281556 512 0 24720610762788
282068 512 0 24720611041429
282580 512 0 24720611320069
283092 512 0 24720611598710
283604 512 0 24720611877351
284116 512 0 24720612155991
284628 512 0 24720612434632
285140 512 0 24720612713273
285652 512 0 24720612991913
286164 512 0 24720613270554
286676 512 0 24720613549195
287188 512 0 24720613827835
287700 512 0 24720614106476
288212 512 0 24720614385117
288724 512 0 24720614663757
289236 512 0 24720614942398
289748 512 0 24720615221039
290260 512 0 24720615499679
290772 512 0 24720615778320
291284 512 0 24720616056961
291796 512 0 24720616335601
292308 512 0 24720616614242
292820 512 0 24720616892883
293332 512 0 24720617171523
293844 512 0 24720617450164
294356 512 0 24720617728805
294868 512 0 24720618007446
295380 512 0 24720618286087
295892 512 0 24720618564727
296404 512 0 24720618843368
296916 512 0 24720619122009
297428 512 0 24720619400649
297940 512 0 24720619679290
298452 512 0 24720619957931
298964 512 0 24720620236571
299476 512 0 24720620515212
299988 512 0 24720620793853
300500 512 0 24720621072493
301012 512 0 24720621351134
301524 512 0 24720621629775
302036 512 0 24720621908415
302548 512 0 24720622187056
303060 512 0 24720622465697
303572 512 0 24720622744337
304084 512 0 24720623022978
304596 512 0 24720623301619
305108 512 0 24720623580259
305620 512 0 24720623858900
306132 512 0 24720624137541
306644 512 0 24720624416182
307156 512 0 24720624694822
307668 512 0 24720624973463
308180 512 0 24720625252104
308692 512 0 24720625530744
309204 512 0 24720625809385
309716 512 0 24720626088026
310228 512 0 24720626366666
310740 512 0 24720626645307
311252 512 0 24720626923948
311764 512 0 24720627202589
312276 512 0 24720627481229
312788 512 0 24720627759870
313300 512 0 24720628038511
313812 512 0 24720628317151
314324 512 0 24720628595792
314836 512 0 24720628874433
315348 512 0 24720629153073
315860 512 0 24720629431714
316372 512 0 24720629710355
316884 512 0 24720629988995
317396 512 0 24720630267636
317908 512 0 24720630546277
318420 512 0 24720630824917
318932 512 0 24720631103558
319444 512 0 24720631382199
319956 512 0 24720631660840
320468 512 0 24720631939480
320980 512 0 24720632218121
321492 512 0 24720632496762
322004 512 0 24720632775402
322516 512 0 24720633054043
323028 512 0 24720633332684
323540 512 0 24720633611324
324052 512 0 24720633889965
324564 512 0 24720634168606
325076 512 0 24720634447246
325588 512 0 24720634725887
326100 512 0 24720635004528
326612 512 0 24720635283168
327124 512 0 24720635561809
327636 512 0 24720635840450
328148 512 0 24720636119091
328660 512 0 24720636397731
329172 512 0 24720636676372
329684 512 0 24720636955013
330196 512 0 24720637233653
330708 512 0 24720637512294
331220 512 0 24720637790935
331732 512 0 24720638069575
332244 512 0 24720638348216
332756 512 0 24720638626857
333268 512 0 24720638905497
333780 512 0 24720639184138
334292 512 0 24720639462779
334804 512 0 24720639741420
335316 512 0 24720640020060
335828 512 0 24720640298701
336340 512 0 24720640577342
336852 512 0 24720640855982
337364 512 0 24720641134623
337876 512 0 24720641413264
338388 512 0 24720641691904
338900 512 0 24720641970545
339412 512 0 24720642249186
339924 512 0 24720642527826
340436 512 0 24720642806467
340948 512 0 24720643085108
341460 512 0 24720643363748
341972 512 0 24720643642389
342484 512 0 24720643921030
342996 512 0 24720644199670
343508 512 0 24720644478311
344020 512 0 24720644756952
344532 512 0 24720645035593
345044 512 0 24720645314233
345556 512 0 24720645592874
346068 512 0 24720645871515
346580 512 0 24720646150155
347092 512 0 24720646428796
347604 512 0 24720646707437
348116 512 0 24720646986077
348628 512 0 24720647264718
349140 512 0 24720647543359
349652 512 0 24720647822000
350164 512 0 24720648100640
350676 512 0 24720648379281
351188 512 0 24720648657922
351700 512 0 24720648936562
352212 512 0 24720649215203
352724 512 0 24720649493844
353236 512 0 24720649772484
353748 512 0 24720650051125
354260 512 0 24720650329766
354772 512 0 24720650608406
355284 512 0 24720650887047
355796 512 0 24720651165688
356308 512 0 24720651444328
356820 512 0 24720651722969
357332 512 0 24720652001610
357844 512 0 24720652280250
358356 512 0 24720652558891
358868 512 0 24720652837532
359380 512 0 24720653116172
359892 512 0 24720653394813
360404 512 0 24720653673454
360916 512 0 24720653952095
361428 512 0 24720654230735
361940 512 0 24720654509376
362452 512 0 24720654788017
362964 512 0 24720655066657
363476 512 0 24720655345298
363988 512 0 24720655623939
364500 512 0 24720655902580
365012 512 0 24720656181220
365524 512 0 24720656459861
366036 512 0 24720656738502
366548 512 0 24720657017142
367060 512 0 24720657295783
367572 512 0 24720657574424
368084 512 0 24720657853064
368596 512 0 24720658131705
369108 512 0 24720658410346
369620 512 0 24720658688986
370132 512 0 24720658967627
370644 512 0 24720659246268
371156 512 0 24720659524908
371668 512 0 24720659803549
372180 512 0 24720660082190
372692 512 0 24720660360830
373204 512 0 24720660639471
373716 512 0 24720660918112
374228 512 0 24720661196752
374740 512 0 24720661475393
375252 512 0 24720661754034
375764 512 0 24720662032674
376276 512 0 24720662311315
376788 512 0 24720662589956
377300 512 0 24720662868597
377812 512 0 24720663147237
378324 512 0 24720663425878
378836 512 0 24720663704519
379348 512 0 24720663983160
379860 512 0 24720664261800
380372 512 0 24720664540441
380884 512 0 24720664819082
381396 512 0 24720665097722
381908 512 0 24720665376363
382420 512 0 24720665655004
382932 512 0 24720665933644
383444 512 0 24720666212285
383956 512 0 24720666490926
384468 512 0 24720666769566
384980 512 0 24720667048207
385492 512 0 24720667326848
386004 512 0 24720667605488
386516 512 0 24720667884129
387028 512 0 24720668162770
387540 512 0 24720668441410
388052 512 0 24720668720051
388564 512 0 24720668998692
389076 512 0 24720669277332
389588 512 0 24720669555973
390100 512 0 24720669834614
390612 512 0 24720670113254
391124 512 0 24720670391895
391636 512 0 24720670670536
392148 512 0 24720670949177
392660 512 0 24720671227817
393172 512 0 24720671506458
393684 512 0 24720671785099
394196 512 0 24720672063739
394708 512 0 24720672342380
395220 512 0 24720672621021
395732 512 0 24720672899662
396244 512 0 24720673178302
396756 512 0 24720673456943
397268 512 0 24720673735584
397780 512 0 24720674014224
398292 512 0 24720674292865
398804 512 0 24720674571506
399316 512 0 24720674850146
399828 512 0 24720675128787
400340 512 0 24720675407428
400852 512 0 24720675686068
401364 512 0 24720675964709
401876 512 0 24720676243350
402388 512 0 24720676521990
402900 512 0 24720676800631
403412 512 0 24720677079272
403924 512 0 24720677357912
404436 512 0 24720677636553
404948 512 0 24720677915194
405460 512 0 24720678193834
405972 512 0 24720678472475
406484 512 0 24720678751116
406996 512 0 24720679029757
407508 512 0 24720679308397
408020 512 0 24720679587038
408532 512 0 24720679865679
409044 512 0 24720680144319
409556 512 0 24720680422960
410068 512 0 24720680701601
410580 512 0 24720680980242
411092 512 0 24720681258882
411604 512 0 24720681537523
412116 512 0 24720681816164
412628 512 0 24720682094804
413140 512 0 24720682373445
413652 512 0 24720682652086
414164 512 0 24720682930726
414676 512 0 24720683209367
415188 512 0 24720683488008
415700 512 0 24720683766648
416212 512 0 24720684045289
416724 512 0 24720684323930
417236 512 0 24720684602570
417748 512 0 24720684881211
418260 512 0 24720685159852
418772 512 0 24720685438492
419284 512 0 24720685717133
419796 512 0 24720685995774
420308 512 0 24720686274414
420820 512 0 24720686553055
421332 512 0 24720686831696
421844 512 0 24720687110337
422356 512 0 24720687388977
422868 512 0 24720687667618
423380 512 0 24720687946259
423892 512 0 24720688224899
424404 512 0 24720688503540
424916 512 0 24720688782181
425428 512 0 24720689060821
425940 512 0 24720689339462
426452 512 0 24720689618103
426964 512 0 24720689896744
427476 512 0 24720690175384
427988 512 0 24720690454025
428500 512 0 24720690732666
429012 512 0 24720691011306
429524 512 0 24720691289947
430036 512 0 24720691568588
430548 512 0 24720691847228
431060 512 0 24720692125869
431572 512 0 24720692404510
432084 512 0 24720692683150
432596 512 0 24720692961791
433108 512 0 24720693240432
433620 512 0 24720693519072
434132 512 0 24720693797713
434644 512 0 24720694076354
435156 512 0 24720694354994
435668 512 0 24720694633635
436180 512 0 24720694912276
436692 512 0 24720695190916
437204 512 0 24720695469557
437716 512 0 24720695748198
438228 512 0 24720696026839
438740 512 0 24720696305479
439252 512 0 24720696584120
439764 512 0 24720696862761
440276 512 0 24720697141401
440788 512 0 24720697420042
441300 512 0 24720697698683
441812 512 0 24720697977323
442324 512 0 24720698255964
442836 512 0 24720698534605
443348 512 0 24720698813246
443860 512 0 24720699091886
444372 512 0 24720699370527
444884 512 0 24720699649168
445396 512 0 24720699927808
445908 512 0 24720700206449
446420 512 0 24720700485090
446932 512 0 24720700763730
447444 512 0 24720701042371
447956 512 0 24720701321012
448468 512 0 24720701599652
448980 512 0 24720701878293
449492 512 0 24720702156934
450004 512 0 24720702435574
450516 512 0 24720702714215
451028 512 0 24720702992856
451540 512 0 24720703271496
452052 512 0 24720703550137
452564 512 0 24720703828778
453076 512 0 24720704107419
453588 512 0 24720704386059
454100 512 0 24720704664700
454612 512 0 24720704943341
455124 512 0 24720705221981
455636 512 0 24720705500622
456148 512 0 24720705779263
456660 512 0 24720706057903
457172 512 0 24720706336544
457684 512 0 24720706615185
458196 512 0 24720706893825
458708 512 0 24720707172466
459220 512 0 24720707451107
459732 512 0 24720707729748
460244 512 0 24720708008388
460756 512 0 24720708287029
461268 512 0 24720708565670
461780 512 0 24720708844310
462292 512 0 24720709122951
462804 512 0 24720709401592
463316 512 0 24720709680232
463828 512 0 24720709958873
464340 512 0 24720710237514
464852 512 0 24720710516154
465364 512 0 24720710794795
465876 512 0 24720711073436
466388 512 0 24720711352076
466900 512 0 24720711630717
467412 512 0 24720711909358
467924 512 0 24720712187998
468436 512 0 24720712466639
468948 512 0 24720712745280
469460 512 0 24720713023921
469972 512 0 24720713302561
470484 512 0 24720713581202
470996 512 0 24720713859843
471508 512 0 24720714138483
472020 512 0 24720714417124
472532 512 0 24720714695765
473044 512 0 24720714974405
473556 512 0 24720715253046
474068 512 0 24720715531687
474580 512 0 24720715810327
475092 512 0 24720716088968
475604 512 0 24720716367609
476116 512 0 24720716646250
476628 512 0 24720716924890
477140 512 0 24720717203531
477652 512 0 24720717482172
478164 512 0 24720717760812
478676 512 0 24720718039453
479188 512 0 24720718318094
479700 512 0 24720718596734
480212 512 0 24720718875375
480724 512 0 24720719154016
481236 512 0 24720719432656
481748 512 0 24720719711297
482260 512 0 24720719989938
482772 512 0 24720720268578
483284 512 0 24720720547219
483796 512 0 24720720825860
484308 512 0 24720721104501
484820 512 0 24720721383141
485332 512 0 24720721661782
485844 512 0 24720721940423
486356 512 0 24720722219063
486868 512 0 24720722497704
487380 512 0 24720722776345
487892 512 0 24720723054985
488404 512 0 24720723333626
488916 512 0 24720723612267
489428 512 0 24720723890907
489940 512 0 24720724169548
490452 512 0 24720724448189
490964 512 0 24720724726829
491476 512 0 24720725005470
491988 512 0 24720725284111
492500 512 0 24720725562752
493012 512 0 24720725841392
493524 512 0 24720726120033
494036 512 0 24720726398674
494548 512 0 24720726677314
495060 512 0 24720726955955
495572 512 0 24720727234596
496084 512 0 24720727513236
496596 512 0 24720727791877
497108 512 0 24720728070518
497620 512 0 24720728349158
498132 512 0 24720728627799
498644 512 0 24720728906440
499156 512 0 24720729185080
499668 512 0 24720729463721
500180 512 0 24720729742362
500692 512 0 24720730021003
501204 512 0 24720730299643
501716 512 0 24720730578284
502228 512 0 24720730856925
502740 512 0 24720731135565
503252 512 0 24720731414206
503764 512 0 24720731692847
504276 512 0 24720731971487
504788 512 0 24720732250128
505300 512 0 24720732528769
505812 512 0 24720732807409
506324 512 0 24720733086050
506836 512 0 24720733364691
507348 512 0 24720733643331
507860 512 0 24720733921972
508372 512 0 24720734200613
508884 512 0 24720734479254
509396 512 0 24720734757894
509908 512 0 24720735036535
510420 512 0 24720735315176
510932 512 0 24720735593816
511444 512 0 24720735872457
511956 512 0 24720736151098
512468 512 0 24720736429738
512980 512 0 24720736708379
513492 512 0 24720736987020
514004 512 0 24720737265660
514516 512 0 24720737544301
515028 512 0 24720737822942
515540 512 0 24720738101582
516052 512 0 24720738380223
516564 512 0 24720738658864
517076 512 0 24720738937505
517588 512 0 24720739216145
518100 512 0 24720739494786
518612 512 0 24720739773427
519124 512 0 24720740052067
519636 512 0 24720740330708
520148 512 0 24720740609349
520660 512 0 24720740887989
521172 512 0 24720741166630
521684 512 0 24720741445271
522196 512 0 24720741723911
522708 512 0 24720742002552
523220 512 0 24720742281193
523732 512 0 24720742559833
524244 512 0 24720742838474
524756 512 0 24720743117115
525268 512 0 24720743395756
525780 512 0 24720743674396
526292 512 0 24720743953037
526804 512 0 24720744231678
527316 512 0 24720744510318
527828 512 0 24720744788959
528340 512 0 24720745067600
528852 512 0 24720745346240
529364 512 0 24720745624881
529876 512 0 24720745903522
530388 512 0 24720746182162
530900 512 0 24720746460803
531412 512 0 24720746739444
531924 512 0 24720747018085
532436 512 0 24720747296725
532948 512 0 24720747575366
533460 512 0 24720747854007
533972 512 0 24720748132647
534484 512 0 24720748411288
534996 512 0 24720748689929
535508 512 0 24720748968569
536020 512 0 24720749247210
536532 512 0 24720749525851
537044 512 0 24720749804491
537556 512 0 24720750083132
538068 512 0 24720750361773
538580 512 0 24720750640413
539092 512 0 24720750919054
539604 512 0 24720751197695
540116 512 0 24720751476335
540628 512 0 24720751754977
541140 512 0 24720752033618
541652 512 0 24720752312259
542164 512 0 24720752590899
542676 512 0 24720752869540
543188 512 0 24720753148181
543700 512 0 24720753426821
544212 512 0 24720753705462
544724 512 0 24720753984103
545236 512 0 24720754262744
545748 512 0 24720754541384
546260 512 0 24720754820025
546772 512 0 24720755098666
547284 512 0 24720755377306
547796 512 0 24720755655947
548308 512 0 24720755934588
548820 512 0 24720756213228
549332 512 0 24720756491869
549844 512 0 24720756770510
550356 512 0 24720757049150
550868 512 0 24720757327791
551380 512 0 24720757606432
551892 512 0 24720757885072
552404 512 0 24720758163713
552916 512 0 24720758442354
553428 512 0 24720758720995
553940 512 0 24720758999635
554452 512 0 24720759278276
554964 512 0 24720759556917
555476 512 0 24720759835557
555988 512 0 24720760114198
556500 512 0 24720760392839
557012 512 0 24720760671479
557524 512 0 24720760950120
558036 512 0 24720761228761
558548 512 0 24720761507401
559060 512 0 24720761786042
559572 512 0 24720762064683
560084 512 0 24720762343323
560596 512 0 24720762621964
561108 512 0 24720762900605
561620 512 0 24720763179246
562132 512 0 24720763457886
562644 512 0 24720763736527
563156 512 0 24720764015168
563668 512 0 24720764293808
564180 512 0 24720764572449
564692 512 0 24720764851090
565204 512 0 24720765129730
565716 512 0 24720765408371
566228 512 0 24720765687012
566740 512 0 24720765965652
567252 512 0 24720766244293
567764 512 0 24720766522934
568276 512 0 24720766801574
568788 512 0 24720767080215
569300 512 0 24720767358856
569812 512 0 24720767637497
570324 512 0 24720767916137
570836 512 0 24720768194778
571348 512 0 24720768473419
571860 512 0 24720768752059
572372 512 0 24720769030700
572884 512 0 24720769309341
573396 512 0 24720769587981
573908 512 0 24720769866622
574420 512 0 24720770145263
574932 512 0 24720770423903
575444 512 0 24720770702544
575956 512 0 24720770981185
576468 512 0 24720771259825
576980 512 0 24720771538466
577492 512 0 24720771817107
578004 512 0 24720772095748
578516 512 0 24720772374388
579028 512 0 24720772653029
579540 512 0 24720772931670
580052 512 0 24720773210310
580564 512 0 24720773488951
581076 512 0 24720773767592
581588 512 0 24720774046232
582100 512 0 24720774324873
582612 512 0 24720774603514
583124 512 0 24720774882154
583636 512 0 24720775160795
584148 512 0 24720775439436
584660 512 0 24720775718076
585172 512 0 24720775996717
585684 512 0 24720776275358
586196 512 0 24720776553999
586708 512 0 24720776832639
587220 512 0 24720777111280
587732 512 0 24720777389921
588244 512 0 24720777668561
588756 512 0 24720777947202
589268 512 0 24720778225843
589780 512 0 24720778504484
590292 512 0 24720778783125
590804 512 0 24720779061766
591316 512 0 24720779340407
591828 512 0 24720779619047
592340 512 0 24720779897688
592852 512 0 24720780176329
593364 512 0 24720780454969
593876 512 0 24720780733610
594388 512 0 24720781012251
594900 512 0 24720781290891
595412 512 0 24720781569532
595924 512 0 24720781848173
596436 512 0 24720782126813
596948 512 0 24720782405454
597460 512 0 24720782684095
597972 512 0 24720782962735
598484 512 0 24720783241376
598996 512 0 24720783520017
599508 512 0 24720783798658
600020 512 0 24720784077298
600532 512 0 24720784355939
601044 512 0 24720784634580
601556 512 0 24720784913220
602068 512 0 24720785191861
602580 512 0 24720785470502
603092 512 0 24720785749142
603604 512 0 24720786027783
604116 512 0 24720786306424
604628 512 0 24720786585064
605140 512 0 24720786863705
605652 512 0 24720787142346
606164 512 0 24720787420986
606676 512 0 24720787699627
607188 512 0 24720787978268
607700 512 0 24720788256908
608212 512 0 24720788535549
608724 512 0 24720788814190
609236 512 0 24720789092831
609748 512 0 24720789371471
610260 512 0 24720789650112
610772 512 0 24720789928753
611284 512 0 24720790207393
611796 512 0 24720790486034
612308 512 0 24720790764675
612820 512 0 24720791043315
613332 512 0 24720791321956
613844 512 0 24720791600597
614356 512 0 24720791879237
614868 512 0 24720792157878
615380 512 0 24720792436519
615892 512 0 24720792715160
616404 512 0 24720792993800
616916 512 0 24720793272441
617428 512 0 24720793551082
617940 512 0 24720793829722
618452 512 0 24720794108363
618964 512 0 24720794387004
619476 512 0 24720794665644
619988 512 0 24720794944285
620500 512 0 24720795222926
621012 512 0 24720795501566
621524 512 0 24720795780207
622036 512 0 24720796058848
622548 512 0 24720796337490
623060 512 0 24720796616130
623572 512 0 24720796894771
624084 512 0 24720797173412
624596 512 0 24720797452052
625108 512 0 24720797730693
625620 512 0 24720798009334
626132 512 0 24720798287974
626644 512 0 24720798566615
627156 512 0 24720798845256
627668 512 0 24720799123896
628180 512 0 24720799402537
628692 512 0 24720799681178
629204 512 0 24720799959819
629716 512 0 24720800238459
630228 512 0 24720800517100
630740 512 0 24720800795741
631252 512 0 24720801074381
631764 512 0 24720801353022
632276 512 0 24720801631663
632788 512 0 24720801910303
633300 512 0 24720802188944
633812 512 0 24720802467585
634324 512 0 24720802746225
634836 512 0 24720803024866
635348 512 0 24720803303507
635860 512 0 24720803582148
636372 512 0 24720803860788
636884 512 0 24720804139429
637396 512 0 24720804418070
637908 512 0 24720804696710
638420 512 0 24720804975351
638932 512 0 24720805253991
639444 512 0 24720805532632
639956 512 0 24720805811273
640468 512 0 24720806089914
640980 512 0 24720806368554
641492 512 0 24720806647195
642004 512 0 24720806925836
642516 512 0 24720807204476
643028 512 0 24720807483117
643540 512 0 24720807761758
644052 512 0 24720808040398
644564 512 0 24720808319039
645076 512 0 24720808597680
645588 512 0 24720808876321
646100 512 0 24720809154961
646612 512 0 24720809433602
647124 512 0 24720809712243
647636 512 0 24720809990883
648148 512 0 24720810269524
648660 512 0 24720810548165
649172 512 0 24720810826805
649684 512 0 24720811105446
650196 512 0 24720811384087
650708 512 0 24720811662727
651220 512 0 24720811941368
651732 512 0 24720812220009
652244 512 0 24720812498650
652756 512 0 24720812777290
653268 512 0 24720813055931
653780 512 0 24720813334572
654292 512 0 24720813613212
654804 512 0 24720813891853
655316 512 0 24720814170495
655828 512 0 24720814449135
656340 512 0 24720814727776
656852 512 0 24720815006417
657364 512 0 24720815285057
657876 512 0 24720815563698
658388 512 0 24720815842339
658900 512 0 24720816120979
659412 512 0 24720816399620
659924 512 0 24720816678261
660436 512 0 24720816956902
660948 512 0 24720817235542
661460 512 0 24720817514183
661972 512 0 24720817792824
662484 512 0 24720818071464
662996 512 0 24720818350105
663508 512 0 24720818628746
664020 512 0 24720818907386
664532 512 0 24720819186027
665044 512 0 24720819464668
665556 512 0 24720819743308
666068 512 0 24720820021949
666580 512 0 24720820300590
667092 512 0 24720820579231
667604 512 0 24720820857871
668116 512 0 24720821136512
668628 512 0 24720821415153
669140 512 0 24720821693793
669652 512 0 24720821972434
670164 512 0 24720822251075
670676 512 0 24720822529715
671188 512 0 24720822808356
671700 512 0 24720823086998
672212 512 0 24720823365638
672724 512 0 24720823644279
673236 512 0 24720823922920
673748 512 0 24720824201560
674260 512 0 24720824480201
674772 512 0 24720824758842
675284 512 0 24720825037483
675796 512 0 24720825316123
676308 512 0 24720825594764
676820 512 0 24720825873405
677332 512 0 24720826152045
677844 512 0 24720826430686
678356 512 0 24720826709327
678868 512 0 24720826987967
679380 512 0 24720827266608
679892 512 0 24720827545249
680404 512 0 24720827823890
680916 512 0 24720828102530
681428 512 0 24720828381171
681940 512 0 24720828659812
682452 512 0 24720828938452
682964 512 0 24720829217093
683476 512 0 24720829495734
683988 512 0 24720829774374
684500 512 0 24720830053015
685012 512 0 24720830331656
685524 512 0 24720830610296
686036 512 0 24720830888937
686548 512 0 24720831167578
687060 512 0 24720831446219
687572 512 0 24720831724859
688084 512 0 24720832003500
688596 512 0 24720832282140
689108 512 0 24720832560781
689620 512 0 24720832839422
690132 512 0 24720833118062
690644 512 0 24720833396703
691156 512 0 24720833675344
691668 512 0 24720833953984
692180 512 0 24720834232625
692692 512 0 24720834511266
693204 512 0 24720834789907
693716 512 0 24720835068547
694228 512 0 24720835347188
694740 512 0 24720835625829
695252 512 0 24720835904469
695764 512 0 24720836183110
696276 512 0 24720836461751
696788 512 0 24720836740391
697300 512 0 24720837019032
697812 512 0 24720837297673
698324 512 0 24720837576314
698836 512 0 24720837854954
699348 512 0 24720838133595
699860 512 0 24720838412236
700372 512 0 24720838690876
700884 512 0 24720838969517
701396 512 0 24720839248158
701908 512 0 24720839526798
702420 512 0 24720839805439
702932 512 0 24720840084080
703444 512 0 24720840362721
703956 512 0 24720840641361
704468 512 0 24720840920003
704980 512 0 24720841198643
705492 512 0 24720841477284
706004 512 0 24720841755925
706516 512 0 24720842034565
707028 512 0 24720842313206
707540 512 0 24720842591847
708052 512 0 24720842870488
708564 512 0 24720843149128
709076 512 0 24720843427769
709588 512 0 24720843706410
710100 512 0 24720843985050
710612 512 0 24720844263691
711124 512 0 24720844542332
711636 512 0 24720844820972
712148 512 0 24720845099613
712660 512 0 24720845378254
713172 512 0 24720845656895
713684 512 0 24720845935535
714196 512 0 24720846214176
714708 512 0 24720846492817
715220 512 0 24720846771457
715732 512 0 24720847050098
716244 512 0 24720847328739
716756 512 0 24720847607379
717268 512 0 24720847886020
717780 512 0 24720848164661
718292 512 0 24720848443302
718804 512 0 24720848721942
719316 512 0 24720849000583
719828 512 0 24720849279224
720340 512 0 24720849557864
720852 512 0 24720849836506
721364 512 0 24720850115146
721876 512 0 24720850393787
722388 512 0 24720850672428
722900 512 0 24720850951069
723412 512 0 24720851229709
723924 512 0 24720851508350
724436 512 0 24720851786991
724948 512 0 24720852065631
725460 512 0 24720852344272
725972 512 0 24720852622913
726484 512 0 24720852901553
726996 512 0 24720853180194
727508 512 0 24720853458835
728020 512 0 24720853737476
728532 512 0 24720854016116
729044 512 0 24720854294757
729556 512 0 24720854573398
730068 512 0 24720854852038
730580 512 0 24720855130679
731092 512 0 24720855409320
731604 512 0 24720855687960
732116 512 0 24720855966601
732628 512 0 24720856245242
733140 512 0 24720856523883
733652 512 0 24720856802523
734164 512 0 24720857081164
734676 512 0 24720857359805
735188 512 0 24720857638445
735700 512 0 24720857917086
736212 512 0 24720858195727
736724 512 0 24720858474367
737236 512 0 24720858753009
737748 512 0 24720859031650
738260 512 0 24720859310290
738772 512 0 24720859588931
739284 512 0 24720859867572
739796 512 0 24720860146212
740308 512 0 24720860424853
740820 512 0 24720860703494
741332 512 0 24720860982134
741844 512 0 24720861260775
742356 512 0 24720861539416
742868 512 0 24720861818057
743380 512 0 24720862096697
743892 512 0 24720862375338
744404 512 0 24720862653979
744916 512 0 24720862932619
745428 512 0 24720863211260
745940 512 0 24720863489901
746452 512 0 24720863768541
746964 512 0 24720864047182
747476 512 0 24720864325823
747988 512 0 24720864604464
748500 512 0 24720864883104
749012 512 0 24720865161745
749524 512 0 24720865440386
750036 512 0 24720865719026
750548 512 0 24720865997667
751060 512 0 24720866276308
751572 512 0 24720866554948
752084 512 0 24720866833589
752596 512 0 24720867112230
753108 512 0 24720867390871
753620 512 0 24720867669512
754132 512 0 24720867948153
754644 512 0 24720868226793
755156 512 0 24720868505434
755668 512 0 24720868784075
756180 512 0 24720869062715
756692 512 0 24720869341356
757204 512 0 24720869619997
757716 512 0 24720869898637
758228 512 0 24720870177278
758740 512 0 24720870455919
759252 512 0 24720870734560
759764 512 0 24720871013200
760276 512 0 24720871291841
760788 512 0 24720871570482
761300 512 0 24720871849122
761812 512 0 24720872127763
762324 512 0 24720872406404
762836 512 0 24720872685045
763348 512 0 24720872963685
763860 512 0 24720873242326
764372 512 0 24720873520967
764884 512 0 24720873799607
765396 512 0 24720874078248
765908 512 0 24720874356889
766420 512 0 24720874635529
766932 512 0 24720874914170
767444 512 0 24720875192811
767956 512 0 24720875471452
768468 512 0 24720875750092
768980 512 0 24720876028733
769492 512 0 24720876307374
770004 512 0 24720876586015
770516 512 0 24720876864656
771028 512 0 24720877143296
771540 512 0 24720877421937
772052 512 0 24720877700578
772564 512 0 24720877979218
773076 512 0 24720878257859
773588 512 0 24720878536500
774100 512 0 24720878815141
774612 512 0 24720879093781
775124 512 0 24720879372422
775636 512 0 24720879651063
776148 512 0 24720879929703
776660 512 0 24720880208344
777172 512 0 24720880486985
777684 512 0 24720880765625
778196 512 0 24720881044266
778708 512 0 24720881322907
779220 512 0 24720881601548
779732 512 0 24720881880188
780244 512 0 24720882158829
780756 512 0 24720882437470
781268 512 0 24720882716110
781780 512 0 24720882994751
782292 512 0 24720883273392
782804 512 0 24720883552033
783316 512 0 24720883830673
783828 512 0 24720884109314
784340 512 0 24720884387955
784852 512 0 24720884666595
785364 512 0 24720884945236
785876 512 0 24720885223877
786388 512 0 24720885502518
786900 512 0 24720885781159
787412 512 0 24720886059799
787924 512 0 24720886338440
788436 512 0 24720886617081
788948 512 0 24720886895721
789460 512 0 24720887174362
789972 512 0 24720887453003
790484 512 0 24720887731644
790996 512 0 24720888010284
791508 512 0 24720888288925
792020 512 0 24720888567566
792532 512 0 24720888846206
793044 512 0 24720889124847
793556 512 0 24720889403488
794068 512 0 24720889682129
794580 512 0 24720889960769
795092 512 0 24720890239410
795604 512 0 24720890518051
796116 512 0 24720890796691
796628 512 0 24720891075332
797140 512 0 24720891353973
797652 512 0 24720891632613
798164 512 0 24720891911254
798676 512 0 24720892189895
799188 512 0 24720892468536
799700 512 0 24720892747176
800212 512 0 24720893025817
800724 512 0 24720893304458
801236 512 0 24720893583098
801748 512 0 24720893861739
802260 512 0 24720894140380
802772 512 0 24720894419021
803284 512 0 24720894697662
803796 512 0 24720894976302
804308 512 0 24720895254943
804820 512 0 24720895533584
805332 512 0 24720895812225
805844 512 0 24720896090865
806356 512 0 24720896369506
806868 512 0 24720896648147
807380 512 0 24720896926787
807892 512 0 24720897205428
808404 512 0 24720897484069
808916 512 0 24720897762709
809428 512 0 24720898041350
809940 512 0 24720898319991
810452 512 0 24720898598632
810964 512 0 24720898877272
811476 512 0 24720899155913
811988 512 0 24720899434554
812500 512 0 24720899713194
813012 512 0 24720899991835
813524 512 0 24720900270476
814036 512 0 24720900549117
814548 512 0 24720900827757
815060 512 0 24720901106398
815572 512 0 24720901385039
816084 512 0 24720901663679
816596 512 0 24720901942320
817108 512 0 24720902220961
817620 512 0 24720902499602
818132 512 0 24720902778242
818644 512 0 24720903056883
819156 512 0 24720903335525
819668 512 0 24720903614166
820180 512 0 24720903892807
820692 512 0 24720904171447
821204 512 0 24720904450088
821716 512 0 24720904728729
822228 512 0 24720905007369
822740 512 0 24720905286010
823252 512 0 24720905564651
823764 512 0 24720905843292
824276 512 0 24720906121932
824788 512 0 24720906400573
825300 512 0 24720906679214
825812 512 0 24720906957854
826324 512 0 24720907236495
826836 512 0 24720907515136
827348 512 0 24720907793777
827860 512 0 24720908072417
828372 512 0 24720908351058
828884 512 0 24720908629699
829396 512 0 24720908908339
829908 512 0 24720909186980
830420 512 0 24720909465621
830932 512 0 24720909744261
831444 512 0 24720910022902
831956 512 0 24720910301543
832468 512 0 24720910580184
832980 512 0 24720910858824
833492 512 0 24720911137465
834004 512 0 24720911416106
834516 512 0 24720911694746
835028 512 0 24720911973387
835540 512 0 24720912252028
836052 512 0 24720912530669
836564 512 0 24720912809310
837076 512 0 24720913087950
837588 512 0 24720913366591
838100 512 0 24720913645232
838612 512 0 24720913923872
839124 512 0 24720914202513
839636 512 0 24720914481154
840148 512 0 24720914759795
840660 512 0 24720915038435
841172 512 0 24720915317076
841684 512 0 24720915595717
842196 512 0 24720915874357
842708 512 0 24720916152998
843220 512 0 24720916431639
843732 512 0 24720916710280
844244 512 0 24720916988920
844756 512 0 24720917267561
845268 512 0 24720917546202
845780 512 0 24720917824842
846292 512 0 24720918103483
846804 512 0 24720918382124
847316 512 0 24720918660765
847828 512 0 24720918939405
848340 512 0 24720919218046
848852 512 0 24720919496687
849364 512 0 24720919775327
849876 512 0 24720920053968
850388 512 0 24720920332609
850900 512 0 24720920611250
851412 512 0 24720920889890
851924 512 0 24720921168532
852436 512 0 24720921447173
852948 512 0 24720921725814
853460 512 0 24720922004454
853972 512 0 24720922283095
854484 512 0 24720922561736
854996 512 0 24720922840377
855508 512 0 24720923119017
856020 512 0 24720923397658
856532 512 0 24720923676299
857044 512 0 24720923954939
857556 512 0 24720924233580
858068 512 0 24720924512221
858580 512 0 24720924790862
859092 512 0 24720925069502
859604 512 0 24720925348143
860116 512 0 24720925626784
860628 512 0 24720925905424
861140 512 0 24720926184065
861652 512 0 24720926462706
862164 512 0 24720926741347
862676 512 0 24720927019987
863188 512 0 24720927298628
863700 512 0 24720927577269
864212 512 0 24720927855909
864724 512 0 24720928134550
865236 512 0 24720928413191
865748 512 0 24720928691832
866260 512 0 24720928970472
866772 512 0 24720929249113
867284 512 0 24720929527754
867796 512 0 24720929806394
868308 512 0 24720930085036
868820 512 0 24720930363677
869332 512 0 24720930642318
869844 512 0 24720930920959
870356 512 0 24720931199599
870868 512 0 24720931478240
871380 512 0 24720931756881
871892 512 0 24720932035521
872404 512 0 24720932314162
872916 512 0 24720932592803
873428 512 0 24720932871444
873940 512 0 24720933150084
874452 512 0 24720933428725
874964 512 0 24720933707366
875476 512 0 24720933986006
875988 512 0 24720934264647
876500 512 0 24720934543288
877012 512 0 24720934821929
877524 512 0 24720935100569
878036 512 0 24720935379210
878548 512 0 24720935657851
879060 512 0 24720935936491
879572 512 0 24720936215132
880084 512 0 24720936493773
880596 512 0 24720936772414
881108 512 0 24720937051054
881620 512 0 24720937329695
882132 512 0 24720937608336
882644 512 0 24720937886977
883156 512 0 24720938165617
883668 512 0 24720938444258
884180 512 0 24720938722899
884692 512 0 24720939001540
885204 512 0 24720939280181
885716 512 0 24720939558822
886228 512 0 24720939837463
886740 512 0 24720940116103
887252 512 0 24720940394744
887764 512 0 24720940673385
888276 512 0 24720940952026
888788 512 0 24720941230666
889300 512 0 24720941509307
889812 512 0 24720941787948
