9340 512 0 24726785862997
9852 512 0 24726786118997
10364 512 0 24726786374997
10876 512 0 24726786630997
11388 512 0 24726786886997
11900 512 0 24726787142997
12412 512 0 24726787398997
12924 512 0 24726787654997
13436 512 0 24726787910997
13948 512 0 24726788166997
14460 512 0 24726788422997
14972 512 0 24726788678997
15484 512 0 24726788934997
15996 512 0 24726789190997
16508 512 0 24726789446997
17020 512 0 24726789702997
17532 512 0 24726789958997
18044 512 0 24726790214997
18556 512 0 24726790470997
19068 512 0 24726790726997
19580 512 0 24726790982997
20092 512 0 24726791238997
20604 512 0 24726791494997
21116 512 0 24726791750997
21628 512 0 24726792006997
22140 512 0 24726792262997
22652 512 0 24726792518997
23164 512 0 24726792774997
23676 512 0 24726793030997
24188 512 0 24726793286997
24700 512 0 24726793542997
25212 512 0 24726793799026
25724 512 0 24726794055027
26236 512 0 24726794311027
26748 512 0 24726794567028
27260 512 0 24726794823029
27772 512 0 24726795079030
28284 512 0 24726795335030
28796 512 0 24726795591031
29308 512 0 24726795847032
29820 512 0 24726796103033
30332 512 0 24726796359033
30844 512 0 24726796615034
31356 512 0 24726796871035
31868 512 0 24726797127036
32380 512 0 24726797383036
32892 512 0 24726797639037
33404 512 0 24726797895045
33916 512 0 24726798151046
34428 512 0 24726798407047
34940 512 0 24726798663048
35452 512 0 24726798919049
35964 512 0 24726799175050
36476 512 0 24726799431051
36988 512 0 24726799687052
37500 512 0 24726799943053
38012 512 0 24726800199054
38524 512 0 24726800455055
39036 512 0 24726800711055
39548 512 0 24726800967056
40060 512 0 24726801223057
40572 512 0 24726801479058
41084 512 0 24726801735059
41596 512 0 24726801991063
42108 512 0 24726802247064
42620 512 0 24726802503065
43132 512 0 24726802759066
43644 512 0 24726803015067
44156 512 0 24726803271068
44668 512 0 24726803527069
45180 512 0 24726803783070
45692 512 0 24726804039071
46204 512 0 24726804295072
46716 512 0 24726804551073
47228 512 0 24726804807074
47740 512 0 24726805063075
48252 512 0 24726805319076
48764 512 0 24726805575077
49276 512 0 24726805831078
49788 512 0 24726806087081
50300 512 0 24726806343082
50812 512 0 24726806599083
51324 512 0 24726806855084
51836 512 0 24726807111085
52348 512 0 24726807367086
52860 512 0 24726807623087
53372 512 0 24726807879088
53884 512 0 24726808135089
54396 512 0 24726808391090
54908 512 0 24726808647091
55420 512 0 24726808903092
55932 512 0 24726809159093
56444 512 0 24726809415094
56956 512 0 24726809671095
57468 512 0 24726809927096
57980 512 0 24726810183098
58492 512 0 24726810439099
59004 512 0 24726810695100
59516 512 0 24726810951101
60028 512 0 24726811207102
60540 512 0 24726811463103
61052 512 0 24726811719104
61564 512 0 24726811975105
62076 512 0 24726812231106
62588 512 0 24726812487107
63100 512 0 24726812743109
63612 512 0 24726812999110
64124 512 0 24726813255111
64636 512 0 24726813511112
65148 512 0 24726813767113
65660 512 0 24726814023114
66172 512 0 24726814279114
66684 512 0 24726814535115
67196 512 0 24726814791116
67708 512 0 24726815047117
68220 512 0 24726815303118
68732 512 0 24726815559119
69244 512 0 24726815815120
69756 512 0 24726816071121
70268 512 0 24726816327122
70780 512 0 24726816583123
71292 512 0 24726816839124
71804 512 0 24726817095125
72316 512 0 24726817351126
72828 512 0 24726817607127
73340 512 0 24726817863128
73852 512 0 24726818119129
74364 512 0 24726818375130
74876 512 0 24726818631131
75388 512 0 24726818887132
75900 512 0 24726819143133
76412 512 0 24726819399134
76924 512 0 24726819655135
77436 512 0 24726819911136
77948 512 0 24726820167137
78460 512 0 24726820423138
78972 512 0 24726820679139
79484 512 0 24726820935140
79996 512 0 24726821191141
80508 512 0 24726821447142
81020 512 0 24726821703143
81532 512 0 24726821959144
82044 512 0 24726822215145
82556 512 0 24726822471147
83068 512 0 24726822727148
83580 512 0 24726822983149
84092 512 0 24726823239150
84604 512 0 24726823495151
85116 512 0 24726823751152
85628 512 0 24726824007153
86140 512 0 24726824263154
86652 512 0 24726824519155
87164 512 0 24726824775156
87676 512 0 24726825031157
88188 512 0 24726825287158
88700 512 0 24726825543159
89212 512 0 24726825799160
89724 512 0 24726826055161
90236 512 0 24726826311162
90748 512 0 24726826567163
91260 512 0 24726826823164
91772 512 0 24726827079165
92284 512 0 24726827335166
92796 512 0 24726827591167
93308 512 0 24726827847168
93820 512 0 24726828103169
94332 512 0 24726828359170
94844 512 0 24726828615171
95356 512 0 24726828871172
95868 512 0 24726829127173
96380 512 0 24726829383174
96892 512 0 24726829639175
97404 512 0 24726829895176
97916 512 0 24726830151177
98428 512 0 24726830407178
98940 512 0 24726830663180
99452 512 0 24726830919181
99964 512 0 24726831175182
100476 512 0 24726831431183
100988 512 0 24726831687184
101500 512 0 24726831943185
102012 512 0 24726832199186
102524 512 0 24726832455187
103036 512 0 24726832711188
103548 512 0 24726832967189
104060 512 0 24726833223190
104572 512 0 24726833479191
105084 512 0 24726833735192
105596 512 0 24726833991193
106108 512 0 24726834247194
106620 512 0 24726834503195
107132 512 0 24726834759196
107644 512 0 24726835015197
108156 512 0 24726835271198
108668 512 0 24726835527199
109180 512 0 24726835783200
109692 512 0 24726836039201
110204 512 0 24726836295202
110716 512 0 24726836551203
111228 512 0 24726836807204
111740 512 0 24726837063205
112252 512 0 24726837319206
112764 512 0 24726837575207
113276 512 0 24726837831208
113788 512 0 24726838087209
114300 512 0 24726838343210
114812 512 0 24726838599211
115324 512 0 24726838855213
115836 512 0 24726839111214
116348 512 0 24726839367215
116860 512 0 24726839623216
117372 512 0 24726839879217
117884 512 0 24726840135218
118396 512 0 24726840391219
118908 512 0 24726840647220
119420 512 0 24726840903221
119932 512 0 24726841159222
120444 512 0 24726841415223
120956 512 0 24726841671224
121468 512 0 24726841927225
121980 512 0 24726842183226
122492 512 0 24726842439227
123004 512 0 24726842695228
123516 512 0 24726842951230
124028 512 0 24726843207231
124540 512 0 24726843463232
125052 512 0 24726843719233
125564 512 0 24726843975234
126076 512 0 24726844231235
126588 512 0 24726844487236
127100 512 0 24726844743237
127612 512 0 24726844999238
128124 512 0 24726845255239
128636 512 0 24726845511240
129148 512 0 24726845767241
129660 512 0 24726846023242
130172 512 0 24726846279243
130684 512 0 24726846535245
131196 512 0 24726846791246
131708 512 0 24726847047246
132220 512 0 24726847303247
132732 512 0 24726847559248
133244 512 0 24726847815249
133756 512 0 24726848071250
134268 512 0 24726848327251
134780 512 0 24726848583252
135292 512 0 24726848839253
135804 512 0 24726849095254
136316 512 0 24726849351255
136828 512 0 24726849607256
137340 512 0 24726849863257
137852 512 0 24726850119258
138364 512 0 24726850375259
138876 512 0 24726850631260
139388 512 0 24726850887261
139900 512 0 24726851143263
140412 512 0 24726851399264
140924 512 0 24726851655265
141436 512 0 24726851911266
141948 512 0 24726852167267
142460 512 0 24726852423268
142972 512 0 24726852679269
143484 512 0 24726852935270
143996 512 0 24726853191271
144508 512 0 24726853447272
145020 512 0 24726853703273
145532 512 0 24726853959274
146044 512 0 24726854215275
146556 512 0 24726854471276
147068 512 0 24726854727277
147580 512 0 24726854983278
148092 512 0 24726855239281
148604 512 0 24726855495282
149116 512 0 24726855751283
149628 512 0 24726856007284
150140 512 0 24726856263285
150652 512 0 24726856519286
151164 512 0 24726856775287
151676 512 0 24726857031288
152188 512 0 24726857287289
152700 512 0 24726857543290
153212 512 0 24726857799291
153724 512 0 24726858055292
154236 512 0 24726858311293
154748 512 0 24726858567295
155260 512 0 24726858823296
155772 512 0 24726859079297
156284 512 0 24726859335297
156796 512 0 24726859591298
157308 512 0 24726859847299
157820 512 0 24726860103300
158332 512 0 24726860359301
158844 512 0 24726860615302
159356 512 0 24726860871303
159868 512 0 24726861127304
160380 512 0 24726861383305
160892 512 0 24726861639306
161404 512 0 24726861895307
161916 512 0 24726862151308
162428 512 0 24726862407309
162940 512 0 24726862663310
163452 512 0 24726862919311
163964 512 0 24726863175312
164476 512 0 24726863431314
164988 512 0 24726863687315
165500 512 0 24726863943316
166012 512 0 24726864199317
166524 512 0 24726864455318
167036 512 0 24726864711319
167548 512 0 24726864967320
168060 512 0 24726865223321
168572 512 0 24726865479322
169084 512 0 24726865735323
169596 512 0 24726865991324
170108 512 0 24726866247325
170620 512 0 24726866503326
171132 512 0 24726866759327
171644 512 0 24726867015329
172156 512 0 24726867271330
172668 512 0 24726867527330
173180 512 0 24726867783331
173692 512 0 24726868039332
174204 512 0 24726868295333
174716 512 0 24726868551334
175228 512 0 24726868807335
175740 512 0 24726869063336
176252 512 0 24726869319337
176764 512 0 24726869575338
177276 512 0 24726869831339
177788 512 0 24726870087340
178300 512 0 24726870343341
178812 512 0 24726870599342
179324 512 0 24726870855343
179836 512 0 24726871111344
180348 512 0 24726871367345
180860 512 0 24726871623347
181372 512 0 24726871879348
181884 512 0 24726872135349
182396 512 0 24726872391350
182908 512 0 24726872647351
183420 512 0 24726872903352
183932 512 0 24726873159353
184444 512 0 24726873415354
184956 512 0 24726873671355
185468 512 0 24726873927356
185980 512 0 24726874183357
186492 512 0 24726874439358
187004 512 0 24726874695359
187516 512 0 24726874951360
188028 512 0 24726875207361
188540 512 0 24726875463363
189052 512 0 24726875719364
189564 512 0 24726875975365
190076 512 0 24726876231366
190588 512 0 24726876487367
191100 512 0 24726876743368
191612 512 0 24726876999369
192124 512 0 24726877255370
192636 512 0 24726877511371
193148 512 0 24726877767372
193660 512 0 24726878023373
194172 512 0 24726878279374
194684 512 0 24726878535375
195196 512 0 24726878791376
195708 512 0 24726879047378
196220 512 0 24726879303379
196732 512 0 24726879559380
197244 512 0 24726879815380
197756 512 0 24726880071381
198268 512 0 24726880327382
198780 512 0 24726880583383
199292 512 0 24726880839384
199804 512 0 24726881095385
200316 512 0 24726881351386
200828 512 0 24726881607387
201340 512 0 24726881863388
201852 512 0 24726882119389
202364 512 0 24726882375390
202876 512 0 24726882631391
203388 512 0 24726882887392
203900 512 0 24726883143393
204412 512 0 24726883399394
204924 512 0 24726883655395
205436 512 0 24726883911397
205948 512 0 24726884167398
206460 512 0 24726884423399
206972 512 0 24726884679400
207484 512 0 24726884935401
207996 512 0 24726885191402
208508 512 0 24726885447403
209020 512 0 24726885703404
209532 512 0 24726885959405
210044 512 0 24726886215406
210556 512 0 24726886471407
211068 512 0 24726886727408
211580 512 0 24726886983409
212092 512 0 24726887239410
212604 512 0 24726887495411
213116 512 0 24726887751413
213628 512 0 24726888007414
214140 512 0 24726888263415
214652 512 0 24726888519416
215164 512 0 24726888775417
215676 512 0 24726889031418
216188 512 0 24726889287419
216700 512 0 24726889543420
217212 512 0 24726889799421
217724 512 0 24726890055422
218236 512 0 24726890311423
218748 512 0 24726890567424
219260 512 0 24726890823425
219772 512 0 24726891079426
220284 512 0 24726891335428
220796 512 0 24726891591429
221308 512 0 24726891847430
221820 512 0 24726892103431
222332 512 0 24726892359432
222844 512 0 24726892615433
223356 512 0 24726892871434
223868 512 0 24726893127435
224380 512 0 24726893383436
224892 512 0 24726893639437
225404 512 0 24726893895438
225916 512 0 24726894151439
226428 512 0 24726894407440
226940 512 0 24726894663441
227452 512 0 24726894919442
227964 512 0 24726895175444
228476 512 0 24726895431445
228988 512 0 24726895687446
229500 512 0 24726895943447
230012 512 0 24726896199448
230524 512 0 24726896455449
231036 512 0 24726896711450
231548 512 0 24726896967451
232060 512 0 24726897223452
232572 512 0 24726897479453
233084 512 0 24726897735454
233596 512 0 24726897991455
234108 512 0 24726898247456
234620 512 0 24726898503457
235132 512 0 24726898759458
235644 512 0 24726899015460
236156 512 0 24726899271461
236668 512 0 24726899527462
237180 512 0 24726899783463
237692 512 0 24726900039464
238204 512 0 24726900295464
238716 512 0 24726900551465
239228 512 0 24726900807466
239740 512 0 24726901063467
240252 512 0 24726901319468
240764 512 0 24726901575469
241276 512 0 24726901831470
241788 512 0 24726902087471
242300 512 0 24726902343472
242812 512 0 24726902599473
243324 512 0 24726902855474
243836 512 0 24726903111475
244348 512 0 24726903367476
244860 512 0 24726903623477
245372 512 0 24726903879479
245884 512 0 24726904135480
246396 512 0 24726904391481
246908 512 0 24726904647482
247420 512 0 24726904903483
247932 512 0 24726905159484
248444 512 0 24726905415485
248956 512 0 24726905671486
249468 512 0 24726905927487
249980 512 0 24726906183488
250492 512 0 24726906439489
251004 512 0 24726906695490
251516 512 0 24726906951491
252028 512 0 24726907207492
252540 512 0 24726907463494
253052 512 0 24726907719495
253564 512 0 24726907975496
254076 512 0 24726908231497
254588 512 0 24726908487498
255100 512 0 24726908743499
255612 512 0 24726908999500
256124 512 0 24726909255501
256636 512 0 24726909511502
257148 512 0 24726909767503
257660 512 0 24726910023504
258172 512 0 24726910279505
258684 512 0 24726910535506
259196 512 0 24726910791507
259708 512 0 24726911047508
260220 512 0 24726911303510
260732 512 0 24726911559511
261244 512 0 24726911815512
261756 512 0 24726912071513
262268 512 0 24726912327514
262780 512 0 24726912583514
263292 512 0 24726912839515
263804 512 0 24726913095516
264316 512 0 24726913351517
264828 512 0 24726913607518
265340 512 0 24726913863519
265852 512 0 24726914119520
266364 512 0 24726914375521
266876 512 0 24726914631522
267388 512 0 24726914887523
267900 512 0 24726915143524
268412 512 0 24726915399525
268924 512 0 24726915655526
269436 512 0 24726915911527
269948 512 0 24726916167529
270460 512 0 24726916423530
270972 512 0 24726916679531
271484 512 0 24726916935532
271996 512 0 24726917191533
272508 512 0 24726917447534
273020 512 0 24726917703535
273532 512 0 24726917959536
274044 512 0 24726918215537
274556 512 0 24726918471538
275068 512 0 24726918727539
275580 512 0 24726918983540
276092 512 0 24726919239541
276604 512 0 24726919495542
277116 512 0 24726919751544
277628 512 0 24726920007545
278140 512 0 24726920263546
278652 512 0 24726920519547
279164 512 0 24726920775548
279676 512 0 24726921031549
280188 512 0 24726921287550
280700 512 0 24726921543551
281212 512 0 24726921799552
281724 512 0 24726922055553
282236 512 0 24726922311554
282748 512 0 24726922567555
283260 512 0 24726922823556
283772 512 0 24726923079557
284284 512 0 24726923335558
284796 512 0 24726923591560
285308 512 0 24726923847561
285820 512 0 24726924103562
286332 512 0 24726924359563
286844 512 0 24726924615564
287356 512 0 24726924871564
287868 512 0 24726925127565
288380 512 0 24726925383566
288892 512 0 24726925639567
289404 512 0 24726925895568
289916 512 0 24726926151569
290428 512 0 24726926407570
290940 512 0 24726926663571
291452 512 0 24726926919572
291964 512 0 24726927175573
292476 512 0 24726927431574
292988 512 0 24726927687575
293500 512 0 24726927943576
294012 512 0 24726928199577
294524 512 0 24726928455579
295036 512 0 24726928711580
295548 512 0 24726928967581
296060 512 0 24726929223582
296572 512 0 24726929479583
297084 512 0 24726929735584
297596 512 0 24726929991585
298108 512 0 24726930247586
298620 512 0 24726930503587
299132 512 0 24726930759588
299644 512 0 24726931015589
300156 512 0 24726931271590
300668 512 0 24726931527591
301180 512 0 24726931783592
301692 512 0 24726932039593
302204 512 0 24726932295595
302716 512 0 24726932551596
303228 512 0 24726932807597
303740 512 0 24726933063597
304252 512 0 24726933319598
304764 512 0 24726933575599
305276 512 0 24726933831600
305788 512 0 24726934087601
306300 512 0 24726934343602
306812 512 0 24726934599603
307324 512 0 24726934855604
307836 512 0 24726935111605
308348 512 0 24726935367606
308860 512 0 24726935623607
309372 512 0 24726935879608
309884 512 0 24726936135609
310396 512 0 24726936391610
310908 512 0 24726936647611
311420 512 0 24726936903612
311932 512 0 24726937159614
312444 512 0 24726937415615
312956 512 0 24726937671616
313468 512 0 24726937927617
313980 512 0 24726938183618
314492 512 0 24726938439619
315004 512 0 24726938695620
315516 512 0 24726938951621
316028 512 0 24726939207622
316540 512 0 24726939463623
317052 512 0 24726939719624
317564 512 0 24726939975625
318076 512 0 24726940231626
318588 512 0 24726940487627
319100 512 0 24726940743629
319612 512 0 24726940999630
320124 512 0 24726941255631
320636 512 0 24726941511632
321148 512 0 24726941767633
321660 512 0 24726942023634
322172 512 0 24726942279635
322684 512 0 24726942535636
323196 512 0 24726942791637
323708 512 0 24726943047638
324220 512 0 24726943303639
324732 512 0 24726943559640
325244 512 0 24726943815641
325756 512 0 24726944071642
326268 512 0 24726944327644
326780 512 0 24726944583645
327292 512 0 24726944839646
327804 512 0 24726945095647
328316 512 0 24726945351649
328828 512 0 24726945607650
329340 512 0 24726945863651
329852 512 0 24726946119652
330364 512 0 24726946375653
330876 512 0 24726946631654
331388 512 0 24726946887655
331900 512 0 24726947143656
332412 512 0 24726947399658
332924 512 0 24726947655659
333436 512 0 24726947911660
333948 512 0 24726948167661
334460 512 0 24726948423662
334972 512 0 24726948679663
335484 512 0 24726948935664
335996 512 0 24726949191665
336508 512 0 24726949447665
337020 512 0 24726949703666
337532 512 0 24726949959667
338044 512 0 24726950215668
338556 512 0 24726950471669
339068 512 0 24726950727670
339580 512 0 24726950983671
340092 512 0 24726951239672
340604 512 0 24726951495673
341116 512 0 24726951751674
341628 512 0 24726952007675
342140 512 0 24726952263677
342652 512 0 24726952519678
343164 512 0 24726952775679
343676 512 0 24726953031680
344188 512 0 24726953287681
344700 512 0 24726953543683
345212 512 0 24726953799684
345724 512 0 24726954055685
346236 512 0 24726954311686
346748 512 0 24726954567687
347260 512 0 24726954823688
347772 512 0 24726955079689
348284 512 0 24726955335691
348796 512 0 24726955591692
349308 512 0 24726955847693
349820 512 0 24726956103694
350332 512 0 24726956359695
350844 512 0 24726956615696
351356 512 0 24726956871697
351868 512 0 24726957127698
352380 512 0 24726957383699
352892 512 0 24726957639700
353404 512 0 24726957895701
353916 512 0 24726958151702
354428 512 0 24726958407703
354940 512 0 24726958663704
355452 512 0 24726958919705
355964 512 0 24726959175707
356476 512 0 24726959431708
356988 512 0 24726959687709
357500 512 0 24726959943710
358012 512 0 24726960199711
358524 512 0 24726960455712
359036 512 0 24726960711713
359548 512 0 24726960967714
360060 512 0 24726961223715
360572 512 0 24726961479716
361084 512 0 24726961735717
361596 512 0 24726961991718
362108 512 0 24726962247719
362620 512 0 24726962503720
363132 512 0 24726962759721
363644 512 0 24726963015722
364156 512 0 24726963271724
364668 512 0 24726963527725
365180 512 0 24726963783726
365692 512 0 24726964039727
366204 512 0 24726964295728
366716 512 0 24726964551729
367228 512 0 24726964807730
367740 512 0 24726965063731
368252 512 0 24726965319732
368764 512 0 24726965575733
369276 512 0 24726965831733
369788 512 0 24726966087734
370300 512 0 24726966343735
370812 512 0 24726966599736
371324 512 0 24726966855737
371836 512 0 24726967111738
372348 512 0 24726967367739
372860 512 0 24726967623740
373372 512 0 24726967879742
373884 512 0 24726968135743
374396 512 0 24726968391744
374908 512 0 24726968647745
375420 512 0 24726968903746
375932 512 0 24726969159747
376444 512 0 24726969415748
376956 512 0 24726969671749
377468 512 0 24726969927750
377980 512 0 24726970183751
378492 512 0 24726970439752
379004 512 0 24726970695753
379516 512 0 24726970951754
380028 512 0 24726971207755
380540 512 0 24726971463756
381052 512 0 24726971719757
381564 512 0 24726971975759
382076 512 0 24726972231760
382588 512 0 24726972487761
383100 512 0 24726972743762
383612 512 0 24726972999763
384124 512 0 24726973255764
384636 512 0 24726973511765
385148 512 0 24726973767766
385660 512 0 24726974023767
386172 512 0 24726974279768
386684 512 0 24726974535769
387196 512 0 24726974791770
387708 512 0 24726975047771
388220 512 0 24726975303772
388732 512 0 24726975559773
389244 512 0 24726975815775
389756 512 0 24726976071776
390268 512 0 24726976327777
390780 512 0 24726976583778
391292 512 0 24726976839779
391804 512 0 24726977095780
392316 512 0 24726977351781
392828 512 0 24726977607782
393340 512 0 24726977863783
393852 512 0 24726978119784
394364 512 0 24726978375785
394876 512 0 24726978631786
395388 512 0 24726978887787
395900 512 0 24726979143788
396412 512 0 24726979399789
396924 512 0 24726979655790
397436 512 0 24726979911792
397948 512 0 24726980167793
398460 512 0 24726980423794
398972 512 0 24726980679795
399484 512 0 24726980935796
399996 512 0 24726981191797
400508 512 0 24726981447798
401020 512 0 24726981703799
401532 512 0 24726981959800
402044 512 0 24726982215800
402556 512 0 24726982471801
403068 512 0 24726982727802
403580 512 0 24726982983803
404092 512 0 24726983239804
404604 512 0 24726983495805
405116 512 0 24726983751806
405628 512 0 24726984007807
406140 512 0 24726984263808
406652 512 0 24726984519810
407164 512 0 24726984775811
407676 512 0 24726985031812
408188 512 0 24726985287813
408700 512 0 24726985543814
409212 512 0 24726985799815
409724 512 0 24726986055816
410236 512 0 24726986311817
410748 512 0 24726986567818
411260 512 0 24726986823819
411772 512 0 24726987079820
412284 512 0 24726987335821
412796 512 0 24726987591822
413308 512 0 24726987847823
413820 512 0 24726988103824
414332 512 0 24726988359825
414844 512 0 24726988615827
415356 512 0 24726988871828
415868 512 0 24726989127829
416380 512 0 24726989383830
416892 512 0 24726989639831
417404 512 0 24726989895832
417916 512 0 24726990151833
418428 512 0 24726990407834
418940 512 0 24726990663835
419452 512 0 24726990919836
419964 512 0 24726991175837
420476 512 0 24726991431838
420988 512 0 24726991687839
421500 512 0 24726991943840
422012 512 0 24726992199841
422524 512 0 24726992455843
423036 512 0 24726992711844
423548 512 0 24726992967845
424060 512 0 24726993223846
424572 512 0 24726993479847
425084 512 0 24726993735848
425596 512 0 24726993991849
426108 512 0 24726994247850
426620 512 0 24726994503851
427132 512 0 24726994759852
427644 512 0 24726995015853
428156 512 0 24726995271854
428668 512 0 24726995527855
429180 512 0 24726995783856
429692 512 0 24726996039857
430204 512 0 24726996295859
430716 512 0 24726996551860
431228 512 0 24726996807861
431740 512 0 24726997063862
432252 512 0 24726997319863
432764 512 0 24726997575864
433276 512 0 24726997831865
433788 512 0 24726998087866
434300 512 0 24726998343867
434812 512 0 24726998599868
435324 512 0 24726998855869
435836 512 0 24726999111870
436348 512 0 24726999367871
436860 512 0 24726999623872
437372 512 0 24726999879873
437884 512 0 24727000135874
438396 512 0 24727000391876
438908 512 0 24727000647877
439420 512 0 24727000903878
439932 512 0 24727001159879
440444 512 0 24727001415880
440956 512 0 24727001671881
441468 512 0 24727001927882
441980 512 0 24727002183883
442492 512 0 24727002439884
443004 512 0 24727002695884
443516 512 0 24727002951885
444028 512 0 24727003207886
444540 512 0 24727003463887
445052 512 0 24727003719888
445564 512 0 24727003975889
446076 512 0 24727004231890
446588 512 0 24727004487891
447100 512 0 24727004743892
447612 512 0 24727004999893
448124 512 0 24727005255895
448636 512 0 24727005511896
449148 512 0 24727005767897
449660 512 0 24727006023898
450172 512 0 24727006279899
450684 512 0 24727006535900
451196 512 0 24727006791901
451708 512 0 24727007047902
452220 512 0 24727007303903
452732 512 0 24727007559904
453244 512 0 24727007815905
453756 512 0 24727008071906
454268 512 0 24727008327907
454780 512 0 24727008583908
455292 512 0 24727008839909
455804 512 0 24727009095911
456316 512 0 24727009351912
456828 512 0 24727009607913
457340 512 0 24727009863914
457852 512 0 24727010119915
458364 512 0 24727010375916
458876 512 0 24727010631917
459388 512 0 24727010887918
459900 512 0 24727011143919
460412 512 0 24727011399920
460924 512 0 24727011655921
461436 512 0 24727011911922
461948 512 0 24727012167923
462460 512 0 24727012423924
462972 512 0 24727012679925
463484 512 0 24727012935927
463996 512 0 24727013191928
464508 512 0 24727013447929
465020 512 0 24727013703930
465532 512 0 24727013959931
466044 512 0 24727014215932
466556 512 0 24727014471933
467068 512 0 24727014727934
467580 512 0 24727014983935
468092 512 0 24727015239936
468604 512 0 24727015495937
469116 512 0 24727015751938
469628 512 0 24727016007939
470140 512 0 24727016263940
470652 512 0 24727016519941
471164 512 0 24727016775942
471676 512 0 24727017031944
472188 512 0 24727017287945
472700 512 0 24727017543946
473212 512 0 24727017799947
473724 512 0 24727018055948
474236 512 0 24727018311949
474748 512 0 24727018567950
475260 512 0 24727018823951
475772 512 0 24727019079952
476284 512 0 24727019335953
476796 512 0 24727019591954
477308 512 0 24727019847955
477820 512 0 24727020103956
478332 512 0 24727020359957
478844 512 0 24727020615958
479356 512 0 24727020871960
479868 512 0 24727021127961
480380 512 0 24727021383962
480892 512 0 24727021639963
481404 512 0 24727021895964
481916 512 0 24727022151965
482428 512 0 24727022407966
482940 512 0 24727022663967
483452 512 0 24727022919968
483964 512 0 24727023175969
484476 512 0 24727023431970
484988 512 0 24727023687971
485500 512 0 24727023943972
486012 512 0 24727024199973
486524 512 0 24727024455974
487036 512 0 24727024711975
487548 512 0 24727024967977
488060 512 0 24727025223978
488572 512 0 24727025479979
489084 512 0 24727025735980
489596 512 0 24727025991981
490108 512 0 24727026247982
490620 512 0 24727026503983
491132 512 0 24727026759984
491644 512 0 24727027015985
492156 512 0 24727027271985
492668 512 0 24727027527986
493180 512 0 24727027783987
493692 512 0 24727028039988
494204 512 0 24727028295989
494716 512 0 24727028551990
495228 512 0 24727028807991
495740 512 0 24727029063992
496252 512 0 24727029319993
496764 512 0 24727029575995
497276 512 0 24727029831996
497788 512 0 24727030087997
498300 512 0 24727030343998
498812 512 0 24727030599999
499324 512 0 24727030856000
499836 512 0 24727031112001
500348 512 0 24727031368002
500860 512 0 24727031624003
501372 512 0 24727031880004
501884 512 0 24727032136005
502396 512 0 24727032392006
502908 512 0 24727032648007
503420 512 0 24727032904008
503932 512 0 24727033160009
504444 512 0 24727033416010
504956 512 0 24727033672012
505468 512 0 24727033928013
505980 512 0 24727034184014
506492 512 0 24727034440015
507004 512 0 24727034696016
507516 512 0 24727034952017
508028 512 0 24727035208018
508540 512 0 24727035464020
509052 512 0 24727035720021
509564 512 0 24727035976022
510076 512 0 24727036232023
510588 512 0 24727036488024
511100 512 0 24727036744026
511612 512 0 24727037000027
512124 512 0 24727037256028
512636 512 0 24727037512029
513148 512 0 24727037768030
513660 512 0 24727038024031
514172 512 0 24727038280032
514684 512 0 24727038536033
515196 512 0 24727038792034
515708 512 0 24727039048035
516220 512 0 24727039304036
516732 512 0 24727039560038
517244 512 0 24727039816039
517756 512 0 24727040072040
518268 512 0 24727040328042
518780 512 0 24727040584043
519292 512 0 24727040840044
519804 512 0 24727041096045
520316 512 0 24727041352046
520828 512 0 24727041608047
521340 512 0 24727041864048
521852 512 0 24727042120049
522364 512 0 24727042376050
522876 512 0 24727042632051
523388 512 0 24727042888052
523900 512 0 24727043144053
524412 512 0 24727043400054
524924 512 0 24727043656055
525436 512 0 24727043912056
525948 512 0 24727044168057
526460 512 0 24727044424059
526972 512 0 24727044680060
527484 512 0 24727044936061
527996 512 0 24727045192062
528508 512 0 24727045448063
529020 512 0 24727045704064
529532 512 0 24727045960065
530044 512 0 24727046216066
530556 512 0 24727046472067
531068 512 0 24727046728068
531580 512 0 24727046984069
532092 512 0 24727047240070
532604 512 0 24727047496071
533116 512 0 24727047752072
533628 512 0 24727048008073
534140 512 0 24727048264074
534652 512 0 24727048520076
535164 512 0 24727048776077
535676 512 0 24727049032078
536188 512 0 24727049288079
536700 512 0 24727049544080
537212 512 0 24727049800081
537724 512 0 24727050056082
538236 512 0 24727050312083
538748 512 0 24727050568084
539260 512 0 24727050824085
539772 512 0 24727051080086
540284 512 0 24727051336087
540796 512 0 24727051592088
541308 512 0 24727051848089
541820 512 0 24727052104090
542332 512 0 24727052360091
542844 512 0 24727052616093
543356 512 0 24727052872094
543868 512 0 24727053128095
544380 512 0 24727053384096
544892 512 0 24727053640097
545404 512 0 24727053896098
545916 512 0 24727054152099
546428 512 0 24727054408100
546940 512 0 24727054664101
547452 512 0 24727054920102
547964 512 0 24727055176103
548476 512 0 24727055432104
548988 512 0 24727055688105
549500 512 0 24727055944106
550012 512 0 24727056200107
550524 512 0 24727056456108
551036 512 0 24727056712110
551548 512 0 24727056968111
552060 512 0 24727057224112
552572 512 0 24727057480113
553084 512 0 24727057736114
553596 512 0 24727057992115
554108 512 0 24727058248116
554620 512 0 24727058504117
555132 512 0 24727058760118
555644 512 0 24727059016119
556156 512 0 24727059272120
556668 512 0 24727059528121
557180 512 0 24727059784122
557692 512 0 24727060040124
558204 512 0 24727060296126
558716 512 0 24727060552127
559228 512 0 24727060808128
559740 512 0 24727061064129
560252 512 0 24727061320130
560764 512 0 24727061576131
561276 512 0 24727061832132
561788 512 0 24727062088133
562300 512 0 24727062344134
562812 512 0 24727062600135
563324 512 0 24727062856136
563836 512 0 24727063112137
564348 512 0 24727063368138
564860 512 0 24727063624139
565372 512 0 24727063880140
565884 512 0 24727064136141
566396 512 0 24727064392143
566908 512 0 24727064648144
567420 512 0 24727064904145
567932 512 0 24727065160146
568444 512 0 24727065416147
568956 512 0 24727065672148
569468 512 0 24727065928149
569980 512 0 24727066184150
570492 512 0 24727066440151
571004 512 0 24727066696152
571516 512 0 24727066952153
572028 512 0 24727067208154
572540 512 0 24727067464155
573052 512 0 24727067720156
573564 512 0 24727067976157
574076 512 0 24727068232157
574588 512 0 24727068488158
575100 512 0 24727068744159
575612 512 0 24727069000160
576124 512 0 24727069256162
576636 512 0 24727069512163
577148 512 0 24727069768164
577660 512 0 24727070024165
578172 512 0 24727070280166
578684 512 0 24727070536167
579196 512 0 24727070792168
579708 512 0 24727071048169
580220 512 0 24727071304170
580732 512 0 24727071560171
581244 512 0 24727071816172
581756 512 0 24727072072173
582268 512 0 24727072328174
582780 512 0 24727072584175
583292 512 0 24727072840176
583804 512 0 24727073096177
584316 512 0 24727073352179
584828 512 0 24727073608180
585340 512 0 24727073864181
585852 512 0 24727074120182
586364 512 0 24727074376183
586876 512 0 24727074632184
587388 512 0 24727074888185
587900 512 0 24727075144186
588412 512 0 24727075400187
588924 512 0 24727075656188
589436 512 0 24727075912189
589948 512 0 24727076168190
590460 512 0 24727076424191
590972 512 0 24727076680192
591484 512 0 24727076936193
591996 512 0 24727077192195
592508 512 0 24727077448196
593020 512 0 24727077704197
593532 512 0 24727077960198
594044 512 0 24727078216199
594556 512 0 24727078472200
595068 512 0 24727078728201
595580 512 0 24727078984202
596092 512 0 24727079240203
596604 512 0 24727079496204
597116 512 0 24727079752205
597628 512 0 24727080008206
598140 512 0 24727080264207
598652 512 0 24727080520207
599164 512 0 24727080776208
599676 512 0 24727081032209
600188 512 0 24727081288210
600700 512 0 24727081544211
601212 512 0 24727081800212
601724 512 0 24727082056214
602236 512 0 24727082312215
602748 512 0 24727082568216
603260 512 0 24727082824217
603772 512 0 24727083080218
604284 512 0 24727083336219
604796 512 0 24727083592220
605308 512 0 24727083848221
605820 512 0 24727084104222
606332 512 0 24727084360223
606844 512 0 24727084616224
607356 512 0 24727084872225
607868 512 0 24727085128226
608380 512 0 24727085384227
608892 512 0 24727085640228
609404 512 0 24727085896230
609916 512 0 24727086152231
610428 512 0 24727086408232
610940 512 0 24727086664233
611452 512 0 24727086920234
611964 512 0 24727087176235
612476 512 0 24727087432236
612988 512 0 24727087688237
613500 512 0 24727087944238
614012 512 0 24727088200239
614524 512 0 24727088456240
615036 512 0 24727088712241
615548 512 0 24727088968242
616060 512 0 24727089224243
616572 512 0 24727089480244
617084 512 0 24727089736245
617596 512 0 24727089992247
618108 512 0 24727090248248
618620 512 0 24727090504249
619132 512 0 24727090760250
619644 512 0 24727091016251
620156 512 0 24727091272252
620668 512 0 24727091528253
621180 512 0 24727091784254
621692 512 0 24727092040255
622204 512 0 24727092296256
622716 512 0 24727092552257
623228 512 0 24727092808258
623740 512 0 24727093064259
624252 512 0 24727093320260
624764 512 0 24727093576261
625276 512 0 24727093832262
625788 512 0 24727094088264
626300 512 0 24727094344265
626812 512 0 24727094600266
627324 512 0 24727094856267
627836 512 0 24727095112268
628348 512 0 24727095368269
628860 512 0 24727095624270
629372 512 0 24727095880271
629884 512 0 24727096136272
630396 512 0 24727096392273
630908 512 0 24727096648274
631420 512 0 24727096904274
631932 512 0 24727097160275
632444 512 0 24727097416276
632956 512 0 24727097672277
633468 512 0 24727097928278
633980 512 0 24727098184279
634492 512 0 24727098440280
635004 512 0 24727098696282
635516 512 0 24727098952283
636028 512 0 24727099208284
636540 512 0 24727099464285
637052 512 0 24727099720286
637564 512 0 24727099976287
638076 512 0 24727100232288
638588 512 0 24727100488289
639100 512 0 24727100744290
639612 512 0 24727101000291
640124 512 0 24727101256292
640636 512 0 24727101512293
641148 512 0 24727101768294
641660 512 0 24727102024295
642172 512 0 24727102280296
642684 512 0 24727102536297
643196 512 0 24727102792299
643708 512 0 24727103048300
644220 512 0 24727103304301
644732 512 0 24727103560302
645244 512 0 24727103816303
645756 512 0 24727104072304
646268 512 0 24727104328305
646780 512 0 24727104584306
647292 512 0 24727104840307
647804 512 0 24727105096309
648316 512 0 24727105352310
648828 512 0 24727105608311
649340 512 0 24727105864312
649852 512 0 24727106120314
650364 512 0 24727106376315
650876 512 0 24727106632316
651388 512 0 24727106888317
651900 512 0 24727107144318
652412 512 0 24727107400319
652924 512 0 24727107656320
653436 512 0 24727107912321
653948 512 0 24727108168322
654460 512 0 24727108424323
654972 512 0 24727108680324
655484 512 0 24727108936325
655996 512 0 24727109192325
656508 512 0 24727109448326
657020 512 0 24727109704327
657532 512 0 24727109960328
658044 512 0 24727110216329
658556 512 0 24727110472330
659068 512 0 24727110728332
659580 512 0 24727110984333
660092 512 0 24727111240334
660604 512 0 24727111496335
661116 512 0 24727111752336
661628 512 0 24727112008337
662140 512 0 24727112264338
662652 512 0 24727112520339
663164 512 0 24727112776340
663676 512 0 24727113032341
664188 512 0 24727113288342
664700 512 0 24727113544343
665212 512 0 24727113800344
665724 512 0 24727114056345
666236 512 0 24727114312346
666748 512 0 24727114568347
667260 512 0 24727114824349
667772 512 0 24727115080350
668284 512 0 24727115336351
668796 512 0 24727115592352
669308 512 0 24727115848353
669820 512 0 24727116104354
670332 512 0 24727116360355
670844 512 0 24727116616356
671356 512 0 24727116872357
671868 512 0 24727117128358
672380 512 0 24727117384358
672892 512 0 24727117640359
673404 512 0 24727117896360
673916 512 0 24727118152361
674428 512 0 24727118408362
674940 512 0 24727118664363
675452 512 0 24727118920364
675964 512 0 24727119176365
676476 512 0 24727119432366
676988 512 0 24727119688368
677500 512 0 24727119944369
678012 512 0 24727120200370
678524 512 0 24727120456371
679036 512 0 24727120712372
679548 512 0 24727120968373
680060 512 0 24727121224374
680572 512 0 24727121480375
681084 512 0 24727121736376
681596 512 0 24727121992377
682108 512 0 24727122248378
682620 512 0 24727122504379
683132 512 0 24727122760380
683644 512 0 24727123016381
684156 512 0 24727123272382
684668 512 0 24727123528384
685180 512 0 24727123784385
685692 512 0 24727124040386
686204 512 0 24727124296387
686716 512 0 24727124552388
687228 512 0 24727124808389
687740 512 0 24727125064390
688252 512 0 24727125320391
688764 512 0 24727125576391
689276 512 0 24727125832392
689788 512 0 24727126088393
690300 512 0 24727126344394
690812 512 0 24727126600395
691324 512 0 24727126856396
691836 512 0 24727127112397
692348 512 0 24727127368398
692860 512 0 24727127624399
693372 512 0 24727127880400
693884 512 0 24727128136401
694396 512 0 24727128392403
694908 512 0 24727128648404
695420 512 0 24727128904405
695932 512 0 24727129160406
696444 512 0 24727129416407
696956 512 0 24727129672408
697468 512 0 24727129928409
697980 512 0 24727130184410
698492 512 0 24727130440411
699004 512 0 24727130696412
699516 512 0 24727130952413
700028 512 0 24727131208414
700540 512 0 24727131464415
701052 512 0 24727131720416
701564 512 0 24727131976417
702076 512 0 24727132232419
702588 512 0 24727132488420
703100 512 0 24727132744421
703612 512 0 24727133000422
704124 512 0 24727133256423
704636 512 0 24727133512424
705148 512 0 24727133768425
705660 512 0 24727134024426
706172 512 0 24727134280427
706684 512 0 24727134536428
707196 512 0 24727134792429
707708 512 0 24727135048430
708220 512 0 24727135304431
708732 512 0 24727135560432
709244 512 0 24727135816433
709756 512 0 24727136072435
710268 512 0 24727136328436
710780 512 0 24727136584437
711292 512 0 24727136840438
711804 512 0 24727137096439
712316 512 0 24727137352440
712828 512 0 24727137608441
713340 512 0 24727137864442
713852 512 0 24727138120443
714364 512 0 24727138376444
714876 512 0 24727138632445
715388 512 0 24727138888446
715900 512 0 24727139144447
716412 512 0 24727139400448
716924 512 0 24727139656449
717436 512 0 24727139912451
717948 512 0 24727140168452
718460 512 0 24727140424453
718972 512 0 24727140680454
719484 512 0 24727140936455
719996 512 0 24727141192456
720508 512 0 24727141448457
721020 512 0 24727141704458
721532 512 0 24727141960460
722044 512 0 24727142216461
722556 512 0 24727142472462
723068 512 0 24727142728463
723580 512 0 24727142984464
724092 512 0 24727143240466
724604 512 0 24727143496467
725116 512 0 24727143752468
725628 512 0 24727144008469
726140 512 0 24727144264470
726652 512 0 24727144520471
727164 512 0 24727144776472
727676 512 0 24727145032473
728188 512 0 24727145288474
728700 512 0 24727145544475
729212 512 0 24727145800476
729724 512 0 24727146056477
730236 512 0 24727146312478
730748 512 0 24727146568479
731260 512 0 24727146824480
731772 512 0 24727147080481
732284 512 0 24727147336483
732796 512 0 24727147592484
733308 512 0 24727147848485
733820 512 0 24727148104486
734332 512 0 24727148360487
734844 512 0 24727148616488
735356 512 0 24727148872489
735868 512 0 24727149128490
736380 512 0 24727149384491
736892 512 0 24727149640492
737404 512 0 24727149896493
737916 512 0 24727150152496
738428 512 0 24727150408498
738940 512 0 24727150664499
739452 512 0 24727150920500
739964 512 0 24727151176501
740476 512 0 24727151432502
740988 512 0 24727151688503
741500 512 0 24727151944504
742012 512 0 24727152200505
742524 512 0 24727152456506
743036 512 0 24727152712507
743548 512 0 24727152968508
744060 512 0 24727153224509
744572 512 0 24727153480510
745084 512 0 24727153736511
745596 512 0 24727153992513
746108 512 0 24727154248513
746620 512 0 24727154504515
747132 512 0 24727154760516
747644 512 0 24727155016517
748156 512 0 24727155272518
748668 512 0 24727155528519
749180 512 0 24727155784520
749692 512 0 24727156040521
750204 512 0 24727156296522
750716 512 0 24727156552523
751228 512 0 24727156808524
751740 512 0 24727157064525
752252 512 0 24727157320526
752764 512 0 24727157576527
753276 512 0 24727157832528
753788 512 0 24727158088530
754300 512 0 24727158344530
754812 512 0 24727158600532
755324 512 0 24727158856533
755836 512 0 24727159112534
756348 512 0 24727159368535
756860 512 0 24727159624536
757372 512 0 24727159880537
757884 512 0 24727160136538
758396 512 0 24727160392539
758908 512 0 24727160648540
759420 512 0 24727160904541
759932 512 0 24727161160542
760444 512 0 24727161416543
760956 512 0 24727161672544
761468 512 0 24727161928545
761980 512 0 24727162184546
762492 512 0 24727162440550
763004 512 0 24727162696551
763516 512 0 24727162952552
764028 512 0 24727163208553
764540 512 0 24727163464554
765052 512 0 24727163720555
765564 512 0 24727163976556
766076 512 0 24727164232557
766588 512 0 24727164488558
767100 512 0 24727164744559
767612 512 0 24727165000560
768124 512 0 24727165256562
768636 512 0 24727165512563
769148 512 0 24727165768564
769660 512 0 24727166024565
770172 512 0 24727166280566
770684 512 0 24727166536570
771196 512 0 24727166792571
771708 512 0 24727167048572
772220 512 0 24727167304573
772732 512 0 24727167560574
773244 512 0 24727167816575
773756 512 0 24727168072577
774268 512 0 24727168328578
774780 512 0 24727168584579
775292 512 0 24727168840580
775804 512 0 24727169096581
776316 512 0 24727169352582
776828 512 0 24727169608583
777340 512 0 24727169864584
777852 512 0 24727170120585
778364 512 0 24727170376586
778876 512 0 24727170632588
779388 512 0 24727170888589
779900 512 0 24727171144590
780412 512 0 24727171400591
780924 512 0 24727171656592
781436 512 0 24727171912593
781948 512 0 24727172168595
782460 512 0 24727172424596
782972 512 0 24727172680597
783484 512 0 24727172936598
783996 512 0 24727173192599
784508 512 0 24727173448600
785020 512 0 24727173704601
785532 512 0 24727173960602
786044 512 0 24727174216603
786556 512 0 24727174472604
787068 512 0 24727174728605
787580 512 0 24727174984606
788092 512 0 24727175240607
788604 512 0 24727175496608
789116 512 0 24727175752609
789628 512 0 24727176008610
790140 512 0 24727176264611
790652 512 0 24727176520613
791164 512 0 24727176776614
791676 512 0 24727177032615
792188 512 0 24727177288616
792700 512 0 24727177544617
793212 512 0 24727177800618
793724 512 0 24727178056619
794236 512 0 24727178312620
794748 512 0 24727178568621
795260 512 0 24727178824622
795772 512 0 24727179080623
796284 512 0 24727179336624
796796 512 0 24727179592625
797308 512 0 24727179848626
797820 512 0 24727180104627
798332 512 0 24727180360628
798844 512 0 24727180616630
799356 512 0 24727180872631
799868 512 0 24727181128632
800380 512 0 24727181384633
800892 512 0 24727181640634
801404 512 0 24727181896635
801916 512 0 24727182152636
802428 512 0 24727182408637
802940 512 0 24727182664638
803452 512 0 24727182920640
803964 512 0 24727183176641
804476 512 0 24727183432642
804988 512 0 24727183688643
805500 512 0 24727183944644
806012 512 0 24727184200645
806524 512 0 24727184456646
807036 512 0 24727184712648
807548 512 0 24727184968649
808060 512 0 24727185224650
808572 512 0 24727185480651
809084 512 0 24727185736652
809596 512 0 24727185992653
810108 512 0 24727186248654
810620 512 0 24727186504655
811132 512 0 24727186760656
811644 512 0 24727187016658
812156 512 0 24727187272659
812668 512 0 24727187528660
813180 512 0 24727187784661
813692 512 0 24727188040662
814204 512 0 24727188296663
814716 512 0 24727188552665
815228 512 0 24727188808666
815740 512 0 24727189064667
816252 512 0 24727189320668
816764 512 0 24727189576669
817276 512 0 24727189832670
817788 512 0 24727190088671
818300 512 0 24727190344672
818812 512 0 24727190600673
819324 512 0 24727190856674
819836 512 0 24727191112678
820348 512 0 24727191368679
820860 512 0 24727191624680
821372 512 0 24727191880682
821884 512 0 24727192136683
822396 512 0 24727192392684
822908 512 0 24727192648685
823420 512 0 24727192904686
823932 512 0 24727193160687
824444 512 0 24727193416688
824956 512 0 24727193672689
825468 512 0 24727193928690
825980 512 0 24727194184692
826492 512 0 24727194440693
827004 512 0 24727194696694
827516 512 0 24727194952695
828028 512 0 24727195208696
828540 512 0 24727195464697
829052 512 0 24727195720698
829564 512 0 24727195976700
830076 512 0 24727196232701
830588 512 0 24727196488702
831100 512 0 24727196744703
831612 512 0 24727197000704
832124 512 0 24727197256705
832636 512 0 24727197512706
833148 512 0 24727197768707
833660 512 0 24727198024709
834172 512 0 24727198280710
834684 512 0 24727198536711
835196 512 0 24727198792712
835708 512 0 24727199048713
836220 512 0 24727199304712
836732 512 0 24727199560713
837244 512 0 24727199816714
837756 512 0 24727200072715
838268 512 0 24727200328716
838780 512 0 24727200584718
839292 512 0 24727200840719
839804 512 0 24727201096720
840316 512 0 24727201352721
840828 512 0 24727201608722
841340 512 0 24727201864723
841852 512 0 24727202120724
842364 512 0 24727202376725
842876 512 0 24727202632726
843388 512 0 24727202888727
843900 512 0 24727203144729
844412 512 0 24727203400733
844924 512 0 24727203656735
845436 512 0 24727203912736
845948 512 0 24727204168737
846460 512 0 24727204424738
846972 512 0 24727204680739
847484 512 0 24727204936740
847996 512 0 24727205192741
848508 512 0 24727205448742
849020 512 0 24727205704744
849532 512 0 24727205960745
850044 512 0 24727206216746
850556 512 0 24727206472747
851068 512 0 24727206728748
851580 512 0 24727206984749
852092 512 0 24727207240750
852604 512 0 24727207496751
853116 512 0 24727207752753
853628 512 0 24727208008754
854140 512 0 24727208264755
854652 512 0 24727208520756
855164 512 0 24727208776757
855676 512 0 24727209032758
856188 512 0 24727209288759
856700 512 0 24727209544760
857212 512 0 24727209800762
857724 512 0 24727210056763
858236 512 0 24727210312764
858748 512 0 24727210568765
859260 512 0 24727210824766
859772 512 0 24727211080767
860284 512 0 24727211336768
860796 512 0 24727211592768
861308 512 0 24727211848769
861820 512 0 24727212104771
862332 512 0 24727212360772
862844 512 0 24727212616773
863356 512 0 24727212872774
863868 512 0 24727213128775
864380 512 0 24727213384776
864892 512 0 24727213640777
865404 512 0 24727213896778
865916 512 0 24727214152779
866428 512 0 24727214408781
866940 512 0 24727214664782
867452 512 0 24727214920783
867964 512 0 24727215176784
868476 512 0 24727215432785
868988 512 0 24727215688785
869500 512 0 24727215944786
870012 512 0 24727216200787
870524 512 0 24727216456789
871036 512 0 24727216712790
871548 512 0 24727216968791
872060 512 0 24727217224792
872572 512 0 24727217480793
873084 512 0 24727217736794
873596 512 0 24727217992795
874108 512 0 24727218248796
874620 512 0 24727218504797
875132 512 0 24727218760799
875644 512 0 24727219016800
876156 512 0 24727219272801
876668 512 0 24727219528802
877180 512 0 24727219784802
877692 512 0 24727220040803
878204 512 0 24727220296804
878716 512 0 24727220552805
879228 512 0 24727220808807
879740 512 0 24727221064808
880252 512 0 24727221320809
880764 512 0 24727221576810
881276 512 0 24727221832811
881788 512 0 24727222088812
882300 512 0 24727222344813
882812 512 0 24727222600814
883324 512 0 24727222856815
883836 512 0 24727223112817
884348 512 0 24727223368818
884860 512 0 24727223624819
885372 512 0 24727223880822
885884 512 0 24727224136823
886396 512 0 24727224392825
886908 512 0 24727224648826
887420 512 0 24727224904827
887932 512 0 24727225160828
888444 512 0 24727225416829
888956 512 0 24727225672830
889468 512 0 24727225928831
889980 512 0 24727226184832
890492 512 0 24727226440834
891004 512 0 24727226696835
891516 512 0 24727226952836
892028 512 0 24727227208837
892540 512 0 24727227464838
893052 512 0 24727227720839
893564 512 0 24727227976838
894076 512 0 24727228232839
894588 512 0 24727228488840
895100 512 0 24727228744841
895612 512 0 24727229000843
896124 512 0 24727229256844
896636 512 0 24727229512845
897148 512 0 24727229768846
897660 512 0 24727230024847
898172 512 0 24727230280848
898684 512 0 24727230536849
899196 512 0 24727230792850
899708 512 0 24727231048851
900220 512 0 24727231304853
900732 512 0 24727231560854
901244 512 0 24727231816855
901756 512 0 24727232072855
902268 512 0 24727232328856
902780 512 0 24727232584857
903292 512 0 24727232840858
903804 512 0 24727233096859
904316 512 0 24727233352861
904828 512 0 24727233608862
905340 512 0 24727233864863
905852 512 0 24727234120864
906364 512 0 24727234376865
906876 512 0 24727234632866
907388 512 0 24727234888867
907900 512 0 24727235144868
908412 512 0 24727235400869
908924 512 0 24727235656871
909436 512 0 24727235912872
909948 512 0 24727236168879
910460 512 0 24727236424880
910972 512 0 24727236680881
911484 512 0 24727236936882
911996 512 0 24727237192883
912508 512 0 24727237448884
913020 512 0 24727237704885
913532 512 0 24727237960887
914044 512 0 24727238216888
914556 512 0 24727238472889
915068 512 0 24727238728890
915580 512 0 24727238984891
916092 512 0 24727239240892
916604 512 0 24727239496893
917116 512 0 24727239752895
917628 512 0 24727240008896
918140 512 0 24727240264897
918652 512 0 24727240520898
919164 512 0 24727240776899
919676 512 0 24727241032900
920188 512 0 24727241288901
920700 512 0 24727241544902
921212 512 0 24727241800903
921724 512 0 24727242056905
922236 512 0 24727242312906
922748 512 0 24727242568907
923260 512 0 24727242824908
923772 512 0 24727243080909
924284 512 0 24727243336910
924796 512 0 24727243592911
925308 512 0 24727243848913
925820 512 0 24727244104914
926332 512 0 24727244360916
926844 512 0 24727244616917
927356 512 0 24727244872918
927868 512 0 24727245128919
928380 512 0 24727245384920
928892 512 0 24727245640921
929404 512 0 24727245896923
929916 512 0 24727246152924
930428 512 0 24727246408925
930940 512 0 24727246664926
931452 512 0 24727246920927
931964 512 0 24727247176928
932476 512 0 24727247432929
932988 512 0 24727247688931
933500 512 0 24727247944932
934012 512 0 24727248200933
934524 512 0 24727248456935
935036 512 0 24727248712936
935548 512 0 24727248968937
936060 512 0 24727249224938
936572 512 0 24727249480939
937084 512 0 24727249736941
937596 512 0 24727249992942
938108 512 0 24727250248943
938620 512 0 24727250504944
939132 512 0 24727250760945
939644 512 0 24727251016946
940156 512 0 24727251272947
940668 512 0 24727251528949
941180 512 0 24727251784950
941692 512 0 24727252040951
942204 512 0 24727252296952
942716 512 0 24727252552953
943228 512 0 24727252808954
943740 512 0 24727253064955
944252 512 0 24727253320956
944764 512 0 24727253576957
945276 512 0 24727253832958
945788 512 0 24727254088960
946300 512 0 24727254344961
946812 512 0 24727254600962
947324 512 0 24727254856963
947836 512 0 24727255112964
948348 512 0 24727255368965
948860 512 0 24727255624966
949372 512 0 24727255880968
949884 512 0 24727256136969
950396 512 0 24727256392970
950908 512 0 24727256648970
951420 512 0 24727256904971
951932 512 0 24727257160972
952444 512 0 24727257416973
952956 512 0 24727257672974
953468 512 0 24727257928975
953980 512 0 24727258184976
954492 512 0 24727258440978
955004 512 0 24727258696979
955516 512 0 24727258952980
956028 512 0 24727259208981
956540 512 0 24727259464982
957052 512 0 24727259720983
957564 512 0 24727259976984
958076 512 0 24727260232986
958588 512 0 24727260488987
959100 512 0 24727260744989
959612 512 0 24727261000990
960124 512 0 24727261256991
960636 512 0 24727261512992
961148 512 0 24727261768993
961660 512 0 24727262024994
962172 512 0 24727262280996
962684 512 0 24727262536997
963196 512 0 24727262792998
963708 512 0 24727263048999
964220 512 0 24727263305000
964732 512 0 24727263561001
965244 512 0 24727263817002
965756 512 0 24727264073004
966268 512 0 24727264329005
966780 512 0 24727264585006
967292 512 0 24727264841008
967804 512 0 24727265097009
968316 512 0 24727265353010
968828 512 0 24727265609011
969340 512 0 24727265865012
969852 512 0 24727266121013
970364 512 0 24727266377015
970876 512 0 24727266633016
971388 512 0 24727266889017
971900 512 0 24727267145018
972412 512 0 24727267401019
972924 512 0 24727267657020
973436 512 0 24727267913022
973948 512 0 24727268169023
974460 512 0 24727268425024
974972 512 0 24727268681025
975484 512 0 24727268937028
975996 512 0 24727269193029
976508 512 0 24727269449030
977020 512 0 24727269705031
977532 512 0 24727269961033
978044 512 0 24727270217034
978556 512 0 24727270473035
979068 512 0 24727270729036
979580 512 0 24727270985037
980092 512 0 24727271241038
980604 512 0 24727271497040
981116 512 0 24727271753041
981628 512 0 24727272009042
982140 512 0 24727272265043
982652 512 0 24727272521044
983164 512 0 24727272777045
983676 512 0 24727273033047
984188 512 0 24727273289048
984700 512 0 24727273545049
985212 512 0 24727273801050
985724 512 0 24727274057052
986236 512 0 24727274313053
986748 512 0 24727274569054
987260 512 0 24727274825055
987772 512 0 24727275081056
988284 512 0 24727275337057
988796 512 0 24727275593059
989308 512 0 24727275849060
989820 512 0 24727276105061
990332 512 0 24727276361062
990844 512 0 24727276617063
991356 512 0 24727276873064
991868 512 0 24727277129066
992380 512 0 24727277385067
992892 512 0 24727277641068
993404 512 0 24727277897070
993916 512 0 24727278153071
994428 512 0 24727278409072
994940 512 0 24727278665073
995452 512 0 24727278921074
995964 512 0 24727279177075
996476 512 0 24727279433077
996988 512 0 24727279689078
997500 512 0 24727279945079
998012 512 0 24727280201080
998524 512 0 24727280457081
999036 512 0 24727280713082
999548 512 0 24727280969083
1000060 512 0 24727281225084
1000572 512 0 24727281481085
1001084 512 0 24727281737086
1001596 512 0 24727281993087
1002108 512 0 24727282249089
1002620 512 0 24727282505090
1003132 512 0 24727282761091
1003644 512 0 24727283017092
1004156 512 0 24727283273093
1004668 512 0 24727283529094
1005180 512 0 24727283785096
1005692 512 0 24727284041097
1006204 512 0 24727284297098
1006716 512 0 24727284553099
1007228 512 0 24727284809100
1007740 512 0 24727285065101
1008252 512 0 24727285321101
1008764 512 0 24727285577102
1009276 512 0 24727285833103
1009788 512 0 24727286089104
1010300 512 0 24727286345105
1010812 512 0 24727286601107
1011324 512 0 24727286857108
1011836 512 0 24727287113109
1012348 512 0 24727287369110
1012860 512 0 24727287625111
1013372 512 0 24727287881112
1013884 512 0 24727288137113
1014396 512 0 24727288393115
1014908 512 0 24727288649116
1015420 512 0 24727288905117
1015932 512 0 24727289161118
1016444 512 0 24727289417121
1016956 512 0 24727289673122
1017468 512 0 24727289929123
1017980 512 0 24727290185124
1018492 512 0 24727290441126
1019004 512 0 24727290697127
1019516 512 0 24727290953128
1020028 512 0 24727291209129
1020540 512 0 24727291465130
1021052 512 0 24727291721131
1021564 512 0 24727291977133
1022076 512 0 24727292233134
1022588 512 0 24727292489135
1023100 512 0 24727292745136
1023612 512 0 24727293001137
1024124 512 0 24727293257138
1024636 512 0 24727293513139
1025148 512 0 24727293769140
1025660 512 0 24727294025141
1026172 512 0 24727294281142
1026684 512 0 24727294537144
1027196 512 0 24727294793145
1027708 512 0 24727295049146
1028220 512 0 24727295305147
1028732 512 0 24727295561148
1029244 512 0 24727295817149
1029756 512 0 24727296073150
1030268 512 0 24727296329152
1030780 512 0 24727296585153
1031292 512 0 24727296841154
1031804 512 0 24727297097155
1032316 512 0 24727297353156
1032828 512 0 24727297609157
1033340 512 0 24727297865158
1033852 512 0 24727298121159
1034364 512 0 24727298377160
1034876 512 0 24727298633161
1035388 512 0 24727298889163
1035900 512 0 24727299145164
1036412 512 0 24727299401165
1036924 512 0 24727299657166
1037436 512 0 24727299913167
1037948 512 0 24727300169168
1038460 512 0 24727300425170
1038972 512 0 24727300681171
1039484 512 0 24727300937172
1039996 512 0 24727301193173
1040508 512 0 24727301449174
1041020 512 0 24727301705174
1041532 512 0 24727301961175
1042044 512 0 24727302217176
1042556 512 0 24727302473177
1043068 512 0 24727302729178
1043580 512 0 24727302985179
1044092 512 0 24727303241181
1044604 512 0 24727303497182
1045116 512 0 24727303753183
1045628 512 0 24727304009184
1046140 512 0 24727304265185
1046652 512 0 24727304521186
1047164 512 0 24727304777187
1047676 512 0 24727305033189
1048188 512 0 24727305289190
1048700 512 0 24727305545191
1049212 512 0 24727305801191
1049724 512 0 24727306057192
1050236 512 0 24727306313193
1050748 512 0 24727306569194
1051260 512 0 24727306825195
1051772 512 0 24727307081196
1052284 512 0 24727307337197
1052796 512 0 24727307593199
1053308 512 0 24727307849200
1053820 512 0 24727308105201
1054332 512 0 24727308361202
1054844 512 0 24727308617203
1055356 512 0 24727308873204
1055868 512 0 24727309129205
1056380 512 0 24727309385206
1056892 512 0 24727309641208
1057404 512 0 24727309897206
1057916 512 0 24727310153208
1058428 512 0 24727310409209
1058940 512 0 24727310665210
1059452 512 0 24727310921211
1059964 512 0 24727311177212
1060476 512 0 24727311433213
1060988 512 0 24727311689214
1061500 512 0 24727311945215
1062012 512 0 24727312201217
1062524 512 0 24727312457218
1063036 512 0 24727312713219
1063548 512 0 24727312969220
1064060 512 0 24727313225221
1064572 512 0 24727313481222
1065084 512 0 24727313737223
1065596 512 0 24727313993223
1066108 512 0 24727314249225
1066620 512 0 24727314505226
1067132 512 0 24727314761227
1067644 512 0 24727315017228
1068156 512 0 24727315273229
1068668 512 0 24727315529230
1069180 512 0 24727315785231
1069692 512 0 24727316041232
1070204 512 0 24727316297234
1070716 512 0 24727316553235
1071228 512 0 24727316809236
1071740 512 0 24727317065237
1072252 512 0 24727317321238
1072764 512 0 24727317577239
1073276 512 0 24727317833240
1073788 512 0 24727318089241
1074300 512 0 24727318345243
1074812 512 0 24727318601244
1075324 512 0 24727318857245
1075836 512 0 24727319113246
1076348 512 0 24727319369247
1076860 512 0 24727319625248
1077372 512 0 24727319881249
1077884 512 0 24727320137250
1078396 512 0 24727320393252
1078908 512 0 24727320649253
1079420 512 0 24727320905254
1079932 512 0 24727321161255
1080444 512 0 24727321417256
1080956 512 0 24727321673257
1081468 512 0 24727321929258
1081980 512 0 24727322185259
1082492 512 0 24727322441261
1083004 512 0 24727322697262
1083516 512 0 24727322953263
1084028 512 0 24727323209264
1084540 512 0 24727323465265
1085052 512 0 24727323721266
1085564 512 0 24727323977267
1086076 512 0 24727324233268
1086588 512 0 24727324489270
1087100 512 0 24727324745271
1087612 512 0 24727325001272
1088124 512 0 24727325257273
1088636 512 0 24727325513274
1089148 512 0 24727325769275
1089660 512 0 24727326025276
1090172 512 0 24727326281281
1090684 512 0 24727326537282
1091196 512 0 24727326793283
1091708 512 0 24727327049284
1092220 512 0 24727327305285
1092732 512 0 24727327561286
1093244 512 0 24727327817287
1093756 512 0 24727328073289
1094268 512 0 24727328329290
1094780 512 0 24727328585291
1095292 512 0 24727328841292
1095804 512 0 24727329097293
1096316 512 0 24727329353294
1096828 512 0 24727329609295
1097340 512 0 24727329865296
1097852 512 0 24727330121298
1098364 512 0 24727330377300
1098876 512 0 24727330633301
1099388 512 0 24727330889302
1099900 512 0 24727331145303
1100412 512 0 24727331401304
1100924 512 0 24727331657305
1101436 512 0 24727331913306
1101948 512 0 24727332169308
1102460 512 0 24727332425309
1102972 512 0 24727332681310
1103484 512 0 24727332937311
1103996 512 0 24727333193312
1104508 512 0 24727333449313
1105020 512 0 24727333705314
1105532 512 0 24727333961316
1106044 512 0 24727334217317
1106556 512 0 24727334473318
1107068 512 0 24727334729319
1107580 512 0 24727334985320
1108092 512 0 24727335241321
1108604 512 0 24727335497322
1109116 512 0 24727335753323
1109628 512 0 24727336009324
1110140 512 0 24727336265326
1110652 512 0 24727336521327
1111164 512 0 24727336777328
1111676 512 0 24727337033329
1112188 512 0 24727337289330
1112700 512 0 24727337545331
1113212 512 0 24727337801332
1113724 512 0 24727338057334
1114236 512 0 24727338313335
1114748 512 0 24727338569337
1115260 512 0 24727338825338
1115772 512 0 24727339081339
1116284 512 0 24727339337340
1116796 512 0 24727339593341
1117308 512 0 24727339849342
1117820 512 0 24727340105343
1118332 512 0 24727340361345
1118844 512 0 24727340617346
1119356 512 0 24727340873347
1119868 512 0 24727341129348
1120380 512 0 24727341385349
1120892 512 0 24727341641350
1121404 512 0 24727341897351
1121916 512 0 24727342153353
1122428 512 0 24727342409354
1122940 512 0 24727342665358
1123452 512 0 24727342921359
1123964 512 0 24727343177360
1124476 512 0 24727343433361
1124988 512 0 24727343689362
1125500 512 0 24727343945364
1126012 512 0 24727344201365
1126524 512 0 24727344457366
1127036 512 0 24727344713367
1127548 512 0 24727344969368
1128060 512 0 24727345225369
1128572 512 0 24727345481370
1129084 512 0 24727345737372
1129596 512 0 24727345993373
1130108 512 0 24727346249374
1130620 512 0 24727346505375
1131132 512 0 24727346761378
1131644 512 0 24727347017379
1132156 512 0 24727347273380
1132668 512 0 24727347529381
1133180 512 0 24727347785382
1133692 512 0 24727348041384
1134204 512 0 24727348297385
1134716 512 0 24727348553386
1135228 512 0 24727348809387
1135740 512 0 24727349065388
1136252 512 0 24727349321389
1136764 512 0 24727349577391
1137276 512 0 24727349833392
1137788 512 0 24727350089393
1138300 512 0 24727350345394
1138812 512 0 24727350601395
1139324 512 0 24727350857398
1139836 512 0 24727351113399
1140348 512 0 24727351369400
1140860 512 0 24727351625401
1141372 512 0 24727351881403
1141884 512 0 24727352137404
1142396 512 0 24727352393405
1142908 512 0 24727352649406
1143420 512 0 24727352905407
1143932 512 0 24727353161408
1144444 512 0 24727353417410
1144956 512 0 24727353673411
1145468 512 0 24727353929412
1145980 512 0 24727354185413
1146492 512 0 24727354441414
1147004 512 0 24727354697415
1147516 512 0 24727354953415
1148028 512 0 24727355209416
1148540 512 0 24727355465417
1149052 512 0 24727355721418
1149564 512 0 24727355977419
1150076 512 0 24727356233421
1150588 512 0 24727356489422
1151100 512 0 24727356745423
1151612 512 0 24727357001424
1152124 512 0 24727357257425
1152636 512 0 24727357513426
1153148 512 0 24727357769428
1153660 512 0 24727358025429
1154172 512 0 24727358281430
1154684 512 0 24727358537431
1155196 512 0 24727358793432
1155708 512 0 24727359049434
1156220 512 0 24727359305435
1156732 512 0 24727359561436
1157244 512 0 24727359817437
1157756 512 0 24727360073439
1158268 512 0 24727360329440
1158780 512 0 24727360585441
1159292 512 0 24727360841442
1159804 512 0 24727361097443
1160316 512 0 24727361353444
1160828 512 0 24727361609445
1161340 512 0 24727361865447
1161852 512 0 24727362121448
1162364 512 0 24727362377449
1162876 512 0 24727362633450
1163388 512 0 24727362889451
1163900 512 0 24727363145453
1164412 512 0 24727363401454
1164924 512 0 24727363657455
1165436 512 0 24727363913456
1165948 512 0 24727364169458
1166460 512 0 24727364425459
1166972 512 0 24727364681460
1167484 512 0 24727364937461
1167996 512 0 24727365193462
1168508 512 0 24727365449463
1169020 512 0 24727365705465
1169532 512 0 24727365961466
1170044 512 0 24727366217467
1170556 512 0 24727366473468
1171068 512 0 24727366729469
1171580 512 0 24727366985470
1172092 512 0 24727367241475
1172604 512 0 24727367497476
1173116 512 0 24727367753477
1173628 512 0 24727368009479
1174140 512 0 24727368265480
1174652 512 0 24727368521481
1175164 512 0 24727368777482
1175676 512 0 24727369033483
1176188 512 0 24727369289484
1176700 512 0 24727369545486
1177212 512 0 24727369801487
1177724 512 0 24727370057488
1178236 512 0 24727370313489
1178748 512 0 24727370569490
1179260 512 0 24727370825491
1179772 512 0 24727371081493
1180284 512 0 24727371337495
1180796 512 0 24727371593496
1181308 512 0 24727371849498
1181820 512 0 24727372105499
1182332 512 0 24727372361500
1182844 512 0 24727372617501
1183356 512 0 24727372873502
1183868 512 0 24727373129503
1184380 512 0 24727373385505
1184892 512 0 24727373641506
1185404 512 0 24727373897507
1185916 512 0 24727374153508
1186428 512 0 24727374409509
1186940 512 0 24727374665510
1187452 512 0 24727374921512
1187964 512 0 24727375177513
1188476 512 0 24727375433517
1188988 512 0 24727375689519
1189500 512 0 24727375945520
1190012 512 0 24727376201521
1190524 512 0 24727376457522
1191036 512 0 24727376713523
1191548 512 0 24727376969524
1192060 512 0 24727377225526
1192572 512 0 24727377481527
1193084 512 0 24727377737528
1193596 512 0 24727377993529
1194108 512 0 24727378249530
1194620 512 0 24727378505532
1195132 512 0 24727378761533
1195644 512 0 24727379017534
1196156 512 0 24727379273535
1196668 512 0 24727379529541
1197180 512 0 24727379785542
1197692 512 0 24727380041543
1198204 512 0 24727380297544
1198716 512 0 24727380553545
1199228 512 0 24727380809547
1199740 512 0 24727381065548
1200252 512 0 24727381321549
1200764 512 0 24727381577550
1201276 512 0 24727381833551
1201788 512 0 24727382089553
1202300 512 0 24727382345554
1202812 512 0 24727382601555
1203324 512 0 24727382857556
1203836 512 0 24727383113557
1204348 512 0 24727383369559
1204860 512 0 24727383625559
1205372 512 0 24727383881560
1205884 512 0 24727384137561
1206396 512 0 24727384393562
1206908 512 0 24727384649563
1207420 512 0 24727384905564
1207932 512 0 24727385161566
1208444 512 0 24727385417567
1208956 512 0 24727385673568
1209468 512 0 24727385929569
1209980 512 0 24727386185570
1210492 512 0 24727386441572
1211004 512 0 24727386697573
1211516 512 0 24727386953574
1212028 512 0 24727387209575
1212540 512 0 24727387465576
1213052 512 0 24727387721580
1213564 512 0 24727387977581
1214076 512 0 24727388233582
1214588 512 0 24727388489583
1215100 512 0 24727388745584
1215612 512 0 24727389001586
1216124 512 0 24727389257587
1216636 512 0 24727389513588
1217148 512 0 24727389769589
1217660 512 0 24727390025590
1218172 512 0 24727390281592
1218684 512 0 24727390537593
1219196 512 0 24727390793594
1219708 512 0 24727391049595
1220220 512 0 24727391305596
1220732 512 0 24727391561598
1221244 512 0 24727391817603
1221756 512 0 24727392073604
1222268 512 0 24727392329605
1222780 512 0 24727392585606
1223292 512 0 24727392841608
1223804 512 0 24727393097609
1224316 512 0 24727393353610
1224828 512 0 24727393609611
1225340 512 0 24727393865613
1225852 512 0 24727394121614
1226364 512 0 24727394377615
1226876 512 0 24727394633616
1227388 512 0 24727394889617
1227900 512 0 24727395145619
1228412 512 0 24727395401620
1228924 512 0 24727395657621
1229436 512 0 24727395913622
1229948 512 0 24727396169623
1230460 512 0 24727396425624
1230972 512 0 24727396681625
1231484 512 0 24727396937627
1231996 512 0 24727397193628
1232508 512 0 24727397449629
1233020 512 0 24727397705630
1233532 512 0 24727397961631
1234044 512 0 24727398217633
1234556 512 0 24727398473634
1235068 512 0 24727398729635
1235580 512 0 24727398985636
1236092 512 0 24727399241638
1236604 512 0 24727399497639
1237116 512 0 24727399753640
1237628 512 0 24727400009650
1238140 512 0 24727400265652
1238652 512 0 24727400521653
1239164 512 0 24727400777654
1239676 512 0 24727401033655
1240188 512 0 24727401289656
1240700 512 0 24727401545658
1241212 512 0 24727401801659
1241724 512 0 24727402057660
1242236 512 0 24727402313661
1242748 512 0 24727402569663
1243260 512 0 24727402825664
1243772 512 0 24727403081665
1244284 512 0 24727403337666
1244796 512 0 24727403593668
1245308 512 0 24727403849669
1245820 512 0 24727404105672
1246332 512 0 24727404361674
1246844 512 0 24727404617675
1247356 512 0 24727404873676
1247868 512 0 24727405129677
1248380 512 0 24727405385679
1248892 512 0 24727405641680
1249404 512 0 24727405897681
1249916 512 0 24727406153682
1250428 512 0 24727406409684
1250940 512 0 24727406665685
1251452 512 0 24727406921686
1251964 512 0 24727407177687
1252476 512 0 24727407433689
1252988 512 0 24727407689690
1253500 512 0 24727407945691
1254012 512 0 24727408201692
1254524 512 0 24727408457694
1255036 512 0 24727408713695
1255548 512 0 24727408969696
1256060 512 0 24727409225697
1256572 512 0 24727409481699
1257084 512 0 24727409737700
1257596 512 0 24727409993701
1258108 512 0 24727410249702
1258620 512 0 24727410505704
1259132 512 0 24727410761705
1259644 512 0 24727411017706
1260156 512 0 24727411273707
1260668 512 0 24727411529709
1261180 512 0 24727411785710
1261692 512 0 24727412041711
1262204 512 0 24727412297711
1262716 512 0 24727412553713
1263228 512 0 24727412809714
1263740 512 0 24727413065715
1264252 512 0 24727413321716
1264764 512 0 24727413577718
1265276 512 0 24727413833719
1265788 512 0 24727414089720
1266300 512 0 24727414345721
1266812 512 0 24727414601723
1267324 512 0 24727414857724
1267836 512 0 24727415113725
1268348 512 0 24727415369726
1268860 512 0 24727415625727
1269372 512 0 24727415881729
1269884 512 0 24727416137730
1270396 512 0 24727416393737
1270908 512 0 24727416649738
1271420 512 0 24727416905739
1271932 512 0 24727417161740
1272444 512 0 24727417417742
1272956 512 0 24727417673743
1273468 512 0 24727417929744
1273980 512 0 24727418185745
1274492 512 0 24727418441747
1275004 512 0 24727418697748
1275516 512 0 24727418953749
1276028 512 0 24727419209750
1276540 512 0 24727419465752
1277052 512 0 24727419721753
1277564 512 0 24727419977754
1278076 512 0 24727420233755
1278588 512 0 24727420489757
1279100 512 0 24727420745758
1279612 512 0 24727421001759
1280124 512 0 24727421257760
1280636 512 0 24727421513762
1281148 512 0 24727421769763
1281660 512 0 24727422025764
1282172 512 0 24727422281765
1282684 512 0 24727422537767
1283196 512 0 24727422793768
1283708 512 0 24727423049769
1284220 512 0 24727423305770
1284732 512 0 24727423561772
1285244 512 0 24727423817773
1285756 512 0 24727424073774
1286268 512 0 24727424329775
1286780 512 0 24727424585777
1287292 512 0 24727424841778
1287804 512 0 24727425097779
1288316 512 0 24727425353780
1288828 512 0 24727425609782
1289340 512 0 24727425865783
1289852 512 0 24727426121784
1290364 512 0 24727426377785
1290876 512 0 24727426633787
1291388 512 0 24727426889788
1291900 512 0 24727427145789
1292412 512 0 24727427401790
1292924 512 0 24727427657792
1293436 512 0 24727427913793
1293948 512 0 24727428169794
1294460 512 0 24727428425795
1294972 512 0 24727428681799
1295484 512 0 24727428937800
1295996 512 0 24727429193801
1296508 512 0 24727429449803
1297020 512 0 24727429705804
1297532 512 0 24727429961805
1298044 512 0 24727430217806
1298556 512 0 24727430473808
1299068 512 0 24727430729809
1299580 512 0 24727430985810
1300092 512 0 24727431241811
1300604 512 0 24727431497813
1301116 512 0 24727431753814
1301628 512 0 24727432009815
1302140 512 0 24727432265816
1302652 512 0 24727432521818
1303164 512 0 24727432777820
1303676 512 0 24727433033821
1304188 512 0 24727433289822
1304700 512 0 24727433545824
1305212 512 0 24727433801825
1305724 512 0 24727434057826
1306236 512 0 24727434313827
1306748 512 0 24727434569829
1307260 512 0 24727434825830
1307772 512 0 24727435081831
1308284 512 0 24727435337832
1308796 512 0 24727435593834
1309308 512 0 24727435849835
1309820 512 0 24727436105836
1310332 512 0 24727436361837
1310844 512 0 24727436617839
1311356 512 0 24727436873838
1311868 512 0 24727437129839
1312380 512 0 24727437385840
1312892 512 0 24727437641841
1313404 512 0 24727437897843
1313916 512 0 24727438153844
1314428 512 0 24727438409845
1314940 512 0 24727438665846
1315452 512 0 24727438921848
1315964 512 0 24727439177849
1316476 512 0 24727439433850
1316988 512 0 24727439689851
1317500 512 0 24727439945853
1318012 512 0 24727440201854
1318524 512 0 24727440457855
1319036 512 0 24727440713857
1319548 512 0 24727440969856
1320060 512 0 24727441225857
1320572 512 0 24727441481858
1321084 512 0 24727441737859
1321596 512 0 24727441993861
1322108 512 0 24727442249862
1322620 512 0 24727442505863
1323132 512 0 24727442761864
1323644 512 0 24727443017866
1324156 512 0 24727443273867
1324668 512 0 24727443529868
1325180 512 0 24727443785869
1325692 512 0 24727444041871
1326204 512 0 24727444297872
1326716 512 0 24727444553873
1327228 512 0 24727444809874
1327740 512 0 24727445065877
1328252 512 0 24727445321878
1328764 512 0 24727445577879
1329276 512 0 24727445833880
1329788 512 0 24727446089882
1330300 512 0 24727446345883
1330812 512 0 24727446601884
1331324 512 0 24727446857885
1331836 512 0 24727447113887
1332348 512 0 24727447369888
1332860 512 0 24727447625889
1333372 512 0 24727447881890
1333884 512 0 24727448137892
1334396 512 0 24727448393893
1334908 512 0 24727448649894
1335420 512 0 24727448905895
1335932 512 0 24727449161901
1336444 512 0 24727449417902
1336956 512 0 24727449673903
1337468 512 0 24727449929905
1337980 512 0 24727450185906
1338492 512 0 24727450441907
1339004 512 0 24727450697908
1339516 512 0 24727450953910
1340028 512 0 24727451209911
1340540 512 0 24727451465912
1341052 512 0 24727451721913
1341564 512 0 24727451977915
1342076 512 0 24727452233916
1342588 512 0 24727452489917
1343100 512 0 24727452745919
1343612 512 0 24727453001920
1344124 512 0 24727453257918
1344636 512 0 24727453513919
1345148 512 0 24727453769920
1345660 512 0 24727454025921
1346172 512 0 24727454281923
1346684 512 0 24727454537924
1347196 512 0 24727454793925
1347708 512 0 24727455049926
1348220 512 0 24727455305928
1348732 512 0 24727455561929
1349244 512 0 24727455817930
1349756 512 0 24727456073931
1350268 512 0 24727456329933
1350780 512 0 24727456585934
1351292 512 0 24727456841935
1351804 512 0 24727457097936
1352316 512 0 24727457353941
1352828 512 0 24727457609942
1353340 512 0 24727457865943
1353852 512 0 24727458121945
1354364 512 0 24727458377946
1354876 512 0 24727458633947
1355388 512 0 24727458889948
1355900 512 0 24727459145950
1356412 512 0 24727459401951
1356924 512 0 24727459657952
1357436 512 0 24727459913953
1357948 512 0 24727460169955
1358460 512 0 24727460425956
1358972 512 0 24727460681957
1359484 512 0 24727460937959
1359996 512 0 24727461193960
1360508 512 0 24727461449965
1361020 512 0 24727461705966
1361532 512 0 24727461961968
1362044 512 0 24727462217969
1362556 512 0 24727462473970
1363068 512 0 24727462729971
1363580 512 0 24727462985973
1364092 512 0 24727463241974
1364604 512 0 24727463497975
1365116 512 0 24727463753976
1365628 512 0 24727464009978
1366140 512 0 24727464265979
1366652 512 0 24727464521980
1367164 512 0 24727464777982
1367676 512 0 24727465033983
1368188 512 0 24727465289984
1368700 512 0 24727465545984
1369212 512 0 24727465801985
1369724 512 0 24727466057986
1370236 512 0 24727466313988
1370748 512 0 24727466569989
1371260 512 0 24727466825990
1371772 512 0 24727467081992
1372284 512 0 24727467337993
1372796 512 0 24727467593994
1373308 512 0 24727467849995
1373820 512 0 24727468105997
1374332 512 0 24727468361998
1374844 512 0 24727468617999
1375356 512 0 24727468874000
1375868 512 0 24727469130002
1376380 512 0 24727469386003
1376892 512 0 24727469642005
1377404 512 0 24727469898006
1377916 512 0 24727470154008
1378428 512 0 24727470410009
1378940 512 0 24727470666010
1379452 512 0 24727470922011
1379964 512 0 24727471178013
1380476 512 0 24727471434014
1380988 512 0 24727471690015
1381500 512 0 24727471946016
1382012 512 0 24727472202018
1382524 512 0 24727472458019
1383036 512 0 24727472714020
1383548 512 0 24727472970022
1384060 512 0 24727473226023
1384572 512 0 24727473482024
1385084 512 0 24727473738023
1385596 512 0 24727473994024
1386108 512 0 24727474250025
1386620 512 0 24727474506027
1387132 512 0 24727474762028
1387644 512 0 24727475018029
1388156 512 0 24727475274030
1388668 512 0 24727475530032
1389180 512 0 24727475786033
1389692 512 0 24727476042034
1390204 512 0 24727476298036
1390716 512 0 24727476554037
1391228 512 0 24727476810038
1391740 512 0 24727477066039
1392252 512 0 24727477322041
1392764 512 0 24727477578042
1393276 512 0 24727477834043
1393788 512 0 24727478090044
1394300 512 0 24727478346045
1394812 512 0 24727478602047
1395324 512 0 24727478858048
1395836 512 0 24727479114049
1396348 512 0 24727479370050
1396860 512 0 24727479626052
1397372 512 0 24727479882053
1397884 512 0 24727480138054
1398396 512 0 24727480394055
1398908 512 0 24727480650057
1399420 512 0 24727480906058
1399932 512 0 24727481162059
1400444 512 0 24727481418061
1400956 512 0 24727481674062
1401468 512 0 24727481930065
1401980 512 0 24727482186066
1402492 512 0 24727482442067
1403004 512 0 24727482698069
1403516 512 0 24727482954070
1404028 512 0 24727483210071
1404540 512 0 24727483466073
1405052 512 0 24727483722074
1405564 512 0 24727483978075
1406076 512 0 24727484234076
1406588 512 0 24727484490078
1407100 512 0 24727484746079
1407612 512 0 24727485002080
1408124 512 0 24727485258081
1408636 512 0 24727485514083
1409148 512 0 24727485770084
1409660 512 0 24727486026082
1410172 512 0 24727486282083
1410684 512 0 24727486538084
1411196 512 0 24727486794086
1411708 512 0 24727487050087
1412220 512 0 24727487306088
1412732 512 0 24727487562089
1413244 512 0 24727487818091
1413756 512 0 24727488074092
1414268 512 0 24727488330093
1414780 512 0 24727488586094
1415292 512 0 24727488842096
1415804 512 0 24727489098097
1416316 512 0 24727489354098
1416828 512 0 24727489610099
1417340 512 0 24727489866101
1417852 512 0 24727490122104
1418364 512 0 24727490378105
1418876 512 0 24727490634106
1419388 512 0 24727490890108
1419900 512 0 24727491146109
1420412 512 0 24727491402110
1420924 512 0 24727491658111
1421436 512 0 24727491914113
1421948 512 0 24727492170114
1422460 512 0 24727492426115
1422972 512 0 24727492682117
1423484 512 0 24727492938118
1423996 512 0 24727493194119
1424508 512 0 24727493450120
1425020 512 0 24727493706122
1425532 512 0 24727493962123
1426044 512 0 24727494218124
1426556 512 0 24727494474125
1427068 512 0 24727494730126
1427580 512 0 24727494986128
1428092 512 0 24727495242129
1428604 512 0 24727495498130
1429116 512 0 24727495754131
1429628 512 0 24727496010133
1430140 512 0 24727496266134
1430652 512 0 24727496522135
1431164 512 0 24727496778136
1431676 512 0 24727497034138
1432188 512 0 24727497290139
1432700 512 0 24727497546140
1433212 512 0 24727497802142
1433724 512 0 24727498058143
1434236 512 0 24727498314144
1434748 512 0 24727498570145
1435260 512 0 24727498826146
1435772 512 0 24727499082148
1436284 512 0 24727499338149
1436796 512 0 24727499594150
1437308 512 0 24727499850151
1437820 512 0 24727500106153
1438332 512 0 24727500362154
1438844 512 0 24727500618155
1439356 512 0 24727500874156
1439868 512 0 24727501130158
1440380 512 0 24727501386159
1440892 512 0 24727501642160
1441404 512 0 24727501898162
1441916 512 0 24727502154163
1442428 512 0 24727502410164
1442940 512 0 24727502666165
1443452 512 0 24727502922166
1443964 512 0 24727503178168
1444476 512 0 24727503434169
1444988 512 0 24727503690170
1445500 512 0 24727503946171
1446012 512 0 24727504202173
1446524 512 0 24727504458174
1447036 512 0 24727504714175
1447548 512 0 24727504970176
1448060 512 0 24727505226178
1448572 512 0 24727505482179
1449084 512 0 24727505738180
1449596 512 0 24727505994181
1450108 512 0 24727506250183
1450620 512 0 24727506506183
1451132 512 0 24727506762184
1451644 512 0 24727507018185
1452156 512 0 24727507274187
1452668 512 0 24727507530188
1453180 512 0 24727507786189
1453692 512 0 24727508042190
1454204 512 0 24727508298192
1454716 512 0 24727508554193
1455228 512 0 24727508810194
1455740 512 0 24727509066195
1456252 512 0 24727509322197
1456764 512 0 24727509578198
1457276 512 0 24727509834199
1457788 512 0 24727510090200
1458300 512 0 24727510346202
1458812 512 0 24727510602206
1459324 512 0 24727510858207
1459836 512 0 24727511114208
1460348 512 0 24727511370210
1460860 512 0 24727511626211
1461372 512 0 24727511882212
1461884 512 0 24727512138213
1462396 512 0 24727512394215
1462908 512 0 24727512650216
1463420 512 0 24727512906217
1463932 512 0 24727513162219
1464444 512 0 24727513418220
1464956 512 0 24727513674221
1465468 512 0 24727513930222
1465980 512 0 24727514186224
1466492 512 0 24727514442225
1467004 512 0 24727514698231
1467516 512 0 24727514954232
1468028 512 0 24727515210234
1468540 512 0 24727515466235
1469052 512 0 24727515722236
1469564 512 0 24727515978238
1470076 512 0 24727516234239
1470588 512 0 24727516490240
1471100 512 0 24727516746241
1471612 512 0 24727517002243
1472124 512 0 24727517258244
1472636 512 0 24727517514245
1473148 512 0 24727517770247
1473660 512 0 24727518026248
1474172 512 0 24727518282249
1474684 512 0 24727518538250
1475196 512 0 24727518794252
1475708 512 0 24727519050253
1476220 512 0 24727519306255
1476732 512 0 24727519562256
1477244 512 0 24727519818257
1477756 512 0 24727520074259
1478268 512 0 24727520330260
1478780 512 0 24727520586261
1479292 512 0 24727520842262
1479804 512 0 24727521098264
1480316 512 0 24727521354265
1480828 512 0 24727521610266
1481340 512 0 24727521866268
1481852 512 0 24727522122269
1482364 512 0 24727522378270
1482876 512 0 24727522634271
1483388 512 0 24727522890271
1483900 512 0 24727523146272
1484412 512 0 24727523402274
1484924 512 0 24727523658275
1485436 512 0 24727523914276
1485948 512 0 24727524170277
1486460 512 0 24727524426279
1486972 512 0 24727524682280
1487484 512 0 24727524938281
1487996 512 0 24727525194283
1488508 512 0 24727525450284
1489020 512 0 24727525706285
1489532 512 0 24727525962286
1490044 512 0 24727526218288
1490556 512 0 24727526474289
1491068 512 0 24727526730290
1491580 512 0 24727526986289
1492092 512 0 24727527242290
1492604 512 0 24727527498291
1493116 512 0 24727527754293
1493628 512 0 24727528010294
1494140 512 0 24727528266295
1494652 512 0 24727528522297
1495164 512 0 24727528778298
1495676 512 0 24727529034299
1496188 512 0 24727529290300
1496700 512 0 24727529546302
1497212 512 0 24727529802303
1497724 512 0 24727530058304
1498236 512 0 24727530314305
1498748 512 0 24727530570307
1499260 512 0 24727530826308
1499772 512 0 24727531082307
1500284 512 0 24727531338308
1500796 512 0 24727531594309
1501308 512 0 24727531850311
1501820 512 0 24727532106312
1502332 512 0 24727532362313
1502844 512 0 24727532618314
1503356 512 0 24727532874316
1503868 512 0 24727533130317
1504380 512 0 24727533386318
1504892 512 0 24727533642319
1505404 512 0 24727533898321
1505916 512 0 24727534154322
1506428 512 0 24727534410323
1506940 512 0 24727534666325
1507452 512 0 24727534922326
1507964 512 0 24727535178327
1508476 512 0 24727535434328
1508988 512 0 24727535690329
1509500 512 0 24727535946331
1510012 512 0 24727536202332
1510524 512 0 24727536458333
1511036 512 0 24727536714334
1511548 512 0 24727536970336
1512060 512 0 24727537226337
1512572 512 0 24727537482338
1513084 512 0 24727537738339
1513596 512 0 24727537994341
1514108 512 0 24727538250342
1514620 512 0 24727538506343
1515132 512 0 24727538762345
1515644 512 0 24727539018346
1516156 512 0 24727539274343
1516668 512 0 24727539530344
1517180 512 0 24727539786345
9364 512 0 24727557241874
9876 512 0 24727557520514
10388 512 0 24727557799153
10900 512 0 24727558077792
11412 512 0 24727558356432
11924 512 0 24727558635071
12436 512 0 24727558913711
12948 512 0 24727559192350
13460 512 0 24727559470990
13972 512 0 24727559749629
14484 512 0 24727560028268
14996 512 0 24727560306908
15508 512 0 24727560585547
16020 512 0 24727560864187
16532 512 0 24727561142826
17044 512 0 24727561421466
17556 512 0 24727561700105
18068 512 0 24727561978745
18580 512 0 24727562257384
19092 512 0 24727562536023
19604 512 0 24727562814663
20116 512 0 24727563093302
20628 512 0 24727563371942
21140 512 0 24727563650581
21652 512 0 24727563929221
22164 512 0 24727564207860
22676 512 0 24727564486499
23188 512 0 24727564765139
23700 512 0 24727565043778
24212 512 0 24727565322418
24724 512 0 24727565601057
25236 512 0 24727565879700
25748 512 0 24727566158340
26260 512 0 24727566436979
26772 512 0 24727566715619
27284 512 0 24727566994258
27796 512 0 24727567272898
28308 512 0 24727567551537
28820 512 0 24727567830177
29332 512 0 24727568108817
29844 512 0 24727568387456
30356 512 0 24727568666096
30868 512 0 24727568944735
31380 512 0 24727569223375
31892 512 0 24727569502014
32404 512 0 24727569780654
32916 512 0 24727570059293
33428 512 0 24727570337950
33940 512 0 24727570616590
34452 512 0 24727570895230
34964 512 0 24727571173870
35476 512 0 24727571452510
35988 512 0 24727571731150
36500 512 0 24727572009790
37012 512 0 24727572288430
37524 512 0 24727572567070
38036 512 0 24727572845710
38548 512 0 24727573124350
39060 512 0 24727573402990
39572 512 0 24727573681630
40084 512 0 24727573960270
40596 512 0 24727574238910
41108 512 0 24727574517550
41620 512 0 24727574796202
42132 512 0 24727575074843
42644 512 0 24727575353483
43156 512 0 24727575632123
43668 512 0 24727575910763
44180 512 0 24727576189404
44692 512 0 24727576468044
45204 512 0 24727576746684
45716 512 0 24727577025324
46228 512 0 24727577303965
46740 512 0 24727577582605
47252 512 0 24727577861245
47764 512 0 24727578139885
48276 512 0 24727578418526
48788 512 0 24727578697166
49300 512 0 24727578975806
49812 512 0 24727579254453
50324 512 0 24727579533093
50836 512 0 24727579811733
51348 512 0 24727580090374
51860 512 0 24727580369014
52372 512 0 24727580647655
52884 512 0 24727580926295
53396 512 0 24727581204935
53908 512 0 24727581483576
54420 512 0 24727581762216
54932 512 0 24727582040856
55444 512 0 24727582319497
55956 512 0 24727582598137
56468 512 0 24727582876778
56980 512 0 24727583155418
57492 512 0 24727583434058
58004 512 0 24727583712703
58516 512 0 24727583991344
59028 512 0 24727584269984
59540 512 0 24727584548625
60052 512 0 24727584827265
60564 512 0 24727585105906
61076 512 0 24727585384546
61588 512 0 24727585663187
62100 512 0 24727585941827
62612 512 0 24727586220468
63124 512 0 24727586499108
63636 512 0 24727586777749
64148 512 0 24727587056389
64660 512 0 24727587335029
65172 512 0 24727587613670
65684 512 0 24727587892310
66196 512 0 24727588170953
66708 512 0 24727588449594
67220 512 0 24727588728234
67732 512 0 24727589006875
68244 512 0 24727589285515
68756 512 0 24727589564156
69268 512 0 24727589842796
69780 512 0 24727590121437
70292 512 0 24727590400077
70804 512 0 24727590678718
71316 512 0 24727590957358
71828 512 0 24727591235999
72340 512 0 24727591514639
72852 512 0 24727591793280
73364 512 0 24727592071920
73876 512 0 24727592350561
74388 512 0 24727592629204
74900 512 0 24727592907844
75412 512 0 24727593186485
75924 512 0 24727593465125
76436 512 0 24727593743766
76948 512 0 24727594022406
77460 512 0 24727594301047
77972 512 0 24727594579688
78484 512 0 24727594858328
78996 512 0 24727595136969
79508 512 0 24727595415609
80020 512 0 24727595694250
80532 512 0 24727595972890
81044 512 0 24727596251531
81556 512 0 24727596530171
82068 512 0 24727596808812
82580 512 0 24727597087453
83092 512 0 24727597366093
83604 512 0 24727597644734
84116 512 0 24727597923374
84628 512 0 24727598202015
85140 512 0 24727598480656
85652 512 0 24727598759296
86164 512 0 24727599037937
86676 512 0 24727599316577
87188 512 0 24727599595218
87700 512 0 24727599873858
88212 512 0 24727600152499
88724 512 0 24727600431139
89236 512 0 24727600709780
89748 512 0 24727600988420
90260 512 0 24727601267061
90772 512 0 24727601545702
91284 512 0 24727601824342
91796 512 0 24727602102983
92308 512 0 24727602381624
92820 512 0 24727602660264
93332 512 0 24727602938905
93844 512 0 24727603217545
94356 512 0 24727603496186
94868 512 0 24727603774826
95380 512 0 24727604053467
95892 512 0 24727604332107
96404 512 0 24727604610748
96916 512 0 24727604889389
97428 512 0 24727605168029
97940 512 0 24727605446670
98452 512 0 24727605725310
98964 512 0 24727606003951
99476 512 0 24727606282592
99988 512 0 24727606561232
100500 512 0 24727606839873
101012 512 0 24727607118513
101524 512 0 24727607397154
102036 512 0 24727607675794
102548 512 0 24727607954435
103060 512 0 24727608233075
103572 512 0 24727608511716
104084 512 0 24727608790356
104596 512 0 24727609068997
105108 512 0 24727609347638
105620 512 0 24727609626278
106132 512 0 24727609904919
106644 512 0 24727610183559
107156 512 0 24727610462200
107668 512 0 24727610740841
108180 512 0 24727611019481
108692 512 0 24727611298122
109204 512 0 24727611576762
109716 512 0 24727611855403
110228 512 0 24727612134043
110740 512 0 24727612412684
111252 512 0 24727612691324
111764 512 0 24727612969965
112276 512 0 24727613248606
112788 512 0 24727613527246
113300 512 0 24727613805887
113812 512 0 24727614084527
114324 512 0 24727614363168
114836 512 0 24727614641808
115348 512 0 24727614920450
115860 512 0 24727615199091
116372 512 0 24727615477731
116884 512 0 24727615756372
117396 512 0 24727616035013
117908 512 0 24727616313653
118420 512 0 24727616592294
118932 512 0 24727616870934
119444 512 0 24727617149575
119956 512 0 24727617428215
120468 512 0 24727617706856
120980 512 0 24727617985497
121492 512 0 24727618264137
122004 512 0 24727618542778
122516 512 0 24727618821418
123028 512 0 24727619100059
123540 512 0 24727619378698
124052 512 0 24727619657339
124564 512 0 24727619935979
125076 512 0 24727620214620
125588 512 0 24727620493260
126100 512 0 24727620771901
126612 512 0 24727621050541
127124 512 0 24727621329182
127636 512 0 24727621607822
128148 512 0 24727621886463
128660 512 0 24727622165104
129172 512 0 24727622443744
129684 512 0 24727622722385
130196 512 0 24727623001025
130708 512 0 24727623279666
131220 512 0 24727623558306
131732 512 0 24727623836947
132244 512 0 24727624115588
132756 512 0 24727624394228
133268 512 0 24727624672869
133780 512 0 24727624951509
134292 512 0 24727625230150
134804 512 0 24727625508790
135316 512 0 24727625787431
135828 512 0 24727626066071
136340 512 0 24727626344712
136852 512 0 24727626623353
137364 512 0 24727626901993
137876 512 0 24727627180634
138388 512 0 24727627459274
138900 512 0 24727627737915
139412 512 0 24727628016555
139924 512 0 24727628295197
140436 512 0 24727628573838
140948 512 0 24727628852478
141460 512 0 24727629131119
141972 512 0 24727629409759
142484 512 0 24727629688400
142996 512 0 24727629967041
143508 512 0 24727630245681
144020 512 0 24727630524322
144532 512 0 24727630802962
145044 512 0 24727631081603
145556 512 0 24727631360243
146068 512 0 24727631638884
146580 512 0 24727631917524
147092 512 0 24727632196165
147604 512 0 24727632474806
148116 512 0 24727632753446
148628 512 0 24727633032087
149140 512 0 24727633310727
149652 512 0 24727633589368
150164 512 0 24727633868008
150676 512 0 24727634146649
151188 512 0 24727634425289
151700 512 0 24727634703930
152212 512 0 24727634982571
152724 512 0 24727635261211
153236 512 0 24727635539852
153748 512 0 24727635818492
154260 512 0 24727636097133
154772 512 0 24727636375773
155284 512 0 24727636654414
155796 512 0 24727636933055
156308 512 0 24727637211695
156820 512 0 24727637490336
157332 512 0 24727637768976
157844 512 0 24727638047617
158356 512 0 24727638326257
158868 512 0 24727638604898
159380 512 0 24727638883538
159892 512 0 24727639162179
160404 512 0 24727639440820
160916 512 0 24727639719460
161428 512 0 24727639998101
161940 512 0 24727640276741
162452 512 0 24727640555382
162964 512 0 24727640834022
163476 512 0 24727641112663
163988 512 0 24727641391304
164500 512 0 24727641669944
165012 512 0 24727641948585
165524 512 0 24727642227225
166036 512 0 24727642505866
166548 512 0 24727642784506
167060 512 0 24727643063147
167572 512 0 24727643341787
168084 512 0 24727643620428
168596 512 0 24727643899069
169108 512 0 24727644177709
169620 512 0 24727644456350
170132 512 0 24727644734990
170644 512 0 24727645013631
171156 512 0 24727645292271
171668 512 0 24727645570912
172180 512 0 24727645849553
172692 512 0 24727646128193
173204 512 0 24727646406834
173716 512 0 24727646685474
174228 512 0 24727646964115
174740 512 0 24727647242755
175252 512 0 24727647521396
175764 512 0 24727647800036
176276 512 0 24727648078677
176788 512 0 24727648357318
177300 512 0 24727648635958
177812 512 0 24727648914599
178324 512 0 24727649193239
178836 512 0 24727649471880
179348 512 0 24727649750520
179860 512 0 24727650029161
180372 512 0 24727650307802
180884 512 0 24727650586442
181396 512 0 24727650865083
181908 512 0 24727651143723
182420 512 0 24727651422364
182932 512 0 24727651701004
183444 512 0 24727651979645
183956 512 0 24727652258285
184468 512 0 24727652536926
184980 512 0 24727652815567
185492 512 0 24727653094207
186004 512 0 24727653372848
186516 512 0 24727653651488
187028 512 0 24727653930129
187540 512 0 24727654208769
188052 512 0 24727654487410
188564 512 0 24727654766051
189076 512 0 24727655044691
189588 512 0 24727655323332
190100 512 0 24727655601972
190612 512 0 24727655880613
191124 512 0 24727656159253
191636 512 0 24727656437894
192148 512 0 24727656716534
192660 512 0 24727656995175
193172 512 0 24727657273816
193684 512 0 24727657552456
194196 512 0 24727657831097
194708 512 0 24727658109737
195220 512 0 24727658388378
195732 512 0 24727658667018
196244 512 0 24727658945659
196756 512 0 24727659224300
197268 512 0 24727659502940
197780 512 0 24727659781581
198292 512 0 24727660060221
198804 512 0 24727660338862
199316 512 0 24727660617502
199828 512 0 24727660896143
200340 512 0 24727661174783
200852 512 0 24727661453424
201364 512 0 24727661732065
201876 512 0 24727662010705
202388 512 0 24727662289346
202900 512 0 24727662567986
203412 512 0 24727662846627
203924 512 0 24727663125267
204436 512 0 24727663403908
204948 512 0 24727663682549
205460 512 0 24727663961190
205972 512 0 24727664239831
206484 512 0 24727664518471
206996 512 0 24727664797112
207508 512 0 24727665075752
208020 512 0 24727665354393
208532 512 0 24727665633034
209044 512 0 24727665911674
209556 512 0 24727666190315
210068 512 0 24727666468955
210580 512 0 24727666747596
211092 512 0 24727667026236
211604 512 0 24727667304877
212116 512 0 24727667583518
212628 512 0 24727667862158
213140 512 0 24727668140799
213652 512 0 24727668419439
214164 512 0 24727668698080
214676 512 0 24727668976720
215188 512 0 24727669255361
215700 512 0 24727669534001
216212 512 0 24727669812642
216724 512 0 24727670091283
217236 512 0 24727670369923
217748 512 0 24727670648564
218260 512 0 24727670927204
218772 512 0 24727671205845
219284 512 0 24727671484485
219796 512 0 24727671763126
220308 512 0 24727672041767
220820 512 0 24727672320407
221332 512 0 24727672599048
221844 512 0 24727672877689
222356 512 0 24727673156330
222868 512 0 24727673434970
223380 512 0 24727673713611
223892 512 0 24727673992252
224404 512 0 24727674270892
224916 512 0 24727674549533
225428 512 0 24727674828173
225940 512 0 24727675106814
226452 512 0 24727675385454
226964 512 0 24727675664095
227476 512 0 24727675942736
227988 512 0 24727676221376
228500 512 0 24727676500017
229012 512 0 24727676778657
229524 512 0 24727677057298
230036 512 0 24727677335938
230548 512 0 24727677614579
231060 512 0 24727677893219
231572 512 0 24727678171860
232084 512 0 24727678450501
232596 512 0 24727678729141
233108 512 0 24727679007782
233620 512 0 24727679286422
234132 512 0 24727679565063
234644 512 0 24727679843703
235156 512 0 24727680122344
235668 512 0 24727680400985
236180 512 0 24727680679625
236692 512 0 24727680958266
237204 512 0 24727681236906
237716 512 0 24727681515547
238228 512 0 24727681794188
238740 512 0 24727682072829
239252 512 0 24727682351470
239764 512 0 24727682630110
240276 512 0 24727682908751
240788 512 0 24727683187391
241300 512 0 24727683466032
241812 512 0 24727683744672
242324 512 0 24727684023313
242836 512 0 24727684301954
243348 512 0 24727684580594
243860 512 0 24727684859235
244372 512 0 24727685137875
244884 512 0 24727685416516
245396 512 0 24727685695156
245908 512 0 24727685973797
246420 512 0 24727686252437
246932 512 0 24727686531078
247444 512 0 24727686809718
247956 512 0 24727687088359
248468 512 0 24727687367000
248980 512 0 24727687645640
249492 512 0 24727687924281
250004 512 0 24727688202921
250516 512 0 24727688481562
251028 512 0 24727688760203
251540 512 0 24727689038843
252052 512 0 24727689317484
252564 512 0 24727689596124
253076 512 0 24727689874765
253588 512 0 24727690153405
254100 512 0 24727690432046
254612 512 0 24727690710686
255124 512 0 24727690989327
255636 512 0 24727691267967
256148 512 0 24727691546608
256660 512 0 24727691825249
257172 512 0 24727692103889
257684 512 0 24727692382530
258196 512 0 24727692661170
258708 512 0 24727692939811
259220 512 0 24727693218451
259732 512 0 24727693497092
260244 512 0 24727693775733
260756 512 0 24727694054373
261268 512 0 24727694333014
261780 512 0 24727694611654
262292 512 0 24727694890295
262804 512 0 24727695168935
263316 512 0 24727695447576
263828 512 0 24727695726216
264340 512 0 24727696004857
264852 512 0 24727696283498
265364 512 0 24727696562138
265876 512 0 24727696840779
266388 512 0 24727697119419
266900 512 0 24727697398060
267412 512 0 24727697676700
267924 512 0 24727697955341
268436 512 0 24727698233982
268948 512 0 24727698512622
269460 512 0 24727698791263
269972 512 0 24727699069903
270484 512 0 24727699348544
270996 512 0 24727699627185
271508 512 0 24727699905826
272020 512 0 24727700184467
272532 512 0 24727700463107
273044 512 0 24727700741748
273556 512 0 24727701020388
274068 512 0 24727701299029
274580 512 0 24727701577669
275092 512 0 24727701856310
275604 512 0 24727702134951
276116 512 0 24727702413591
276628 512 0 24727702692232
277140 512 0 24727702970872
277652 512 0 24727703249513
278164 512 0 24727703528153
278676 512 0 24727703806794
279188 512 0 24727704085434
279700 512 0 24727704364075
280212 512 0 24727704642716
280724 512 0 24727704921356
281236 512 0 24727705199997
281748 512 0 24727705478637
282260 512 0 24727705757278
282772 512 0 24727706035918
283284 512 0 24727706314559
283796 512 0 24727706593200
284308 512 0 24727706871840
284820 512 0 24727707150481
285332 512 0 24727707429121
285844 512 0 24727707707762
286356 512 0 24727707986402
286868 512 0 24727708265043
287380 512 0 24727708543683
287892 512 0 24727708822324
288404 512 0 24727709100964
288916 512 0 24727709379605
289428 512 0 24727709658246
289940 512 0 24727709936886
290452 512 0 24727710215527
290964 512 0 24727710494167
291476 512 0 24727710772808
291988 512 0 24727711051449
292500 512 0 24727711330089
293012 512 0 24727711608730
293524 512 0 24727711887370
294036 512 0 24727712166011
294548 512 0 24727712444651
295060 512 0 24727712723292
295572 512 0 24727713001932
296084 512 0 24727713280573
296596 512 0 24727713559213
297108 512 0 24727713837854
297620 512 0 24727714116495
298132 512 0 24727714395135
298644 512 0 24727714673776
299156 512 0 24727714952416
299668 512 0 24727715231057
300180 512 0 24727715509697
300692 512 0 24727715788338
301204 512 0 24727716066979
301716 512 0 24727716345619
302228 512 0 24727716624260
302740 512 0 24727716902900
303252 512 0 24727717181541
303764 512 0 24727717460181
304276 512 0 24727717738822
304788 512 0 24727718017462
305300 512 0 24727718296103
305812 512 0 24727718574744
306324 512 0 24727718853384
306836 512 0 24727719132025
307348 512 0 24727719410665
307860 512 0 24727719689306
308372 512 0 24727719967946
308884 512 0 24727720246587
309396 512 0 24727720525228
309908 512 0 24727720803868
310420 512 0 24727721082509
310932 512 0 24727721361149
311444 512 0 24727721639790
311956 512 0 24727721918431
312468 512 0 24727722197072
312980 512 0 24727722475713
313492 512 0 24727722754353
314004 512 0 24727723032994
314516 512 0 24727723311634
315028 512 0 24727723590275
315540 512 0 24727723868915
316052 512 0 24727724147556
316564 512 0 24727724426197
317076 512 0 24727724704837
317588 512 0 24727724983478
318100 512 0 24727725262118
318612 512 0 24727725540759
319124 512 0 24727725819399
319636 512 0 24727726098040
320148 512 0 24727726376680
320660 512 0 24727726655321
321172 512 0 24727726933962
321684 512 0 24727727212602
322196 512 0 24727727491243
322708 512 0 24727727769883
323220 512 0 24727728048524
323732 512 0 24727728327164
324244 512 0 24727728605805
324756 512 0 24727728884446
325268 512 0 24727729163086
325780 512 0 24727729441727
326292 512 0 24727729720367
326804 512 0 24727729999008
327316 512 0 24727730277648
327828 512 0 24727730556289
328340 512 0 24727730834929
328852 512 0 24727731113570
329364 512 0 24727731392210
329876 512 0 24727731670851
330388 512 0 24727731949492
330900 512 0 24727732228132
331412 512 0 24727732506773
331924 512 0 24727732785413
332436 512 0 24727733064054
332948 512 0 24727733342695
333460 512 0 24727733621335
333972 512 0 24727733899976
334484 512 0 24727734178616
334996 512 0 24727734457257
335508 512 0 24727734735897
336020 512 0 24727735014538
336532 512 0 24727735293178
337044 512 0 24727735571819
337556 512 0 24727735850459
338068 512 0 24727736129100
338580 512 0 24727736407741
339092 512 0 24727736686381
339604 512 0 24727736965022
340116 512 0 24727737243662
340628 512 0 24727737522303
341140 512 0 24727737800943
341652 512 0 24727738079584
342164 512 0 24727738358225
342676 512 0 24727738636865
343188 512 0 24727738915506
343700 512 0 24727739194146
344212 512 0 24727739472787
344724 512 0 24727739751429
345236 512 0 24727740030070
345748 512 0 24727740308711
346260 512 0 24727740587351
346772 512 0 24727740865992
347284 512 0 24727741144632
347796 512 0 24727741423273
348308 512 0 24727741701914
348820 512 0 24727741980554
349332 512 0 24727742259195
349844 512 0 24727742537835
350356 512 0 24727742816476
350868 512 0 24727743095117
351380 512 0 24727743373757
351892 512 0 24727743652398
352404 512 0 24727743931038
352916 512 0 24727744209680
353428 512 0 24727744488320
353940 512 0 24727744766961
354452 512 0 24727745045601
354964 512 0 24727745324242
355476 512 0 24727745602883
355988 512 0 24727745881523
356500 512 0 24727746160164
357012 512 0 24727746438804
357524 512 0 24727746717445
358036 512 0 24727746996085
358548 512 0 24727747274726
359060 512 0 24727747553367
359572 512 0 24727747832007
360084 512 0 24727748110648
360596 512 0 24727748389288
361108 512 0 24727748667929
361620 512 0 24727748946569
362132 512 0 24727749225210
362644 512 0 24727749503850
363156 512 0 24727749782491
363668 512 0 24727750061131
364180 512 0 24727750339772
364692 512 0 24727750618413
365204 512 0 24727750897053
365716 512 0 24727751175694
366228 512 0 24727751454334
366740 512 0 24727751732975
367252 512 0 24727752011616
367764 512 0 24727752290256
368276 512 0 24727752568897
368788 512 0 24727752847537
369300 512 0 24727753126179
369812 512 0 24727753404819
370324 512 0 24727753683460
370836 512 0 24727753962100
371348 512 0 24727754240741
371860 512 0 24727754519382
372372 512 0 24727754798022
372884 512 0 24727755076663
373396 512 0 24727755355303
373908 512 0 24727755633944
374420 512 0 24727755912584
374932 512 0 24727756191225
375444 512 0 24727756469866
375956 512 0 24727756748506
376468 512 0 24727757027147
376980 512 0 24727757305787
377492 512 0 24727757584429
378004 512 0 24727757863069
378516 512 0 24727758141710
379028 512 0 24727758420350
379540 512 0 24727758698991
380052 512 0 24727758977632
380564 512 0 24727759256272
381076 512 0 24727759534913
381588 512 0 24727759813553
382100 512 0 24727760092194
382612 512 0 24727760370835
383124 512 0 24727760649475
383636 512 0 24727760928116
384148 512 0 24727761206756
384660 512 0 24727761485397
385172 512 0 24727761764038
385684 512 0 24727762042678
386196 512 0 24727762321318
386708 512 0 24727762599959
387220 512 0 24727762878599
387732 512 0 24727763157240
388244 512 0 24727763435881
388756 512 0 24727763714521
389268 512 0 24727763993162
389780 512 0 24727764271802
390292 512 0 24727764550443
390804 512 0 24727764829083
391316 512 0 24727765107724
391828 512 0 24727765386365
392340 512 0 24727765665005
392852 512 0 24727765943646
393364 512 0 24727766222286
393876 512 0 24727766500927
394388 512 0 24727766779567
394900 512 0 24727767058208
395412 512 0 24727767336848
395924 512 0 24727767615489
396436 512 0 24727767894129
396948 512 0 24727768172770
397460 512 0 24727768451411
397972 512 0 24727768730051
398484 512 0 24727769008692
398996 512 0 24727769287332
399508 512 0 24727769565973
400020 512 0 24727769844614
400532 512 0 24727770123254
401044 512 0 24727770401895
401556 512 0 24727770680535
402068 512 0 24727770959177
402580 512 0 24727771237817
403092 512 0 24727771516458
403604 512 0 24727771795098
404116 512 0 24727772073739
404628 512 0 24727772352380
405140 512 0 24727772631020
405652 512 0 24727772909661
406164 512 0 24727773188301
406676 512 0 24727773466942
407188 512 0 24727773745583
407700 512 0 24727774024223
408212 512 0 24727774302864
408724 512 0 24727774581504
409236 512 0 24727774860145
409748 512 0 24727775138785
410260 512 0 24727775417426
410772 512 0 24727775696066
411284 512 0 24727775974707
411796 512 0 24727776253347
412308 512 0 24727776531988
412820 512 0 24727776810628
413332 512 0 24727777089269
413844 512 0 24727777367910
414356 512 0 24727777646550
414868 512 0 24727777925191
415380 512 0 24727778203831
415892 512 0 24727778482472
416404 512 0 24727778761113
416916 512 0 24727779039753
417428 512 0 24727779318394
417940 512 0 24727779597034
418452 512 0 24727779875675
418964 512 0 24727780154315
419476 512 0 24727780432956
419988 512 0 24727780711596
420500 512 0 24727780990237
421012 512 0 24727781268877
421524 512 0 24727781547518
422036 512 0 24727781826159
422548 512 0 24727782104799
423060 512 0 24727782383440
423572 512 0 24727782662080
424084 512 0 24727782940721
424596 512 0 24727783219362
425108 512 0 24727783498002
425620 512 0 24727783776643
426132 512 0 24727784055283
426644 512 0 24727784333923
427156 512 0 24727784612564
427668 512 0 24727784891205
428180 512 0 24727785169845
428692 512 0 24727785448486
429204 512 0 24727785727126
429716 512 0 24727786005767
430228 512 0 24727786284408
430740 512 0 24727786563048
431252 512 0 24727786841689
431764 512 0 24727787120329
432276 512 0 24727787398970
432788 512 0 24727787677610
433300 512 0 24727787956251
433812 512 0 24727788234892
434324 512 0 24727788513532
434836 512 0 24727788792172
435348 512 0 24727789070813
435860 512 0 24727789349454
436372 512 0 24727789628094
436884 512 0 24727789906735
437396 512 0 24727790185375
437908 512 0 24727790464016
438420 512 0 24727790742657
438932 512 0 24727791021297
439444 512 0 24727791299938
439956 512 0 24727791578578
440468 512 0 24727791857219
440980 512 0 24727792135859
441492 512 0 24727792414500
442004 512 0 24727792693141
442516 512 0 24727792971781
443028 512 0 24727793250423
443540 512 0 24727793529063
444052 512 0 24727793807704
444564 512 0 24727794086344
445076 512 0 24727794364985
445588 512 0 24727794643625
446100 512 0 24727794922266
446612 512 0 24727795200907
447124 512 0 24727795479547
447636 512 0 24727795758188
448148 512 0 24727796036828
448660 512 0 24727796315469
449172 512 0 24727796594110
449684 512 0 24727796872750
450196 512 0 24727797151391
450708 512 0 24727797430031
451220 512 0 24727797708671
451732 512 0 24727797987312
452244 512 0 24727798265953
452756 512 0 24727798544593
453268 512 0 24727798823234
453780 512 0 24727799101874
454292 512 0 24727799380515
454804 512 0 24727799659156
455316 512 0 24727799937796
455828 512 0 24727800216437
456340 512 0 24727800495077
456852 512 0 24727800773718
457364 512 0 24727801052358
457876 512 0 24727801330999
458388 512 0 24727801609640
458900 512 0 24727801888280
459412 512 0 24727802166922
459924 512 0 24727802445562
460436 512 0 24727802724203
460948 512 0 24727803002843
461460 512 0 24727803281484
461972 512 0 24727803560124
462484 512 0 24727803838765
462996 512 0 24727804117406
463508 512 0 24727804396046
464020 512 0 24727804674687
464532 512 0 24727804953327
465044 512 0 24727805231968
465556 512 0 24727805510609
466068 512 0 24727805789249
466580 512 0 24727806067890
467092 512 0 24727806346530
467604 512 0 24727806625170
468116 512 0 24727806903811
468628 512 0 24727807182452
469140 512 0 24727807461092
469652 512 0 24727807739733
470164 512 0 24727808018373
470676 512 0 24727808297014
471188 512 0 24727808575655
471700 512 0 24727808854295
472212 512 0 24727809132936
472724 512 0 24727809411576
473236 512 0 24727809690217
473748 512 0 24727809968858
474260 512 0 24727810247498
474772 512 0 24727810526139
475284 512 0 24727810804779
475796 512 0 24727811083421
476308 512 0 24727811362061
476820 512 0 24727811640702
477332 512 0 24727811919342
477844 512 0 24727812197983
478356 512 0 24727812476624
478868 512 0 24727812755264
479380 512 0 24727813033905
479892 512 0 24727813312545
480404 512 0 24727813591186
480916 512 0 24727813869826
481428 512 0 24727814148467
481940 512 0 24727814427108
482452 512 0 24727814705748
482964 512 0 24727814984389
483476 512 0 24727815263029
483988 512 0 24727815541670
484500 512 0 24727815820310
485012 512 0 24727816098951
485524 512 0 24727816377591
486036 512 0 24727816656232
486548 512 0 24727816934872
487060 512 0 24727817213513
487572 512 0 24727817492154
488084 512 0 24727817770794
488596 512 0 24727818049435
489108 512 0 24727818328075
489620 512 0 24727818606716
490132 512 0 24727818885357
490644 512 0 24727819163997
491156 512 0 24727819442638
491668 512 0 24727819721278
492180 512 0 24727819999921
492692 512 0 24727820278561
493204 512 0 24727820557202
493716 512 0 24727820835842
494228 512 0 24727821114483
494740 512 0 24727821393124
495252 512 0 24727821671764
495764 512 0 24727821950405
496276 512 0 24727822229045
496788 512 0 24727822507686
497300 512 0 24727822786327
497812 512 0 24727823064967
498324 512 0 24727823343608
498836 512 0 24727823622248
499348 512 0 24727823900889
499860 512 0 24727824179530
500372 512 0 24727824458172
500884 512 0 24727824736812
501396 512 0 24727825015453
501908 512 0 24727825294094
502420 512 0 24727825572734
502932 512 0 24727825851375
503444 512 0 24727826130015
503956 512 0 24727826408656
504468 512 0 24727826687297
504980 512 0 24727826965937
505492 512 0 24727827244578
506004 512 0 24727827523219
506516 512 0 24727827801859
507028 512 0 24727828080500
507540 512 0 24727828359140
508052 512 0 24727828637781
508564 512 0 24727828916423
509076 512 0 24727829195064
509588 512 0 24727829473704
510100 512 0 24727829752345
510612 512 0 24727830030985
511124 512 0 24727830309626
511636 512 0 24727830588267
512148 512 0 24727830866907
512660 512 0 24727831145548
513172 512 0 24727831424189
513684 512 0 24727831702829
514196 512 0 24727831981470
514708 512 0 24727832260110
515220 512 0 24727832538751
515732 512 0 24727832817392
516244 512 0 24727833096032
516756 512 0 24727833374673
517268 512 0 24727833653314
517780 512 0 24727833931954
518292 512 0 24727834210595
518804 512 0 24727834489235
519316 512 0 24727834767876
519828 512 0 24727835046517
520340 512 0 24727835325157
520852 512 0 24727835603798
521364 512 0 24727835882439
521876 512 0 24727836161079
522388 512 0 24727836439720
522900 512 0 24727836718360
523412 512 0 24727836997001
523924 512 0 24727837275642
524436 512 0 24727837554282
524948 512 0 24727837832922
525460 512 0 24727838111563
525972 512 0 24727838390203
526484 512 0 24727838668844
526996 512 0 24727838947484
527508 512 0 24727839226125
528020 512 0 24727839504766
528532 512 0 24727839783406
529044 512 0 24727840062047
529556 512 0 24727840340687
530068 512 0 24727840619328
530580 512 0 24727840897969
531092 512 0 24727841176609
531604 512 0 24727841455250
532116 512 0 24727841733890
532628 512 0 24727842012531
533140 512 0 24727842291171
533652 512 0 24727842569811
534164 512 0 24727842848452
534676 512 0 24727843127093
535188 512 0 24727843405733
535700 512 0 24727843684374
536212 512 0 24727843963014
536724 512 0 24727844241655
537236 512 0 24727844520296
537748 512 0 24727844798936
538260 512 0 24727845077577
538772 512 0 24727845356217
539284 512 0 24727845634858
539796 512 0 24727845913499
540308 512 0 24727846192139
540820 512 0 24727846470780
541332 512 0 24727846749421
541844 512 0 24727847028061
542356 512 0 24727847306702
542868 512 0 24727847585343
543380 512 0 24727847863983
543892 512 0 24727848142624
544404 512 0 24727848421265
544916 512 0 24727848699905
545428 512 0 24727848978546
545940 512 0 24727849257186
546452 512 0 24727849535827
546964 512 0 24727849814468
547476 512 0 24727850093108
547988 512 0 24727850371749
548500 512 0 24727850650389
549012 512 0 24727850929030
549524 512 0 24727851207673
550036 512 0 24727851486314
550548 512 0 24727851764954
551060 512 0 24727852043595
551572 512 0 24727852322236
552084 512 0 24727852600876
552596 512 0 24727852879517
553108 512 0 24727853158157
553620 512 0 24727853436798
554132 512 0 24727853715439
554644 512 0 24727853994079
555156 512 0 24727854272720
555668 512 0 24727854551361
556180 512 0 24727854830001
556692 512 0 24727855108642
557204 512 0 24727855387282
557716 512 0 24727855665923
558228 512 0 24727855944564
558740 512 0 24727856223204
559252 512 0 24727856501845
559764 512 0 24727856780486
560276 512 0 24727857059126
560788 512 0 24727857337767
561300 512 0 24727857616407
561812 512 0 24727857895048
562324 512 0 24727858173689
562836 512 0 24727858452329
563348 512 0 24727858730970
563860 512 0 24727859009611
564372 512 0 24727859288251
564884 512 0 24727859566892
565396 512 0 24727859845532
565908 512 0 24727860124172
566420 512 0 24727860402813
566932 512 0 24727860681453
567444 512 0 24727860960094
567956 512 0 24727861238734
568468 512 0 24727861517375
568980 512 0 24727861796016
569492 512 0 24727862074656
570004 512 0 24727862353297
570516 512 0 24727862631938
571028 512 0 24727862910578
571540 512 0 24727863189219
572052 512 0 24727863467859
572564 512 0 24727863746500
573076 512 0 24727864025141
573588 512 0 24727864303781
574100 512 0 24727864582422
574612 512 0 24727864861063
575124 512 0 24727865139703
575636 512 0 24727865418344
576148 512 0 24727865696985
576660 512 0 24727865975625
577172 512 0 24727866254266
577684 512 0 24727866532906
578196 512 0 24727866811547
578708 512 0 24727867090188
579220 512 0 24727867368828
579732 512 0 24727867647469
580244 512 0 24727867926109
580756 512 0 24727868204750
581268 512 0 24727868483391
581780 512 0 24727868762031
582292 512 0 24727869040672
582804 512 0 24727869319313
583316 512 0 24727869597953
583828 512 0 24727869876594
584340 512 0 24727870155235
584852 512 0 24727870433875
585364 512 0 24727870712516
585876 512 0 24727870991156
586388 512 0 24727871269797
586900 512 0 24727871548438
587412 512 0 24727871827078
587924 512 0 24727872105719
588436 512 0 24727872384359
588948 512 0 24727872663000
589460 512 0 24727872941641
589972 512 0 24727873220281
590484 512 0 24727873498922
590996 512 0 24727873777563
591508 512 0 24727874056203
592020 512 0 24727874334844
592532 512 0 24727874613485
593044 512 0 24727874892125
593556 512 0 24727875170766
594068 512 0 24727875449406
594580 512 0 24727875728047
595092 512 0 24727876006688
595604 512 0 24727876285328
596116 512 0 24727876563969
596628 512 0 24727876842609
597140 512 0 24727877121250
597652 512 0 24727877399891
598164 512 0 24727877678531
598676 512 0 24727877957171
599188 512 0 24727878235812
599700 512 0 24727878514452
600212 512 0 24727878793093
600724 512 0 24727879071733
601236 512 0 24727879350374
601748 512 0 24727879629015
602260 512 0 24727879907655
602772 512 0 24727880186296
603284 512 0 24727880464936
603796 512 0 24727880743577
604308 512 0 24727881022218
604820 512 0 24727881300858
605332 512 0 24727881579499
605844 512 0 24727881858140
606356 512 0 24727882136780
606868 512 0 24727882415421
607380 512 0 24727882694062
607892 512 0 24727882972702
608404 512 0 24727883251343
608916 512 0 24727883529983
609428 512 0 24727883808624
609940 512 0 24727884087265
610452 512 0 24727884365905
610964 512 0 24727884644546
611476 512 0 24727884923187
611988 512 0 24727885201827
612500 512 0 24727885480468
613012 512 0 24727885759108
613524 512 0 24727886037749
614036 512 0 24727886316390
614548 512 0 24727886595030
615060 512 0 24727886873671
615572 512 0 24727887152312
616084 512 0 24727887430952
616596 512 0 24727887709593
617108 512 0 24727887988233
617620 512 0 24727888266874
618132 512 0 24727888545515
618644 512 0 24727888824155
619156 512 0 24727889102796
619668 512 0 24727889381437
620180 512 0 24727889660077
620692 512 0 24727889938718
621204 512 0 24727890217358
621716 512 0 24727890495999
622228 512 0 24727890774640
622740 512 0 24727891053280
623252 512 0 24727891331921
623764 512 0 24727891610562
624276 512 0 24727891889202
624788 512 0 24727892167843
625300 512 0 24727892446483
625812 512 0 24727892725124
626324 512 0 24727893003765
626836 512 0 24727893282405
627348 512 0 24727893561046
627860 512 0 24727893839687
628372 512 0 24727894118327
628884 512 0 24727894396968
629396 512 0 24727894675608
629908 512 0 24727894954249
630420 512 0 24727895232890
630932 512 0 24727895511530
631444 512 0 24727895790171
631956 512 0 24727896068812
632468 512 0 24727896347452
632980 512 0 24727896626093
633492 512 0 24727896904734
634004 512 0 24727897183374
634516 512 0 24727897462015
635028 512 0 24727897740655
635540 512 0 24727898019296
636052 512 0 24727898297937
636564 512 0 24727898576577
637076 512 0 24727898855218
637588 512 0 24727899133858
638100 512 0 24727899412499
638612 512 0 24727899691140
639124 512 0 24727899969780
639636 512 0 24727900248421
640148 512 0 24727900527062
640660 512 0 24727900805702
641172 512 0 24727901084343
641684 512 0 24727901362984
642196 512 0 24727901641624
642708 512 0 24727901920265
643220 512 0 24727902198905
643732 512 0 24727902477546
644244 512 0 24727902756187
644756 512 0 24727903034827
645268 512 0 24727903313468
645780 512 0 24727903592108
646292 512 0 24727903870749
646804 512 0 24727904149390
647316 512 0 24727904428030
647828 512 0 24727904706670
648340 512 0 24727904985311
648852 512 0 24727905263951
649364 512 0 24727905542592
649876 512 0 24727905821232
650388 512 0 24727906099873
650900 512 0 24727906378514
651412 512 0 24727906657154
651924 512 0 24727906935795
652436 512 0 24727907214435
652948 512 0 24727907493076
653460 512 0 24727907771717
653972 512 0 24727908050357
654484 512 0 24727908328998
654996 512 0 24727908607639
655508 512 0 24727908886279
656020 512 0 24727909164921
656532 512 0 24727909443562
657044 512 0 24727909722202
657556 512 0 24727910000843
658068 512 0 24727910279484
658580 512 0 24727910558124
659092 512 0 24727910836765
659604 512 0 24727911115405
660116 512 0 24727911394046
660628 512 0 24727911672687
661140 512 0 24727911951327
661652 512 0 24727912229968
662164 512 0 24727912508609
662676 512 0 24727912787249
663188 512 0 24727913065890
663700 512 0 24727913344530
664212 512 0 24727913623170
664724 512 0 24727913901811
665236 512 0 24727914180451
665748 512 0 24727914459092
666260 512 0 24727914737732
666772 512 0 24727915016373
667284 512 0 24727915295014
667796 512 0 24727915573654
668308 512 0 24727915852295
668820 512 0 24727916130936
669332 512 0 24727916409576
669844 512 0 24727916688217
670356 512 0 24727916966857
670868 512 0 24727917245498
671380 512 0 24727917524139
671892 512 0 24727917802779
672404 512 0 24727918081420
672916 512 0 24727918360061
673428 512 0 24727918638701
673940 512 0 24727918917342
674452 512 0 24727919195982
674964 512 0 24727919474623
675476 512 0 24727919753264
675988 512 0 24727920031904
676500 512 0 24727920310545
677012 512 0 24727920589186
677524 512 0 24727920867826
678036 512 0 24727921146467
678548 512 0 24727921425107
679060 512 0 24727921703748
679572 512 0 24727921982389
680084 512 0 24727922261029
680596 512 0 24727922539670
681108 512 0 24727922818311
681620 512 0 24727923096951
682132 512 0 24727923375592
682644 512 0 24727923654232
683156 512 0 24727923932873
683668 512 0 24727924211514
684180 512 0 24727924490154
684692 512 0 24727924768795
685204 512 0 24727925047436
685716 512 0 24727925326076
686228 512 0 24727925604717
686740 512 0 24727925883357
687252 512 0 24727926161998
687764 512 0 24727926440639
688276 512 0 24727926719279
688788 512 0 24727926997919
689300 512 0 24727927276560
689812 512 0 24727927555200
690324 512 0 24727927833841
690836 512 0 24727928112481
691348 512 0 24727928391122
691860 512 0 24727928669763
692372 512 0 24727928948403
692884 512 0 24727929227044
693396 512 0 24727929505684
693908 512 0 24727929784325
694420 512 0 24727930062966
694932 512 0 24727930341606
695444 512 0 24727930620247
695956 512 0 24727930898887
696468 512 0 24727931177528
696980 512 0 24727931456170
697492 512 0 24727931734811
698004 512 0 24727932013451
698516 512 0 24727932292092
699028 512 0 24727932570733
699540 512 0 24727932849373
700052 512 0 24727933128014
700564 512 0 24727933406654
701076 512 0 24727933685295
701588 512 0 24727933963936
702100 512 0 24727934242576
702612 512 0 24727934521217
703124 512 0 24727934799857
703636 512 0 24727935078498
704148 512 0 24727935357139
704660 512 0 24727935635779
705172 512 0 24727935914419
705684 512 0 24727936193060
706196 512 0 24727936471700
706708 512 0 24727936750341
707220 512 0 24727937028981
707732 512 0 24727937307622
708244 512 0 24727937586263
708756 512 0 24727937864903
709268 512 0 24727938143544
709780 512 0 24727938422184
710292 512 0 24727938700825
710804 512 0 24727938979466
711316 512 0 24727939258106
711828 512 0 24727939536747
712340 512 0 24727939815388
712852 512 0 24727940094028
713364 512 0 24727940372669
713876 512 0 24727940651310
714388 512 0 24727940929950
714900 512 0 24727941208591
715412 512 0 24727941487231
715924 512 0 24727941765872
716436 512 0 24727942044513
716948 512 0 24727942323153
717460 512 0 24727942601794
717972 512 0 24727942880435
718484 512 0 24727943159075
718996 512 0 24727943437716
719508 512 0 24727943716356
720020 512 0 24727943994997
720532 512 0 24727944273638
721044 512 0 24727944552278
721556 512 0 24727944830923
722068 512 0 24727945109564
722580 512 0 24727945388205
723092 512 0 24727945666845
723604 512 0 24727945945486
724116 512 0 24727946224127
724628 512 0 24727946502767
725140 512 0 24727946781408
725652 512 0 24727947060049
726164 512 0 24727947338689
726676 512 0 24727947617330
727188 512 0 24727947895970
727700 512 0 24727948174611
728212 512 0 24727948453252
728724 512 0 24727948731892
729236 512 0 24727949010533
729748 512 0 24727949289173
730260 512 0 24727949567814
730772 512 0 24727949846455
731284 512 0 24727950125095
731796 512 0 24727950403736
732308 512 0 24727950682377
732820 512 0 24727950961017
733332 512 0 24727951239658
733844 512 0 24727951518299
734356 512 0 24727951796939
734868 512 0 24727952075580
735380 512 0 24727952354220
735892 512 0 24727952632861
736404 512 0 24727952911502
736916 512 0 24727953190142
737428 512 0 24727953468783
737940 512 0 24727953747426
738452 512 0 24727954026066
738964 512 0 24727954304707
739476 512 0 24727954583348
739988 512 0 24727954861988
740500 512 0 24727955140629
741012 512 0 24727955419270
741524 512 0 24727955697910
742036 512 0 24727955976551
742548 512 0 24727956255191
743060 512 0 24727956533832
743572 512 0 24727956812473
744084 512 0 24727957091113
744596 512 0 24727957369754
745108 512 0 24727957648395
745620 512 0 24727957927035
746132 512 0 24727958205677
746644 512 0 24727958484317
747156 512 0 24727958762958
747668 512 0 24727959041599
748180 512 0 24727959320239
748692 512 0 24727959598880
749204 512 0 24727959877521
749716 512 0 24727960156161
750228 512 0 24727960434802
750740 512 0 24727960713443
751252 512 0 24727960992083
751764 512 0 24727961270724
752276 512 0 24727961549365
752788 512 0 24727961828005
753300 512 0 24727962106646
753812 512 0 24727962385286
754324 512 0 24727962663927
754836 512 0 24727962942567
755348 512 0 24727963221208
755860 512 0 24727963499849
756372 512 0 24727963778489
756884 512 0 24727964057130
757396 512 0 24727964335771
757908 512 0 24727964614411
758420 512 0 24727964893052
758932 512 0 24727965171692
759444 512 0 24727965450333
759956 512 0 24727965728974
760468 512 0 24727966007614
760980 512 0 24727966286255
761492 512 0 24727966564896
762004 512 0 24727966843536
762516 512 0 24727967122179
763028 512 0 24727967400819
763540 512 0 24727967679460
764052 512 0 24727967958101
764564 512 0 24727968236741
765076 512 0 24727968515382
765588 512 0 24727968794023
766100 512 0 24727969072663
766612 512 0 24727969351304
767124 512 0 24727969629945
767636 512 0 24727969908585
768148 512 0 24727970187226
768660 512 0 24727970465867
769172 512 0 24727970744507
769684 512 0 24727971023148
770196 512 0 24727971301789
770708 512 0 24727971580429
771220 512 0 24727971859069
771732 512 0 24727972137710
772244 512 0 24727972416351
772756 512 0 24727972694991
773268 512 0 24727972973632
773780 512 0 24727973252273
774292 512 0 24727973530913
774804 512 0 24727973809554
775316 512 0 24727974088195
775828 512 0 24727974366835
776340 512 0 24727974645476
776852 512 0 24727974924117
777364 512 0 24727975202757
777876 512 0 24727975481398
778388 512 0 24727975760039
778900 512 0 24727976038679
779412 512 0 24727976317319
779924 512 0 24727976595960
780436 512 0 24727976874601
780948 512 0 24727977153241
781460 512 0 24727977431882
781972 512 0 24727977710523
782484 512 0 24727977989163
782996 512 0 24727978267804
783508 512 0 24727978546445
784020 512 0 24727978825085
784532 512 0 24727979103726
785044 512 0 24727979382367
785556 512 0 24727979661007
786068 512 0 24727979939648
786580 512 0 24727980218288
787092 512 0 24727980496929
787604 512 0 24727980775569
788116 512 0 24727981054210
788628 512 0 24727981332851
789140 512 0 24727981611491
789652 512 0 24727981890132
790164 512 0 24727982168773
790676 512 0 24727982447413
791188 512 0 24727982726054
9336 512 0 24727999614164
9848 512 0 24727999870164
10360 512 0 24728000126164
10872 512 0 24728000382164
11384 512 0 24728000638164
11896 512 0 24728000894164
12408 512 0 24728001150164
12920 512 0 24728001406164
13432 512 0 24728001662164
13944 512 0 24728001918164
14456 512 0 24728002174164
14968 512 0 24728002430164
15480 512 0 24728002686164
15992 512 0 24728002942164
16504 512 0 24728003198164
17016 512 0 24728003454164
17528 512 0 24728003710164
18040 512 0 24728003966164
18552 512 0 24728004222164
19064 512 0 24728004478164
19576 512 0 24728004734164
20088 512 0 24728004990164
20600 512 0 24728005246164
21112 512 0 24728005502164
21624 512 0 24728005758164
22136 512 0 24728006014164
22648 512 0 24728006270164
23160 512 0 24728006526164
23672 512 0 24728006782164
24184 512 0 24728007038164
24696 512 0 24728007294164
25208 512 0 24728007550153
25720 512 0 24728007806153
26232 512 0 24728008062153
26744 512 0 24728008318152
27256 512 0 24728008574152
27768 512 0 24728008830152
28280 512 0 24728009086151
28792 512 0 24728009342151
29304 512 0 24728009598151
29816 512 0 24728009854151
30328 512 0 24728010110150
30840 512 0 24728010366150
31352 512 0 24728010622150
31864 512 0 24728010878149
32376 512 0 24728011134149
32888 512 0 24728011390149
33400 512 0 24728011646177
33912 512 0 24728011902177
34424 512 0 24728012158178
34936 512 0 24728012414178
35448 512 0 24728012670178
35960 512 0 24728012926179
36472 512 0 24728013182179
36984 512 0 24728013438180
37496 512 0 24728013694180
38008 512 0 24728013950181
38520 512 0 24728014206181
39032 512 0 24728014462182
39544 512 0 24728014718182
40056 512 0 24728014974182
40568 512 0 24728015230183
41080 512 0 24728015486183
41592 512 0 24728015742197
42104 512 0 24728015998198
42616 512 0 24728016254199
43128 512 0 24728016510200
43640 512 0 24728016766200
44152 512 0 24728017022201
44664 512 0 24728017278202
45176 512 0 24728017534203
45688 512 0 24728017790203
46200 512 0 24728018046204
46712 512 0 24728018302205
47224 512 0 24728018558205
47736 512 0 24728018814206
48248 512 0 24728019070207
48760 512 0 24728019326208
49272 512 0 24728019582208
49784 512 0 24728019838217
50296 512 0 24728020094218
50808 512 0 24728020350219
51320 512 0 24728020606220
51832 512 0 24728020862221
52344 512 0 24728021118222
52856 512 0 24728021374223
53368 512 0 24728021630224
53880 512 0 24728021886225
54392 512 0 24728022142225
54904 512 0 24728022398226
55416 512 0 24728022654227
55928 512 0 24728022910228
56440 512 0 24728023166229
56952 512 0 24728023422230
57464 512 0 24728023678231
57976 512 0 24728023934234
58488 512 0 24728024190235
59000 512 0 24728024446236
59512 512 0 24728024702237
60024 512 0 24728024958238
60536 512 0 24728025214239
61048 512 0 24728025470240
61560 512 0 24728025726241
62072 512 0 24728025982242
62584 512 0 24728026238243
63096 512 0 24728026494244
63608 512 0 24728026750245
64120 512 0 24728027006246
64632 512 0 24728027262247
65144 512 0 24728027518248
65656 512 0 24728027774249
66168 512 0 24728028030252
66680 512 0 24728028286253
67192 512 0 24728028542254
67704 512 0 24728028798255
68216 512 0 24728029054256
68728 512 0 24728029310257
69240 512 0 24728029566258
69752 512 0 24728029822259
70264 512 0 24728030078260
70776 512 0 24728030334261
71288 512 0 24728030590262
71800 512 0 24728030846263
72312 512 0 24728031102264
72824 512 0 24728031358265
73336 512 0 24728031614266
73848 512 0 24728031870267
74360 512 0 24728032126270
74872 512 0 24728032382271
75384 512 0 24728032638272
75896 512 0 24728032894273
76408 512 0 24728033150274
76920 512 0 24728033406275
77432 512 0 24728033662276
77944 512 0 24728033918277
78456 512 0 24728034174278
78968 512 0 24728034430279
79480 512 0 24728034686280
79992 512 0 24728034942281
80504 512 0 24728035198282
81016 512 0 24728035454283
81528 512 0 24728035710284
82040 512 0 24728035966285
82552 512 0 24728036222285
83064 512 0 24728036478286
83576 512 0 24728036734288
84088 512 0 24728036990289
84600 512 0 24728037246290
85112 512 0 24728037502291
85624 512 0 24728037758292
86136 512 0 24728038014293
86648 512 0 24728038270294
87160 512 0 24728038526295
87672 512 0 24728038782296
88184 512 0 24728039038297
88696 512 0 24728039294298
89208 512 0 24728039550299
89720 512 0 24728039806300
90232 512 0 24728040062301
90744 512 0 24728040318303
91256 512 0 24728040574304
91768 512 0 24728040830305
92280 512 0 24728041086306
92792 512 0 24728041342307
93304 512 0 24728041598308
93816 512 0 24728041854309
94328 512 0 24728042110310
94840 512 0 24728042366311
95352 512 0 24728042622312
95864 512 0 24728042878313
96376 512 0 24728043134314
96888 512 0 24728043390315
97400 512 0 24728043646316
97912 512 0 24728043902317
98424 512 0 24728044158318
98936 512 0 24728044414320
99448 512 0 24728044670321
99960 512 0 24728044926322
100472 512 0 24728045182323
100984 512 0 24728045438324
101496 512 0 24728045694325
102008 512 0 24728045950326
102520 512 0 24728046206327
103032 512 0 24728046462328
103544 512 0 24728046718329
104056 512 0 24728046974330
104568 512 0 24728047230331
105080 512 0 24728047486332
105592 512 0 24728047742333
106104 512 0 24728047998334
106616 512 0 24728048254335
107128 512 0 24728048510336
107640 512 0 24728048766337
108152 512 0 24728049022338
108664 512 0 24728049278339
109176 512 0 24728049534340
109688 512 0 24728049790341
110200 512 0 24728050046342
110712 512 0 24728050302343
111224 512 0 24728050558344
111736 512 0 24728050814345
112248 512 0 24728051070346
112760 512 0 24728051326347
113272 512 0 24728051582348
113784 512 0 24728051838349
114296 512 0 24728052094350
114808 512 0 24728052350351
115320 512 0 24728052606353
115832 512 0 24728052862354
116344 512 0 24728053118355
116856 512 0 24728053374356
117368 512 0 24728053630357
117880 512 0 24728053886358
118392 512 0 24728054142359
118904 512 0 24728054398360
119416 512 0 24728054654361
119928 512 0 24728054910362
120440 512 0 24728055166363
120952 512 0 24728055422364
121464 512 0 24728055678365
121976 512 0 24728055934366
122488 512 0 24728056190367
123000 512 0 24728056446368
123512 512 0 24728056702370
124024 512 0 24728056958371
124536 512 0 24728057214372
125048 512 0 24728057470373
125560 512 0 24728057726374
126072 512 0 24728057982375
126584 512 0 24728058238376
127096 512 0 24728058494377
127608 512 0 24728058750378
128120 512 0 24728059006379
128632 512 0 24728059262380
129144 512 0 24728059518381
129656 512 0 24728059774382
130168 512 0 24728060030384
130680 512 0 24728060286385
131192 512 0 24728060542386
131704 512 0 24728060798386
132216 512 0 24728061054387
132728 512 0 24728061310388
133240 512 0 24728061566389
133752 512 0 24728061822390
134264 512 0 24728062078391
134776 512 0 24728062334392
135288 512 0 24728062590393
135800 512 0 24728062846394
136312 512 0 24728063102395
136824 512 0 24728063358396
137336 512 0 24728063614397
137848 512 0 24728063870398
138360 512 0 24728064126399
138872 512 0 24728064382400
139384 512 0 24728064638401
139896 512 0 24728064894403
140408 512 0 24728065150404
140920 512 0 24728065406405
141432 512 0 24728065662406
141944 512 0 24728065918407
142456 512 0 24728066174408
142968 512 0 24728066430409
143480 512 0 24728066686410
143992 512 0 24728066942411
144504 512 0 24728067198412
145016 512 0 24728067454413
145528 512 0 24728067710414
146040 512 0 24728067966415
146552 512 0 24728068222416
147064 512 0 24728068478417
147576 512 0 24728068734418
148088 512 0 24728068990421
148600 512 0 24728069246422
149112 512 0 24728069502423
149624 512 0 24728069758424
150136 512 0 24728070014425
150648 512 0 24728070270426
151160 512 0 24728070526427
151672 512 0 24728070782428
152184 512 0 24728071038429
152696 512 0 24728071294430
153208 512 0 24728071550431
153720 512 0 24728071806432
154232 512 0 24728072062434
154744 512 0 24728072318435
155256 512 0 24728072574436
155768 512 0 24728072830437
156280 512 0 24728073086438
156792 512 0 24728073342439
157304 512 0 24728073598440
157816 512 0 24728073854441
158328 512 0 24728074110442
158840 512 0 24728074366443
159352 512 0 24728074622444
159864 512 0 24728074878445
160376 512 0 24728075134446
160888 512 0 24728075390447
161400 512 0 24728075646448
161912 512 0 24728075902450
162424 512 0 24728076158451
162936 512 0 24728076414452
163448 512 0 24728076670453
163960 512 0 24728076926454
164472 512 0 24728077182455
164984 512 0 24728077438456
165496 512 0 24728077694457
166008 512 0 24728077950458
166520 512 0 24728078206459
167032 512 0 24728078462460
167544 512 0 24728078718461
168056 512 0 24728078974462
168568 512 0 24728079230463
169080 512 0 24728079486464
169592 512 0 24728079742466
170104 512 0 24728079998467
170616 512 0 24728080254468
171128 512 0 24728080510469
171640 512 0 24728080766470
172152 512 0 24728081022471
172664 512 0 24728081278471
173176 512 0 24728081534472
173688 512 0 24728081790473
174200 512 0 24728082046474
174712 512 0 24728082302475
175224 512 0 24728082558476
175736 512 0 24728082814477
176248 512 0 24728083070478
176760 512 0 24728083326479
177272 512 0 24728083582480
177784 512 0 24728083838481
178296 512 0 24728084094482
178808 512 0 24728084350483
179320 512 0 24728084606485
179832 512 0 24728084862486
180344 512 0 24728085118487
180856 512 0 24728085374488
181368 512 0 24728085630489
181880 512 0 24728085886490
182392 512 0 24728086142491
182904 512 0 24728086398492
183416 512 0 24728086654493
183928 512 0 24728086910494
184440 512 0 24728087166495
184952 512 0 24728087422496
185464 512 0 24728087678497
185976 512 0 24728087934498
186488 512 0 24728088190499
187000 512 0 24728088446501
187512 512 0 24728088702502
188024 512 0 24728088958503
188536 512 0 24728089214504
189048 512 0 24728089470504
189560 512 0 24728089726505
190072 512 0 24728089982506
190584 512 0 24728090238507
191096 512 0 24728090494508
191608 512 0 24728090750509
192120 512 0 24728091006510
192632 512 0 24728091262511
193144 512 0 24728091518512
193656 512 0 24728091774513
194168 512 0 24728092030514
194680 512 0 24728092286515
195192 512 0 24728092542516
195704 512 0 24728092798517
196216 512 0 24728093054518
196728 512 0 24728093310520
197240 512 0 24728093566521
197752 512 0 24728093822522
198264 512 0 24728094078523
198776 512 0 24728094334524
199288 512 0 24728094590525
199800 512 0 24728094846526
200312 512 0 24728095102527
200824 512 0 24728095358528
201336 512 0 24728095614529
201848 512 0 24728095870530
202360 512 0 24728096126531
202872 512 0 24728096382532
203384 512 0 24728096638533
203896 512 0 24728096894535
204408 512 0 24728097150536
204920 512 0 24728097406537
205432 512 0 24728097662538
205944 512 0 24728097918539
206456 512 0 24728098174540
206968 512 0 24728098430541
207480 512 0 24728098686542
207992 512 0 24728098942543
208504 512 0 24728099198544
209016 512 0 24728099454545
209528 512 0 24728099710546
210040 512 0 24728099966547
210552 512 0 24728100222548
211064 512 0 24728100478549
211576 512 0 24728100734551
212088 512 0 24728100990552
212600 512 0 24728101246553
213112 512 0 24728101502554
213624 512 0 24728101758555
214136 512 0 24728102014556
214648 512 0 24728102270557
215160 512 0 24728102526558
215672 512 0 24728102782559
216184 512 0 24728103038560
216696 512 0 24728103294561
217208 512 0 24728103550562
217720 512 0 24728103806563
218232 512 0 24728104062564
218744 512 0 24728104318565
219256 512 0 24728104574567
219768 512 0 24728104830568
220280 512 0 24728105086569
220792 512 0 24728105342570
221304 512 0 24728105598571
221816 512 0 24728105854571
222328 512 0 24728106110572
222840 512 0 24728106366573
223352 512 0 24728106622574
223864 512 0 24728106878575
224376 512 0 24728107134576
224888 512 0 24728107390577
225400 512 0 24728107646578
225912 512 0 24728107902579
226424 512 0 24728108158580
226936 512 0 24728108414581
227448 512 0 24728108670582
227960 512 0 24728108926583
228472 512 0 24728109182584
228984 512 0 24728109438586
229496 512 0 24728109694587
230008 512 0 24728109950588
230520 512 0 24728110206589
231032 512 0 24728110462590
231544 512 0 24728110718591
232056 512 0 24728110974592
232568 512 0 24728111230593
233080 512 0 24728111486594
233592 512 0 24728111742595
234104 512 0 24728111998596
234616 512 0 24728112254597
235128 512 0 24728112510598
235640 512 0 24728112766599
236152 512 0 24728113022601
236664 512 0 24728113278602
237176 512 0 24728113534603
237688 512 0 24728113790604
238200 512 0 24728114046605
238712 512 0 24728114302606
239224 512 0 24728114558607
239736 512 0 24728114814608
240248 512 0 24728115070609
240760 512 0 24728115326610
241272 512 0 24728115582611
241784 512 0 24728115838612
242296 512 0 24728116094613
242808 512 0 24728116350614
243320 512 0 24728116606615
243832 512 0 24728116862617
244344 512 0 24728117118618
244856 512 0 24728117374619
245368 512 0 24728117630620
245880 512 0 24728117886621
246392 512 0 24728118142622
246904 512 0 24728118398623
247416 512 0 24728118654624
247928 512 0 24728118910625
248440 512 0 24728119166626
248952 512 0 24728119422627
249464 512 0 24728119678628
249976 512 0 24728119934629
250488 512 0 24728120190630
251000 512 0 24728120446631
251512 512 0 24728120702633
252024 512 0 24728120958634
252536 512 0 24728121214635
253048 512 0 24728121470636
253560 512 0 24728121726637
254072 512 0 24728121982638
254584 512 0 24728122238639
255096 512 0 24728122494640
255608 512 0 24728122750641
256120 512 0 24728123006642
256632 512 0 24728123262643
257144 512 0 24728123518644
257656 512 0 24728123774645
258168 512 0 24728124030646
258680 512 0 24728124286647
259192 512 0 24728124542649
259704 512 0 24728124798650
260216 512 0 24728125054651
260728 512 0 24728125310652
261240 512 0 24728125566653
261752 512 0 24728125822654
262264 512 0 24728126078655
262776 512 0 24728126334655
263288 512 0 24728126590656
263800 512 0 24728126846657
264312 512 0 24728127102658
264824 512 0 24728127358659
265336 512 0 24728127614660
265848 512 0 24728127870661
266360 512 0 24728128126662
266872 512 0 24728128382663
267384 512 0 24728128638664
267896 512 0 24728128894665
268408 512 0 24728129150666
268920 512 0 24728129406668
269432 512 0 24728129662669
269944 512 0 24728129918670
270456 512 0 24728130174671
270968 512 0 24728130430673
271480 512 0 24728130686674
271992 512 0 24728130942675
272504 512 0 24728131198676
273016 512 0 24728131454677
273528 512 0 24728131710678
274040 512 0 24728131966679
274552 512 0 24728132222680
275064 512 0 24728132478682
275576 512 0 24728132734683
276088 512 0 24728132990684
276600 512 0 24728133246685
277112 512 0 24728133502686
277624 512 0 24728133758687
278136 512 0 24728134014688
278648 512 0 24728134270689
279160 512 0 24728134526690
279672 512 0 24728134782691
280184 512 0 24728135038692
280696 512 0 24728135294693
281208 512 0 24728135550694
281720 512 0 24728135806695
282232 512 0 24728136062696
282744 512 0 24728136318698
283256 512 0 24728136574699
283768 512 0 24728136830700
284280 512 0 24728137086701
284792 512 0 24728137342702
285304 512 0 24728137598703
285816 512 0 24728137854704
286328 512 0 24728138110705
286840 512 0 24728138366706
287352 512 0 24728138622707
287864 512 0 24728138878708
288376 512 0 24728139134709
288888 512 0 24728139390710
289400 512 0 24728139646711
289912 512 0 24728139902712
290424 512 0 24728140158713
290936 512 0 24728140414715
291448 512 0 24728140670716
291960 512 0 24728140926717
292472 512 0 24728141182718
292984 512 0 24728141438719
293496 512 0 24728141694720
294008 512 0 24728141950721
294520 512 0 24728142206722
295032 512 0 24728142462723
295544 512 0 24728142718724
296056 512 0 24728142974725
296568 512 0 24728143230726
297080 512 0 24728143486727
297592 512 0 24728143742728
298104 512 0 24728143998729
298616 512 0 24728144254731
299128 512 0 24728144510732
299640 512 0 24728144766733
300152 512 0 24728145022734
300664 512 0 24728145278735
301176 512 0 24728145534736
301688 512 0 24728145790737
302200 512 0 24728146046738
302712 512 0 24728146302739
303224 512 0 24728146558740
303736 512 0 24728146814740
304248 512 0 24728147070741
304760 512 0 24728147326742
305272 512 0 24728147582743
305784 512 0 24728147838744
306296 512 0 24728148094745
306808 512 0 24728148350746
307320 512 0 24728148606747
307832 512 0 24728148862748
308344 512 0 24728149118750
308856 512 0 24728149374751
309368 512 0 24728149630752
309880 512 0 24728149886753
310392 512 0 24728150142754
310904 512 0 24728150398755
311416 512 0 24728150654756
311928 512 0 24728150910757
312440 512 0 24728151166758
312952 512 0 24728151422759
313464 512 0 24728151678760
313976 512 0 24728151934761
314488 512 0 24728152190762
315000 512 0 24728152446763
315512 512 0 24728152702764
316024 512 0 24728152958766
316536 512 0 24728153214767
317048 512 0 24728153470768
317560 512 0 24728153726769
318072 512 0 24728153982770
318584 512 0 24728154238771
319096 512 0 24728154494772
319608 512 0 24728154750773
320120 512 0 24728155006773
320632 512 0 24728155262774
321144 512 0 24728155518775
321656 512 0 24728155774776
322168 512 0 24728156030777
322680 512 0 24728156286778
323192 512 0 24728156542779
323704 512 0 24728156798780
324216 512 0 24728157054781
324728 512 0 24728157310782
325240 512 0 24728157566783
325752 512 0 24728157822785
326264 512 0 24728158078786
326776 512 0 24728158334787
327288 512 0 24728158590788
327800 512 0 24728158846789
328312 512 0 24728159102791
328824 512 0 24728159358792
329336 512 0 24728159614793
329848 512 0 24728159870794
330360 512 0 24728160126795
330872 512 0 24728160382796
331384 512 0 24728160638797
331896 512 0 24728160894799
332408 512 0 24728161150800
332920 512 0 24728161406801
333432 512 0 24728161662802
333944 512 0 24728161918803
334456 512 0 24728162174804
334968 512 0 24728162430805
335480 512 0 24728162686806
335992 512 0 24728162942807
336504 512 0 24728163198807
337016 512 0 24728163454808
337528 512 0 24728163710809
338040 512 0 24728163966810
338552 512 0 24728164222811
339064 512 0 24728164478812
339576 512 0 24728164734813
340088 512 0 24728164990814
340600 512 0 24728165246815
341112 512 0 24728165502816
341624 512 0 24728165758818
342136 512 0 24728166014819
342648 512 0 24728166270820
343160 512 0 24728166526821
343672 512 0 24728166782822
344184 512 0 24728167038823
344696 512 0 24728167294824
345208 512 0 24728167550825
345720 512 0 24728167806826
346232 512 0 24728168062827
346744 512 0 24728168318828
347256 512 0 24728168574829
347768 512 0 24728168830830
348280 512 0 24728169086831
348792 512 0 24728169342832
349304 512 0 24728169598834
349816 512 0 24728169854835
350328 512 0 24728170110836
350840 512 0 24728170366837
351352 512 0 24728170622838
351864 512 0 24728170878839
352376 512 0 24728171134840
352888 512 0 24728171390841
353400 512 0 24728171646842
353912 512 0 24728171902843
354424 512 0 24728172158844
354936 512 0 24728172414845
355448 512 0 24728172670846
355960 512 0 24728172926847
356472 512 0 24728173182848
356984 512 0 24728173438850
357496 512 0 24728173694851
358008 512 0 24728173950852
358520 512 0 24728174206853
359032 512 0 24728174462854
359544 512 0 24728174718855
360056 512 0 24728174974856
360568 512 0 24728175230857
361080 512 0 24728175486858
361592 512 0 24728175742859
362104 512 0 24728175998860
362616 512 0 24728176254861
363128 512 0 24728176510862
363640 512 0 24728176766863
364152 512 0 24728177022864
364664 512 0 24728177278865
365176 512 0 24728177534867
365688 512 0 24728177790868
366200 512 0 24728178046869
366712 512 0 24728178302870
367224 512 0 24728178558871
367736 512 0 24728178814872
368248 512 0 24728179070873
368760 512 0 24728179326874
369272 512 0 24728179582875
369784 512 0 24728179838876
370296 512 0 24728180094877
370808 512 0 24728180350878
371320 512 0 24728180606879
371832 512 0 24728180862880
372344 512 0 24728181118881
372856 512 0 24728181374883
373368 512 0 24728181630884
373880 512 0 24728181886885
374392 512 0 24728182142886
374904 512 0 24728182398887
375416 512 0 24728182654888
375928 512 0 24728182910889
376440 512 0 24728183166890
376952 512 0 24728183422891
377464 512 0 24728183678892
377976 512 0 24728183934893
378488 512 0 24728184190894
379000 512 0 24728184446895
379512 512 0 24728184702896
380024 512 0 24728184958897
380536 512 0 24728185214898
381048 512 0 24728185470900
381560 512 0 24728185726901
382072 512 0 24728185982902
382584 512 0 24728186238903
383096 512 0 24728186494904
383608 512 0 24728186750905
384120 512 0 24728187006906
384632 512 0 24728187262907
385144 512 0 24728187518908
385656 512 0 24728187774908
386168 512 0 24728188030909
386680 512 0 24728188286910
387192 512 0 24728188542911
387704 512 0 24728188798912
388216 512 0 24728189054913
388728 512 0 24728189310914
389240 512 0 24728189566915
389752 512 0 24728189822916
390264 512 0 24728190078918
390776 512 0 24728190334919
391288 512 0 24728190590920
391800 512 0 24728190846921
392312 512 0 24728191102922
392824 512 0 24728191358923
393336 512 0 24728191614924
393848 512 0 24728191870926
394360 512 0 24728192126927
394872 512 0 24728192382928
395384 512 0 24728192638929
395896 512 0 24728192894930
396408 512 0 24728193150931
396920 512 0 24728193406933
397432 512 0 24728193662934
397944 512 0 24728193918935
398456 512 0 24728194174936
398968 512 0 24728194430937
399480 512 0 24728194686938
399992 512 0 24728194942939
400504 512 0 24728195198940
401016 512 0 24728195454941
401528 512 0 24728195710942
402040 512 0 24728195966943
402552 512 0 24728196222944
403064 512 0 24728196478945
403576 512 0 24728196734946
404088 512 0 24728196990947
404600 512 0 24728197246948
405112 512 0 24728197502950
405624 512 0 24728197758951
406136 512 0 24728198014952
406648 512 0 24728198270953
407160 512 0 24728198526954
407672 512 0 24728198782955
408184 512 0 24728199038956
408696 512 0 24728199294957
409208 512 0 24728199550958
409720 512 0 24728199806959
410232 512 0 24728200062959
410744 512 0 24728200318960
411256 512 0 24728200574961
411768 512 0 24728200830962
412280 512 0 24728201086963
412792 512 0 24728201342964
413304 512 0 24728201598965
413816 512 0 24728201854966
414328 512 0 24728202110968
414840 512 0 24728202366969
415352 512 0 24728202622970
415864 512 0 24728202878971
416376 512 0 24728203134972
416888 512 0 24728203390973
417400 512 0 24728203646974
417912 512 0 24728203902975
418424 512 0 24728204158976
9276 512 0 24728220602402
9788 512 0 24728220881041
10300 512 0 24728221159681
10812 512 0 24728221438320
11324 512 0 24728221716960
11836 512 0 24728221995599
12348 512 0 24728222274239
12860 512 0 24728222552878
13372 512 0 24728222831517
13884 512 0 24728223110157
14396 512 0 24728223388796
14908 512 0 24728223667436
15420 512 0 24728223946075
15932 512 0 24728224224715
16444 512 0 24728224503354
16956 512 0 24728224781993
17468 512 0 24728225060633
17980 512 0 24728225339272
18492 512 0 24728225617912
19004 512 0 24728225896551
19516 512 0 24728226175191
20028 512 0 24728226453830
20540 512 0 24728226732470
21052 512 0 24728227011109
21564 512 0 24728227289748
22076 512 0 24728227568388
22588 512 0 24728227847027
23100 512 0 24728228125667
23612 512 0 24728228404306
24124 512 0 24728228682946
24636 512 0 24728228961585
25148 512 0 24728229240244
25660 512 0 24728229518884
26172 512 0 24728229797524
26684 512 0 24728230076164
27196 512 0 24728230354804
27708 512 0 24728230633444
28220 512 0 24728230912084
28732 512 0 24728231190724
29244 512 0 24728231469364
29756 512 0 24728231748004
30268 512 0 24728232026644
30780 512 0 24728232305284
31292 512 0 24728232583924
31804 512 0 24728232862564
32316 512 0 24728233141204
32828 512 0 24728233419844
33340 512 0 24728233698484
33852 512 0 24728233977142
34364 512 0 24728234255782
34876 512 0 24728234534422
35388 512 0 24728234813063
35900 512 0 24728235091703
36412 512 0 24728235370344
36924 512 0 24728235648984
37436 512 0 24728235927624
37948 512 0 24728236206265
38460 512 0 24728236484905
38972 512 0 24728236763546
39484 512 0 24728237042186
39996 512 0 24728237320826
40508 512 0 24728237599467
41020 512 0 24728237878107
41532 512 0 24728238156748
42044 512 0 24728238435392
42556 512 0 24728238714032
43068 512 0 24728238992673
43580 512 0 24728239271313
44092 512 0 24728239549954
44604 512 0 24728239828594
45116 512 0 24728240107235
45628 512 0 24728240385875
46140 512 0 24728240664516
46652 512 0 24728240943156
47164 512 0 24728241221797
47676 512 0 24728241500437
48188 512 0 24728241779078
48700 512 0 24728242057718
49212 512 0 24728242336359
49724 512 0 24728242615000
50236 512 0 24728242893640
50748 512 0 24728243172281
51260 512 0 24728243450921
51772 512 0 24728243729562
52284 512 0 24728244008202
52796 512 0 24728244286843
53308 512 0 24728244565483
53820 512 0 24728244844124
54332 512 0 24728245122764
54844 512 0 24728245401404
55356 512 0 24728245680045
55868 512 0 24728245958685
56380 512 0 24728246237326
56892 512 0 24728246515966
57404 512 0 24728246794607
57916 512 0 24728247073251
58428 512 0 24728247351891
58940 512 0 24728247630532
59452 512 0 24728247909172
59964 512 0 24728248187813
60476 512 0 24728248466453
60988 512 0 24728248745094
61500 512 0 24728249023735
62012 512 0 24728249302375
62524 512 0 24728249581016
63036 512 0 24728249859656
63548 512 0 24728250138297
64060 512 0 24728250416937
64572 512 0 24728250695578
65084 512 0 24728250974219
65596 512 0 24728251252859
66108 512 0 24728251531500
66620 512 0 24728251810140
67132 512 0 24728252088781
67644 512 0 24728252367421
68156 512 0 24728252646062
68668 512 0 24728252924703
69180 512 0 24728253203343
69692 512 0 24728253481984
70204 512 0 24728253760624
70716 512 0 24728254039265
71228 512 0 24728254317905
71740 512 0 24728254596546
72252 512 0 24728254875186
72764 512 0 24728255153827
73276 512 0 24728255432468
73788 512 0 24728255711108
74300 512 0 24728255989749
74812 512 0 24728256268389
75324 512 0 24728256547030
75836 512 0 24728256825670
76348 512 0 24728257104311
76860 512 0 24728257382952
77372 512 0 24728257661592
77884 512 0 24728257940233
78396 512 0 24728258218873
78908 512 0 24728258497514
79420 512 0 24728258776154
79932 512 0 24728259054795
80444 512 0 24728259333435
80956 512 0 24728259612076
81468 512 0 24728259890717
81980 512 0 24728260169357
82492 512 0 24728260447998
83004 512 0 24728260726638
83516 512 0 24728261005279
84028 512 0 24728261283919
84540 512 0 24728261562560
85052 512 0 24728261841201
85564 512 0 24728262119841
86076 512 0 24728262398482
86588 512 0 24728262677122
87100 512 0 24728262955763
87612 512 0 24728263234403
88124 512 0 24728263513044
88636 512 0 24728263791684
89148 512 0 24728264070325
89660 512 0 24728264348966
90172 512 0 24728264627606
90684 512 0 24728264906247
91196 512 0 24728265184887
91708 512 0 24728265463528
92220 512 0 24728265742168
92732 512 0 24728266020809
93244 512 0 24728266299450
93756 512 0 24728266578090
94268 512 0 24728266856731
94780 512 0 24728267135371
95292 512 0 24728267414012
95804 512 0 24728267692652
96316 512 0 24728267971293
96828 512 0 24728268249933
97340 512 0 24728268528574
97852 512 0 24728268807215
98364 512 0 24728269085855
98876 512 0 24728269364496
99388 512 0 24728269643136
99900 512 0 24728269921777
100412 512 0 24728270200417
100924 512 0 24728270479058
101436 512 0 24728270757699
101948 512 0 24728271036339
102460 512 0 24728271314980
102972 512 0 24728271593620
103484 512 0 24728271872261
103996 512 0 24728272150901
104508 512 0 24728272429542
105020 512 0 24728272708182
105532 512 0 24728272986823
106044 512 0 24728273265464
106556 512 0 24728273544104
107068 512 0 24728273822745
107580 512 0 24728274101387
108092 512 0 24728274380027
108604 512 0 24728274658668
109116 512 0 24728274937308
109628 512 0 24728275215949
110140 512 0 24728275494589
110652 512 0 24728275773230
111164 512 0 24728276051871
111676 512 0 24728276330511
112188 512 0 24728276609152
112700 512 0 24728276887792
113212 512 0 24728277166433
113724 512 0 24728277445074
114236 512 0 24728277723714
114748 512 0 24728278002355
115260 512 0 24728278280996
115772 512 0 24728278559637
116284 512 0 24728278838277
116796 512 0 24728279116918
117308 512 0 24728279395559
117820 512 0 24728279674199
118332 512 0 24728279952840
118844 512 0 24728280231480
119356 512 0 24728280510121
119868 512 0 24728280788762
120380 512 0 24728281067402
120892 512 0 24728281346043
121404 512 0 24728281624683
121916 512 0 24728281903324
122428 512 0 24728282181964
122940 512 0 24728282460605
123452 512 0 24728282739245
123964 512 0 24728283017886
124476 512 0 24728283296526
124988 512 0 24728283575167
125500 512 0 24728283853807
126012 512 0 24728284132448
126524 512 0 24728284411089
127036 512 0 24728284689729
127548 512 0 24728284968370
128060 512 0 24728285247010
128572 512 0 24728285525651
129084 512 0 24728285804292
129596 512 0 24728286082932
130108 512 0 24728286361573
130620 512 0 24728286640213
131132 512 0 24728286918854
131644 512 0 24728287197495
132156 512 0 24728287476136
132668 512 0 24728287754776
133180 512 0 24728288033417
133692 512 0 24728288312058
134204 512 0 24728288590698
134716 512 0 24728288869339
135228 512 0 24728289147979
135740 512 0 24728289426620
136252 512 0 24728289705261
136764 512 0 24728289983901
137276 512 0 24728290262542
137788 512 0 24728290541182
138300 512 0 24728290819823
138812 512 0 24728291098464
139324 512 0 24728291377104
139836 512 0 24728291655745
140348 512 0 24728291934385
140860 512 0 24728292213025
141372 512 0 24728292491666
141884 512 0 24728292770307
142396 512 0 24728293048947
142908 512 0 24728293327588
143420 512 0 24728293606228
143932 512 0 24728293884869
144444 512 0 24728294163510
144956 512 0 24728294442150
145468 512 0 24728294720791
145980 512 0 24728294999431
146492 512 0 24728295278072
147004 512 0 24728295556712
147516 512 0 24728295835353
148028 512 0 24728296113994
148540 512 0 24728296392635
149052 512 0 24728296671275
149564 512 0 24728296949916
150076 512 0 24728297228557
150588 512 0 24728297507197
151100 512 0 24728297785838
151612 512 0 24728298064478
152124 512 0 24728298343119
152636 512 0 24728298621760
153148 512 0 24728298900400
153660 512 0 24728299179041
154172 512 0 24728299457681
154684 512 0 24728299736322
155196 512 0 24728300014963
155708 512 0 24728300293603
156220 512 0 24728300572243
156732 512 0 24728300850884
157244 512 0 24728301129524
157756 512 0 24728301408165
158268 512 0 24728301686806
158780 512 0 24728301965446
159292 512 0 24728302244087
159804 512 0 24728302522727
160316 512 0 24728302801368
160828 512 0 24728303080009
161340 512 0 24728303358649
161852 512 0 24728303637290
162364 512 0 24728303915930
162876 512 0 24728304194571
163388 512 0 24728304473212
163900 512 0 24728304751852
164412 512 0 24728305030492
164924 512 0 24728305309133
165436 512 0 24728305587773
165948 512 0 24728305866414
166460 512 0 24728306145055
166972 512 0 24728306423695
167484 512 0 24728306702336
167996 512 0 24728306980976
168508 512 0 24728307259617
169020 512 0 24728307538257
169532 512 0 24728307816898
170044 512 0 24728308095539
170556 512 0 24728308374179
171068 512 0 24728308652820
171580 512 0 24728308931460
172092 512 0 24728309210101
172604 512 0 24728309488742
173116 512 0 24728309767384
173628 512 0 24728310046025
174140 512 0 24728310324665
174652 512 0 24728310603306
175164 512 0 24728310881946
175676 512 0 24728311160587
176188 512 0 24728311439228
176700 512 0 24728311717868
177212 512 0 24728311996509
177724 512 0 24728312275149
178236 512 0 24728312553790
178748 512 0 24728312832431
179260 512 0 24728313111071
179772 512 0 24728313389712
180284 512 0 24728313668352
180796 512 0 24728313946992
181308 512 0 24728314225633
181820 512 0 24728314504273
182332 512 0 24728314782914
182844 512 0 24728315061555
183356 512 0 24728315340195
183868 512 0 24728315618836
184380 512 0 24728315897476
184892 512 0 24728316176117
185404 512 0 24728316454758
185916 512 0 24728316733398
186428 512 0 24728317012039
186940 512 0 24728317290679
187452 512 0 24728317569320
187964 512 0 24728317847961
188476 512 0 24728318126601
188988 512 0 24728318405242
189500 512 0 24728318683883
190012 512 0 24728318962524
190524 512 0 24728319241164
191036 512 0 24728319519805
191548 512 0 24728319798445
192060 512 0 24728320077086
192572 512 0 24728320355727
193084 512 0 24728320634367
193596 512 0 24728320913008
194108 512 0 24728321191648
194620 512 0 24728321470289
195132 512 0 24728321748930
195644 512 0 24728322027570
196156 512 0 24728322306211
196668 512 0 24728322584851
197180 512 0 24728322863491
197692 512 0 24728323142132
198204 512 0 24728323420772
198716 512 0 24728323699413
199228 512 0 24728323978054
199740 512 0 24728324256694
200252 512 0 24728324535335
200764 512 0 24728324813975
201276 512 0 24728325092616
201788 512 0 24728325371257
202300 512 0 24728325649897
202812 512 0 24728325928538
203324 512 0 24728326207178
203836 512 0 24728326485819
204348 512 0 24728326764460
204860 512 0 24728327043100
205372 512 0 24728327321741
205884 512 0 24728327600381
206396 512 0 24728327879021
206908 512 0 24728328157662
207420 512 0 24728328436303
207932 512 0 24728328714943
208444 512 0 24728328993584
208956 512 0 24728329272224
209468 512 0 24728329550865
209980 512 0 24728329829506
210492 512 0 24728330108146
211004 512 0 24728330386787
211516 512 0 24728330665427
212028 512 0 24728330944068
212540 512 0 24728331222709
213052 512 0 24728331501349
213564 512 0 24728331779990
214076 512 0 24728332058632
214588 512 0 24728332337273
215100 512 0 24728332615913
215612 512 0 24728332894554
216124 512 0 24728333173194
216636 512 0 24728333451835
217148 512 0 24728333730476
217660 512 0 24728334009116
218172 512 0 24728334287757
218684 512 0 24728334566397
219196 512 0 24728334845038
219708 512 0 24728335123679
220220 512 0 24728335402319
220732 512 0 24728335680960
221244 512 0 24728335959600
221756 512 0 24728336238241
222268 512 0 24728336516882
222780 512 0 24728336795523
223292 512 0 24728337074163
223804 512 0 24728337352804
224316 512 0 24728337631444
224828 512 0 24728337910085
225340 512 0 24728338188726
225852 512 0 24728338467366
226364 512 0 24728338746007
226876 512 0 24728339024647
227388 512 0 24728339303288
227900 512 0 24728339581929
228412 512 0 24728339860569
228924 512 0 24728340139210
229436 512 0 24728340417850
229948 512 0 24728340696491
230460 512 0 24728340975132
230972 512 0 24728341253773
231484 512 0 24728341532413
231996 512 0 24728341811054
232508 512 0 24728342089695
233020 512 0 24728342368335
233532 512 0 24728342646976
234044 512 0 24728342925616
234556 512 0 24728343204257
235068 512 0 24728343482898
235580 512 0 24728343761538
236092 512 0 24728344040179
236604 512 0 24728344318819
237116 512 0 24728344597460
237628 512 0 24728344876101
238140 512 0 24728345154741
238652 512 0 24728345433381
239164 512 0 24728345712022
239676 512 0 24728345990662
240188 512 0 24728346269303
240700 512 0 24728346547943
241212 512 0 24728346826584
241724 512 0 24728347105225
242236 512 0 24728347383865
242748 512 0 24728347662506
243260 512 0 24728347941146
243772 512 0 24728348219787
244284 512 0 24728348498428
244796 512 0 24728348777068
245308 512 0 24728349055709
245820 512 0 24728349334349
246332 512 0 24728349612990
246844 512 0 24728349891630
247356 512 0 24728350170271
247868 512 0 24728350448911
248380 512 0 24728350727552
248892 512 0 24728351006192
249404 512 0 24728351284833
249916 512 0 24728351563474
250428 512 0 24728351842114
250940 512 0 24728352120755
251452 512 0 24728352399395
251964 512 0 24728352678036
252476 512 0 24728352956677
252988 512 0 24728353235317
253500 512 0 24728353513958
254012 512 0 24728353792598
254524 512 0 24728354071238
255036 512 0 24728354349879
255548 512 0 24728354628519
256060 512 0 24728354907160
256572 512 0 24728355185801
257084 512 0 24728355464441
257596 512 0 24728355743082
258108 512 0 24728356021722
258620 512 0 24728356300363
259132 512 0 24728356579004
259644 512 0 24728356857644
260156 512 0 24728357136285
260668 512 0 24728357414925
261180 512 0 24728357693566
261692 512 0 24728357972207
262204 512 0 24728358250847
262716 512 0 24728358529488
263228 512 0 24728358808129
263740 512 0 24728359086770
264252 512 0 24728359365410
264764 512 0 24728359644051
265276 512 0 24728359922691
265788 512 0 24728360201332
266300 512 0 24728360479973
266812 512 0 24728360758613
267324 512 0 24728361037254
267836 512 0 24728361315894
268348 512 0 24728361594535
268860 512 0 24728361873175
269372 512 0 24728362151816
269884 512 0 24728362430457
270396 512 0 24728362709097
270908 512 0 24728362987738
271420 512 0 24728363266378
271932 512 0 24728363545018
272444 512 0 24728363823659
272956 512 0 24728364102300
273468 512 0 24728364380940
273980 512 0 24728364659581
274492 512 0 24728364938221
275004 512 0 24728365216862
275516 512 0 24728365495503
276028 512 0 24728365774143
276540 512 0 24728366052784
277052 512 0 24728366331424
277564 512 0 24728366610065
278076 512 0 24728366888706
278588 512 0 24728367167346
279100 512 0 24728367445987
279612 512 0 24728367724628
280124 512 0 24728368003269
280636 512 0 24728368281909
281148 512 0 24728368560550
281660 512 0 24728368839190
282172 512 0 24728369117831
282684 512 0 24728369396472
283196 512 0 24728369675112
283708 512 0 24728369953753
284220 512 0 24728370232393
284732 512 0 24728370511034
285244 512 0 24728370789674
285756 512 0 24728371068315
286268 512 0 24728371346956
286780 512 0 24728371625596
287292 512 0 24728371904236
287804 512 0 24728372182877
288316 512 0 24728372461517
288828 512 0 24728372740158
289340 512 0 24728373018799
289852 512 0 24728373297439
290364 512 0 24728373576080
290876 512 0 24728373854720
291388 512 0 24728374133361
291900 512 0 24728374412002
292412 512 0 24728374690642
292924 512 0 24728374969283
293436 512 0 24728375247923
293948 512 0 24728375526564
294460 512 0 24728375805205
294972 512 0 24728376083845
295484 512 0 24728376362485
295996 512 0 24728376641126
296508 512 0 24728376919766
297020 512 0 24728377198407
297532 512 0 24728377477048
298044 512 0 24728377755688
298556 512 0 24728378034329
299068 512 0 24728378312969
299580 512 0 24728378591610
300092 512 0 24728378870251
300604 512 0 24728379148891
301116 512 0 24728379427532
301628 512 0 24728379706172
302140 512 0 24728379984813
302652 512 0 24728380263453
303164 512 0 24728380542094
303676 512 0 24728380820735
304188 512 0 24728381099377
304700 512 0 24728381378018
305212 512 0 24728381656658
305724 512 0 24728381935299
306236 512 0 24728382213939
306748 512 0 24728382492580
307260 512 0 24728382771221
307772 512 0 24728383049861
308284 512 0 24728383328502
308796 512 0 24728383607142
309308 512 0 24728383885783
309820 512 0 24728384164424
310332 512 0 24728384443064
310844 512 0 24728384721705
311356 512 0 24728385000345
311868 512 0 24728385278986
312380 512 0 24728385557626
312892 512 0 24728385836267
313404 512 0 24728386114907
313916 512 0 24728386393548
314428 512 0 24728386672188
314940 512 0 24728386950829
315452 512 0 24728387229469
315964 512 0 24728387508110
316476 512 0 24728387786751
316988 512 0 24728388065391
317500 512 0 24728388344032
318012 512 0 24728388622672
318524 512 0 24728388901313
319036 512 0 24728389179954
319548 512 0 24728389458594
320060 512 0 24728389737235
320572 512 0 24728390015876
321084 512 0 24728390294517
321596 512 0 24728390573157
322108 512 0 24728390851798
322620 512 0 24728391130438
323132 512 0 24728391409079
323644 512 0 24728391687720
324156 512 0 24728391966360
324668 512 0 24728392245001
325180 512 0 24728392523641
325692 512 0 24728392802282
326204 512 0 24728393080923
326716 512 0 24728393359563
327228 512 0 24728393638204
327740 512 0 24728393916844
328252 512 0 24728394195484
328764 512 0 24728394474125
329276 512 0 24728394752766
329788 512 0 24728395031406
330300 512 0 24728395310047
330812 512 0 24728395588687
331324 512 0 24728395867328
331836 512 0 24728396145968
332348 512 0 24728396424609
332860 512 0 24728396703250
333372 512 0 24728396981890
333884 512 0 24728397260531
334396 512 0 24728397539171
334908 512 0 24728397817812
335420 512 0 24728398096453
335932 512 0 24728398375093
336444 512 0 24728398653735
336956 512 0 24728398932376
337468 512 0 24728399211017
337980 512 0 24728399489657
338492 512 0 24728399768298
339004 512 0 24728400046938
339516 512 0 24728400325579
340028 512 0 24728400604220
340540 512 0 24728400882860
341052 512 0 24728401161501
341564 512 0 24728401440142
342076 512 0 24728401718782
342588 512 0 24728401997423
343100 512 0 24728402276063
343612 512 0 24728402554704
344124 512 0 24728402833345
344636 512 0 24728403111985
345148 512 0 24728403390625
345660 512 0 24728403669266
346172 512 0 24728403947906
346684 512 0 24728404226547
347196 512 0 24728404505187
347708 512 0 24728404783828
348220 512 0 24728405062469
348732 512 0 24728405341109
349244 512 0 24728405619750
349756 512 0 24728405898390
350268 512 0 24728406177031
350780 512 0 24728406455672
351292 512 0 24728406734312
351804 512 0 24728407012953
352316 512 0 24728407291593
352828 512 0 24728407570234
353340 512 0 24728407848875
353852 512 0 24728408127516
354364 512 0 24728408406156
354876 512 0 24728408684797
355388 512 0 24728408963437
355900 512 0 24728409242078
356412 512 0 24728409520719
356924 512 0 24728409799359
357436 512 0 24728410078000
357948 512 0 24728410356640
358460 512 0 24728410635281
358972 512 0 24728410913922
359484 512 0 24728411192562
359996 512 0 24728411471203
360508 512 0 24728411749843
361020 512 0 24728412028484
361532 512 0 24728412307125
362044 512 0 24728412585766
362556 512 0 24728412864406
363068 512 0 24728413143047
363580 512 0 24728413421688
364092 512 0 24728413700328
364604 512 0 24728413978969
365116 512 0 24728414257609
365628 512 0 24728414536250
366140 512 0 24728414814891
366652 512 0 24728415093531
367164 512 0 24728415372172
367676 512 0 24728415650812
368188 512 0 24728415929453
368700 512 0 24728416208094
369212 512 0 24728416486735
369724 512 0 24728416765375
370236 512 0 24728417044016
370748 512 0 24728417322656
371260 512 0 24728417601297
371772 512 0 24728417879938
372284 512 0 24728418158578
372796 512 0 24728418437219
373308 512 0 24728418715859
373820 512 0 24728418994500
374332 512 0 24728419273141
374844 512 0 24728419551781
375356 512 0 24728419830422
375868 512 0 24728420109062
376380 512 0 24728420387703
376892 512 0 24728420666344
377404 512 0 24728420944984
377916 512 0 24728421223624
378428 512 0 24728421502265
378940 512 0 24728421780905
379452 512 0 24728422059546
379964 512 0 24728422338186
380476 512 0 24728422616827
380988 512 0 24728422895468
381500 512 0 24728423174108
382012 512 0 24728423452749
382524 512 0 24728423731389
383036 512 0 24728424010030
383548 512 0 24728424288671
384060 512 0 24728424567311
384572 512 0 24728424845952
385084 512 0 24728425124592
9300 512 0 24728441796714
9812 512 0 24728442052714
10324 512 0 24728442308714
10836 512 0 24728442564714
11348 512 0 24728442820714
11860 512 0 24728443076714
12372 512 0 24728443332714
12884 512 0 24728443588714
13396 512 0 24728443844714
13908 512 0 24728444100714
14420 512 0 24728444356714
14932 512 0 24728444612714
15444 512 0 24728444868714
15956 512 0 24728445124714
16468 512 0 24728445380714
16980 512 0 24728445636714
17492 512 0 24728445892714
18004 512 0 24728446148714
18516 512 0 24728446404714
19028 512 0 24728446660714
19540 512 0 24728446916714
20052 512 0 24728447172714
20564 512 0 24728447428714
21076 512 0 24728447684714
21588 512 0 24728447940714
22100 512 0 24728448196714
22612 512 0 24728448452714
23124 512 0 24728448708714
23636 512 0 24728448964714
24148 512 0 24728449220714
24660 512 0 24728449476714
25172 512 0 24728449732737
25684 512 0 24728449988738
26196 512 0 24728450244739
26708 512 0 24728450500739
27220 512 0 24728450756740
27732 512 0 24728451012741
28244 512 0 24728451268741
28756 512 0 24728451524742
29268 512 0 24728451780742
29780 512 0 24728452036743
30292 512 0 24728452292744
30804 512 0 24728452548744
31316 512 0 24728452804745
31828 512 0 24728453060745
32340 512 0 24728453316746
32852 512 0 24728453572747
33364 512 0 24728453828751
33876 512 0 24728454084752
34388 512 0 24728454340753
34900 512 0 24728454596753
35412 512 0 24728454852754
35924 512 0 24728455108755
36436 512 0 24728455364756
36948 512 0 24728455620756
37460 512 0 24728455876757
37972 512 0 24728456132758
38484 512 0 24728456388758
38996 512 0 24728456644759
39508 512 0 24728456900760
40020 512 0 24728457156761
40532 512 0 24728457412761
41044 512 0 24728457668762
41556 512 0 24728457924771
42068 512 0 24728458180772
42580 512 0 24728458436773
43092 512 0 24728458692774
43604 512 0 24728458948775
44116 512 0 24728459204776
44628 512 0 24728459460777
45140 512 0 24728459716777
45652 512 0 24728459972778
46164 512 0 24728460228779
46676 512 0 24728460484780
47188 512 0 24728460740781
47700 512 0 24728460996782
48212 512 0 24728461252783
48724 512 0 24728461508784
49236 512 0 24728461764785
49748 512 0 24728462020788
50260 512 0 24728462276789
50772 512 0 24728462532790
51284 512 0 24728462788791
51796 512 0 24728463044792
52308 512 0 24728463300793
52820 512 0 24728463556794
53332 512 0 24728463812795
53844 512 0 24728464068796
54356 512 0 24728464324797
54868 512 0 24728464580798
55380 512 0 24728464836799
55892 512 0 24728465092800
56404 512 0 24728465348800
56916 512 0 24728465604801
57428 512 0 24728465860802
57940 512 0 24728466116806
58452 512 0 24728466372807
58964 512 0 24728466628808
59476 512 0 24728466884809
59988 512 0 24728467140810
60500 512 0 24728467396811
61012 512 0 24728467652812
61524 512 0 24728467908813
62036 512 0 24728468164814
62548 512 0 24728468420815
63060 512 0 24728468676816
63572 512 0 24728468932817
64084 512 0 24728469188818
64596 512 0 24728469444819
65108 512 0 24728469700820
65620 512 0 24728469956821
66132 512 0 24728470212824
66644 512 0 24728470468825
67156 512 0 24728470724826
67668 512 0 24728470980827
68180 512 0 24728471236828
68692 512 0 24728471492829
69204 512 0 24728471748830
69716 512 0 24728472004831
70228 512 0 24728472260832
70740 512 0 24728472516833
71252 512 0 24728472772834
71764 512 0 24728473028835
72276 512 0 24728473284836
72788 512 0 24728473540837
73300 512 0 24728473796838
73812 512 0 24728474052839
74324 512 0 24728474308840
74836 512 0 24728474564841
75348 512 0 24728474820842
75860 512 0 24728475076843
76372 512 0 24728475332844
76884 512 0 24728475588845
77396 512 0 24728475844846
77908 512 0 24728476100847
78420 512 0 24728476356848
78932 512 0 24728476612849
79444 512 0 24728476868850
79956 512 0 24728477124851
80468 512 0 24728477380852
80980 512 0 24728477636853
81492 512 0 24728477892854
82004 512 0 24728478148855
82516 512 0 24728478404857
83028 512 0 24728478660858
83540 512 0 24728478916859
84052 512 0 24728479172860
84564 512 0 24728479428861
85076 512 0 24728479684862
85588 512 0 24728479940863
86100 512 0 24728480196864
86612 512 0 24728480452865
87124 512 0 24728480708866
87636 512 0 24728480964867
88148 512 0 24728481220868
88660 512 0 24728481476869
89172 512 0 24728481732870
89684 512 0 24728481988871
90196 512 0 24728482244872
90708 512 0 24728482500874
91220 512 0 24728482756875
91732 512 0 24728483012876
92244 512 0 24728483268877
92756 512 0 24728483524878
93268 512 0 24728483780879
93780 512 0 24728484036880
94292 512 0 24728484292881
94804 512 0 24728484548882
95316 512 0 24728484804883
95828 512 0 24728485060884
96340 512 0 24728485316885
96852 512 0 24728485572886
97364 512 0 24728485828887
97876 512 0 24728486084888
98388 512 0 24728486340889
98900 512 0 24728486596891
99412 512 0 24728486852892
99924 512 0 24728487108893
100436 512 0 24728487364894
100948 512 0 24728487620895
101460 512 0 24728487876896
101972 512 0 24728488132897
102484 512 0 24728488388898
102996 512 0 24728488644899
103508 512 0 24728488900900
104020 512 0 24728489156901
104532 512 0 24728489412902
105044 512 0 24728489668904
105556 512 0 24728489924905
106068 512 0 24728490180906
106580 512 0 24728490436907
107092 512 0 24728490692907
107604 512 0 24728490948908
108116 512 0 24728491204909
108628 512 0 24728491460910
109140 512 0 24728491716911
109652 512 0 24728491972912
110164 512 0 24728492228913
110676 512 0 24728492484914
111188 512 0 24728492740915
111700 512 0 24728492996916
112212 512 0 24728493252917
112724 512 0 24728493508918
113236 512 0 24728493764919
113748 512 0 24728494020920
114260 512 0 24728494276921
114772 512 0 24728494532922
115284 512 0 24728494788924
115796 512 0 24728495044925
116308 512 0 24728495300926
116820 512 0 24728495556927
117332 512 0 24728495812928
117844 512 0 24728496068929
118356 512 0 24728496324930
118868 512 0 24728496580931
119380 512 0 24728496836932
119892 512 0 24728497092933
120404 512 0 24728497348934
120916 512 0 24728497604935
121428 512 0 24728497860936
121940 512 0 24728498116937
122452 512 0 24728498372938
122964 512 0 24728498628940
123476 512 0 24728498884940
123988 512 0 24728499140941
124500 512 0 24728499396942
125012 512 0 24728499652943
125524 512 0 24728499908944
126036 512 0 24728500164945
126548 512 0 24728500420946
127060 512 0 24728500676947
127572 512 0 24728500932948
128084 512 0 24728501188949
128596 512 0 24728501444950
129108 512 0 24728501700951
129620 512 0 24728501956952
130132 512 0 24728502212953
130644 512 0 24728502468954
131156 512 0 24728502724955
131668 512 0 24728502980958
132180 512 0 24728503236959
132692 512 0 24728503492960
133204 512 0 24728503748961
133716 512 0 24728504004962
134228 512 0 24728504260963
134740 512 0 24728504516964
135252 512 0 24728504772965
135764 512 0 24728505028967
136276 512 0 24728505284968
136788 512 0 24728505540969
137300 512 0 24728505796970
137812 512 0 24728506052971
138324 512 0 24728506308972
138836 512 0 24728506564973
139348 512 0 24728506820974
139860 512 0 24728507076975
140372 512 0 24728507332976
140884 512 0 24728507588977
141396 512 0 24728507844978
141908 512 0 24728508100979
142420 512 0 24728508356980
142932 512 0 24728508612981
143444 512 0 24728508868983
143956 512 0 24728509124984
144468 512 0 24728509380985
144980 512 0 24728509636986
145492 512 0 24728509892987
146004 512 0 24728510148988
146516 512 0 24728510404989
147028 512 0 24728510660990
147540 512 0 24728510916991
148052 512 0 24728511172992
148564 512 0 24728511428993
149076 512 0 24728511684994
149588 512 0 24728511940995
150100 512 0 24728512196996
150612 512 0 24728512452997
151124 512 0 24728512708998
151636 512 0 24728512965000
152148 512 0 24728513221001
152660 512 0 24728513477002
153172 512 0 24728513733003
153684 512 0 24728513989004
154196 512 0 24728514245005
154708 512 0 24728514501006
155220 512 0 24728514757007
155732 512 0 24728515013008
156244 512 0 24728515269009
156756 512 0 24728515525010
157268 512 0 24728515781011
157780 512 0 24728516037012
158292 512 0 24728516293013
158804 512 0 24728516549014
159316 512 0 24728516805015
159828 512 0 24728517061017
160340 512 0 24728517317018
160852 512 0 24728517573019
161364 512 0 24728517829020
161876 512 0 24728518085021
162388 512 0 24728518341022
162900 512 0 24728518597023
163412 512 0 24728518853024
163924 512 0 24728519109025
164436 512 0 24728519365025
164948 512 0 24728519621026
165460 512 0 24728519877027
165972 512 0 24728520133028
166484 512 0 24728520389029
166996 512 0 24728520645030
167508 512 0 24728520901031
168020 512 0 24728521157032
168532 512 0 24728521413033
169044 512 0 24728521669035
169556 512 0 24728521925036
170068 512 0 24728522181037
170580 512 0 24728522437038
171092 512 0 24728522693039
171604 512 0 24728522949040
172116 512 0 24728523205041
172628 512 0 24728523461042
173140 512 0 24728523717043
173652 512 0 24728523973044
174164 512 0 24728524229045
174676 512 0 24728524485046
175188 512 0 24728524741047
175700 512 0 24728524997048
176212 512 0 24728525253049
176724 512 0 24728525509050
177236 512 0 24728525765052
177748 512 0 24728526021053
178260 512 0 24728526277054
178772 512 0 24728526533055
179284 512 0 24728526789056
179796 512 0 24728527045057
180308 512 0 24728527301058
180820 512 0 24728527557059
181332 512 0 24728527813060
181844 512 0 24728528069061
182356 512 0 24728528325062
182868 512 0 24728528581063
183380 512 0 24728528837064
183892 512 0 24728529093065
184404 512 0 24728529349066
184916 512 0 24728529605068
185428 512 0 24728529861069
185940 512 0 24728530117070
186452 512 0 24728530373071
186964 512 0 24728530629072
187476 512 0 24728530885073
187988 512 0 24728531141074
188500 512 0 24728531397075
189012 512 0 24728531653075
189524 512 0 24728531909076
190036 512 0 24728532165077
190548 512 0 24728532421078
191060 512 0 24728532677079
191572 512 0 24728532933080
192084 512 0 24728533189081
192596 512 0 24728533445082
193108 512 0 24728533701083
193620 512 0 24728533957084
194132 512 0 24728534213085
194644 512 0 24728534469087
195156 512 0 24728534725088
195668 512 0 24728534981089
196180 512 0 24728535237090
196692 512 0 24728535493091
197204 512 0 24728535749092
197716 512 0 24728536005093
198228 512 0 24728536261094
198740 512 0 24728536517095
199252 512 0 24728536773096
199764 512 0 24728537029097
200276 512 0 24728537285098
200788 512 0 24728537541099
201300 512 0 24728537797100
201812 512 0 24728538053101
202324 512 0 24728538309103
202836 512 0 24728538565104
203348 512 0 24728538821105
203860 512 0 24728539077106
204372 512 0 24728539333107
204884 512 0 24728539589108
205396 512 0 24728539845109
205908 512 0 24728540101110
206420 512 0 24728540357111
206932 512 0 24728540613112
207444 512 0 24728540869113
207956 512 0 24728541125114
208468 512 0 24728541381115
208980 512 0 24728541637116
209492 512 0 24728541893117
210004 512 0 24728542149118
210516 512 0 24728542405120
211028 512 0 24728542661121
211540 512 0 24728542917122
212052 512 0 24728543173123
212564 512 0 24728543429124
213076 512 0 24728543685125
213588 512 0 24728543941125
214100 512 0 24728544197126
214612 512 0 24728544453127
215124 512 0 24728544709128
215636 512 0 24728544965129
216148 512 0 24728545221130
216660 512 0 24728545477131
217172 512 0 24728545733132
217684 512 0 24728545989133
218196 512 0 24728546245134
218708 512 0 24728546501135
219220 512 0 24728546757136
219732 512 0 24728547013137
220244 512 0 24728547269139
220756 512 0 24728547525140
221268 512 0 24728547781141
221780 512 0 24728548037143
222292 512 0 24728548293144
222804 512 0 24728548549145
223316 512 0 24728548805146
223828 512 0 24728549061147
224340 512 0 24728549317148
224852 512 0 24728549573149
225364 512 0 24728549829150
225876 512 0 24728550085152
226388 512 0 24728550341153
226900 512 0 24728550597154
227412 512 0 24728550853155
227924 512 0 24728551109156
228436 512 0 24728551365157
228948 512 0 24728551621158
229460 512 0 24728551877159
229972 512 0 24728552133159
230484 512 0 24728552389160
230996 512 0 24728552645161
231508 512 0 24728552901162
232020 512 0 24728553157163
232532 512 0 24728553413164
233044 512 0 24728553669165
233556 512 0 24728553925166
234068 512 0 24728554181167
234580 512 0 24728554437168
235092 512 0 24728554693169
235604 512 0 24728554949171
236116 512 0 24728555205172
236628 512 0 24728555461173
237140 512 0 24728555717174
237652 512 0 24728555973175
238164 512 0 24728556229176
238676 512 0 24728556485177
239188 512 0 24728556741178
239700 512 0 24728556997179
240212 512 0 24728557253180
240724 512 0 24728557509181
241236 512 0 24728557765182
241748 512 0 24728558021183
242260 512 0 24728558277184
242772 512 0 24728558533185
243284 512 0 24728558789187
243796 512 0 24728559045188
244308 512 0 24728559301189
244820 512 0 24728559557190
245332 512 0 24728559813191
245844 512 0 24728560069192
246356 512 0 24728560325193
246868 512 0 24728560581194
247380 512 0 24728560837195
247892 512 0 24728561093196
248404 512 0 24728561349197
248916 512 0 24728561605198
249428 512 0 24728561861199
249940 512 0 24728562117200
250452 512 0 24728562373201
250964 512 0 24728562629202
251476 512 0 24728562885204
251988 512 0 24728563141205
252500 512 0 24728563397206
253012 512 0 24728563653207
253524 512 0 24728563909208
254036 512 0 24728564165209
254548 512 0 24728564421209
255060 512 0 24728564677210
255572 512 0 24728564933211
256084 512 0 24728565189212
256596 512 0 24728565445213
257108 512 0 24728565701214
257620 512 0 24728565957215
258132 512 0 24728566213216
258644 512 0 24728566469217
259156 512 0 24728566725218
259668 512 0 24728566981219
260180 512 0 24728567237220
260692 512 0 24728567493222
261204 512 0 24728567749223
261716 512 0 24728568005224
262228 512 0 24728568261225
262740 512 0 24728568517226
263252 512 0 24728568773227
263764 512 0 24728569029228
264276 512 0 24728569285229
264788 512 0 24728569541230
265300 512 0 24728569797231
265812 512 0 24728570053232
266324 512 0 24728570309233
266836 512 0 24728570565234
267348 512 0 24728570821235
267860 512 0 24728571077236
268372 512 0 24728571333238
268884 512 0 24728571589239
269396 512 0 24728571845240
269908 512 0 24728572101241
270420 512 0 24728572357242
270932 512 0 24728572613243
271444 512 0 24728572869244
271956 512 0 24728573125245
272468 512 0 24728573381246
272980 512 0 24728573637247
273492 512 0 24728573893248
274004 512 0 24728574149249
274516 512 0 24728574405250
275028 512 0 24728574661251
275540 512 0 24728574917252
276052 512 0 24728575173253
276564 512 0 24728575429255
277076 512 0 24728575685256
277588 512 0 24728575941257
278100 512 0 24728576197258
278612 512 0 24728576453259
279124 512 0 24728576709260
279636 512 0 24728576965261
280148 512 0 24728577221262
280660 512 0 24728577477263
281172 512 0 24728577733264
281684 512 0 24728577989265
282196 512 0 24728578245266
282708 512 0 24728578501267
283220 512 0 24728578757268
283732 512 0 24728579013269
284244 512 0 24728579269271
284756 512 0 24728579525272
285268 512 0 24728579781273
285780 512 0 24728580037274
286292 512 0 24728580293275
286804 512 0 24728580549276
287316 512 0 24728580805277
287828 512 0 24728581061278
288340 512 0 24728581317279
288852 512 0 24728581573280
289364 512 0 24728581829281
289876 512 0 24728582085282
290388 512 0 24728582341283
290900 512 0 24728582597284
291412 512 0 24728582853285
291924 512 0 24728583109287
292436 512 0 24728583365288
292948 512 0 24728583621289
293460 512 0 24728583877290
293972 512 0 24728584133291
294484 512 0 24728584389292
294996 512 0 24728584645293
295508 512 0 24728584901294
296020 512 0 24728585157295
296532 512 0 24728585413296
297044 512 0 24728585669297
297556 512 0 24728585925298
298068 512 0 24728586181299
298580 512 0 24728586437300
299092 512 0 24728586693301
299604 512 0 24728586949302
300116 512 0 24728587205304
300628 512 0 24728587461305
301140 512 0 24728587717306
301652 512 0 24728587973307
302164 512 0 24728588229308
302676 512 0 24728588485309
303188 512 0 24728588741310
303700 512 0 24728588997311
304212 512 0 24728589253312
304724 512 0 24728589509313
305236 512 0 24728589765314
305748 512 0 24728590021315
306260 512 0 24728590277316
306772 512 0 24728590533317
307284 512 0 24728590789318
307796 512 0 24728591045320
308308 512 0 24728591301321
308820 512 0 24728591557322
309332 512 0 24728591813323
309844 512 0 24728592069324
310356 512 0 24728592325325
310868 512 0 24728592581326
311380 512 0 24728592837327
311892 512 0 24728593093330
312404 512 0 24728593349331
312916 512 0 24728593605332
313428 512 0 24728593861334
313940 512 0 24728594117335
314452 512 0 24728594373336
314964 512 0 24728594629337
315476 512 0 24728594885338
315988 512 0 24728595141339
316500 512 0 24728595397340
317012 512 0 24728595653341
317524 512 0 24728595909342
318036 512 0 24728596165343
318548 512 0 24728596421344
319060 512 0 24728596677345
319572 512 0 24728596933346
320084 512 0 24728597189347
320596 512 0 24728597445348
321108 512 0 24728597701349
321620 512 0 24728597957351
322132 512 0 24728598213352
322644 512 0 24728598469353
323156 512 0 24728598725354
323668 512 0 24728598981355
324180 512 0 24728599237356
324692 512 0 24728599493357
325204 512 0 24728599749358
325716 512 0 24728600005359
326228 512 0 24728600261360
326740 512 0 24728600517361
327252 512 0 24728600773362
327764 512 0 24728601029363
328276 512 0 24728601285364
328788 512 0 24728601541365
329300 512 0 24728601797366
329812 512 0 24728602053367
330324 512 0 24728602309369
330836 512 0 24728602565370
331348 512 0 24728602821371
331860 512 0 24728603077372
332372 512 0 24728603333373
332884 512 0 24728603589374
333396 512 0 24728603845375
333908 512 0 24728604101376
334420 512 0 24728604357377
334932 512 0 24728604613378
335444 512 0 24728604869379
335956 512 0 24728605125380
336468 512 0 24728605381380
336980 512 0 24728605637381
337492 512 0 24728605893382
338004 512 0 24728606149383
338516 512 0 24728606405384
339028 512 0 24728606661385
339540 512 0 24728606917387
340052 512 0 24728607173388
340564 512 0 24728607429389
341076 512 0 24728607685390
341588 512 0 24728607941391
342100 512 0 24728608197392
342612 512 0 24728608453393
343124 512 0 24728608709394
343636 512 0 24728608965395
344148 512 0 24728609221396
344660 512 0 24728609477398
345172 512 0 24728609733399
345684 512 0 24728609989400
346196 512 0 24728610245401
346708 512 0 24728610501403
347220 512 0 24728610757404
347732 512 0 24728611013405
348244 512 0 24728611269406
348756 512 0 24728611525407
349268 512 0 24728611781408
349780 512 0 24728612037409
350292 512 0 24728612293410
350804 512 0 24728612549411
351316 512 0 24728612805412
351828 512 0 24728613061413
352340 512 0 24728613317414
352852 512 0 24728613573414
353364 512 0 24728613829415
353876 512 0 24728614085416
354388 512 0 24728614341417
354900 512 0 24728614597418
355412 512 0 24728614853419
355924 512 0 24728615109421
356436 512 0 24728615365422
356948 512 0 24728615621423
357460 512 0 24728615877424
357972 512 0 24728616133425
358484 512 0 24728616389426
358996 512 0 24728616645427
359508 512 0 24728616901428
360020 512 0 24728617157429
360532 512 0 24728617413430
361044 512 0 24728617669431
361556 512 0 24728617925432
362068 512 0 24728618181433
362580 512 0 24728618437434
363092 512 0 24728618693435
363604 512 0 24728618949436
364116 512 0 24728619205438
364628 512 0 24728619461439
365140 512 0 24728619717440
365652 512 0 24728619973441
366164 512 0 24728620229442
366676 512 0 24728620485443
367188 512 0 24728620741444
367700 512 0 24728620997445
368212 512 0 24728621253446
368724 512 0 24728621509447
369236 512 0 24728621765448
369748 512 0 24728622021449
370260 512 0 24728622277450
370772 512 0 24728622533451
371284 512 0 24728622789452
371796 512 0 24728623045453
372308 512 0 24728623301455
372820 512 0 24728623557456
373332 512 0 24728623813457
373844 512 0 24728624069458
374356 512 0 24728624325459
374868 512 0 24728624581460
375380 512 0 24728624837461
375892 512 0 24728625093462
376404 512 0 24728625349463
376916 512 0 24728625605464
377428 512 0 24728625861465
377940 512 0 24728626117466
378452 512 0 24728626373467
378964 512 0 24728626629468
379476 512 0 24728626885469
379988 512 0 24728627141471
380500 512 0 24728627397472
381012 512 0 24728627653473
381524 512 0 24728627909474
382036 512 0 24728628165475
382548 512 0 24728628421476
383060 512 0 24728628677477
383572 512 0 24728628933478
384084 512 0 24728629189479
384596 512 0 24728629445480
385108 512 0 24728629701481
385620 512 0 24728629957482
386132 512 0 24728630213483
386644 512 0 24728630469484
387156 512 0 24728630725485
387668 512 0 24728630981486
388180 512 0 24728631237488
388692 512 0 24728631493489
389204 512 0 24728631749490
389716 512 0 24728632005491
390228 512 0 24728632261492
390740 512 0 24728632517493
391252 512 0 24728632773494
391764 512 0 24728633029495
392276 512 0 24728633285496
392788 512 0 24728633541497
393300 512 0 24728633797498
393812 512 0 24728634053498
394324 512 0 24728634309499
394836 512 0 24728634565500
395348 512 0 24728634821501
395860 512 0 24728635077502
396372 512 0 24728635333503
396884 512 0 24728635589504
397396 512 0 24728635845505
397908 512 0 24728636101507
398420 512 0 24728636357508
398932 512 0 24728636613509
399444 512 0 24728636869510
399956 512 0 24728637125511
400468 512 0 24728637381512
400980 512 0 24728637637513
401492 512 0 24728637893514
402004 512 0 24728638149515
402516 512 0 24728638405516
403028 512 0 24728638661517
403540 512 0 24728638917518
404052 512 0 24728639173519
404564 512 0 24728639429520
405076 512 0 24728639685521
405588 512 0 24728639941522
406100 512 0 24728640197524
406612 512 0 24728640453525
407124 512 0 24728640709526
407636 512 0 24728640965527
408148 512 0 24728641221528
408660 512 0 24728641477529
409172 512 0 24728641733530
409684 512 0 24728641989531
410196 512 0 24728642245532
410708 512 0 24728642501533
411220 512 0 24728642757534
411732 512 0 24728643013535
412244 512 0 24728643269536
412756 512 0 24728643525537
413268 512 0 24728643781538
413780 512 0 24728644037540
414292 512 0 24728644293541
414804 512 0 24728644549542
415316 512 0 24728644805543
415828 512 0 24728645061544
416340 512 0 24728645317545
416852 512 0 24728645573546
417364 512 0 24728645829547
417876 512 0 24728646085548
418388 512 0 24728646341549
418900 512 0 24728646597550
419412 512 0 24728646853551
419924 512 0 24728647109552
420436 512 0 24728647365553
420948 512 0 24728647621554
421460 512 0 24728647877555
421972 512 0 24728648133557
422484 512 0 24728648389558
422996 512 0 24728648645559
423508 512 0 24728648901560
424020 512 0 24728649157561
424532 512 0 24728649413562
425044 512 0 24728649669563
425556 512 0 24728649925564
426068 512 0 24728650181565
426580 512 0 24728650437566
427092 512 0 24728650693567
427604 512 0 24728650949568
428116 512 0 24728651205569
428628 512 0 24728651461570
429140 512 0 24728651717571
429652 512 0 24728651973572
430164 512 0 24728652229574
430676 512 0 24728652485575
431188 512 0 24728652741576
431700 512 0 24728652997577
432212 512 0 24728653253578
432724 512 0 24728653509579
433236 512 0 24728653765580
433748 512 0 24728654021581
434260 512 0 24728654277582
434772 512 0 24728654533582
435284 512 0 24728654789583
435796 512 0 24728655045584
436308 512 0 24728655301585
436820 512 0 24728655557586
437332 512 0 24728655813587
437844 512 0 24728656069588
438356 512 0 24728656325589
438868 512 0 24728656581590
439380 512 0 24728656837592
439892 512 0 24728657093593
440404 512 0 24728657349594
440916 512 0 24728657605595
441428 512 0 24728657861596
441940 512 0 24728658117597
442452 512 0 24728658373598
442964 512 0 24728658629600
443476 512 0 24728658885601
443988 512 0 24728659141602
444500 512 0 24728659397603
445012 512 0 24728659653604
445524 512 0 24728659909605
446036 512 0 24728660165607
446548 512 0 24728660421608
447060 512 0 24728660677609
447572 512 0 24728660933610
448084 512 0 24728661189611
448596 512 0 24728661445612
449108 512 0 24728661701613
449620 512 0 24728661957614
450132 512 0 24728662213615
450644 512 0 24728662469616
451156 512 0 24728662725617
451668 512 0 24728662981618
452180 512 0 24728663237619
452692 512 0 24728663493620
453204 512 0 24728663749621
453716 512 0 24728664005622
454228 512 0 24728664261624
454740 512 0 24728664517625
455252 512 0 24728664773626
455764 512 0 24728665029627
456276 512 0 24728665285628
456788 512 0 24728665541629
457300 512 0 24728665797630
457812 512 0 24728666053631
458324 512 0 24728666309632
458836 512 0 24728666565633
459348 512 0 24728666821634
459860 512 0 24728667077635
460372 512 0 24728667333636
460884 512 0 24728667589637
461396 512 0 24728667845638
461908 512 0 24728668101639
462420 512 0 24728668357641
462932 512 0 24728668613642
463444 512 0 24728668869643
463956 512 0 24728669125644
464468 512 0 24728669381645
464980 512 0 24728669637646
465492 512 0 24728669893647
466004 512 0 24728670149648
466516 512 0 24728670405649
467028 512 0 24728670661650
467540 512 0 24728670917653
468052 512 0 24728671173654
468564 512 0 24728671429656
469076 512 0 24728671685657
469588 512 0 24728671941658
470100 512 0 24728672197659
470612 512 0 24728672453660
471124 512 0 24728672709661
471636 512 0 24728672965662
472148 512 0 24728673221663
472660 512 0 24728673477664
473172 512 0 24728673733665
473684 512 0 24728673989666
474196 512 0 24728674245667
474708 512 0 24728674501668
475220 512 0 24728674757669
475732 512 0 24728675013670
476244 512 0 24728675269671
476756 512 0 24728675525673
477268 512 0 24728675781674
477780 512 0 24728676037675
478292 512 0 24728676293676
478804 512 0 24728676549677
479316 512 0 24728676805678
479828 512 0 24728677061679
480340 512 0 24728677317680
480852 512 0 24728677573681
481364 512 0 24728677829682
481876 512 0 24728678085683
482388 512 0 24728678341684
482900 512 0 24728678597685
483412 512 0 24728678853686
483924 512 0 24728679109686
484436 512 0 24728679365687
484948 512 0 24728679621688
485460 512 0 24728679877689
485972 512 0 24728680133691
486484 512 0 24728680389692
486996 512 0 24728680645693
487508 512 0 24728680901694
488020 512 0 24728681157695
488532 512 0 24728681413696
489044 512 0 24728681669697
489556 512 0 24728681925698
490068 512 0 24728682181699
490580 512 0 24728682437700
491092 512 0 24728682693701
491604 512 0 24728682949702
492116 512 0 24728683205705
492628 512 0 24728683461707
493140 512 0 24728683717708
493652 512 0 24728683973709
494164 512 0 24728684229710
494676 512 0 24728684485711
495188 512 0 24728684741712
495700 512 0 24728684997713
496212 512 0 24728685253714
496724 512 0 24728685509715
497236 512 0 24728685765716
497748 512 0 24728686021717
498260 512 0 24728686277718
498772 512 0 24728686533719
499284 512 0 24728686789721
499796 512 0 24728687045722
500308 512 0 24728687301721
500820 512 0 24728687557722
501332 512 0 24728687813723
501844 512 0 24728688069725
502356 512 0 24728688325726
502868 512 0 24728688581727
503380 512 0 24728688837728
503892 512 0 24728689093729
504404 512 0 24728689349730
504916 512 0 24728689605731
505428 512 0 24728689861732
505940 512 0 24728690117733
506452 512 0 24728690373734
506964 512 0 24728690629735
507476 512 0 24728690885736
507988 512 0 24728691141737
508500 512 0 24728691397738
509012 512 0 24728691653739
509524 512 0 24728691909740
510036 512 0 24728692165742
510548 512 0 24728692421743
511060 512 0 24728692677744
511572 512 0 24728692933745
512084 512 0 24728693189746
512596 512 0 24728693445747
513108 512 0 24728693701748
513620 512 0 24728693957749
514132 512 0 24728694213750
514644 512 0 24728694469751
515156 512 0 24728694725752
515668 512 0 24728694981753
516180 512 0 24728695237754
516692 512 0 24728695493755
517204 512 0 24728695749756
517716 512 0 24728696005757
518228 512 0 24728696261759
518740 512 0 24728696517760
519252 512 0 24728696773761
519764 512 0 24728697029762
520276 512 0 24728697285763
520788 512 0 24728697541764
521300 512 0 24728697797765
521812 512 0 24728698053766
522324 512 0 24728698309767
522836 512 0 24728698565768
523348 512 0 24728698821769
523860 512 0 24728699077770
524372 512 0 24728699333771
524884 512 0 24728699589772
525396 512 0 24728699845773
525908 512 0 24728700101774
526420 512 0 24728700357776
526932 512 0 24728700613777
527444 512 0 24728700869778
527956 512 0 24728701125779
528468 512 0 24728701381780
528980 512 0 24728701637781
529492 512 0 24728701893782
530004 512 0 24728702149783
530516 512 0 24728702405784
531028 512 0 24728702661785
531540 512 0 24728702917786
532052 512 0 24728703173787
532564 512 0 24728703429788
533076 512 0 24728703685789
533588 512 0 24728703941790
534100 512 0 24728704197791
534612 512 0 24728704453793
535124 512 0 24728704709794
535636 512 0 24728704965795
536148 512 0 24728705221796
536660 512 0 24728705477797
537172 512 0 24728705733798
537684 512 0 24728705989799
538196 512 0 24728706245800
538708 512 0 24728706501801
539220 512 0 24728706757802
539732 512 0 24728707013803
540244 512 0 24728707269804
540756 512 0 24728707525805
541268 512 0 24728707781805
541780 512 0 24728708037806
542292 512 0 24728708293807
542804 512 0 24728708549808
543316 512 0 24728708805809
543828 512 0 24728709061810
544340 512 0 24728709317812
544852 512 0 24728709573813
545364 512 0 24728709829814
545876 512 0 24728710085815
546388 512 0 24728710341816
546900 512 0 24728710597817
547412 512 0 24728710853818
547924 512 0 24728711109819
548436 512 0 24728711365820
548948 512 0 24728711621821
549460 512 0 24728711877822
549972 512 0 24728712133823
550484 512 0 24728712389824
550996 512 0 24728712645825
551508 512 0 24728712901826
552020 512 0 24728713157828
552532 512 0 24728713413829
553044 512 0 24728713669830
553556 512 0 24728713925831
554068 512 0 24728714181832
554580 512 0 24728714437833
555092 512 0 24728714693834
555604 512 0 24728714949835
556116 512 0 24728715205836
556628 512 0 24728715461837
557140 512 0 24728715717838
557652 512 0 24728715973839
558164 512 0 24728716229840
558676 512 0 24728716485841
559188 512 0 24728716741842
559700 512 0 24728716997843
560212 512 0 24728717253845
560724 512 0 24728717509846
561236 512 0 24728717765847
561748 512 0 24728718021848
562260 512 0 24728718277849
562772 512 0 24728718533850
563284 512 0 24728718789851
563796 512 0 24728719045852
564308 512 0 24728719301853
564820 512 0 24728719557854
565332 512 0 24728719813855
565844 512 0 24728720069856
566356 512 0 24728720325857
566868 512 0 24728720581858
567380 512 0 24728720837859
567892 512 0 24728721093860
568404 512 0 24728721349862
568916 512 0 24728721605863
569428 512 0 24728721861864
569940 512 0 24728722117865
570452 512 0 24728722373866
570964 512 0 24728722629867
571476 512 0 24728722885868
571988 512 0 24728723141869
572500 512 0 24728723397870
573012 512 0 24728723653871
573524 512 0 24728723909872
574036 512 0 24728724165873
574548 512 0 24728724421874
575060 512 0 24728724677875
575572 512 0 24728724933876
576084 512 0 24728725189877
576596 512 0 24728725445879
577108 512 0 24728725701880
577620 512 0 24728725957881
578132 512 0 24728726213882
578644 512 0 24728726469883
579156 512 0 24728726725884
579668 512 0 24728726981885
580180 512 0 24728727237886
580692 512 0 24728727493887
581204 512 0 24728727749888
581716 512 0 24728728005889
582228 512 0 24728728261889
582740 512 0 24728728517890
583252 512 0 24728728773891
583764 512 0 24728729029892
584276 512 0 24728729285893
584788 512 0 24728729541894
585300 512 0 24728729797895
585812 512 0 24728730053896
586324 512 0 24728730309898
586836 512 0 24728730565899
587348 512 0 24728730821900
587860 512 0 24728731077901
588372 512 0 24728731333902
588884 512 0 24728731589903
589396 512 0 24728731845904
589908 512 0 24728732101905
590420 512 0 24728732357906
590932 512 0 24728732613907
591444 512 0 24728732869908
591956 512 0 24728733125909
592468 512 0 24728733381910
592980 512 0 24728733637911
593492 512 0 24728733893912
594004 512 0 24728734149914
594516 512 0 24728734405915
595028 512 0 24728734661916
595540 512 0 24728734917917
596052 512 0 24728735173918
596564 512 0 24728735429919
597076 512 0 24728735685920
597588 512 0 24728735941921
598100 512 0 24728736197922
598612 512 0 24728736453925
599124 512 0 24728736709926
599636 512 0 24728736965927
600148 512 0 24728737221929
600660 512 0 24728737477930
601172 512 0 24728737733931
601684 512 0 24728737989932
602196 512 0 24728738245933
602708 512 0 24728738501934
603220 512 0 24728738757935
603732 512 0 24728739013936
604244 512 0 24728739269937
604756 512 0 24728739525938
605268 512 0 24728739781939
605780 512 0 24728740037940
606292 512 0 24728740293941
606804 512 0 24728740549943
607316 512 0 24728740805945
607828 512 0 24728741061946
608340 512 0 24728741317947
608852 512 0 24728741573948
609364 512 0 24728741829949
609876 512 0 24728742085950
610388 512 0 24728742341951
610900 512 0 24728742597952
611412 512 0 24728742853953
611924 512 0 24728743109954
612436 512 0 24728743365955
612948 512 0 24728743621956
613460 512 0 24728743877957
613972 512 0 24728744133958
614484 512 0 24728744389960
614996 512 0 24728744645960
615508 512 0 24728744901961
616020 512 0 24728745157963
616532 512 0 24728745413964
617044 512 0 24728745669965
617556 512 0 24728745925966
618068 512 0 24728746181967
618580 512 0 24728746437968
619092 512 0 24728746693969
619604 512 0 24728746949970
620116 512 0 24728747205971
620628 512 0 24728747461972
621140 512 0 24728747717973
621652 512 0 24728747973974
622164 512 0 24728748229975
622676 512 0 24728748485977
623188 512 0 24728748741980
623700 512 0 24728748997981
624212 512 0 24728749253982
624724 512 0 24728749509983
625236 512 0 24728749765984
625748 512 0 24728750021985
626260 512 0 24728750277986
626772 512 0 24728750533987
627284 512 0 24728750789988
627796 512 0 24728751045989
628308 512 0 24728751301990
628820 512 0 24728751557992
629332 512 0 24728751813993
629844 512 0 24728752069994
630356 512 0 24728752325995
630868 512 0 24728752581996
631380 512 0 24728752837998
631892 512 0 24728753093999
632404 512 0 24728753350000
632916 512 0 24728753606001
633428 512 0 24728753862002
633940 512 0 24728754118003
634452 512 0 24728754374004
634964 512 0 24728754630005
635476 512 0 24728754886006
635988 512 0 24728755142007
636500 512 0 24728755398009
637012 512 0 24728755654010
637524 512 0 24728755910011
638036 512 0 24728756166012
638548 512 0 24728756422013
639060 512 0 24728756678014
639572 512 0 24728756934015
640084 512 0 24728757190016
640596 512 0 24728757446017
641108 512 0 24728757702018
641620 512 0 24728757958019
642132 512 0 24728758214020
642644 512 0 24728758470021
643156 512 0 24728758726022
643668 512 0 24728758982023
644180 512 0 24728759238024
644692 512 0 24728759494026
645204 512 0 24728759750027
645716 512 0 24728760006028
646228 512 0 24728760262029
646740 512 0 24728760518030
647252 512 0 24728760774031
647764 512 0 24728761030032
648276 512 0 24728761286033
648788 512 0 24728761542034
649300 512 0 24728761798035
649812 512 0 24728762054036
650324 512 0 24728762310037
650836 512 0 24728762566038
651348 512 0 24728762822039
651860 512 0 24728763078040
652372 512 0 24728763334041
652884 512 0 24728763590042
653396 512 0 24728763846044
653908 512 0 24728764102045
654420 512 0 24728764358046
654932 512 0 24728764614047
655444 512 0 24728764870048
655956 512 0 24728765126047
656468 512 0 24728765382049
656980 512 0 24728765638050
657492 512 0 24728765894051
658004 512 0 24728766150052
658516 512 0 24728766406053
659028 512 0 24728766662054
659540 512 0 24728766918055
660052 512 0 24728767174056
660564 512 0 24728767430057
661076 512 0 24728767686058
661588 512 0 24728767942059
662100 512 0 24728768198060
662612 512 0 24728768454061
663124 512 0 24728768710063
663636 512 0 24728768966064
664148 512 0 24728769222064
664660 512 0 24728769478066
665172 512 0 24728769734067
665684 512 0 24728769990068
666196 512 0 24728770246069
666708 512 0 24728770502070
667220 512 0 24728770758071
667732 512 0 24728771014072
668244 512 0 24728771270073
668756 512 0 24728771526074
669268 512 0 24728771782075
669780 512 0 24728772038076
670292 512 0 24728772294077
670804 512 0 24728772550078
671316 512 0 24728772806079
671828 512 0 24728773062081
672340 512 0 24728773318084
672852 512 0 24728773574085
673364 512 0 24728773830086
673876 512 0 24728774086087
674388 512 0 24728774342088
674900 512 0 24728774598089
675412 512 0 24728774854090
675924 512 0 24728775110091
676436 512 0 24728775366092
676948 512 0 24728775622093
677460 512 0 24728775878094
677972 512 0 24728776134096
678484 512 0 24728776390097
678996 512 0 24728776646098
679508 512 0 24728776902099
680020 512 0 24728777158100
680532 512 0 24728777414101
681044 512 0 24728777670102
681556 512 0 24728777926103
682068 512 0 24728778182104
682580 512 0 24728778438105
683092 512 0 24728778694106
683604 512 0 24728778950107
684116 512 0 24728779206108
684628 512 0 24728779462109
685140 512 0 24728779718110
685652 512 0 24728779974111
686164 512 0 24728780230113
686676 512 0 24728780486114
687188 512 0 24728780742115
687700 512 0 24728780998116
688212 512 0 24728781254117
688724 512 0 24728781510118
689236 512 0 24728781766119
689748 512 0 24728782022120
690260 512 0 24728782278121
690772 512 0 24728782534122
691284 512 0 24728782790123
691796 512 0 24728783046124
692308 512 0 24728783302125
692820 512 0 24728783558126
693332 512 0 24728783814127
693844 512 0 24728784070128
694356 512 0 24728784326129
694868 512 0 24728784582131
695380 512 0 24728784838132
695892 512 0 24728785094133
696404 512 0 24728785350134
696916 512 0 24728785606137
697428 512 0 24728785862138
697940 512 0 24728786118139
698452 512 0 24728786374140
698964 512 0 24728786630141
699476 512 0 24728786886142
699988 512 0 24728787142143
700500 512 0 24728787398144
701012 512 0 24728787654145
701524 512 0 24728787910147
702036 512 0 24728788166148
702548 512 0 24728788422149
703060 512 0 24728788678150
703572 512 0 24728788934151
704084 512 0 24728789190152
704596 512 0 24728789446153
705108 512 0 24728789702154
705620 512 0 24728789958155
706132 512 0 24728790214156
706644 512 0 24728790470157
707156 512 0 24728790726158
707668 512 0 24728790982159
708180 512 0 24728791238160
708692 512 0 24728791494161
709204 512 0 24728791750162
709716 512 0 24728792006163
710228 512 0 24728792262165
710740 512 0 24728792518166
711252 512 0 24728792774167
711764 512 0 24728793030168
712276 512 0 24728793286169
712788 512 0 24728793542170
713300 512 0 24728793798170
713812 512 0 24728794054171
714324 512 0 24728794310172
714836 512 0 24728794566173
715348 512 0 24728794822174
715860 512 0 24728795078175
716372 512 0 24728795334176
716884 512 0 24728795590177
717396 512 0 24728795846178
717908 512 0 24728796102179
718420 512 0 24728796358180
718932 512 0 24728796614181
719444 512 0 24728796870182
719956 512 0 24728797126184
720468 512 0 24728797382185
720980 512 0 24728797638186
721492 512 0 24728797894189
722004 512 0 24728798150190
722516 512 0 24728798406191
723028 512 0 24728798662192
723540 512 0 24728798918193
724052 512 0 24728799174194
724564 512 0 24728799430195
725076 512 0 24728799686196
725588 512 0 24728799942197
726100 512 0 24728800198199
726612 512 0 24728800454200
727124 512 0 24728800710201
727636 512 0 24728800966202
728148 512 0 24728801222203
728660 512 0 24728801478204
729172 512 0 24728801734205
729684 512 0 24728801990206
730196 512 0 24728802246207
730708 512 0 24728802502208
731220 512 0 24728802758209
731732 512 0 24728803014210
732244 512 0 24728803270211
732756 512 0 24728803526212
733268 512 0 24728803782213
733780 512 0 24728804038214
734292 512 0 24728804294215
734804 512 0 24728804550217
735316 512 0 24728804806218
735828 512 0 24728805062219
736340 512 0 24728805318220
736852 512 0 24728805574221
737364 512 0 24728805830222
737876 512 0 24728806086224
738388 512 0 24728806342225
738900 512 0 24728806598226
739412 512 0 24728806854227
739924 512 0 24728807110228
740436 512 0 24728807366229
740948 512 0 24728807622230
741460 512 0 24728807878231
741972 512 0 24728808134232
742484 512 0 24728808390234
742996 512 0 24728808646235
743508 512 0 24728808902236
744020 512 0 24728809158237
744532 512 0 24728809414238
745044 512 0 24728809670239
745556 512 0 24728809926240
746068 512 0 24728810182241
746580 512 0 24728810438242
747092 512 0 24728810694243
747604 512 0 24728810950244
748116 512 0 24728811206245
748628 512 0 24728811462246
749140 512 0 24728811718247
749652 512 0 24728811974248
750164 512 0 24728812230249
750676 512 0 24728812486250
751188 512 0 24728812742252
751700 512 0 24728812998253
752212 512 0 24728813254254
752724 512 0 24728813510255
753236 512 0 24728813766256
753748 512 0 24728814022257
754260 512 0 24728814278259
754772 512 0 24728814534260
755284 512 0 24728814790261
755796 512 0 24728815046262
756308 512 0 24728815302263
756820 512 0 24728815558264
757332 512 0 24728815814265
757844 512 0 24728816070266
758356 512 0 24728816326267
758868 512 0 24728816582269
759380 512 0 24728816838270
759892 512 0 24728817094271
760404 512 0 24728817350272
760916 512 0 24728817606273
761428 512 0 24728817862274
761940 512 0 24728818118275
762452 512 0 24728818374278
762964 512 0 24728818630279
763476 512 0 24728818886280
763988 512 0 24728819142281
764500 512 0 24728819398282
765012 512 0 24728819654283
765524 512 0 24728819910285
766036 512 0 24728820166286
766548 512 0 24728820422287
767060 512 0 24728820678288
767572 512 0 24728820934289
768084 512 0 24728821190290
768596 512 0 24728821446291
769108 512 0 24728821702292
769620 512 0 24728821958293
770132 512 0 24728822214294
770644 512 0 24728822470295
771156 512 0 24728822726296
771668 512 0 24728822982297
772180 512 0 24728823238298
772692 512 0 24728823494299
773204 512 0 24728823750300
773716 512 0 24728824006301
774228 512 0 24728824262303
774740 512 0 24728824518304
775252 512 0 24728824774305
775764 512 0 24728825030306
776276 512 0 24728825286307
776788 512 0 24728825542308
777300 512 0 24728825798309
777812 512 0 24728826054310
778324 512 0 24728826310311
778836 512 0 24728826566312
779348 512 0 24728826822313
779860 512 0 24728827078314
780372 512 0 24728827334315
780884 512 0 24728827590316
781396 512 0 24728827846317
781908 512 0 24728828102318
782420 512 0 24728828358319
782932 512 0 24728828614321
783444 512 0 24728828870322
783956 512 0 24728829126323
784468 512 0 24728829382324
784980 512 0 24728829638325
785492 512 0 24728829894326
786004 512 0 24728830150327
786516 512 0 24728830406328
787028 512 0 24728830662332
787540 512 0 24728830918333
788052 512 0 24728831174334
788564 512 0 24728831430335
789076 512 0 24728831686336
789588 512 0 24728831942338
790100 512 0 24728832198339
790612 512 0 24728832454340
791124 512 0 24728832710341
791636 512 0 24728832966342
792148 512 0 24728833222343
792660 512 0 24728833478344
793172 512 0 24728833734345
793684 512 0 24728833990346
794196 512 0 24728834246348
794708 512 0 24728834502349
795220 512 0 24728834758349
795732 512 0 24728835014350
796244 512 0 24728835270351
796756 512 0 24728835526352
797268 512 0 24728835782353
797780 512 0 24728836038354
798292 512 0 24728836294356
798804 512 0 24728836550357
799316 512 0 24728836806358
799828 512 0 24728837062359
800340 512 0 24728837318360
800852 512 0 24728837574361
801364 512 0 24728837830362
801876 512 0 24728838086363
802388 512 0 24728838342364
802900 512 0 24728838598366
803412 512 0 24728838854367
803924 512 0 24728839110368
804436 512 0 24728839366369
804948 512 0 24728839622370
805460 512 0 24728839878371
805972 512 0 24728840134373
806484 512 0 24728840390374
806996 512 0 24728840646375
807508 512 0 24728840902376
808020 512 0 24728841158377
808532 512 0 24728841414378
809044 512 0 24728841670379
809556 512 0 24728841926380
810068 512 0 24728842182381
810580 512 0 24728842438383
811092 512 0 24728842694384
811604 512 0 24728842950387
812116 512 0 24728843206388
812628 512 0 24728843462389
813140 512 0 24728843718391
813652 512 0 24728843974392
814164 512 0 24728844230393
814676 512 0 24728844486394
815188 512 0 24728844742395
815700 512 0 24728844998396
816212 512 0 24728845254397
816724 512 0 24728845510398
817236 512 0 24728845766400
817748 512 0 24728846022401
818260 512 0 24728846278402
818772 512 0 24728846534403
819284 512 0 24728846790404
819796 512 0 24728847046405
820308 512 0 24728847302406
820820 512 0 24728847558407
821332 512 0 24728847814409
821844 512 0 24728848070410
822356 512 0 24728848326411
822868 512 0 24728848582412
823380 512 0 24728848838413
823892 512 0 24728849094414
824404 512 0 24728849350415
824916 512 0 24728849606416
825428 512 0 24728849862418
825940 512 0 24728850118419
826452 512 0 24728850374420
826964 512 0 24728850630421
827476 512 0 24728850886422
827988 512 0 24728851142423
828500 512 0 24728851398424
829012 512 0 24728851654426
829524 512 0 24728851910427
830036 512 0 24728852166428
830548 512 0 24728852422429
831060 512 0 24728852678430
831572 512 0 24728852934431
832084 512 0 24728853190432
832596 512 0 24728853446433
833108 512 0 24728853702434
833620 512 0 24728853958436
834132 512 0 24728854214437
834644 512 0 24728854470438
835156 512 0 24728854726439
835668 512 0 24728854982440
836180 512 0 24728855238440
836692 512 0 24728855494441
837204 512 0 24728855750442
837716 512 0 24728856006444
838228 512 0 24728856262445
838740 512 0 24728856518446
839252 512 0 24728856774447
839764 512 0 24728857030448
840276 512 0 24728857286449
840788 512 0 24728857542450
841300 512 0 24728857798451
841812 512 0 24728858054452
842324 512 0 24728858310454
842836 512 0 24728858566455
843348 512 0 24728858822456
843860 512 0 24728859078457
844372 512 0 24728859334458
844884 512 0 24728859590459
845396 512 0 24728859846460
845908 512 0 24728860102462
846420 512 0 24728860358463
846932 512 0 24728860614464
847444 512 0 24728860870465
847956 512 0 24728861126466
848468 512 0 24728861382467
848980 512 0 24728861638468
849492 512 0 24728861894469
850004 512 0 24728862150470
850516 512 0 24728862406472
851028 512 0 24728862662473
851540 512 0 24728862918474
852052 512 0 24728863174475
852564 512 0 24728863430475
853076 512 0 24728863686476
853588 512 0 24728863942477
854100 512 0 24728864198478
854612 512 0 24728864454480
855124 512 0 24728864710481
855636 512 0 24728864966482
856148 512 0 24728865222483
856660 512 0 24728865478484
857172 512 0 24728865734485
857684 512 0 24728865990486
858196 512 0 24728866246487
858708 512 0 24728866502488
859220 512 0 24728866758490
859732 512 0 24728867014491
860244 512 0 24728867270492
860756 512 0 24728867526492
861268 512 0 24728867782493
861780 512 0 24728868038494
862292 512 0 24728868294495
862804 512 0 24728868550496
863316 512 0 24728868806498
9416 512 0 24728886223586
9928 512 0 24728886502226
10440 512 0 24728886780865
10952 512 0 24728887059505
11464 512 0 24728887338144
11976 512 0 24728887616784
12488 512 0 24728887895423
13000 512 0 24728888174062
13512 512 0 24728888452702
14024 512 0 24728888731341
14536 512 0 24728889009981
15048 512 0 24728889288620
15560 512 0 24728889567260
16072 512 0 24728889845899
16584 512 0 24728890124539
17096 512 0 24728890403178
17608 512 0 24728890681817
18120 512 0 24728890960457
18632 512 0 24728891239096
19144 512 0 24728891517736
19656 512 0 24728891796375
20168 512 0 24728892075015
20680 512 0 24728892353654
21192 512 0 24728892632293
21704 512 0 24728892910933
22216 512 0 24728893189572
22728 512 0 24728893468212
23240 512 0 24728893746851
23752 512 0 24728894025491
24264 512 0 24728894304130
24776 512 0 24728894582770
25288 512 0 24728894861418
25800 512 0 24728895140058
26312 512 0 24728895418697
26824 512 0 24728895697337
27336 512 0 24728895975977
27848 512 0 24728896254616
28360 512 0 24728896533256
28872 512 0 24728896811896
29384 512 0 24728897090535
29896 512 0 24728897369175
30408 512 0 24728897647815
30920 512 0 24728897926454
31432 512 0 24728898205094
31944 512 0 24728898483734
32456 512 0 24728898762373
32968 512 0 24728899041013
33480 512 0 24728899319670
33992 512 0 24728899598310
34504 512 0 24728899876950
35016 512 0 24728900155590
35528 512 0 24728900434230
36040 512 0 24728900712870
36552 512 0 24728900991510
37064 512 0 24728901270150
37576 512 0 24728901548790
38088 512 0 24728901827431
38600 512 0 24728902106071
39112 512 0 24728902384711
39624 512 0 24728902663351
40136 512 0 24728902941991
40648 512 0 24728903220631
41160 512 0 24728903499271
41672 512 0 24728903777921
42184 512 0 24728904056561
42696 512 0 24728904335202
43208 512 0 24728904613842
43720 512 0 24728904892482
44232 512 0 24728905171123
44744 512 0 24728905449763
45256 512 0 24728905728403
45768 512 0 24728906007043
46280 512 0 24728906285684
46792 512 0 24728906564324
47304 512 0 24728906842964
47816 512 0 24728907121605
48328 512 0 24728907400245
48840 512 0 24728907678885
49352 512 0 24728907957526
49864 512 0 24728908236169
50376 512 0 24728908514810
50888 512 0 24728908793450
51400 512 0 24728909072090
51912 512 0 24728909350731
52424 512 0 24728909629371
52936 512 0 24728909908011
53448 512 0 24728910186652
53960 512 0 24728910465292
54472 512 0 24728910743933
54984 512 0 24728911022573
55496 512 0 24728911301213
56008 512 0 24728911579854
56520 512 0 24728911858494
57032 512 0 24728912137134
57544 512 0 24728912415775
58056 512 0 24728912694421
58568 512 0 24728912973062
59080 512 0 24728913251702
59592 512 0 24728913530343
60104 512 0 24728913808983
60616 512 0 24728914087624
61128 512 0 24728914366264
61640 512 0 24728914644905
62152 512 0 24728914923545
62664 512 0 24728915202186
63176 512 0 24728915480826
63688 512 0 24728915759467
64200 512 0 24728916038107
64712 512 0 24728916316748
65224 512 0 24728916595388
65736 512 0 24728916874029
66248 512 0 24728917152671
66760 512 0 24728917431311
67272 512 0 24728917709952
67784 512 0 24728917988593
68296 512 0 24728918267233
68808 512 0 24728918545874
69320 512 0 24728918824514
69832 512 0 24728919103155
70344 512 0 24728919381795
70856 512 0 24728919660436
71368 512 0 24728919939076
71880 512 0 24728920217717
72392 512 0 24728920496357
72904 512 0 24728920774998
73416 512 0 24728921053638
73928 512 0 24728921332279
74440 512 0 24728921610920
74952 512 0 24728921889561
75464 512 0 24728922168201
75976 512 0 24728922446842
76488 512 0 24728922725482
77000 512 0 24728923004123
77512 512 0 24728923282763
78024 512 0 24728923561404
78536 512 0 24728923840044
79048 512 0 24728924118685
79560 512 0 24728924397325
80072 512 0 24728924675966
80584 512 0 24728924954607
81096 512 0 24728925233247
81608 512 0 24728925511888
82120 512 0 24728925790528
82632 512 0 24728926069169
83144 512 0 24728926347810
83656 512 0 24728926626450
84168 512 0 24728926905091
84680 512 0 24728927183731
85192 512 0 24728927462372
85704 512 0 24728927741012
86216 512 0 24728928019653
86728 512 0 24728928298294
87240 512 0 24728928576934
87752 512 0 24728928855575
88264 512 0 24728929134215
88776 512 0 24728929412856
89288 512 0 24728929691496
89800 512 0 24728929970137
90312 512 0 24728930248777
90824 512 0 24728930527418
91336 512 0 24728930806059
91848 512 0 24728931084699
92360 512 0 24728931363340
92872 512 0 24728931641980
93384 512 0 24728931920621
93896 512 0 24728932199262
94408 512 0 24728932477902
94920 512 0 24728932756543
95432 512 0 24728933035183
95944 512 0 24728933313824
96456 512 0 24728933592464
96968 512 0 24728933871105
97480 512 0 24728934149745
97992 512 0 24728934428386
98504 512 0 24728934707027
99016 512 0 24728934985669
99528 512 0 24728935264309
100040 512 0 24728935542950
100552 512 0 24728935821590
101064 512 0 24728936100231
101576 512 0 24728936378871
102088 512 0 24728936657512
102600 512 0 24728936936153
103112 512 0 24728937214793
103624 512 0 24728937493434
104136 512 0 24728937772074
104648 512 0 24728938050715
105160 512 0 24728938329355
105672 512 0 24728938607996
106184 512 0 24728938886637
106696 512 0 24728939165277
107208 512 0 24728939443918
107720 512 0 24728939722558
108232 512 0 24728940001199
108744 512 0 24728940279839
109256 512 0 24728940558480
109768 512 0 24728940837120
110280 512 0 24728941115761
110792 512 0 24728941394402
111304 512 0 24728941673042
111816 512 0 24728941951683
112328 512 0 24728942230323
112840 512 0 24728942508964
113352 512 0 24728942787604
113864 512 0 24728943066245
114376 512 0 24728943344886
114888 512 0 24728943623526
115400 512 0 24728943902167
115912 512 0 24728944180807
116424 512 0 24728944459448
116936 512 0 24728944738088
117448 512 0 24728945016729
117960 512 0 24728945295369
118472 512 0 24728945574010
118984 512 0 24728945852651
119496 512 0 24728946131291
120008 512 0 24728946409932
120520 512 0 24728946688572
121032 512 0 24728946967213
121544 512 0 24728947245853
122056 512 0 24728947524494
122568 512 0 24728947803135
123080 512 0 24728948081775
123592 512 0 24728948360416
124104 512 0 24728948639056
124616 512 0 24728948917697
125128 512 0 24728949196337
125640 512 0 24728949474978
126152 512 0 24728949753618
126664 512 0 24728950032259
127176 512 0 24728950310900
127688 512 0 24728950589540
128200 512 0 24728950868181
128712 512 0 24728951146821
129224 512 0 24728951425462
129736 512 0 24728951704102
130248 512 0 24728951982743
130760 512 0 24728952261383
131272 512 0 24728952540024
131784 512 0 24728952818665
132296 512 0 24728953097305
132808 512 0 24728953375946
133320 512 0 24728953654586
133832 512 0 24728953933227
134344 512 0 24728954211867
134856 512 0 24728954490508
135368 512 0 24728954769149
135880 512 0 24728955047789
136392 512 0 24728955326430
136904 512 0 24728955605070
137416 512 0 24728955883711
137928 512 0 24728956162351
138440 512 0 24728956440992
138952 512 0 24728956719632
139464 512 0 24728956998273
139976 512 0 24728957276917
140488 512 0 24728957555557
141000 512 0 24728957834198
141512 512 0 24728958112839
142024 512 0 24728958391479
142536 512 0 24728958670120
143048 512 0 24728958948760
143560 512 0 24728959227401
144072 512 0 24728959506042
144584 512 0 24728959784682
145096 512 0 24728960063323
145608 512 0 24728960341963
146120 512 0 24728960620604
146632 512 0 24728960899244
147144 512 0 24728961177885
147656 512 0 24728961456526
148168 512 0 24728961735166
148680 512 0 24728962013806
149192 512 0 24728962292447
149704 512 0 24728962571088
150216 512 0 24728962849728
150728 512 0 24728963128369
151240 512 0 24728963407009
151752 512 0 24728963685650
152264 512 0 24728963964290
152776 512 0 24728964242931
153288 512 0 24728964521572
153800 512 0 24728964800212
154312 512 0 24728965078853
154824 512 0 24728965357493
155336 512 0 24728965636134
155848 512 0 24728965914775
156360 512 0 24728966193416
156872 512 0 24728966472057
157384 512 0 24728966750697
157896 512 0 24728967029338
158408 512 0 24728967307978
158920 512 0 24728967586619
159432 512 0 24728967865259
159944 512 0 24728968143900
160456 512 0 24728968422541
160968 512 0 24728968701181
161480 512 0 24728968979822
161992 512 0 24728969258462
162504 512 0 24728969537103
163016 512 0 24728969815744
163528 512 0 24728970094384
164040 512 0 24728970373025
164552 512 0 24728970651665
165064 512 0 24728970930305
165576 512 0 24728971208946
166088 512 0 24728971487587
166600 512 0 24728971766227
167112 512 0 24728972044868
167624 512 0 24728972323508
168136 512 0 24728972602149
168648 512 0 24728972880790
169160 512 0 24728973159430
169672 512 0 24728973438071
170184 512 0 24728973716711
170696 512 0 24728973995352
171208 512 0 24728974273992
171720 512 0 24728974552633
172232 512 0 24728974831274
172744 512 0 24728975109914
173256 512 0 24728975388554
173768 512 0 24728975667195
174280 512 0 24728975945836
174792 512 0 24728976224476
175304 512 0 24728976503117
175816 512 0 24728976781757
176328 512 0 24728977060398
176840 512 0 24728977339038
177352 512 0 24728977617679
177864 512 0 24728977896320
178376 512 0 24728978174960
178888 512 0 24728978453601
179400 512 0 24728978732241
179912 512 0 24728979010882
180424 512 0 24728979289523
180936 512 0 24728979568164
181448 512 0 24728979846805
181960 512 0 24728980125445
182472 512 0 24728980404086
182984 512 0 24728980682726
183496 512 0 24728980961367
184008 512 0 24728981240007
184520 512 0 24728981518648
185032 512 0 24728981797289
185544 512 0 24728982075929
186056 512 0 24728982354570
186568 512 0 24728982633210
187080 512 0 24728982911851
187592 512 0 24728983190492
188104 512 0 24728983469132
188616 512 0 24728983747773
189128 512 0 24728984026413
189640 512 0 24728984305053
190152 512 0 24728984583694
190664 512 0 24728984862335
191176 512 0 24728985140975
191688 512 0 24728985419616
192200 512 0 24728985698256
192712 512 0 24728985976897
193224 512 0 24728986255538
193736 512 0 24728986534178
194248 512 0 24728986812819
194760 512 0 24728987091459
195272 512 0 24728987370100
195784 512 0 24728987648740
196296 512 0 24728987927381
196808 512 0 24728988206022
197320 512 0 24728988484663
197832 512 0 24728988763304
198344 512 0 24728989041944
198856 512 0 24728989320585
199368 512 0 24728989599225
199880 512 0 24728989877866
200392 512 0 24728990156506
200904 512 0 24728990435147
201416 512 0 24728990713788
201928 512 0 24728990992428
202440 512 0 24728991271069
202952 512 0 24728991549709
203464 512 0 24728991828350
203976 512 0 24728992106991
204488 512 0 24728992385631
205000 512 0 24728992664272
205512 512 0 24728992942912
206024 512 0 24728993221553
206536 512 0 24728993500193
207048 512 0 24728993778834
207560 512 0 24728994057474
208072 512 0 24728994336115
208584 512 0 24728994614755
209096 512 0 24728994893396
209608 512 0 24728995172037
210120 512 0 24728995450677
210632 512 0 24728995729318
211144 512 0 24728996007958
211656 512 0 24728996286599
212168 512 0 24728996565240
212680 512 0 24728996843880
213192 512 0 24728997122521
213704 512 0 24728997401161
214216 512 0 24728997679801
214728 512 0 24728997958442
215240 512 0 24728998237083
215752 512 0 24728998515723
216264 512 0 24728998794364
216776 512 0 24728999073004
217288 512 0 24728999351645
217800 512 0 24728999630286
218312 512 0 24728999908926
218824 512 0 24729000187567
219336 512 0 24729000466207
219848 512 0 24729000744848
220360 512 0 24729001023488
220872 512 0 24729001302129
221384 512 0 24729001580770
221896 512 0 24729001859411
222408 512 0 24729002138052
222920 512 0 24729002416692
223432 512 0 24729002695333
223944 512 0 24729002973973
224456 512 0 24729003252614
224968 512 0 24729003531254
225480 512 0 24729003809895
225992 512 0 24729004088536
226504 512 0 24729004367176
227016 512 0 24729004645817
227528 512 0 24729004924457
228040 512 0 24729005203098
228552 512 0 24729005481739
229064 512 0 24729005760379
229576 512 0 24729006039020
230088 512 0 24729006317661
230600 512 0 24729006596302
231112 512 0 24729006874942
231624 512 0 24729007153583
232136 512 0 24729007432223
232648 512 0 24729007710864
233160 512 0 24729007989505
233672 512 0 24729008268145
234184 512 0 24729008546786
234696 512 0 24729008825426
235208 512 0 24729009104067
235720 512 0 24729009382708
236232 512 0 24729009661348
236744 512 0 24729009939989
237256 512 0 24729010218629
237768 512 0 24729010497270
238280 512 0 24729010775910
238792 512 0 24729011054551
239304 512 0 24729011333191
239816 512 0 24729011611832
240328 512 0 24729011890472
240840 512 0 24729012169113
241352 512 0 24729012447753
241864 512 0 24729012726394
242376 512 0 24729013005035
242888 512 0 24729013283675
243400 512 0 24729013562316
243912 512 0 24729013840956
244424 512 0 24729014119597
244936 512 0 24729014398238
245448 512 0 24729014676878
245960 512 0 24729014955519
246472 512 0 24729015234160
246984 512 0 24729015512801
247496 512 0 24729015791441
248008 512 0 24729016070082
248520 512 0 24729016348722
249032 512 0 24729016627363
249544 512 0 24729016906004
250056 512 0 24729017184644
250568 512 0 24729017463285
251080 512 0 24729017741925
251592 512 0 24729018020566
252104 512 0 24729018299207
252616 512 0 24729018577847
253128 512 0 24729018856488
253640 512 0 24729019135128
254152 512 0 24729019413769
254664 512 0 24729019692410
255176 512 0 24729019971051
255688 512 0 24729020249691
256200 512 0 24729020528332
256712 512 0 24729020806972
257224 512 0 24729021085613
257736 512 0 24729021364254
258248 512 0 24729021642894
258760 512 0 24729021921535
259272 512 0 24729022200175
259784 512 0 24729022478816
260296 512 0 24729022757457
260808 512 0 24729023036097
261320 512 0 24729023314738
261832 512 0 24729023593378
262344 512 0 24729023872019
262856 512 0 24729024150659
263368 512 0 24729024429300
263880 512 0 24729024707940
264392 512 0 24729024986581
264904 512 0 24729025265221
265416 512 0 24729025543862
265928 512 0 24729025822503
266440 512 0 24729026101143
266952 512 0 24729026379784
267464 512 0 24729026658424
267976 512 0 24729026937065
268488 512 0 24729027215706
269000 512 0 24729027494346
269512 512 0 24729027772987
270024 512 0 24729028051627
270536 512 0 24729028330268
271048 512 0 24729028608908
271560 512 0 24729028887549
272072 512 0 24729029166189
272584 512 0 24729029444830
273096 512 0 24729029723470
273608 512 0 24729030002111
274120 512 0 24729030280752
274632 512 0 24729030559392
275144 512 0 24729030838033
275656 512 0 24729031116673
276168 512 0 24729031395314
276680 512 0 24729031673954
277192 512 0 24729031952595
277704 512 0 24729032231236
278216 512 0 24729032509876
278728 512 0 24729032788517
279240 512 0 24729033067158
279752 512 0 24729033345799
280264 512 0 24729033624439
280776 512 0 24729033903080
281288 512 0 24729034181720
281800 512 0 24729034460361
282312 512 0 24729034739002
282824 512 0 24729035017642
283336 512 0 24729035296283
283848 512 0 24729035574923
284360 512 0 24729035853564
284872 512 0 24729036132205
285384 512 0 24729036410845
285896 512 0 24729036689486
286408 512 0 24729036968126
286920 512 0 24729037246767
287432 512 0 24729037525407
287944 512 0 24729037804048
288456 512 0 24729038082688
288968 512 0 24729038361329
289480 512 0 24729038639969
289992 512 0 24729038918610
290504 512 0 24729039197251
291016 512 0 24729039475891
291528 512 0 24729039754532
292040 512 0 24729040033172
292552 512 0 24729040311813
293064 512 0 24729040590453
293576 512 0 24729040869094
294088 512 0 24729041147735
294600 512 0 24729041426375
295112 512 0 24729041705016
295624 512 0 24729041983658
296136 512 0 24729042262299
296648 512 0 24729042540939
297160 512 0 24729042819580
297672 512 0 24729043098221
298184 512 0 24729043376861
298696 512 0 24729043655502
299208 512 0 24729043934142
299720 512 0 24729044212783
300232 512 0 24729044491424
300744 512 0 24729044770064
301256 512 0 24729045048705
301768 512 0 24729045327345
302280 512 0 24729045605986
302792 512 0 24729045884627
303304 512 0 24729046163267
303816 512 0 24729046441907
304328 512 0 24729046720548
304840 512 0 24729046999188
305352 512 0 24729047277829
305864 512 0 24729047556469
306376 512 0 24729047835110
306888 512 0 24729048113751
307400 512 0 24729048392391
307912 512 0 24729048671032
308424 512 0 24729048949672
308936 512 0 24729049228313
309448 512 0 24729049506954
309960 512 0 24729049785594
310472 512 0 24729050064235
310984 512 0 24729050342875
311496 512 0 24729050621516
312008 512 0 24729050900156
312520 512 0 24729051178797
313032 512 0 24729051457437
313544 512 0 24729051736078
314056 512 0 24729052014718
314568 512 0 24729052293359
315080 512 0 24729052572000
315592 512 0 24729052850640
316104 512 0 24729053129281
316616 512 0 24729053407921
317128 512 0 24729053686562
317640 512 0 24729053965203
318152 512 0 24729054243843
318664 512 0 24729054522484
319176 512 0 24729054801124
319688 512 0 24729055079765
320200 512 0 24729055358406
320712 512 0 24729055637047
321224 512 0 24729055915687
321736 512 0 24729056194328
322248 512 0 24729056472968
322760 512 0 24729056751609
323272 512 0 24729057030250
323784 512 0 24729057308890
324296 512 0 24729057587531
324808 512 0 24729057866171
325320 512 0 24729058144812
325832 512 0 24729058423453
326344 512 0 24729058702093
326856 512 0 24729058980734
327368 512 0 24729059259374
327880 512 0 24729059538015
328392 512 0 24729059816655
328904 512 0 24729060095296
329416 512 0 24729060373936
329928 512 0 24729060652577
330440 512 0 24729060931217
330952 512 0 24729061209858
331464 512 0 24729061488499
331976 512 0 24729061767139
332488 512 0 24729062045780
333000 512 0 24729062324420
333512 512 0 24729062603061
334024 512 0 24729062881702
334536 512 0 24729063160342
335048 512 0 24729063438983
335560 512 0 24729063717623
336072 512 0 24729063996264
336584 512 0 24729064274904
337096 512 0 24729064553545
337608 512 0 24729064832185
338120 512 0 24729065110826
338632 512 0 24729065389466
339144 512 0 24729065668107
339656 512 0 24729065946748
340168 512 0 24729066225388
340680 512 0 24729066504029
341192 512 0 24729066782669
341704 512 0 24729067061310
342216 512 0 24729067339950
342728 512 0 24729067618591
343240 512 0 24729067897232
343752 512 0 24729068175872
344264 512 0 24729068454513
344776 512 0 24729068733153
345288 512 0 24729069011794
345800 512 0 24729069290434
346312 512 0 24729069569075
346824 512 0 24729069847715
347336 512 0 24729070126356
347848 512 0 24729070404996
348360 512 0 24729070683637
348872 512 0 24729070962278
349384 512 0 24729071240918
349896 512 0 24729071519559
350408 512 0 24729071798199
350920 512 0 24729072076840
351432 512 0 24729072355481
351944 512 0 24729072634121
352456 512 0 24729072912762
352968 512 0 24729073191402
353480 512 0 24729073470042
353992 512 0 24729073748683
354504 512 0 24729074027324
355016 512 0 24729074305964
355528 512 0 24729074584605
356040 512 0 24729074863245
356552 512 0 24729075141886
357064 512 0 24729075420527
357576 512 0 24729075699167
358088 512 0 24729075977808
358600 512 0 24729076256448
359112 512 0 24729076535089
359624 512 0 24729076813730
360136 512 0 24729077092370
360648 512 0 24729077371011
361160 512 0 24729077649652
361672 512 0 24729077928293
362184 512 0 24729078206933
362696 512 0 24729078485574
363208 512 0 24729078764214
363720 512 0 24729079042855
364232 512 0 24729079321496
364744 512 0 24729079600136
365256 512 0 24729079878777
365768 512 0 24729080157417
366280 512 0 24729080436058
366792 512 0 24729080714698
367304 512 0 24729080993339
367816 512 0 24729081271980
368328 512 0 24729081550620
368840 512 0 24729081829261
369352 512 0 24729082107901
369864 512 0 24729082386542
370376 512 0 24729082665182
370888 512 0 24729082943823
371400 512 0 24729083222463
371912 512 0 24729083501104
372424 512 0 24729083779744
372936 512 0 24729084058385
373448 512 0 24729084337026
373960 512 0 24729084615666
374472 512 0 24729084894307
374984 512 0 24729085172947
375496 512 0 24729085451588
376008 512 0 24729085730229
376520 512 0 24729086008869
377032 512 0 24729086287510
377544 512 0 24729086566150
378056 512 0 24729086844790
378568 512 0 24729087123431
379080 512 0 24729087402072
379592 512 0 24729087680712
380104 512 0 24729087959353
380616 512 0 24729088237993
381128 512 0 24729088516634
381640 512 0 24729088795275
382152 512 0 24729089073915
382664 512 0 24729089352556
383176 512 0 24729089631196
383688 512 0 24729089909837
384200 512 0 24729090188477
384712 512 0 24729090467118
385224 512 0 24729090745759
385736 512 0 24729091024400
386248 512 0 24729091303041
386760 512 0 24729091581681
387272 512 0 24729091860322
387784 512 0 24729092138962
388296 512 0 24729092417603
388808 512 0 24729092696243
389320 512 0 24729092974884
389832 512 0 24729093253525
390344 512 0 24729093532165
390856 512 0 24729093810806
391368 512 0 24729094089446
391880 512 0 24729094368087
392392 512 0 24729094646728
392904 512 0 24729094925368
393416 512 0 24729095204009
393928 512 0 24729095482649
394440 512 0 24729095761290
394952 512 0 24729096039930
395464 512 0 24729096318571
395976 512 0 24729096597211
396488 512 0 24729096875852
397000 512 0 24729097154492
397512 512 0 24729097433133
398024 512 0 24729097711774
398536 512 0 24729097990414
399048 512 0 24729098269055
399560 512 0 24729098547695
400072 512 0 24729098826336
400584 512 0 24729099104977
401096 512 0 24729099383617
401608 512 0 24729099662258
402120 512 0 24729099940898
402632 512 0 24729100219538
403144 512 0 24729100498179
403656 512 0 24729100776820
404168 512 0 24729101055460
404680 512 0 24729101334101
405192 512 0 24729101612741
405704 512 0 24729101891382
