136 512 0 24726778774656
648 512 0 24726779030656
1160 512 0 24726779286656
1672 512 0 24726779542656
2184 512 0 24726779798656
2696 512 0 24726780054656
3208 512 0 24726780310656
3720 512 0 24726780566656
4232 512 0 24726780822656
4744 512 0 24726781078656
5256 512 0 24726781334656
5768 512 0 24726781590656
6280 512 0 24726781846656
6792 512 0 24726782102656
7304 512 0 24726782358656
7816 512 0 24726782614656
8328 512 0 24726782870656
8840 512 0 24726783126656
9352 512 0 24726783382656
9864 512 0 24726783638656
10376 512 0 24726783894656
10888 512 0 24726784150656
11400 512 0 24726784406656
11912 512 0 24726784662656
12424 512 0 24726784918656
12936 512 0 24726785174656
13448 512 0 24726785430656
13960 512 0 24726785686656
14472 512 0 24726785942656
14984 512 0 24726786198656
15496 512 0 24726786454656
16008 512 0 24726786710656
16520 512 0 24726786966656
17032 512 0 24726787222656
17544 512 0 24726787478656
18056 512 0 24726787734656
18568 512 0 24726787990656
19080 512 0 24726788246656
19592 512 0 24726788502656
20104 512 0 24726788758656
20616 512 0 24726789014656
21128 512 0 24726789270656
21640 512 0 24726789526656
22152 512 0 24726789782656
22664 512 0 24726790038656
23176 512 0 24726790294656
23688 512 0 24726790550656
24200 512 0 24726790806656
24712 512 0 24726791062656
25224 512 0 24726791318656
25736 512 0 24726791574656
26248 512 0 24726791830656
26760 512 0 24726792086656
27272 512 0 24726792342656
27784 512 0 24726792598656
28296 512 0 24726792854656
28808 512 0 24726793110656
29320 512 0 24726793366656
29832 512 0 24726793622656
30344 512 0 24726793878656
30856 512 0 24726794134656
31368 512 0 24726794390656
31880 512 0 24726794646656
32392 512 0 24726794902656
32904 512 0 24726795158656
33416 512 0 24726795414656
33928 512 0 24726795670656
34440 512 0 24726795926656
34952 512 0 24726796182656
35464 512 0 24726796438656
35976 512 0 24726796694656
36488 512 0 24726796950656
37000 512 0 24726797206656
37512 512 0 24726797462656
38024 512 0 24726797718656
38536 512 0 24726797974656
39048 512 0 24726798230656
39560 512 0 24726798486656
40072 512 0 24726798742656
40584 512 0 24726798998656
41096 512 0 24726799254656
41608 512 0 24726799510656
42120 512 0 24726799766656
42632 512 0 24726800022656
43144 512 0 24726800278656
43656 512 0 24726800534656
44168 512 0 24726800790656
44680 512 0 24726801046656
45192 512 0 24726801302656
45704 512 0 24726801558656
46216 512 0 24726801814656
46728 512 0 24726802070656
47240 512 0 24726802326656
47752 512 0 24726802582656
48264 512 0 24726802838656
48776 512 0 24726803094656
49288 512 0 24726803350656
49800 512 0 24726803606656
50312 512 0 24726803862656
50824 512 0 24726804118656
51336 512 0 24726804374656
51848 512 0 24726804630656
52360 512 0 24726804886656
52872 512 0 24726805142656
53384 512 0 24726805398656
53896 512 0 24726805654656
54408 512 0 24726805910656
54920 512 0 24726806166656
55432 512 0 24726806422656
55944 512 0 24726806678656
56456 512 0 24726806934656
56968 512 0 24726807190656
57480 512 0 24726807446656
57992 512 0 24726807702656
58504 512 0 24726807958656
59016 512 0 24726808214656
59528 512 0 24726808470656
60040 512 0 24726808726656
60552 512 0 24726808982656
61064 512 0 24726809238656
61576 512 0 24726809494656
62088 512 0 24726809750656
62600 512 0 24726810006656
63112 512 0 24726810262656
63624 512 0 24726810518656
64136 512 0 24726810774656
64648 512 0 24726811030656
65160 512 0 24726811286656
65672 512 0 24726811542656
66184 512 0 24726811798656
66696 512 0 24726812054656
67208 512 0 24726812310656
67720 512 0 24726812566656
68232 512 0 24726812822656
68744 512 0 24726813078656
69256 512 0 24726813334656
69768 512 0 24726813590656
70280 512 0 24726813846656
70792 512 0 24726814102656
71304 512 0 24726814358656
71816 512 0 24726814614656
72328 512 0 24726814870656
72840 512 0 24726815126656
73352 512 0 24726815382656
73864 512 0 24726815638656
74376 512 0 24726815894656
74888 512 0 24726816150656
75400 512 0 24726816406656
75912 512 0 24726816662656
76424 512 0 24726816918656
76936 512 0 24726817174656
77448 512 0 24726817430656
77960 512 0 24726817686656
78472 512 0 24726817942656
78984 512 0 24726818198656
79496 512 0 24726818454656
80008 512 0 24726818710656
80520 512 0 24726818966656
81032 512 0 24726819222656
81544 512 0 24726819478656
82056 512 0 24726819734656
82568 512 0 24726819990656
83080 512 0 24726820246656
83592 512 0 24726820502656
84104 512 0 24726820758656
84616 512 0 24726821014656
85128 512 0 24726821270656
85640 512 0 24726821526656
86152 512 0 24726821782656
86664 512 0 24726822038656
87176 512 0 24726822294656
87688 512 0 24726822550656
88200 512 0 24726822806656
88712 512 0 24726823062656
89224 512 0 24726823318656
89736 512 0 24726823574656
90248 512 0 24726823830656
90760 512 0 24726824086656
91272 512 0 24726824342656
91784 512 0 24726824598656
92296 512 0 24726824854656
92808 512 0 24726825110656
93320 512 0 24726825366656
93832 512 0 24726825622656
94344 512 0 24726825878656
94856 512 0 24726826134656
95368 512 0 24726826390656
95880 512 0 24726826646656
96392 512 0 24726826902656
96904 512 0 24726827158656
97416 512 0 24726827414656
97928 512 0 24726827670671
98440 512 0 24726827926671
98952 512 0 24726828182671
99464 512 0 24726828438671
99976 512 0 24726828694672
100488 512 0 24726828950672
101000 512 0 24726829206672
101512 512 0 24726829462672
102024 512 0 24726829718672
102536 512 0 24726829974672
103048 512 0 24726830230672
103560 512 0 24726830486673
104072 512 0 24726830742673
104584 512 0 24726830998673
105096 512 0 24726831254673
105608 512 0 24726831510673
106120 512 0 24726831766673
106632 512 0 24726832022674
107144 512 0 24726832278674
107656 512 0 24726832534674
108168 512 0 24726832790674
108680 512 0 24726833046674
109192 512 0 24726833302674
109704 512 0 24726833558674
110216 512 0 24726833814675
110728 512 0 24726834070675
111240 512 0 24726834326675
111752 512 0 24726834582675
112264 512 0 24726834838675
112776 512 0 24726835094675
113288 512 0 24726835350676
113800 512 0 24726835606676
114312 512 0 24726835862718
114824 512 0 24726836118718
115336 512 0 24726836374719
115848 512 0 24726836630719
116360 512 0 24726836886720
116872 512 0 24726837142721
117384 512 0 24726837398721
117896 512 0 24726837654722
118408 512 0 24726837910722
118920 512 0 24726838166723
119432 512 0 24726838422724
119944 512 0 24726838678724
120456 512 0 24726838934725
120968 512 0 24726839190725
121480 512 0 24726839446726
121992 512 0 24726839702726
122504 512 0 24726839958727
123016 512 0 24726840214728
123528 512 0 24726840470728
124040 512 0 24726840726729
124552 512 0 24726840982729
125064 512 0 24726841238730
125576 512 0 24726841494731
126088 512 0 24726841750731
126600 512 0 24726842006732
127112 512 0 24726842262732
127624 512 0 24726842518733
128136 512 0 24726842774734
128648 512 0 24726843030734
129160 512 0 24726843286735
129672 512 0 24726843542735
130184 512 0 24726843798736
130696 512 0 24726844054753
131208 512 0 24726844310753
131720 512 0 24726844566754
132232 512 0 24726844822755
132744 512 0 24726845078756
133256 512 0 24726845334756
133768 512 0 24726845590757
134280 512 0 24726845846758
134792 512 0 24726846102758
135304 512 0 24726846358759
135816 512 0 24726846614760
136328 512 0 24726846870760
136840 512 0 24726847126761
137352 512 0 24726847382762
137864 512 0 24726847638762
138376 512 0 24726847894763
138888 512 0 24726848150764
139400 512 0 24726848406765
139912 512 0 24726848662765
140424 512 0 24726848918766
140936 512 0 24726849174767
141448 512 0 24726849430767
141960 512 0 24726849686768
142472 512 0 24726849942769
142984 512 0 24726850198769
143496 512 0 24726850454770
144008 512 0 24726850710771
144520 512 0 24726850966772
145032 512 0 24726851222772
145544 512 0 24726851478773
146056 512 0 24726851734774
146568 512 0 24726851990774
147080 512 0 24726852246788
147592 512 0 24726852502789
148104 512 0 24726852758790
148616 512 0 24726853014791
149128 512 0 24726853270791
149640 512 0 24726853526792
150152 512 0 24726853782793
150664 512 0 24726854038794
151176 512 0 24726854294795
151688 512 0 24726854550795
152200 512 0 24726854806796
152712 512 0 24726855062797
153224 512 0 24726855318798
153736 512 0 24726855574798
154248 512 0 24726855830799
154760 512 0 24726856086800
155272 512 0 24726856342801
155784 512 0 24726856598802
156296 512 0 24726856854802
156808 512 0 24726857110803
157320 512 0 24726857366804
157832 512 0 24726857622805
158344 512 0 24726857878806
158856 512 0 24726858134806
159368 512 0 24726858390807
159880 512 0 24726858646808
160392 512 0 24726858902809
160904 512 0 24726859158809
161416 512 0 24726859414810
161928 512 0 24726859670811
162440 512 0 24726859926812
162952 512 0 24726860182813
163464 512 0 24726860438823
163976 512 0 24726860694824
164488 512 0 24726860950825
165000 512 0 24726861206826
165512 512 0 24726861462827
166024 512 0 24726861718828
166536 512 0 24726861974828
167048 512 0 24726862230829
167560 512 0 24726862486830
168072 512 0 24726862742831
168584 512 0 24726862998832
169096 512 0 24726863254833
169608 512 0 24726863510833
170120 512 0 24726863766834
170632 512 0 24726864022835
171144 512 0 24726864278836
171656 512 0 24726864534837
172168 512 0 24726864790838
172680 512 0 24726865046838
173192 512 0 24726865302839
173704 512 0 24726865558840
174216 512 0 24726865814841
174728 512 0 24726866070842
175240 512 0 24726866326843
175752 512 0 24726866582844
176264 512 0 24726866838844
176776 512 0 24726867094845
177288 512 0 24726867350846
177800 512 0 24726867606847
178312 512 0 24726867862848
178824 512 0 24726868118849
179336 512 0 24726868374849
179848 512 0 24726868630858
180360 512 0 24726868886859
180872 512 0 24726869142860
181384 512 0 24726869398860
181896 512 0 24726869654861
182408 512 0 24726869910862
182920 512 0 24726870166863
183432 512 0 24726870422864
183944 512 0 24726870678865
184456 512 0 24726870934866
184968 512 0 24726871190867
185480 512 0 24726871446868
185992 512 0 24726871702868
186504 512 0 24726871958869
187016 512 0 24726872214870
187528 512 0 24726872470871
188040 512 0 24726872726872
188552 512 0 24726872982873
189064 512 0 24726873238874
189576 512 0 24726873494875
190088 512 0 24726873750876
190600 512 0 24726874006876
191112 512 0 24726874262877
191624 512 0 24726874518878
192136 512 0 24726874774879
192648 512 0 24726875030880
193160 512 0 24726875286881
193672 512 0 24726875542882
194184 512 0 24726875798883
194696 512 0 24726876054884
195208 512 0 24726876310884
195720 512 0 24726876566885
196232 512 0 24726876822892
196744 512 0 24726877078893
197256 512 0 24726877334894
197768 512 0 24726877590895
198280 512 0 24726877846896
198792 512 0 24726878102897
199304 512 0 24726878358897
199816 512 0 24726878614898
200328 512 0 24726878870899
200840 512 0 24726879126900
201352 512 0 24726879382901
201864 512 0 24726879638902
202376 512 0 24726879894903
202888 512 0 24726880150904
203400 512 0 24726880406905
203912 512 0 24726880662906
204424 512 0 24726880918907
204936 512 0 24726881174908
205448 512 0 24726881430909
205960 512 0 24726881686909
206472 512 0 24726881942910
206984 512 0 24726882198911
207496 512 0 24726882454912
208008 512 0 24726882710913
208520 512 0 24726882966914
209032 512 0 24726883222915
209544 512 0 24726883478916
210056 512 0 24726883734917
210568 512 0 24726883990918
211080 512 0 24726884246919
211592 512 0 24726884502920
212104 512 0 24726884758921
212616 512 0 24726885014927
213128 512 0 24726885270928
213640 512 0 24726885526929
214152 512 0 24726885782930
214664 512 0 24726886038931
215176 512 0 24726886294932
215688 512 0 24726886550933
216200 512 0 24726886806934
216712 512 0 24726887062935
217224 512 0 24726887318936
217736 512 0 24726887574937
218248 512 0 24726887830938
218760 512 0 24726888086939
219272 512 0 24726888342939
219784 512 0 24726888598940
220296 512 0 24726888854941
220808 512 0 24726889110942
221320 512 0 24726889366943
221832 512 0 24726889622944
222344 512 0 24726889878945
222856 512 0 24726890134946
223368 512 0 24726890390947
223880 512 0 24726890646948
224392 512 0 24726890902949
224904 512 0 24726891158950
225416 512 0 24726891414951
225928 512 0 24726891670952
226440 512 0 24726891926953
226952 512 0 24726892182954
227464 512 0 24726892438955
227976 512 0 24726892694956
228488 512 0 24726892950957
229000 512 0 24726893206961
229512 512 0 24726893462962
230024 512 0 24726893718963
230536 512 0 24726893974963
231048 512 0 24726894230964
231560 512 0 24726894486965
232072 512 0 24726894742966
232584 512 0 24726894998967
233096 512 0 24726895254968
233608 512 0 24726895510969
234120 512 0 24726895766970
234632 512 0 24726896022971
235144 512 0 24726896278972
235656 512 0 24726896534973
236168 512 0 24726896790974
236680 512 0 24726897046975
237192 512 0 24726897302976
237704 512 0 24726897558977
238216 512 0 24726897814978
238728 512 0 24726898070979
239240 512 0 24726898326980
239752 512 0 24726898582981
240264 512 0 24726898838982
240776 512 0 24726899094983
241288 512 0 24726899350984
241800 512 0 24726899606985
242312 512 0 24726899862986
242824 512 0 24726900118987
243336 512 0 24726900374988
243848 512 0 24726900630989
244360 512 0 24726900886990
244872 512 0 24726901142991
245384 512 0 24726901398994
245896 512 0 24726901654995
246408 512 0 24726901910996
246920 512 0 24726902166997
247432 512 0 24726902422998
247944 512 0 24726902678999
248456 512 0 24726902935000
248968 512 0 24726903191001
249480 512 0 24726903447002
249992 512 0 24726903703003
250504 512 0 24726903959004
251016 512 0 24726904215005
251528 512 0 24726904471006
252040 512 0 24726904727007
252552 512 0 24726904983008
253064 512 0 24726905239009
253576 512 0 24726905495010
254088 512 0 24726905751011
254600 512 0 24726906007012
255112 512 0 24726906263013
255624 512 0 24726906519014
256136 512 0 24726906775015
256648 512 0 24726907031016
257160 512 0 24726907287017
257672 512 0 24726907543018
258184 512 0 24726907799019
258696 512 0 24726908055020
259208 512 0 24726908311021
259720 512 0 24726908567022
260232 512 0 24726908823023
260744 512 0 24726909079024
261256 512 0 24726909335025
261768 512 0 24726909591028
262280 512 0 24726909847029
262792 512 0 24726910103030
263304 512 0 24726910359031
263816 512 0 24726910615032
264328 512 0 24726910871033
264840 512 0 24726911127034
265352 512 0 24726911383035
265864 512 0 24726911639036
266376 512 0 24726911895037
266888 512 0 24726912151038
267400 512 0 24726912407039
267912 512 0 24726912663040
268424 512 0 24726912919041
268936 512 0 24726913175042
269448 512 0 24726913431043
269960 512 0 24726913687044
270472 512 0 24726913943045
270984 512 0 24726914199046
271496 512 0 24726914455047
272008 512 0 24726914711048
272520 512 0 24726914967049
273032 512 0 24726915223050
273544 512 0 24726915479051
274056 512 0 24726915735052
274568 512 0 24726915991053
275080 512 0 24726916247054
275592 512 0 24726916503055
276104 512 0 24726916759056
276616 512 0 24726917015057
277128 512 0 24726917271058
277640 512 0 24726917527059
278152 512 0 24726917783061
278664 512 0 24726918039062
279176 512 0 24726918295063
279688 512 0 24726918551064
280200 512 0 24726918807065
280712 512 0 24726919063066
281224 512 0 24726919319067
281736 512 0 24726919575068
282248 512 0 24726919831069
282760 512 0 24726920087070
283272 512 0 24726920343071
283784 512 0 24726920599072
284296 512 0 24726920855073
284808 512 0 24726921111074
285320 512 0 24726921367075
285832 512 0 24726921623076
286344 512 0 24726921879077
286856 512 0 24726922135078
287368 512 0 24726922391079
287880 512 0 24726922647080
288392 512 0 24726922903081
288904 512 0 24726923159082
289416 512 0 24726923415083
289928 512 0 24726923671084
290440 512 0 24726923927085
290952 512 0 24726924183086
291464 512 0 24726924439087
291976 512 0 24726924695088
292488 512 0 24726924951089
293000 512 0 24726925207090
293512 512 0 24726925463091
294024 512 0 24726925719092
294536 512 0 24726925975094
295048 512 0 24726926231095
295560 512 0 24726926487096
296072 512 0 24726926743097
296584 512 0 24726926999098
297096 512 0 24726927255099
297608 512 0 24726927511100
298120 512 0 24726927767101
298632 512 0 24726928023102
299144 512 0 24726928279103
299656 512 0 24726928535104
300168 512 0 24726928791105
300680 512 0 24726929047106
301192 512 0 24726929303107
301704 512 0 24726929559108
302216 512 0 24726929815109
302728 512 0 24726930071110
303240 512 0 24726930327111
303752 512 0 24726930583112
304264 512 0 24726930839113
304776 512 0 24726931095114
305288 512 0 24726931351115
305800 512 0 24726931607116
306312 512 0 24726931863117
306824 512 0 24726932119119
307336 512 0 24726932375120
307848 512 0 24726932631121
308360 512 0 24726932887122
308872 512 0 24726933143123
309384 512 0 24726933399124
309896 512 0 24726933655125
310408 512 0 24726933911126
310920 512 0 24726934167129
311432 512 0 24726934423130
311944 512 0 24726934679131
312456 512 0 24726934935132
312968 512 0 24726935191133
313480 512 0 24726935447134
313992 512 0 24726935703135
314504 512 0 24726935959136
315016 512 0 24726936215137
315528 512 0 24726936471138
316040 512 0 24726936727139
316552 512 0 24726936983140
317064 512 0 24726937239141
317576 512 0 24726937495142
318088 512 0 24726937751143
318600 512 0 24726938007144
319112 512 0 24726938263145
319624 512 0 24726938519146
320136 512 0 24726938775147
320648 512 0 24726939031148
321160 512 0 24726939287149
321672 512 0 24726939543150
322184 512 0 24726939799151
322696 512 0 24726940055152
323208 512 0 24726940311153
323720 512 0 24726940567154
324232 512 0 24726940823155
324744 512 0 24726941079156
325256 512 0 24726941335157
325768 512 0 24726941591158
326280 512 0 24726941847159
326792 512 0 24726942103160
327304 512 0 24726942359162
327816 512 0 24726942615163
328328 512 0 24726942871164
328840 512 0 24726943127165
329352 512 0 24726943383166
329864 512 0 24726943639167
330376 512 0 24726943895168
330888 512 0 24726944151169
331400 512 0 24726944407170
331912 512 0 24726944663171
332424 512 0 24726944919172
332936 512 0 24726945175173
333448 512 0 24726945431174
333960 512 0 24726945687175
334472 512 0 24726945943176
334984 512 0 24726946199177
335496 512 0 24726946455178
336008 512 0 24726946711179
336520 512 0 24726946967180
337032 512 0 24726947223181
337544 512 0 24726947479182
338056 512 0 24726947735183
338568 512 0 24726947991184
339080 512 0 24726948247185
339592 512 0 24726948503186
340104 512 0 24726948759187
340616 512 0 24726949015188
341128 512 0 24726949271189
341640 512 0 24726949527190
342152 512 0 24726949783191
342664 512 0 24726950039192
343176 512 0 24726950295193
343688 512 0 24726950551195
344200 512 0 24726950807196
344712 512 0 24726951063197
345224 512 0 24726951319198
345736 512 0 24726951575199
346248 512 0 24726951831200
346760 512 0 24726952087201
347272 512 0 24726952343202
347784 512 0 24726952599203
348296 512 0 24726952855204
348808 512 0 24726953111205
349320 512 0 24726953367206
349832 512 0 24726953623207
350344 512 0 24726953879208
350856 512 0 24726954135209
351368 512 0 24726954391210
351880 512 0 24726954647211
352392 512 0 24726954903212
352904 512 0 24726955159213
353416 512 0 24726955415214
353928 512 0 24726955671215
354440 512 0 24726955927216
354952 512 0 24726956183217
355464 512 0 24726956439218
355976 512 0 24726956695219
356488 512 0 24726956951220
357000 512 0 24726957207221
357512 512 0 24726957463222
358024 512 0 24726957719223
358536 512 0 24726957975224
359048 512 0 24726958231225
359560 512 0 24726958487226
360072 512 0 24726958743229
360584 512 0 24726958999230
361096 512 0 24726959255231
361608 512 0 24726959511232
362120 512 0 24726959767233
362632 512 0 24726960023234
363144 512 0 24726960279235
363656 512 0 24726960535236
364168 512 0 24726960791237
364680 512 0 24726961047238
365192 512 0 24726961303239
365704 512 0 24726961559240
366216 512 0 24726961815241
366728 512 0 24726962071242
367240 512 0 24726962327243
367752 512 0 24726962583244
368264 512 0 24726962839245
368776 512 0 24726963095246
369288 512 0 24726963351247
369800 512 0 24726963607248
370312 512 0 24726963863249
370824 512 0 24726964119250
371336 512 0 24726964375251
371848 512 0 24726964631252
372360 512 0 24726964887253
372872 512 0 24726965143254
373384 512 0 24726965399255
373896 512 0 24726965655256
374408 512 0 24726965911257
374920 512 0 24726966167258
375432 512 0 24726966423259
375944 512 0 24726966679260
376456 512 0 24726966935262
376968 512 0 24726967191263
377480 512 0 24726967447264
377992 512 0 24726967703265
378504 512 0 24726967959266
379016 512 0 24726968215267
379528 512 0 24726968471268
380040 512 0 24726968727269
380552 512 0 24726968983270
381064 512 0 24726969239271
381576 512 0 24726969495272
382088 512 0 24726969751273
382600 512 0 24726970007274
383112 512 0 24726970263275
383624 512 0 24726970519276
384136 512 0 24726970775277
384648 512 0 24726971031278
385160 512 0 24726971287279
385672 512 0 24726971543280
386184 512 0 24726971799281
386696 512 0 24726972055282
387208 512 0 24726972311283
387720 512 0 24726972567284
388232 512 0 24726972823285
388744 512 0 24726973079286
389256 512 0 24726973335287
389768 512 0 24726973591288
390280 512 0 24726973847289
390792 512 0 24726974103290
391304 512 0 24726974359291
391816 512 0 24726974615293
392328 512 0 24726974871294
392840 512 0 24726975127295
393352 512 0 24726975383296
393864 512 0 24726975639297
394376 512 0 24726975895298
394888 512 0 24726976151299
395400 512 0 24726976407300
395912 512 0 24726976663301
396424 512 0 24726976919302
396936 512 0 24726977175303
397448 512 0 24726977431304
397960 512 0 24726977687305
398472 512 0 24726977943306
398984 512 0 24726978199307
399496 512 0 24726978455308
400008 512 0 24726978711309
400520 512 0 24726978967310
401032 512 0 24726979223311
401544 512 0 24726979479312
402056 512 0 24726979735313
402568 512 0 24726979991314
403080 512 0 24726980247315
403592 512 0 24726980503316
404104 512 0 24726980759317
404616 512 0 24726981015318
405128 512 0 24726981271319
405640 512 0 24726981527320
406152 512 0 24726981783321
406664 512 0 24726982039323
407176 512 0 24726982295324
407688 512 0 24726982551325
408200 512 0 24726982807326
408712 512 0 24726983063327
409224 512 0 24726983319329
409736 512 0 24726983575330
410248 512 0 24726983831331
410760 512 0 24726984087332
411272 512 0 24726984343333
411784 512 0 24726984599334
412296 512 0 24726984855335
412808 512 0 24726985111336
413320 512 0 24726985367337
413832 512 0 24726985623338
414344 512 0 24726985879339
414856 512 0 24726986135340
415368 512 0 24726986391341
415880 512 0 24726986647342
416392 512 0 24726986903343
416904 512 0 24726987159344
417416 512 0 24726987415345
417928 512 0 24726987671346
418440 512 0 24726987927348
418952 512 0 24726988183349
419464 512 0 24726988439350
419976 512 0 24726988695351
420488 512 0 24726988951352
421000 512 0 24726989207353
421512 512 0 24726989463354
422024 512 0 24726989719355
422536 512 0 24726989975356
423048 512 0 24726990231357
423560 512 0 24726990487358
424072 512 0 24726990743359
424584 512 0 24726990999360
425096 512 0 24726991255361
425608 512 0 24726991511363
426120 512 0 24726991767364
426632 512 0 24726992023365
427144 512 0 24726992279366
427656 512 0 24726992535367
428168 512 0 24726992791368
428680 512 0 24726993047369
429192 512 0 24726993303370
429704 512 0 24726993559371
430216 512 0 24726993815372
430728 512 0 24726994071373
431240 512 0 24726994327374
431752 512 0 24726994583376
432264 512 0 24726994839377
432776 512 0 24726995095378
433288 512 0 24726995351379
433800 512 0 24726995607380
434312 512 0 24726995863381
434824 512 0 24726996119382
435336 512 0 24726996375383
435848 512 0 24726996631384
436360 512 0 24726996887385
436872 512 0 24726997143386
437384 512 0 24726997399387
437896 512 0 24726997655388
438408 512 0 24726997911389
438920 512 0 24726998167390
439432 512 0 24726998423391
439944 512 0 24726998679392
440456 512 0 24726998935393
440968 512 0 24726999191394
441480 512 0 24726999447395
441992 512 0 24726999703396
442504 512 0 24726999959397
443016 512 0 24727000215398
443528 512 0 24727000471399
444040 512 0 24727000727400
444552 512 0 24727000983401
445064 512 0 24727001239402
445576 512 0 24727001495403
446088 512 0 24727001751404
446600 512 0 24727002007405
447112 512 0 24727002263406
447624 512 0 24727002519408
448136 512 0 24727002775409
448648 512 0 24727003031410
449160 512 0 24727003287411
449672 512 0 24727003543412
450184 512 0 24727003799413
450696 512 0 24727004055414
451208 512 0 24727004311415
451720 512 0 24727004567416
452232 512 0 24727004823417
452744 512 0 24727005079418
453256 512 0 24727005335419
453768 512 0 24727005591420
454280 512 0 24727005847421
454792 512 0 24727006103422
455304 512 0 24727006359423
455816 512 0 24727006615424
456328 512 0 24727006871425
456840 512 0 24727007127426
457352 512 0 24727007383427
457864 512 0 24727007639428
458376 512 0 24727007895430
458888 512 0 24727008151431
459400 512 0 24727008407432
459912 512 0 24727008663433
460424 512 0 24727008919434
460936 512 0 24727009175435
461448 512 0 24727009431436
461960 512 0 24727009687438
462472 512 0 24727009943439
462984 512 0 24727010199440
463496 512 0 24727010455441
464008 512 0 24727010711442
464520 512 0 24727010967443
465032 512 0 24727011223444
465544 512 0 24727011479445
466056 512 0 24727011735446
466568 512 0 24727011991447
467080 512 0 24727012247448
467592 512 0 24727012503449
468104 512 0 24727012759450
468616 512 0 24727013015451
469128 512 0 24727013271452
469640 512 0 24727013527453
470152 512 0 24727013783454
470664 512 0 24727014039455
471176 512 0 24727014295456
471688 512 0 24727014551457
472200 512 0 24727014807458
472712 512 0 24727015063459
473224 512 0 24727015319460
473736 512 0 24727015575461
474248 512 0 24727015831462
474760 512 0 24727016087463
475272 512 0 24727016343464
475784 512 0 24727016599465
476296 512 0 24727016855466
476808 512 0 24727017111467
477320 512 0 24727017367468
477832 512 0 24727017623469
478344 512 0 24727017879471
478856 512 0 24727018135472
479368 512 0 24727018391473
479880 512 0 24727018647474
480392 512 0 24727018903475
480904 512 0 24727019159476
481416 512 0 24727019415477
481928 512 0 24727019671478
482440 512 0 24727019927479
482952 512 0 24727020183480
483464 512 0 24727020439481
483976 512 0 24727020695482
484488 512 0 24727020951483
485000 512 0 24727021207484
485512 512 0 24727021463485
486024 512 0 24727021719486
486536 512 0 24727021975487
487048 512 0 24727022231488
487560 512 0 24727022487489
488072 512 0 24727022743490
488584 512 0 24727022999491
489096 512 0 24727023255492
489608 512 0 24727023511493
490120 512 0 24727023767494
490632 512 0 24727024023495
491144 512 0 24727024279497
491656 512 0 24727024535498
492168 512 0 24727024791499
492680 512 0 24727025047500
493192 512 0 24727025303502
493704 512 0 24727025559503
494216 512 0 24727025815504
494728 512 0 24727026071505
495240 512 0 24727026327506
495752 512 0 24727026583507
496264 512 0 24727026839508
496776 512 0 24727027095509
497288 512 0 24727027351510
497800 512 0 24727027607511
498312 512 0 24727027863512
498824 512 0 24727028119513
499336 512 0 24727028375514
499848 512 0 24727028631515
500360 512 0 24727028887516
500872 512 0 24727029143517
501384 512 0 24727029399518
501896 512 0 24727029655519
502408 512 0 24727029911520
502920 512 0 24727030167521
503432 512 0 24727030423522
503944 512 0 24727030679523
504456 512 0 24727030935524
504968 512 0 24727031191525
505480 512 0 24727031447526
505992 512 0 24727031703527
506504 512 0 24727031959528
507016 512 0 24727032215529
507528 512 0 24727032471531
508040 512 0 24727032727532
508552 512 0 24727032983534
509064 512 0 24727033239535
509576 512 0 24727033495536
510088 512 0 24727033751537
510600 512 0 24727034007538
511112 512 0 24727034263539
511624 512 0 24727034519540
512136 512 0 24727034775541
512648 512 0 24727035031542
513160 512 0 24727035287543
513672 512 0 24727035543544
514184 512 0 24727035799545
514696 512 0 24727036055546
515208 512 0 24727036311547
515720 512 0 24727036567548
516232 512 0 24727036823549
516744 512 0 24727037079550
517256 512 0 24727037335551
517768 512 0 24727037591552
518280 512 0 24727037847553
518792 512 0 24727038103554
519304 512 0 24727038359555
519816 512 0 24727038615556
520328 512 0 24727038871557
520840 512 0 24727039127558
521352 512 0 24727039383559
521864 512 0 24727039639561
522376 512 0 24727039895562
522888 512 0 24727040151563
523400 512 0 24727040407564
523912 512 0 24727040663564
524424 512 0 24727040919565
524936 512 0 24727041175567
525448 512 0 24727041431568
525960 512 0 24727041687569
526472 512 0 24727041943570
526984 512 0 24727042199571
527496 512 0 24727042455572
528008 512 0 24727042711573
528520 512 0 24727042967574
529032 512 0 24727043223575
529544 512 0 24727043479576
530056 512 0 24727043735577
530568 512 0 24727043991578
531080 512 0 24727044247579
531592 512 0 24727044503580
532104 512 0 24727044759581
532616 512 0 24727045015582
533128 512 0 24727045271583
533640 512 0 24727045527584
534152 512 0 24727045783585
534664 512 0 24727046039586
535176 512 0 24727046295587
535688 512 0 24727046551588
536200 512 0 24727046807589
536712 512 0 24727047063590
537224 512 0 24727047319591
537736 512 0 24727047575592
538248 512 0 24727047831593
538760 512 0 24727048087595
539272 512 0 24727048343596
539784 512 0 24727048599597
540296 512 0 24727048855599
540808 512 0 24727049111600
541320 512 0 24727049367601
541832 512 0 24727049623602
542344 512 0 24727049879603
542856 512 0 24727050135604
543368 512 0 24727050391605
543880 512 0 24727050647606
544392 512 0 24727050903607
544904 512 0 24727051159608
545416 512 0 24727051415609
545928 512 0 24727051671610
546440 512 0 24727051927611
546952 512 0 24727052183612
547464 512 0 24727052439613
547976 512 0 24727052695614
548488 512 0 24727052951615
549000 512 0 24727053207616
549512 512 0 24727053463617
550024 512 0 24727053719618
550536 512 0 24727053975619
551048 512 0 24727054231620
551560 512 0 24727054487621
552072 512 0 24727054743622
552584 512 0 24727054999623
553096 512 0 24727055255625
553608 512 0 24727055511626
554120 512 0 24727055767627
554632 512 0 24727056023628
555144 512 0 24727056279629
555656 512 0 24727056535630
556168 512 0 24727056791631
556680 512 0 24727057047633
557192 512 0 24727057303634
557704 512 0 24727057559635
558216 512 0 24727057815636
558728 512 0 24727058071637
559240 512 0 24727058327638
559752 512 0 24727058583639
560264 512 0 24727058839640
560776 512 0 24727059095641
561288 512 0 24727059351642
561800 512 0 24727059607643
562312 512 0 24727059863644
562824 512 0 24727060119645
563336 512 0 24727060375646
563848 512 0 24727060631647
564360 512 0 24727060887648
564872 512 0 24727061143649
565384 512 0 24727061399650
565896 512 0 24727061655651
566408 512 0 24727061911652
566920 512 0 24727062167653
567432 512 0 24727062423654
567944 512 0 24727062679656
568456 512 0 24727062935657
568968 512 0 24727063191658
569480 512 0 24727063447659
569992 512 0 24727063703660
570504 512 0 24727063959661
571016 512 0 24727064215662
571528 512 0 24727064471663
572040 512 0 24727064727664
572552 512 0 24727064983665
573064 512 0 24727065239667
573576 512 0 24727065495668
574088 512 0 24727065751669
574600 512 0 24727066007670
575112 512 0 24727066263671
575624 512 0 24727066519672
576136 512 0 24727066775673
576648 512 0 24727067031674
577160 512 0 24727067287675
577672 512 0 24727067543676
578184 512 0 24727067799677
578696 512 0 24727068055678
579208 512 0 24727068311679
579720 512 0 24727068567680
580232 512 0 24727068823681
580744 512 0 24727069079682
581256 512 0 24727069335683
581768 512 0 24727069591684
582280 512 0 24727069847685
582792 512 0 24727070103686
583304 512 0 24727070359688
583816 512 0 24727070615689
584328 512 0 24727070871690
584840 512 0 24727071127691
585352 512 0 24727071383692
585864 512 0 24727071639693
586376 512 0 24727071895694
586888 512 0 24727072151695
587400 512 0 24727072407696
587912 512 0 24727072663697
588424 512 0 24727072919698
588936 512 0 24727073175699
589448 512 0 24727073431701
589960 512 0 24727073687702
590472 512 0 24727073943703
590984 512 0 24727074199704
591496 512 0 24727074455705
592008 512 0 24727074711706
592520 512 0 24727074967707
593032 512 0 24727075223708
593544 512 0 24727075479709
594056 512 0 24727075735710
594568 512 0 24727075991711
595080 512 0 24727076247712
595592 512 0 24727076503713
596104 512 0 24727076759714
596616 512 0 24727077015715
597128 512 0 24727077271716
597640 512 0 24727077527717
598152 512 0 24727077783718
598664 512 0 24727078039720
599176 512 0 24727078295721
599688 512 0 24727078551722
600200 512 0 24727078807723
600712 512 0 24727079063724
601224 512 0 24727079319725
601736 512 0 24727079575726
602248 512 0 24727079831727
602760 512 0 24727080087728
603272 512 0 24727080343729
603784 512 0 24727080599730
604296 512 0 24727080855731
604808 512 0 24727081111732
605320 512 0 24727081367733
605832 512 0 24727081623735
606344 512 0 24727081879736
606856 512 0 24727082135737
607368 512 0 24727082391738
607880 512 0 24727082647739
608392 512 0 24727082903740
608904 512 0 24727083159741
609416 512 0 24727083415742
609928 512 0 24727083671743
610440 512 0 24727083927744
610952 512 0 24727084183745
611464 512 0 24727084439746
611976 512 0 24727084695747
612488 512 0 24727084951748
613000 512 0 24727085207749
613512 512 0 24727085463750
614024 512 0 24727085719752
614536 512 0 24727085975753
615048 512 0 24727086231754
615560 512 0 24727086487755
616072 512 0 24727086743756
616584 512 0 24727086999757
617096 512 0 24727087255758
617608 512 0 24727087511759
618120 512 0 24727087767760
618632 512 0 24727088023761
619144 512 0 24727088279762
619656 512 0 24727088535763
620168 512 0 24727088791764
620680 512 0 24727089047765
621192 512 0 24727089303766
621704 512 0 24727089559767
622216 512 0 24727089815769
622728 512 0 24727090071770
623240 512 0 24727090327771
623752 512 0 24727090583772
624264 512 0 24727090839773
624776 512 0 24727091095774
625288 512 0 24727091351775
625800 512 0 24727091607776
626312 512 0 24727091863777
626824 512 0 24727092119778
627336 512 0 24727092375779
627848 512 0 24727092631780
628360 512 0 24727092887781
628872 512 0 24727093143782
629384 512 0 24727093399783
629896 512 0 24727093655785
630408 512 0 24727093911786
630920 512 0 24727094167787
631432 512 0 24727094423788
631944 512 0 24727094679789
632456 512 0 24727094935790
632968 512 0 24727095191791
633480 512 0 24727095447792
633992 512 0 24727095703793
634504 512 0 24727095959794
635016 512 0 24727096215795
635528 512 0 24727096471796
636040 512 0 24727096727797
636552 512 0 24727096983798
637064 512 0 24727097239799
637576 512 0 24727097495800
638088 512 0 24727097751801
638600 512 0 24727098007803
639112 512 0 24727098263804
639624 512 0 24727098519805
640136 512 0 24727098775806
640648 512 0 24727099031807
641160 512 0 24727099287808
641672 512 0 24727099543809
642184 512 0 24727099799810
642696 512 0 24727100055811
643208 512 0 24727100311812
643720 512 0 24727100567813
644232 512 0 24727100823814
644744 512 0 24727101079815
645256 512 0 24727101335817
645768 512 0 24727101591818
646280 512 0 24727101847819
646792 512 0 24727102103820
647304 512 0 24727102359821
647816 512 0 24727102615822
648328 512 0 24727102871823
648840 512 0 24727103127824
649352 512 0 24727103383825
649864 512 0 24727103639826
650376 512 0 24727103895827
650888 512 0 24727104151828
651400 512 0 24727104407829
651912 512 0 24727104663830
652424 512 0 24727104919831
652936 512 0 24727105175832
653448 512 0 24727105431833
653960 512 0 24727105687834
654472 512 0 24727105943835
654984 512 0 24727106199837
655496 512 0 24727106455838
656008 512 0 24727106711839
656520 512 0 24727106967840
657032 512 0 24727107223841
657544 512 0 24727107479842
658056 512 0 24727107735843
658568 512 0 24727107991844
659080 512 0 24727108247845
659592 512 0 24727108503846
660104 512 0 24727108759847
660616 512 0 24727109015848
661128 512 0 24727109271850
661640 512 0 24727109527851
662152 512 0 24727109783852
662664 512 0 24727110039853
663176 512 0 24727110295854
663688 512 0 24727110551855
664200 512 0 24727110807856
664712 512 0 24727111063857
665224 512 0 24727111319858
665736 512 0 24727111575859
666248 512 0 24727111831860
666760 512 0 24727112087861
667272 512 0 24727112343862
667784 512 0 24727112599863
668296 512 0 24727112855864
668808 512 0 24727113111865
669320 512 0 24727113367866
669832 512 0 24727113623867
670344 512 0 24727113879868
670856 512 0 24727114135869
671368 512 0 24727114391871
671880 512 0 24727114647872
672392 512 0 24727114903873
672904 512 0 24727115159874
673416 512 0 24727115415875
673928 512 0 24727115671876
674440 512 0 24727115927877
674952 512 0 24727116183878
675464 512 0 24727116439879
675976 512 0 24727116695880
676488 512 0 24727116951881
677000 512 0 24727117207882
677512 512 0 24727117463884
678024 512 0 24727117719885
678536 512 0 24727117975886
679048 512 0 24727118231887
679560 512 0 24727118487888
680072 512 0 24727118743889
680584 512 0 24727118999890
681096 512 0 24727119255891
681608 512 0 24727119511892
682120 512 0 24727119767893
682632 512 0 24727120023894
683144 512 0 24727120279895
683656 512 0 24727120535896
684168 512 0 24727120791897
684680 512 0 24727121047898
685192 512 0 24727121303899
685704 512 0 24727121559900
686216 512 0 24727121815901
686728 512 0 24727122071903
687240 512 0 24727122327904
687752 512 0 24727122583905
688264 512 0 24727122839906
688776 512 0 24727123095907
689288 512 0 24727123351908
689800 512 0 24727123607909
690312 512 0 24727123863910
690824 512 0 24727124119911
691336 512 0 24727124375912
691848 512 0 24727124631913
692360 512 0 24727124887914
692872 512 0 24727125143915
693384 512 0 24727125399917
693896 512 0 24727125655918
694408 512 0 24727125911919
694920 512 0 24727126167920
695432 512 0 24727126423921
695944 512 0 24727126679922
696456 512 0 24727126935923
696968 512 0 24727127191924
697480 512 0 24727127447925
697992 512 0 24727127703926
698504 512 0 24727127959927
699016 512 0 24727128215928
699528 512 0 24727128471929
700040 512 0 24727128727930
700552 512 0 24727128983931
701064 512 0 24727129239932
701576 512 0 24727129495933
702088 512 0 24727129751934
702600 512 0 24727130007936
703112 512 0 24727130263937
703624 512 0 24727130519938
704136 512 0 24727130775939
704648 512 0 24727131031940
705160 512 0 24727131287941
705672 512 0 24727131543942
706184 512 0 24727131799943
706696 512 0 24727132055944
707208 512 0 24727132311945
707720 512 0 24727132567946
708232 512 0 24727132823947
708744 512 0 24727133079948
709256 512 0 24727133335950
709768 512 0 24727133591951
710280 512 0 24727133847952
710792 512 0 24727134103953
711304 512 0 24727134359954
711816 512 0 24727134615955
712328 512 0 24727134871956
712840 512 0 24727135127957
713352 512 0 24727135383958
713864 512 0 24727135639959
714376 512 0 24727135895960
714888 512 0 24727136151961
715400 512 0 24727136407962
715912 512 0 24727136663963
716424 512 0 24727136919964
716936 512 0 24727137175965
717448 512 0 24727137431966
717960 512 0 24727137687967
718472 512 0 24727137943969
718984 512 0 24727138199970
719496 512 0 24727138455971
720008 512 0 24727138711972
720520 512 0 24727138967972
721032 512 0 24727139223973
721544 512 0 24727139479974
722056 512 0 24727139735975
722568 512 0 24727139991976
723080 512 0 24727140247977
723592 512 0 24727140503978
724104 512 0 24727140759979
724616 512 0 24727141015980
725128 512 0 24727141271981
725640 512 0 24727141527982
726152 512 0 24727141783983
726664 512 0 24727142039985
727176 512 0 24727142295986
727688 512 0 24727142551987
728200 512 0 24727142807988
728712 512 0 24727143063989
729224 512 0 24727143319990
729736 512 0 24727143575991
730248 512 0 24727143831992
730760 512 0 24727144087993
731272 512 0 24727144343994
731784 512 0 24727144599995
732296 512 0 24727144855996
732808 512 0 24727145111997
733320 512 0 24727145367998
733832 512 0 24727145623999
734344 512 0 24727145880000
734856 512 0 24727146136001
735368 512 0 24727146392002
735880 512 0 24727146648003
736392 512 0 24727146904005
736904 512 0 24727147160006
737416 512 0 24727147416007
737928 512 0 24727147672008
738440 512 0 24727147928009
738952 512 0 24727148184010
739464 512 0 24727148440011
739976 512 0 24727148696012
740488 512 0 24727148952013
741000 512 0 24727149208014
741512 512 0 24727149464015
742024 512 0 24727149720016
742536 512 0 24727149976018
743048 512 0 24727150232019
743560 512 0 24727150488020
744072 512 0 24727150744021
744584 512 0 24727151000022
745096 512 0 24727151256023
745608 512 0 24727151512024
746120 512 0 24727151768025
746632 512 0 24727152024026
747144 512 0 24727152280027
747656 512 0 24727152536028
748168 512 0 24727152792029
748680 512 0 24727153048030
749192 512 0 24727153304031
749704 512 0 24727153560032
750216 512 0 24727153816033
750728 512 0 24727154072034
751240 512 0 24727154328035
751752 512 0 24727154584036
752264 512 0 24727154840038
752776 512 0 24727155096039
753288 512 0 24727155352040
753800 512 0 24727155608041
754312 512 0 24727155864042
754824 512 0 24727156120043
755336 512 0 24727156376044
755848 512 0 24727156632045
756360 512 0 24727156888046
756872 512 0 24727157144047
757384 512 0 24727157400048
757896 512 0 24727157656049
758408 512 0 24727157912051
758920 512 0 24727158168052
759432 512 0 24727158424053
759944 512 0 24727158680054
760456 512 0 24727158936055
760968 512 0 24727159192056
761480 512 0 24727159448057
761992 512 0 24727159704058
762504 512 0 24727159960059
763016 512 0 24727160216060
763528 512 0 24727160472061
764040 512 0 24727160728062
764552 512 0 24727160984063
765064 512 0 24727161240064
765576 512 0 24727161496065
766088 512 0 24727161752066
766600 512 0 24727162008067
767112 512 0 24727162264068
767624 512 0 24727162520069
768136 512 0 24727162776071
768648 512 0 24727163032072
769160 512 0 24727163288073
769672 512 0 24727163544074
770184 512 0 24727163800075
770696 512 0 24727164056076
771208 512 0 24727164312077
771720 512 0 24727164568078
772232 512 0 24727164824079
772744 512 0 24727165080080
773256 512 0 24727165336081
773768 512 0 24727165592082
774280 512 0 24727165848083
774792 512 0 24727166104085
775304 512 0 24727166360086
775816 512 0 24727166616087
776328 512 0 24727166872088
776840 512 0 24727167128089
777352 512 0 24727167384090
777864 512 0 24727167640091
778376 512 0 24727167896092
778888 512 0 24727168152093
779400 512 0 24727168408094
779912 512 0 24727168664095
780424 512 0 24727168920096
780936 512 0 24727169176097
781448 512 0 24727169432098
781960 512 0 24727169688099
782472 512 0 24727169944100
782984 512 0 24727170200101
783496 512 0 24727170456102
784008 512 0 24727170712104
784520 512 0 24727170968105
785032 512 0 24727171224106
785544 512 0 24727171480107
786056 512 0 24727171736108
786568 512 0 24727171992109
787080 512 0 24727172248110
787592 512 0 24727172504111
788104 512 0 24727172760112
788616 512 0 24727173016113
789128 512 0 24727173272114
789640 512 0 24727173528115
790152 512 0 24727173784116
790664 512 0 24727174040118
791176 512 0 24727174296119
791688 512 0 24727174552120
792200 512 0 24727174808121
792712 512 0 24727175064122
793224 512 0 24727175320123
793736 512 0 24727175576124
794248 512 0 24727175832125
794760 512 0 24727176088126
795272 512 0 24727176344127
795784 512 0 24727176600128
796296 512 0 24727176856129
796808 512 0 24727177112130
797320 512 0 24727177368131
797832 512 0 24727177624132
798344 512 0 24727177880133
798856 512 0 24727178136134
799368 512 0 24727178392135
799880 512 0 24727178648137
800392 512 0 24727178904138
800904 512 0 24727179160139
801416 512 0 24727179416140
801928 512 0 24727179672141
802440 512 0 24727179928142
802952 512 0 24727180184143
803464 512 0 24727180440144
803976 512 0 24727180696145
804488 512 0 24727180952146
805000 512 0 24727181208147
805512 512 0 24727181464148
806024 512 0 24727181720149
806536 512 0 24727181976150
807048 512 0 24727182232152
807560 512 0 24727182488153
808072 512 0 24727182744154
808584 512 0 24727183000155
809096 512 0 24727183256156
809608 512 0 24727183512157
810120 512 0 24727183768158
810632 512 0 24727184024159
811144 512 0 24727184280160
811656 512 0 24727184536161
812168 512 0 24727184792162
812680 512 0 24727185048163
813192 512 0 24727185304164
813704 512 0 24727185560165
814216 512 0 24727185816166
814728 512 0 24727186072167
815240 512 0 24727186328168
815752 512 0 24727186584170
816264 512 0 24727186840171
816776 512 0 24727187096172
817288 512 0 24727187352173
817800 512 0 24727187608174
818312 512 0 24727187864175
818824 512 0 24727188120177
819336 512 0 24727188376178
819848 512 0 24727188632179
820360 512 0 24727188888180
820872 512 0 24727189144181
821384 512 0 24727189400182
821896 512 0 24727189656184
822408 512 0 24727189912185
822920 512 0 24727190168186
823432 512 0 24727190424187
823944 512 0 24727190680188
824456 512 0 24727190936189
824968 512 0 24727191192190
825480 512 0 24727191448191
825992 512 0 24727191704192
826504 512 0 24727191960193
827016 512 0 24727192216194
827528 512 0 24727192472195
828040 512 0 24727192728196
828552 512 0 24727192984197
829064 512 0 24727193240198
829576 512 0 24727193496199
830088 512 0 24727193752200
830600 512 0 24727194008202
831112 512 0 24727194264203
831624 512 0 24727194520204
832136 512 0 24727194776205
832648 512 0 24727195032206
833160 512 0 24727195288207
833672 512 0 24727195544208
834184 512 0 24727195800209
834696 512 0 24727196056210
835208 512 0 24727196312211
835720 512 0 24727196568212
836232 512 0 24727196824213
836744 512 0 24727197080214
837256 512 0 24727197336215
837768 512 0 24727197592216
838280 512 0 24727197848218
838792 512 0 24727198104219
839304 512 0 24727198360220
839816 512 0 24727198616221
840328 512 0 24727198872222
840840 512 0 24727199128223
841352 512 0 24727199384224
841864 512 0 24727199640225
842376 512 0 24727199896226
842888 512 0 24727200152227
843400 512 0 24727200408228
843912 512 0 24727200664229
844424 512 0 24727200920230
844936 512 0 24727201176231
845448 512 0 24727201432232
845960 512 0 24727201688233
846472 512 0 24727201944234
846984 512 0 24727202200236
847496 512 0 24727202456237
848008 512 0 24727202712238
848520 512 0 24727202968239
849032 512 0 24727203224240
849544 512 0 24727203480241
850056 512 0 24727203736242
850568 512 0 24727203992243
851080 512 0 24727204248244
851592 512 0 24727204504246
852104 512 0 24727204760247
852616 512 0 24727205016248
853128 512 0 24727205272249
853640 512 0 24727205528251
854152 512 0 24727205784252
854664 512 0 24727206040253
855176 512 0 24727206296254
855688 512 0 24727206552255
856200 512 0 24727206808256
856712 512 0 24727207064257
857224 512 0 24727207320258
857736 512 0 24727207576259
858248 512 0 24727207832260
858760 512 0 24727208088261
859272 512 0 24727208344262
859784 512 0 24727208600263
860296 512 0 24727208856264
860808 512 0 24727209112265
861320 512 0 24727209368266
861832 512 0 24727209624268
862344 512 0 24727209880269
862856 512 0 24727210136270
863368 512 0 24727210392271
863880 512 0 24727210648272
864392 512 0 24727210904273
864904 512 0 24727211160274
865416 512 0 24727211416275
865928 512 0 24727211672276
866440 512 0 24727211928277
866952 512 0 24727212184278
867464 512 0 24727212440279
867976 512 0 24727212696282
868488 512 0 24727212952284
869000 512 0 24727213208285
869512 512 0 24727213464286
870024 512 0 24727213720287
870536 512 0 24727213976288
871048 512 0 24727214232289
871560 512 0 24727214488290
872072 512 0 24727214744291
872584 512 0 24727215000292
873096 512 0 24727215256293
873608 512 0 24727215512294
874120 512 0 24727215768295
874632 512 0 24727216024296
875144 512 0 24727216280297
875656 512 0 24727216536298
876168 512 0 24727216792300
876680 512 0 24727217048301
877192 512 0 24727217304302
877704 512 0 24727217560303
878216 512 0 24727217816304
878728 512 0 24727218072305
879240 512 0 24727218328306
879752 512 0 24727218584307
880264 512 0 24727218840308
880776 512 0 24727219096309
881288 512 0 24727219352310
881800 512 0 24727219608311
882312 512 0 24727219864312
882824 512 0 24727220120313
883336 512 0 24727220376315
883848 512 0 24727220632316
884360 512 0 24727220888318
884872 512 0 24727221144319
885384 512 0 24727221400320
885896 512 0 24727221656321
886408 512 0 24727221912322
886920 512 0 24727222168323
887432 512 0 24727222424324
887944 512 0 24727222680325
888456 512 0 24727222936326
888968 512 0 24727223192327
889480 512 0 24727223448328
889992 512 0 24727223704329
890504 512 0 24727223960330
891016 512 0 24727224216331
891528 512 0 24727224472333
892040 512 0 24727224728334
892552 512 0 24727224984335
893064 512 0 24727225240336
893576 512 0 24727225496337
894088 512 0 24727225752338
894600 512 0 24727226008339
895112 512 0 24727226264340
895624 512 0 24727226520341
896136 512 0 24727226776342
896648 512 0 24727227032343
897160 512 0 24727227288344
897672 512 0 24727227544345
898184 512 0 24727227800346
898696 512 0 24727228056348
899208 512 0 24727228312349
899720 512 0 24727228568350
900232 512 0 24727228824351
900744 512 0 24727229080354
901256 512 0 24727229336355
901768 512 0 24727229592356
902280 512 0 24727229848357
902792 512 0 24727230104358
903304 512 0 24727230360359
903816 512 0 24727230616360
904328 512 0 24727230872361
904840 512 0 24727231128362
905352 512 0 24727231384363
905864 512 0 24727231640364
906376 512 0 24727231896366
906888 512 0 24727232152367
907400 512 0 24727232408368
907912 512 0 24727232664369
908424 512 0 24727232920370
908936 512 0 24727233176371
909448 512 0 24727233432372
909960 512 0 24727233688373
910472 512 0 24727233944374
910984 512 0 24727234200375
911496 512 0 24727234456376
912008 512 0 24727234712377
912520 512 0 24727234968378
913032 512 0 24727235224380
913544 512 0 24727235480381
914056 512 0 24727235736382
914568 512 0 24727235992383
915080 512 0 24727236248384
915592 512 0 24727236504385
916104 512 0 24727236760386
916616 512 0 24727237016387
917128 512 0 24727237272390
917640 512 0 24727237528391
918152 512 0 24727237784392
918664 512 0 24727238040393
919176 512 0 24727238296394
919688 512 0 24727238552395
920200 512 0 24727238808396
920712 512 0 24727239064397
921224 512 0 24727239320398
921736 512 0 24727239576400
922248 512 0 24727239832401
922760 512 0 24727240088402
923272 512 0 24727240344403
923784 512 0 24727240600404
924296 512 0 24727240856405
924808 512 0 24727241112406
925320 512 0 24727241368407
925832 512 0 24727241624408
926344 512 0 24727241880409
926856 512 0 24727242136410
927368 512 0 24727242392411
927880 512 0 24727242648413
928392 512 0 24727242904414
928904 512 0 24727243160415
929416 512 0 24727243416416
929928 512 0 24727243672417
930440 512 0 24727243928418
930952 512 0 24727244184419
931464 512 0 24727244440420
931976 512 0 24727244696421
932488 512 0 24727244952422
933000 512 0 24727245208423
933512 512 0 24727245464426
934024 512 0 24727245720427
934536 512 0 24727245976428
935048 512 0 24727246232429
935560 512 0 24727246488430
936072 512 0 24727246744431
936584 512 0 24727247000432
937096 512 0 24727247256434
937608 512 0 24727247512435
938120 512 0 24727247768436
938632 512 0 24727248024437
939144 512 0 24727248280438
939656 512 0 24727248536439
940168 512 0 24727248792440
940680 512 0 24727249048441
941192 512 0 24727249304442
941704 512 0 24727249560443
942216 512 0 24727249816444
942728 512 0 24727250072446
943240 512 0 24727250328447
943752 512 0 24727250584448
944264 512 0 24727250840449
944776 512 0 24727251096450
945288 512 0 24727251352451
945800 512 0 24727251608452
946312 512 0 24727251864453
946824 512 0 24727252120454
947336 512 0 24727252376455
947848 512 0 24727252632456
948360 512 0 24727252888457
948872 512 0 24727253144459
949384 512 0 24727253400460
949896 512 0 24727253656462
950408 512 0 24727253912463
950920 512 0 24727254168464
951432 512 0 24727254424465
951944 512 0 24727254680466
952456 512 0 24727254936468
952968 512 0 24727255192469
953480 512 0 24727255448470
953992 512 0 24727255704471
954504 512 0 24727255960472
955016 512 0 24727256216473
955528 512 0 24727256472474
956040 512 0 24727256728475
956552 512 0 24727256984476
957064 512 0 24727257240477
957576 512 0 24727257496478
958088 512 0 24727257752480
958600 512 0 24727258008481
959112 512 0 24727258264482
959624 512 0 24727258520483
960136 512 0 24727258776484
960648 512 0 24727259032485
961160 512 0 24727259288486
961672 512 0 24727259544487
962184 512 0 24727259800488
962696 512 0 24727260056489
963208 512 0 24727260312490
963720 512 0 24727260568492
964232 512 0 24727260824493
964744 512 0 24727261080494
965256 512 0 24727261336495
965768 512 0 24727261592496
966280 512 0 24727261848498
966792 512 0 24727262104499
967304 512 0 24727262360500
967816 512 0 24727262616501
968328 512 0 24727262872503
968840 512 0 24727263128504
969352 512 0 24727263384505
969864 512 0 24727263640506
970376 512 0 24727263896507
970888 512 0 24727264152508
971400 512 0 24727264408509
971912 512 0 24727264664510
972424 512 0 24727264920511
972936 512 0 24727265176512
973448 512 0 24727265432514
973960 512 0 24727265688515
974472 512 0 24727265944516
974984 512 0 24727266200517
975496 512 0 24727266456518
976008 512 0 24727266712519
976520 512 0 24727266968520
977032 512 0 24727267224521
977544 512 0 24727267480522
978056 512 0 24727267736523
978568 512 0 24727267992524
979080 512 0 24727268248526
979592 512 0 24727268504527
980104 512 0 24727268760528
980616 512 0 24727269016529
981128 512 0 24727269272530
981640 512 0 24727269528531
982152 512 0 24727269784532
982664 512 0 24727270040535
983176 512 0 24727270296536
983688 512 0 24727270552538
984200 512 0 24727270808539
984712 512 0 24727271064540
985224 512 0 24727271320541
985736 512 0 24727271576542
986248 512 0 24727271832543
986760 512 0 24727272088544
987272 512 0 24727272344545
987784 512 0 24727272600546
988296 512 0 24727272856547
988808 512 0 24727273112549
989320 512 0 24727273368550
989832 512 0 24727273624551
990344 512 0 24727273880552
990856 512 0 24727274136553
991368 512 0 24727274392554
991880 512 0 24727274648555
992392 512 0 24727274904556
992904 512 0 24727275160557
993416 512 0 24727275416558
993928 512 0 24727275672560
994440 512 0 24727275928561
994952 512 0 24727276184562
995464 512 0 24727276440563
995976 512 0 24727276696564
996488 512 0 24727276952565
997000 512 0 24727277208566
997512 512 0 24727277464567
998024 512 0 24727277720568
998536 512 0 24727277976569
999048 512 0 24727278232573
999560 512 0 24727278488574
1000072 512 0 24727278744575
1000584 512 0 24727279000576
1001096 512 0 24727279256577
1001608 512 0 24727279512578
1002120 512 0 24727279768579
1002632 512 0 24727280024580
1003144 512 0 24727280280581
1003656 512 0 24727280536583
1004168 512 0 24727280792584
1004680 512 0 24727281048585
1005192 512 0 24727281304586
1005704 512 0 24727281560587
1006216 512 0 24727281816588
1006728 512 0 24727282072589
1007240 512 0 24727282328590
1007752 512 0 24727282584591
1008264 512 0 24727282840592
1008776 512 0 24727283096594
1009288 512 0 24727283352595
1009800 512 0 24727283608596
1010312 512 0 24727283864597
1010824 512 0 24727284120598
1011336 512 0 24727284376599
1011848 512 0 24727284632600
1012360 512 0 24727284888601
1012872 512 0 24727285144602
1013384 512 0 24727285400604
1013896 512 0 24727285656605
1014408 512 0 24727285912606
1014920 512 0 24727286168607
1015432 512 0 24727286424610
1015944 512 0 24727286680611
1016456 512 0 24727286936612
1016968 512 0 24727287192613
1017480 512 0 24727287448614
1017992 512 0 24727287704615
1018504 512 0 24727287960616
1019016 512 0 24727288216618
1019528 512 0 24727288472619
1020040 512 0 24727288728620
1020552 512 0 24727288984621
1021064 512 0 24727289240622
1021576 512 0 24727289496623
1022088 512 0 24727289752624
1022600 512 0 24727290008625
1023112 512 0 24727290264626
1023624 512 0 24727290520628
1024136 512 0 24727290776629
1024648 512 0 24727291032630
1025160 512 0 24727291288631
1025672 512 0 24727291544632
1026184 512 0 24727291800633
1026696 512 0 24727292056634
1027208 512 0 24727292312635
1027720 512 0 24727292568636
1028232 512 0 24727292824637
1028744 512 0 24727293080639
1029256 512 0 24727293336640
1029768 512 0 24727293592641
1030280 512 0 24727293848642
1030792 512 0 24727294104643
1031304 512 0 24727294360644
1031816 512 0 24727294616647
1032328 512 0 24727294872648
1032840 512 0 24727295128649
1033352 512 0 24727295384650
1033864 512 0 24727295640651
1034376 512 0 24727295896652
1034888 512 0 24727296152654
1035400 512 0 24727296408655
1035912 512 0 24727296664656
1036424 512 0 24727296920657
1036936 512 0 24727297176658
1037448 512 0 24727297432659
1037960 512 0 24727297688660
1038472 512 0 24727297944661
1038984 512 0 24727298200662
1039496 512 0 24727298456664
1040008 512 0 24727298712665
1040520 512 0 24727298968666
1041032 512 0 24727299224667
1041544 512 0 24727299480668
1042056 512 0 24727299736669
1042568 512 0 24727299992670
1043080 512 0 24727300248671
1043592 512 0 24727300504673
1044104 512 0 24727300760674
1044616 512 0 24727301016675
1045128 512 0 24727301272676
1045640 512 0 24727301528677
1046152 512 0 24727301784678
1046664 512 0 24727302040679
1047176 512 0 24727302296680
1047688 512 0 24727302552681
1048200 512 0 24727302808685
1048712 512 0 24727303064686
1049224 512 0 24727303320687
1049736 512 0 24727303576688
1050248 512 0 24727303832690
1050760 512 0 24727304088691
1051272 512 0 24727304344692
1051784 512 0 24727304600693
1052296 512 0 24727304856694
1052808 512 0 24727305112695
1053320 512 0 24727305368696
1053832 512 0 24727305624697
1054344 512 0 24727305880699
1054856 512 0 24727306136700
1055368 512 0 24727306392701
1055880 512 0 24727306648702
1056392 512 0 24727306904703
1056904 512 0 24727307160704
1057416 512 0 24727307416705
1057928 512 0 24727307672706
1058440 512 0 24727307928708
1058952 512 0 24727308184709
1059464 512 0 24727308440710
1059976 512 0 24727308696711
1060488 512 0 24727308952712
1061000 512 0 24727309208713
1061512 512 0 24727309464714
1062024 512 0 24727309720715
1062536 512 0 24727309976717
1063048 512 0 24727310232718
1063560 512 0 24727310488719
1064072 512 0 24727310744720
1064584 512 0 24727311000722
1065096 512 0 24727311256723
1065608 512 0 24727311512724
1066120 512 0 24727311768726
1066632 512 0 24727312024727
1067144 512 0 24727312280728
1067656 512 0 24727312536729
1068168 512 0 24727312792730
1068680 512 0 24727313048731
1069192 512 0 24727313304732
1069704 512 0 24727313560733
1070216 512 0 24727313816735
1070728 512 0 24727314072736
1071240 512 0 24727314328737
1071752 512 0 24727314584738
1072264 512 0 24727314840739
1072776 512 0 24727315096740
1073288 512 0 24727315352741
1073800 512 0 24727315608742
1074312 512 0 24727315864744
1074824 512 0 24727316120745
1075336 512 0 24727316376746
1075848 512 0 24727316632747
1076360 512 0 24727316888748
1076872 512 0 24727317144749
1077384 512 0 24727317400750
1077896 512 0 24727317656751
1078408 512 0 24727317912753
1078920 512 0 24727318168754
1079432 512 0 24727318424755
1079944 512 0 24727318680756
1080456 512 0 24727318936757
1080968 512 0 24727319192760
1081480 512 0 24727319448762
1081992 512 0 24727319704763
1082504 512 0 24727319960764
1083016 512 0 24727320216765
1083528 512 0 24727320472766
1084040 512 0 24727320728767
1084552 512 0 24727320984768
1085064 512 0 24727321240769
1085576 512 0 24727321496771
1086088 512 0 24727321752772
1086600 512 0 24727322008773
1087112 512 0 24727322264774
1087624 512 0 24727322520775
1088136 512 0 24727322776776
1088648 512 0 24727323032777
1089160 512 0 24727323288779
1089672 512 0 24727323544780
1090184 512 0 24727323800781
1090696 512 0 24727324056782
1091208 512 0 24727324312783
1091720 512 0 24727324568784
1092232 512 0 24727324824785
1092744 512 0 24727325080786
1093256 512 0 24727325336788
1093768 512 0 24727325592789
1094280 512 0 24727325848790
1094792 512 0 24727326104791
1095304 512 0 24727326360792
1095816 512 0 24727326616793
1096328 512 0 24727326872794
1096840 512 0 24727327128795
1097352 512 0 24727327384797
1097864 512 0 24727327640799
1098376 512 0 24727327896800
1098888 512 0 24727328152801
1099400 512 0 24727328408802
1099912 512 0 24727328664803
1100424 512 0 24727328920804
1100936 512 0 24727329176805
1101448 512 0 24727329432807
1101960 512 0 24727329688808
1102472 512 0 24727329944809
1102984 512 0 24727330200810
1103496 512 0 24727330456811
1104008 512 0 24727330712812
1104520 512 0 24727330968813
1105032 512 0 24727331224814
1105544 512 0 24727331480816
1106056 512 0 24727331736817
1106568 512 0 24727331992818
1107080 512 0 24727332248819
1107592 512 0 24727332504820
1108104 512 0 24727332760821
1108616 512 0 24727333016822
1109128 512 0 24727333272824
1109640 512 0 24727333528825
1110152 512 0 24727333784826
1110664 512 0 24727334040827
1111176 512 0 24727334296828
1111688 512 0 24727334552829
1112200 512 0 24727334808830
1112712 512 0 24727335064832
1113224 512 0 24727335320833
1113736 512 0 24727335576835
1114248 512 0 24727335832836
1114760 512 0 24727336088837
1115272 512 0 24727336344838
1115784 512 0 24727336600839
1116296 512 0 24727336856840
1116808 512 0 24727337112841
1117320 512 0 24727337368842
1117832 512 0 24727337624844
1118344 512 0 24727337880845
1118856 512 0 24727338136846
1119368 512 0 24727338392847
1119880 512 0 24727338648848
1120392 512 0 24727338904849
1120904 512 0 24727339160850
1121416 512 0 24727339416852
1121928 512 0 24727339672853
1122440 512 0 24727339928854
1122952 512 0 24727340184855
1123464 512 0 24727340440856
1123976 512 0 24727340696857
1124488 512 0 24727340952858
1125000 512 0 24727341208860
1125512 512 0 24727341464861
1126024 512 0 24727341720862
1126536 512 0 24727341976863
1127048 512 0 24727342232864
1127560 512 0 24727342488865
1128072 512 0 24727342744866
1128584 512 0 24727343000868
1129096 512 0 24727343256869
1129608 512 0 24727343512870
1130120 512 0 24727343768872
1130632 512 0 24727344024873
1131144 512 0 24727344280874
1131656 512 0 24727344536875
1132168 512 0 24727344792876
1132680 512 0 24727345048877
1133192 512 0 24727345304878
1133704 512 0 24727345560880
1134216 512 0 24727345816881
1134728 512 0 24727346072882
1135240 512 0 24727346328883
1135752 512 0 24727346584884
1136264 512 0 24727346840885
1136776 512 0 24727347096886
1137288 512 0 24727347352888
1137800 512 0 24727347608889
1138312 512 0 24727347864890
1138824 512 0 24727348120891
1139336 512 0 24727348376892
1139848 512 0 24727348632893
1140360 512 0 24727348888894
1140872 512 0 24727349144896
1141384 512 0 24727349400897
1141896 512 0 24727349656898
1142408 512 0 24727349912899
1142920 512 0 24727350168900
1143432 512 0 24727350424901
1143944 512 0 24727350680902
1144456 512 0 24727350936903
1144968 512 0 24727351192905
1145480 512 0 24727351448906
1145992 512 0 24727351704907
1146504 512 0 24727351960910
1147016 512 0 24727352216911
1147528 512 0 24727352472912
1148040 512 0 24727352728913
1148552 512 0 24727352984914
1149064 512 0 24727353240915
1149576 512 0 24727353496917
1150088 512 0 24727353752918
1150600 512 0 24727354008919
1151112 512 0 24727354264920
1151624 512 0 24727354520921
1152136 512 0 24727354776922
1152648 512 0 24727355032923
1153160 512 0 24727355288925
1153672 512 0 24727355544926
1154184 512 0 24727355800927
1154696 512 0 24727356056928
1155208 512 0 24727356312929
1155720 512 0 24727356568930
1156232 512 0 24727356824931
1156744 512 0 24727357080933
1157256 512 0 24727357336934
1157768 512 0 24727357592935
1158280 512 0 24727357848936
1158792 512 0 24727358104937
1159304 512 0 24727358360938
1159816 512 0 24727358616939
1160328 512 0 24727358872941
1160840 512 0 24727359128942
1161352 512 0 24727359384943
1161864 512 0 24727359640944
1162376 512 0 24727359896945
1162888 512 0 24727360152947
1163400 512 0 24727360408948
1163912 512 0 24727360664949
1164424 512 0 24727360920950
1164936 512 0 24727361176951
1165448 512 0 24727361432953
1165960 512 0 24727361688954
1166472 512 0 24727361944955
1166984 512 0 24727362200956
1167496 512 0 24727362456957
1168008 512 0 24727362712958
1168520 512 0 24727362968959
1169032 512 0 24727363224961
1169544 512 0 24727363480962
1170056 512 0 24727363736963
1170568 512 0 24727363992964
1171080 512 0 24727364248965
1171592 512 0 24727364504966
1172104 512 0 24727364760967
1172616 512 0 24727365016969
1173128 512 0 24727365272970
1173640 512 0 24727365528971
1174152 512 0 24727365784972
1174664 512 0 24727366040973
1175176 512 0 24727366296974
1175688 512 0 24727366552975
1176200 512 0 24727366808977
1176712 512 0 24727367064978
1177224 512 0 24727367320979
1177736 512 0 24727367576980
1178248 512 0 24727367832981
1178760 512 0 24727368088982
1179272 512 0 24727368344985
1179784 512 0 24727368600986
1180296 512 0 24727368856987
1180808 512 0 24727369112988
1181320 512 0 24727369368990
1181832 512 0 24727369624991
1182344 512 0 24727369880992
1182856 512 0 24727370136993
1183368 512 0 24727370392994
1183880 512 0 24727370648995
1184392 512 0 24727370904996
1184904 512 0 24727371160998
1185416 512 0 24727371416999
1185928 512 0 24727371673000
1186440 512 0 24727371929001
1186952 512 0 24727372185002
1187464 512 0 24727372441003
1187976 512 0 24727372697004
1188488 512 0 24727372953006
1189000 512 0 24727373209007
1189512 512 0 24727373465008
1190024 512 0 24727373721009
1190536 512 0 24727373977010
1191048 512 0 24727374233011
1191560 512 0 24727374489013
1192072 512 0 24727374745014
1192584 512 0 24727375001015
1193096 512 0 24727375257016
1193608 512 0 24727375513017
1194120 512 0 24727375769018
1194632 512 0 24727376025019
1195144 512 0 24727376281021
1195656 512 0 24727376537023
1196168 512 0 24727376793024
1196680 512 0 24727377049025
1197192 512 0 24727377305027
1197704 512 0 24727377561028
1198216 512 0 24727377817029
1198728 512 0 24727378073030
1199240 512 0 24727378329031
1199752 512 0 24727378585032
1200264 512 0 24727378841033
1200776 512 0 24727379097035
1201288 512 0 24727379353036
1201800 512 0 24727379609037
1202312 512 0 24727379865038
1202824 512 0 24727380121039
1203336 512 0 24727380377040
1203848 512 0 24727380633041
1204360 512 0 24727380889043
1204872 512 0 24727381145044
1205384 512 0 24727381401045
1205896 512 0 24727381657046
1206408 512 0 24727381913047
1206920 512 0 24727382169048
1207432 512 0 24727382425050
1207944 512 0 24727382681051
1208456 512 0 24727382937052
1208968 512 0 24727383193053
1209480 512 0 24727383449054
1209992 512 0 24727383705055
1210504 512 0 24727383961056
1211016 512 0 24727384217058
1211528 512 0 24727384473059
1212040 512 0 24727384729061
1212552 512 0 24727384985062
1213064 512 0 24727385241063
1213576 512 0 24727385497065
1214088 512 0 24727385753066
1214600 512 0 24727386009067
1215112 512 0 24727386265068
1215624 512 0 24727386521069
1216136 512 0 24727386777070
1216648 512 0 24727387033072
1217160 512 0 24727387289073
1217672 512 0 24727387545074
1218184 512 0 24727387801075
1218696 512 0 24727388057076
1219208 512 0 24727388313077
1219720 512 0 24727388569078
1220232 512 0 24727388825080
1220744 512 0 24727389081081
1221256 512 0 24727389337082
1221768 512 0 24727389593083
1222280 512 0 24727389849084
1222792 512 0 24727390105085
1223304 512 0 24727390361087
1223816 512 0 24727390617088
1224328 512 0 24727390873089
1224840 512 0 24727391129090
1225352 512 0 24727391385091
1225864 512 0 24727391641092
1226376 512 0 24727391897094
1226888 512 0 24727392153095
1227400 512 0 24727392409096
1227912 512 0 24727392665097
1228424 512 0 24727392921099
1228936 512 0 24727393177100
1229448 512 0 24727393433102
1229960 512 0 24727393689103
1230472 512 0 24727393945104
1230984 512 0 24727394201105
1231496 512 0 24727394457106
1232008 512 0 24727394713107
1232520 512 0 24727394969109
1233032 512 0 24727395225110
1233544 512 0 24727395481111
1234056 512 0 24727395737112
1234568 512 0 24727395993113
1235080 512 0 24727396249114
1235592 512 0 24727396505115
1236104 512 0 24727396761117
1236616 512 0 24727397017118
1237128 512 0 24727397273119
1237640 512 0 24727397529120
1238152 512 0 24727397785121
1238664 512 0 24727398041122
1239176 512 0 24727398297124
1239688 512 0 24727398553125
1240200 512 0 24727398809126
1240712 512 0 24727399065127
1241224 512 0 24727399321128
1241736 512 0 24727399577129
1242248 512 0 24727399833131
1242760 512 0 24727400089132
1243272 512 0 24727400345133
1243784 512 0 24727400601134
1244296 512 0 24727400857135
1244808 512 0 24727401113138
1245320 512 0 24727401369140
1245832 512 0 24727401625141
1246344 512 0 24727401881142
1246856 512 0 24727402137143
1247368 512 0 24727402393144
1247880 512 0 24727402649145
1248392 512 0 24727402905147
1248904 512 0 24727403161148
1249416 512 0 24727403417149
1249928 512 0 24727403673150
1250440 512 0 24727403929151
1250952 512 0 24727404185152
1251464 512 0 24727404441154
1251976 512 0 24727404697155
1252488 512 0 24727404953156
1253000 512 0 24727405209157
1253512 512 0 24727405465158
1254024 512 0 24727405721159
1254536 512 0 24727405977161
1255048 512 0 24727406233162
1255560 512 0 24727406489163
1256072 512 0 24727406745164
1256584 512 0 24727407001165
1257096 512 0 24727407257166
1257608 512 0 24727407513168
1258120 512 0 24727407769169
1258632 512 0 24727408025170
1259144 512 0 24727408281171
1259656 512 0 24727408537172
1260168 512 0 24727408793173
1260680 512 0 24727409049175
1261192 512 0 24727409305178
1261704 512 0 24727409561179
1262216 512 0 24727409817180
1262728 512 0 24727410073181
1263240 512 0 24727410329182
1263752 512 0 24727410585183
1264264 512 0 24727410841185
1264776 512 0 24727411097186
1265288 512 0 24727411353187
1265800 512 0 24727411609188
1266312 512 0 24727411865189
1266824 512 0 24727412121190
1267336 512 0 24727412377192
1267848 512 0 24727412633193
1268360 512 0 24727412889194
1268872 512 0 24727413145195
1269384 512 0 24727413401196
1269896 512 0 24727413657198
1270408 512 0 24727413913199
1270920 512 0 24727414169200
1271432 512 0 24727414425201
1271944 512 0 24727414681202
1272456 512 0 24727414937203
1272968 512 0 24727415193205
1273480 512 0 24727415449206
1273992 512 0 24727415705207
1274504 512 0 24727415961208
1275016 512 0 24727416217209
1275528 512 0 24727416473210
1276040 512 0 24727416729212
1276552 512 0 24727416985213
1277064 512 0 24727417241214
1277576 512 0 24727417497219
1278088 512 0 24727417753220
1278600 512 0 24727418009221
1279112 512 0 24727418265222
1279624 512 0 24727418521224
1280136 512 0 24727418777225
1280648 512 0 24727419033226
1281160 512 0 24727419289227
1281672 512 0 24727419545228
1282184 512 0 24727419801230
1282696 512 0 24727420057231
1283208 512 0 24727420313232
1283720 512 0 24727420569233
1284232 512 0 24727420825234
1284744 512 0 24727421081235
1285256 512 0 24727421337237
1285768 512 0 24727421593238
1286280 512 0 24727421849239
1286792 512 0 24727422105240
1287304 512 0 24727422361241
1287816 512 0 24727422617243
1288328 512 0 24727422873244
1288840 512 0 24727423129245
1289352 512 0 24727423385246
1289864 512 0 24727423641247
1290376 512 0 24727423897248
1290888 512 0 24727424153250
1291400 512 0 24727424409251
1291912 512 0 24727424665252
1292424 512 0 24727424921253
1292936 512 0 24727425177254
1293448 512 0 24727425433256
1293960 512 0 24727425689260
1294472 512 0 24727425945261
1294984 512 0 24727426201263
1295496 512 0 24727426457264
1296008 512 0 24727426713265
1296520 512 0 24727426969266
1297032 512 0 24727427225267
1297544 512 0 24727427481269
1298056 512 0 24727427737270
1298568 512 0 24727427993271
1299080 512 0 24727428249272
1299592 512 0 24727428505273
1300104 512 0 24727428761275
1300616 512 0 24727429017276
1301128 512 0 24727429273277
1301640 512 0 24727429529278
1302152 512 0 24727429785279
1302664 512 0 24727430041281
1303176 512 0 24727430297282
1303688 512 0 24727430553283
1304200 512 0 24727430809284
1304712 512 0 24727431065285
1305224 512 0 24727431321286
1305736 512 0 24727431577288
1306248 512 0 24727431833289
1306760 512 0 24727432089290
1307272 512 0 24727432345291
1307784 512 0 24727432601292
1308296 512 0 24727432857294
1308808 512 0 24727433113295
1309320 512 0 24727433369296
1309832 512 0 24727433625297
1310344 512 0 24727433881302
1310856 512 0 24727434137303
1311368 512 0 24727434393304
1311880 512 0 24727434649305
1312392 512 0 24727434905306
1312904 512 0 24727435161308
1313416 512 0 24727435417309
1313928 512 0 24727435673310
1314440 512 0 24727435929311
1314952 512 0 24727436185312
1315464 512 0 24727436441314
1315976 512 0 24727436697315
1316488 512 0 24727436953316
1317000 512 0 24727437209317
1317512 512 0 24727437465318
1318024 512 0 24727437721320
1318536 512 0 24727437977321
1319048 512 0 24727438233322
1319560 512 0 24727438489323
1320072 512 0 24727438745324
1320584 512 0 24727439001326
1321096 512 0 24727439257327
1321608 512 0 24727439513328
1322120 512 0 24727439769329
1322632 512 0 24727440025330
1323144 512 0 24727440281332
1323656 512 0 24727440537333
1324168 512 0 24727440793334
1324680 512 0 24727441049335
1325192 512 0 24727441305336
1325704 512 0 24727441561338
1326216 512 0 24727441817339
1326728 512 0 24727442073343
1327240 512 0 24727442329344
1327752 512 0 24727442585345
1328264 512 0 24727442841346
1328776 512 0 24727443097348
1329288 512 0 24727443353349
1329800 512 0 24727443609350
1330312 512 0 24727443865351
1330824 512 0 24727444121352
1331336 512 0 24727444377354
1331848 512 0 24727444633355
1332360 512 0 24727444889356
1332872 512 0 24727445145357
1333384 512 0 24727445401359
1333896 512 0 24727445657360
1334408 512 0 24727445913361
1334920 512 0 24727446169362
1335432 512 0 24727446425363
1335944 512 0 24727446681365
1336456 512 0 24727446937366
1336968 512 0 24727447193367
1337480 512 0 24727447449368
1337992 512 0 24727447705369
1338504 512 0 24727447961371
1339016 512 0 24727448217372
1339528 512 0 24727448473373
1340040 512 0 24727448729374
1340552 512 0 24727448985375
1341064 512 0 24727449241377
1341576 512 0 24727449497378
1342088 512 0 24727449753379
1342600 512 0 24727450009380
1343112 512 0 24727450265385
1343624 512 0 24727450521386
1344136 512 0 24727450777388
1344648 512 0 24727451033389
1345160 512 0 24727451289390
1345672 512 0 24727451545391
1346184 512 0 24727451801392
1346696 512 0 24727452057394
1347208 512 0 24727452313395
1347720 512 0 24727452569396
1348232 512 0 24727452825397
1348744 512 0 24727453081399
1349256 512 0 24727453337400
1349768 512 0 24727453593401
1350280 512 0 24727453849402
1350792 512 0 24727454105403
1351304 512 0 24727454361405
1351816 512 0 24727454617406
1352328 512 0 24727454873407
1352840 512 0 24727455129408
1353352 512 0 24727455385409
1353864 512 0 24727455641411
1354376 512 0 24727455897412
1354888 512 0 24727456153413
1355400 512 0 24727456409414
1355912 512 0 24727456665416
1356424 512 0 24727456921417
1356936 512 0 24727457177418
1357448 512 0 24727457433419
1357960 512 0 24727457689420
1358472 512 0 24727457945422
1358984 512 0 24727458201423
1359496 512 0 24727458457427
1360008 512 0 24727458713429
1360520 512 0 24727458969430
1361032 512 0 24727459225431
1361544 512 0 24727459481432
1362056 512 0 24727459737434
1362568 512 0 24727459993435
1363080 512 0 24727460249436
1363592 512 0 24727460505437
1364104 512 0 24727460761438
1364616 512 0 24727461017440
1365128 512 0 24727461273441
1365640 512 0 24727461529442
1366152 512 0 24727461785443
1366664 512 0 24727462041445
1367176 512 0 24727462297446
1367688 512 0 24727462553447
1368200 512 0 24727462809448
1368712 512 0 24727463065450
1369224 512 0 24727463321451
1369736 512 0 24727463577452
1370248 512 0 24727463833453
1370760 512 0 24727464089454
1371272 512 0 24727464345456
1371784 512 0 24727464601457
1372296 512 0 24727464857458
1372808 512 0 24727465113459
1373320 512 0 24727465369461
1373832 512 0 24727465625462
1374344 512 0 24727465881463
1374856 512 0 24727466137464
1375368 512 0 24727466393465
1375880 512 0 24727466649471
1376392 512 0 24727466905472
1376904 512 0 24727467161473
1377416 512 0 24727467417474
1377928 512 0 24727467673476
1378440 512 0 24727467929477
1378952 512 0 24727468185478
1379464 512 0 24727468441479
1379976 512 0 24727468697481
1380488 512 0 24727468953482
1381000 512 0 24727469209483
1381512 512 0 24727469465484
1382024 512 0 24727469721486
1382536 512 0 24727469977487
1383048 512 0 24727470233488
1383560 512 0 24727470489489
1384072 512 0 24727470745491
1384584 512 0 24727471001492
1385096 512 0 24727471257493
1385608 512 0 24727471513494
1386120 512 0 24727471769496
1386632 512 0 24727472025497
1387144 512 0 24727472281498
1387656 512 0 24727472537499
1388168 512 0 24727472793501
1388680 512 0 24727473049502
1389192 512 0 24727473305503
1389704 512 0 24727473561504
1390216 512 0 24727473817505
1390728 512 0 24727474073507
1391240 512 0 24727474329508
1391752 512 0 24727474585509
1392264 512 0 24727474841513
1392776 512 0 24727475097514
1393288 512 0 24727475353515
1393800 512 0 24727475609517
1394312 512 0 24727475865518
1394824 512 0 24727476121519
1395336 512 0 24727476377520
1395848 512 0 24727476633522
1396360 512 0 24727476889523
1396872 512 0 24727477145524
1397384 512 0 24727477401525
1397896 512 0 24727477657527
1398408 512 0 24727477913528
1398920 512 0 24727478169529
1399432 512 0 24727478425530
1399944 512 0 24727478681532
1400456 512 0 24727478937533
1400968 512 0 24727479193534
1401480 512 0 24727479449535
1401992 512 0 24727479705537
1402504 512 0 24727479961538
1403016 512 0 24727480217539
1403528 512 0 24727480473540
1404040 512 0 24727480729542
1404552 512 0 24727480985543
1405064 512 0 24727481241544
1405576 512 0 24727481497545
1406088 512 0 24727481753547
1406600 512 0 24727482009548
1407112 512 0 24727482265549
1407624 512 0 24727482521550
1408136 512 0 24727482777552
1408648 512 0 24727483033556
1409160 512 0 24727483289558
1409672 512 0 24727483545559
1410184 512 0 24727483801560
1410696 512 0 24727484057561
1411208 512 0 24727484313563
1411720 512 0 24727484569564
1412232 512 0 24727484825565
1412744 512 0 24727485081566
1413256 512 0 24727485337568
1413768 512 0 24727485593569
1414280 512 0 24727485849570
1414792 512 0 24727486105571
1415304 512 0 24727486361573
1415816 512 0 24727486617574
1416328 512 0 24727486873575
1416840 512 0 24727487129576
1417352 512 0 24727487385578
1417864 512 0 24727487641579
1418376 512 0 24727487897580
1418888 512 0 24727488153581
1419400 512 0 24727488409583
1419912 512 0 24727488665584
1420424 512 0 24727488921585
1420936 512 0 24727489177586
1421448 512 0 24727489433588
1421960 512 0 24727489689589
1422472 512 0 24727489945590
1422984 512 0 24727490201591
1423496 512 0 24727490457593
1424008 512 0 24727490713594
1424520 512 0 24727490969595
1425032 512 0 24727491225600
1425544 512 0 24727491481601
1426056 512 0 24727491737602
1426568 512 0 24727491993603
1427080 512 0 24727492249605
1427592 512 0 24727492505606
1428104 512 0 24727492761607
1428616 512 0 24727493017608
1429128 512 0 24727493273610
1429640 512 0 24727493529611
1430152 512 0 24727493785612
1430664 512 0 24727494041613
1431176 512 0 24727494297615
1431688 512 0 24727494553616
1432200 512 0 24727494809617
1432712 512 0 24727495065619
1433224 512 0 24727495321620
1433736 512 0 24727495577621
1434248 512 0 24727495833622
1434760 512 0 24727496089624
1435272 512 0 24727496345625
1435784 512 0 24727496601626
1436296 512 0 24727496857627
1436808 512 0 24727497113629
1437320 512 0 24727497369630
1437832 512 0 24727497625631
1438344 512 0 24727497881632
1438856 512 0 24727498137634
1439368 512 0 24727498393635
1439880 512 0 24727498649636
1440392 512 0 24727498905638
1440904 512 0 24727499161639
1441416 512 0 24727499417642
1441928 512 0 24727499673643
1442440 512 0 24727499929644
1442952 512 0 24727500185646
1443464 512 0 24727500441647
1443976 512 0 24727500697648
1444488 512 0 24727500953649
1445000 512 0 24727501209651
1445512 512 0 24727501465652
1446024 512 0 24727501721653
1446536 512 0 24727501977654
1447048 512 0 24727502233656
1447560 512 0 24727502489657
1448072 512 0 24727502745658
1448584 512 0 24727503001659
1449096 512 0 24727503257661
1449608 512 0 24727503513662
1450120 512 0 24727503769663
1450632 512 0 24727504025665
1451144 512 0 24727504281666
1451656 512 0 24727504537667
1452168 512 0 24727504793668
1452680 512 0 24727505049670
1453192 512 0 24727505305671
1453704 512 0 24727505561672
1454216 512 0 24727505817673
1454728 512 0 24727506073675
1455240 512 0 24727506329676
1455752 512 0 24727506585677
1456264 512 0 24727506841679
1456776 512 0 24727507097680
1457288 512 0 24727507353681
1457800 512 0 24727507609685
1458312 512 0 24727507865686
1458824 512 0 24727508121688
1459336 512 0 24727508377689
1459848 512 0 24727508633690
1460360 512 0 24727508889691
1460872 512 0 24727509145693
1461384 512 0 24727509401694
1461896 512 0 24727509657695
1462408 512 0 24727509913696
1462920 512 0 24727510169698
1463432 512 0 24727510425699
1463944 512 0 24727510681700
1464456 512 0 24727510937702
1464968 512 0 24727511193703
1465480 512 0 24727511449704
1465992 512 0 24727511705705
1466504 512 0 24727511961707
1467016 512 0 24727512217708
1467528 512 0 24727512473709
1468040 512 0 24727512729710
1468552 512 0 24727512985712
1469064 512 0 24727513241713
1469576 512 0 24727513497714
1470088 512 0 24727513753716
1470600 512 0 24727514009717
1471112 512 0 24727514265718
1471624 512 0 24727514521719
1472136 512 0 24727514777721
1472648 512 0 24727515033722
1473160 512 0 24727515289723
1473672 512 0 24727515545725
1474184 512 0 24727515801727
1474696 512 0 24727516057728
1475208 512 0 24727516313730
1475720 512 0 24727516569731
1476232 512 0 24727516825732
1476744 512 0 24727517081733
1477256 512 0 24727517337735
1477768 512 0 24727517593736
1478280 512 0 24727517849737
1478792 512 0 24727518105739
1479304 512 0 24727518361740
1479816 512 0 24727518617741
1480328 512 0 24727518873742
1480840 512 0 24727519129744
1481352 512 0 24727519385745
1481864 512 0 24727519641746
1482376 512 0 24727519897748
1482888 512 0 24727520153749
1483400 512 0 24727520409750
1483912 512 0 24727520665751
1484424 512 0 24727520921753
1484936 512 0 24727521177754
1485448 512 0 24727521433755
1485960 512 0 24727521689757
1486472 512 0 24727521945758
1486984 512 0 24727522201759
1487496 512 0 24727522457760
1488008 512 0 24727522713762
1488520 512 0 24727522969763
1489032 512 0 24727523225764
1489544 512 0 24727523481765
1490056 512 0 24727523737767
1490568 512 0 24727523993770
1491080 512 0 24727524249772
1491592 512 0 24727524505773
1492104 512 0 24727524761774
1492616 512 0 24727525017775
1493128 512 0 24727525273777
1493640 512 0 24727525529778
1494152 512 0 24727525785779
1494664 512 0 24727526041781
1495176 512 0 24727526297782
1495688 512 0 24727526553783
1496200 512 0 24727526809784
1496712 512 0 24727527065786
1497224 512 0 24727527321787
1497736 512 0 24727527577788
1498248 512 0 24727527833790
1498760 512 0 24727528089791
1499272 512 0 24727528345792
1499784 512 0 24727528601793
1500296 512 0 24727528857795
1500808 512 0 24727529113796
1501320 512 0 24727529369797
1501832 512 0 24727529625799
1502344 512 0 24727529881800
1502856 512 0 24727530137801
1503368 512 0 24727530393802
1503880 512 0 24727530649804
1504392 512 0 24727530905805
1504904 512 0 24727531161806
1505416 512 0 24727531417808
1505928 512 0 24727531673809
1506440 512 0 24727531929810
1506952 512 0 24727532185812
1507464 512 0 24727532441814
1507976 512 0 24727532697815
1508488 512 0 24727532953816
1509000 512 0 24727533209817
1509512 512 0 24727533465819
1510024 512 0 24727533721820
1510536 512 0 24727533977821
1511048 512 0 24727534233823
1511560 512 0 24727534489824
1512072 512 0 24727534745825
1512584 512 0 24727535001827
1513096 512 0 24727535257828
1513608 512 0 24727535513829
1514120 512 0 24727535769830
1514632 512 0 24727536025832
1515144 512 0 24727536281833
1515656 512 0 24727536537834
1516168 512 0 24727536793836
1516680 512 0 24727537049837
1517192 512 0 24727537305838
1517704 512 0 24727537561839
1518216 512 0 24727537817841
1518728 512 0 24727538073842
1519240 512 0 24727538329843
1519752 512 0 24727538585845
1256 512 0 24727544105433
1768 512 0 24727544384073
2280 512 0 24727544662712
2792 512 0 24727544941352
3304 512 0 24727545219991
3816 512 0 24727545498631
4328 512 0 24727545777270
4840 512 0 24727546055910
5352 512 0 24727546334549
5864 512 0 24727546613189
6376 512 0 24727546891828
6888 512 0 24727547170468
7400 512 0 24727547449107
7912 512 0 24727547727747
8424 512 0 24727548006386
8936 512 0 24727548285025
9448 512 0 24727548563665
9960 512 0 24727548842304
10472 512 0 24727549120944
10984 512 0 24727549399583
11496 512 0 24727549678223
12008 512 0 24727549956862
12520 512 0 24727550235502
13032 512 0 24727550514141
13544 512 0 24727550792781
14056 512 0 24727551071420
14568 512 0 24727551350060
15080 512 0 24727551628699
15592 512 0 24727551907339
16104 512 0 24727552185978
16616 512 0 24727552464618
17128 512 0 24727552743257
17640 512 0 24727553021896
18152 512 0 24727553300536
18664 512 0 24727553579175
19176 512 0 24727553857815
19688 512 0 24727554136454
20200 512 0 24727554415094
20712 512 0 24727554693733
21224 512 0 24727554972373
21736 512 0 24727555251012
22248 512 0 24727555529652
22760 512 0 24727555808291
23272 512 0 24727556086931
23784 512 0 24727556365570
24296 512 0 24727556644210
24808 512 0 24727556922849
25320 512 0 24727557201488
25832 512 0 24727557480128
26344 512 0 24727557758767
26856 512 0 24727558037407
27368 512 0 24727558316046
27880 512 0 24727558594686
28392 512 0 24727558873325
28904 512 0 24727559151965
29416 512 0 24727559430604
29928 512 0 24727559709244
30440 512 0 24727559987883
30952 512 0 24727560266523
31464 512 0 24727560545162
31976 512 0 24727560823802
32488 512 0 24727561102519
33000 512 0 24727561381160
33512 512 0 24727561659800
34024 512 0 24727561938441
34536 512 0 24727562217081
35048 512 0 24727562495722
35560 512 0 24727562774362
36072 512 0 24727563053003
36584 512 0 24727563331643
37096 512 0 24727563610284
37608 512 0 24727563888924
38120 512 0 24727564167565
38632 512 0 24727564446205
39144 512 0 24727564724846
39656 512 0 24727565003487
40168 512 0 24727565282127
40680 512 0 24727565560768
41192 512 0 24727565839408
41704 512 0 24727566118049
42216 512 0 24727566396689
42728 512 0 24727566675330
43240 512 0 24727566953970
43752 512 0 24727567232611
44264 512 0 24727567511251
44776 512 0 24727567789892
45288 512 0 24727568068532
45800 512 0 24727568347173
46312 512 0 24727568625813
46824 512 0 24727568904454
47336 512 0 24727569183094
47848 512 0 24727569461735
48360 512 0 24727569740375
48872 512 0 24727570019037
49384 512 0 24727570297678
49896 512 0 24727570576319
50408 512 0 24727570854960
50920 512 0 24727571133600
51432 512 0 24727571412241
51944 512 0 24727571690882
52456 512 0 24727571969523
52968 512 0 24727572248164
53480 512 0 24727572526805
53992 512 0 24727572805445
54504 512 0 24727573084086
55016 512 0 24727573362727
55528 512 0 24727573641368
56040 512 0 24727573920009
56552 512 0 24727574198649
57064 512 0 24727574477290
57576 512 0 24727574755931
58088 512 0 24727575034572
58600 512 0 24727575313213
59112 512 0 24727575591853
59624 512 0 24727575870494
60136 512 0 24727576149135
60648 512 0 24727576427776
61160 512 0 24727576706417
61672 512 0 24727576985058
62184 512 0 24727577263698
62696 512 0 24727577542339
63208 512 0 24727577820980
63720 512 0 24727578099621
64232 512 0 24727578378262
64744 512 0 24727578656902
65256 512 0 24727578935548
65768 512 0 24727579214189
66280 512 0 24727579492829
66792 512 0 24727579771470
67304 512 0 24727580050111
67816 512 0 24727580328752
68328 512 0 24727580607393
68840 512 0 24727580886034
69352 512 0 24727581164675
69864 512 0 24727581443315
70376 512 0 24727581721956
70888 512 0 24727582000597
71400 512 0 24727582279238
71912 512 0 24727582557879
72424 512 0 24727582836520
72936 512 0 24727583115161
73448 512 0 24727583393801
73960 512 0 24727583672442
74472 512 0 24727583951083
74984 512 0 24727584229724
75496 512 0 24727584508365
76008 512 0 24727584787006
76520 512 0 24727585065647
77032 512 0 24727585344287
77544 512 0 24727585622928
78056 512 0 24727585901569
78568 512 0 24727586180210
79080 512 0 24727586458851
79592 512 0 24727586737492
80104 512 0 24727587016133
80616 512 0 24727587294774
81128 512 0 24727587573414
81640 512 0 24727587852058
82152 512 0 24727588130698
82664 512 0 24727588409339
83176 512 0 24727588687980
83688 512 0 24727588966621
84200 512 0 24727589245262
84712 512 0 24727589523903
85224 512 0 24727589802544
85736 512 0 24727590081185
86248 512 0 24727590359825
86760 512 0 24727590638466
87272 512 0 24727590917107
87784 512 0 24727591195748
88296 512 0 24727591474389
88808 512 0 24727591753030
89320 512 0 24727592031671
89832 512 0 24727592310312
90344 512 0 24727592588953
90856 512 0 24727592867593
91368 512 0 24727593146234
91880 512 0 24727593424875
92392 512 0 24727593703516
92904 512 0 24727593982157
93416 512 0 24727594260798
93928 512 0 24727594539439
94440 512 0 24727594818080
94952 512 0 24727595096720
95464 512 0 24727595375361
95976 512 0 24727595654002
96488 512 0 24727595932643
97000 512 0 24727596211284
97512 512 0 24727596489925
98024 512 0 24727596768536
98536 512 0 24727597047176
99048 512 0 24727597325817
99560 512 0 24727597604457
100072 512 0 24727597883098
100584 512 0 24727598161738
101096 512 0 24727598440379
101608 512 0 24727598719020
102120 512 0 24727598997660
102632 512 0 24727599276301
103144 512 0 24727599554941
103656 512 0 24727599833582
104168 512 0 24727600112222
104680 512 0 24727600390863
105192 512 0 24727600669503
105704 512 0 24727600948144
106216 512 0 24727601226785
106728 512 0 24727601505425
107240 512 0 24727601784066
107752 512 0 24727602062706
108264 512 0 24727602341347
108776 512 0 24727602619987
109288 512 0 24727602898628
109800 512 0 24727603177269
110312 512 0 24727603455909
110824 512 0 24727603734550
111336 512 0 24727604013190
111848 512 0 24727604291831
112360 512 0 24727604570471
112872 512 0 24727604849112
113384 512 0 24727605127753
113896 512 0 24727605406393
114408 512 0 24727605685026
114920 512 0 24727605963667
115432 512 0 24727606242307
115944 512 0 24727606520948
116456 512 0 24727606799588
116968 512 0 24727607078228
117480 512 0 24727607356869
117992 512 0 24727607635509
118504 512 0 24727607914150
119016 512 0 24727608192790
119528 512 0 24727608471431
120040 512 0 24727608750071
120552 512 0 24727609028712
121064 512 0 24727609307352
121576 512 0 24727609585993
122088 512 0 24727609864633
122600 512 0 24727610143274
123112 512 0 24727610421914
123624 512 0 24727610700555
124136 512 0 24727610979195
124648 512 0 24727611257836
125160 512 0 24727611536476
125672 512 0 24727611815117
126184 512 0 24727612093757
126696 512 0 24727612372398
127208 512 0 24727612651038
127720 512 0 24727612929679
128232 512 0 24727613208319
128744 512 0 24727613486960
129256 512 0 24727613765600
129768 512 0 24727614044241
130280 512 0 24727614322881
130792 512 0 24727614601523
131304 512 0 24727614880164
131816 512 0 24727615158804
132328 512 0 24727615437445
132840 512 0 24727615716085
133352 512 0 24727615994726
133864 512 0 24727616273366
134376 512 0 24727616552007
134888 512 0 24727616830647
135400 512 0 24727617109288
135912 512 0 24727617387928
136424 512 0 24727617666569
136936 512 0 24727617945209
137448 512 0 24727618223850
137960 512 0 24727618502490
138472 512 0 24727618781131
138984 512 0 24727619059771
139496 512 0 24727619338412
140008 512 0 24727619617052
140520 512 0 24727619895693
141032 512 0 24727620174333
141544 512 0 24727620452974
142056 512 0 24727620731614
142568 512 0 24727621010255
143080 512 0 24727621288895
143592 512 0 24727621567536
144104 512 0 24727621846176
144616 512 0 24727622124817
145128 512 0 24727622403457
145640 512 0 24727622682098
146152 512 0 24727622960738
146664 512 0 24727623239379
147176 512 0 24727623518022
147688 512 0 24727623796662
148200 512 0 24727624075303
148712 512 0 24727624353943
149224 512 0 24727624632584
149736 512 0 24727624911224
150248 512 0 24727625189865
150760 512 0 24727625468506
151272 512 0 24727625747146
151784 512 0 24727626025787
152296 512 0 24727626304427
152808 512 0 24727626583068
153320 512 0 24727626861708
153832 512 0 24727627140349
154344 512 0 24727627418989
154856 512 0 24727627697630
155368 512 0 24727627976270
155880 512 0 24727628254911
156392 512 0 24727628533551
156904 512 0 24727628812192
157416 512 0 24727629090832
157928 512 0 24727629369473
158440 512 0 24727629648113
158952 512 0 24727629926754
159464 512 0 24727630205394
159976 512 0 24727630484035
160488 512 0 24727630762675
161000 512 0 24727631041316
161512 512 0 24727631319956
162024 512 0 24727631598597
162536 512 0 24727631877237
163048 512 0 24727632155878
163560 512 0 24727632434520
164072 512 0 24727632713161
164584 512 0 24727632991801
165096 512 0 24727633270442
165608 512 0 24727633549082
166120 512 0 24727633827723
166632 512 0 24727634106363
167144 512 0 24727634385004
167656 512 0 24727634663644
168168 512 0 24727634942285
168680 512 0 24727635220926
169192 512 0 24727635499566
169704 512 0 24727635778207
170216 512 0 24727636056847
170728 512 0 24727636335488
171240 512 0 24727636614128
171752 512 0 24727636892769
172264 512 0 24727637171409
172776 512 0 24727637450050
173288 512 0 24727637728690
173800 512 0 24727638007331
174312 512 0 24727638285971
174824 512 0 24727638564612
175336 512 0 24727638843252
175848 512 0 24727639121893
176360 512 0 24727639400533
176872 512 0 24727639679174
177384 512 0 24727639957814
177896 512 0 24727640236455
178408 512 0 24727640515096
178920 512 0 24727640793736
179432 512 0 24727641072377
179944 512 0 24727641351019
180456 512 0 24727641629659
180968 512 0 24727641908300
181480 512 0 24727642186940
181992 512 0 24727642465581
182504 512 0 24727642744221
183016 512 0 24727643022862
183528 512 0 24727643301502
184040 512 0 24727643580143
184552 512 0 24727643858783
185064 512 0 24727644137424
185576 512 0 24727644416064
186088 512 0 24727644694705
186600 512 0 24727644973346
187112 512 0 24727645251986
187624 512 0 24727645530627
188136 512 0 24727645809267
188648 512 0 24727646087908
189160 512 0 24727646366548
189672 512 0 24727646645189
190184 512 0 24727646923829
190696 512 0 24727647202470
191208 512 0 24727647481110
191720 512 0 24727647759751
192232 512 0 24727648038391
192744 512 0 24727648317032
193256 512 0 24727648595672
193768 512 0 24727648874313
194280 512 0 24727649152954
194792 512 0 24727649431594
195304 512 0 24727649710235
195816 512 0 24727649988875
196328 512 0 24727650267517
196840 512 0 24727650546157
197352 512 0 24727650824798
197864 512 0 24727651103438
198376 512 0 24727651382079
198888 512 0 24727651660720
199400 512 0 24727651939360
199912 512 0 24727652218001
200424 512 0 24727652496641
200936 512 0 24727652775282
201448 512 0 24727653053922
201960 512 0 24727653332563
202472 512 0 24727653611203
202984 512 0 24727653889844
203496 512 0 24727654168484
204008 512 0 24727654447125
204520 512 0 24727654725765
205032 512 0 24727655004406
205544 512 0 24727655283047
206056 512 0 24727655561687
206568 512 0 24727655840328
207080 512 0 24727656118968
207592 512 0 24727656397609
208104 512 0 24727656676249
208616 512 0 24727656954890
209128 512 0 24727657233530
209640 512 0 24727657512171
210152 512 0 24727657790811
210664 512 0 24727658069452
211176 512 0 24727658348093
211688 512 0 24727658626733
212200 512 0 24727658905374
212712 512 0 24727659184015
213224 512 0 24727659462656
213736 512 0 24727659741296
214248 512 0 24727660019937
214760 512 0 24727660298577
215272 512 0 24727660577218
215784 512 0 24727660855858
216296 512 0 24727661134499
216808 512 0 24727661413139
217320 512 0 24727661691780
217832 512 0 24727661970420
218344 512 0 24727662249061
218856 512 0 24727662527702
219368 512 0 24727662806342
219880 512 0 24727663084983
220392 512 0 24727663363623
220904 512 0 24727663642264
221416 512 0 24727663920904
221928 512 0 24727664199545
222440 512 0 24727664478185
222952 512 0 24727664756826
223464 512 0 24727665035466
223976 512 0 24727665314107
224488 512 0 24727665592748
225000 512 0 24727665871388
225512 512 0 24727666150029
226024 512 0 24727666428669
226536 512 0 24727666707310
227048 512 0 24727666985950
227560 512 0 24727667264591
228072 512 0 24727667543231
228584 512 0 24727667821872
229096 512 0 24727668100513
229608 512 0 24727668379154
230120 512 0 24727668657794
230632 512 0 24727668936435
231144 512 0 24727669215075
231656 512 0 24727669493716
232168 512 0 24727669772356
232680 512 0 24727670050997
233192 512 0 24727670329637
233704 512 0 24727670608278
234216 512 0 24727670886919
234728 512 0 24727671165559
235240 512 0 24727671444200
235752 512 0 24727671722840
236264 512 0 24727672001481
236776 512 0 24727672280121
237288 512 0 24727672558762
237800 512 0 24727672837402
238312 512 0 24727673116043
238824 512 0 24727673394684
239336 512 0 24727673673324
239848 512 0 24727673951965
240360 512 0 24727674230605
240872 512 0 24727674509246
241384 512 0 24727674787886
241896 512 0 24727675066527
242408 512 0 24727675345167
242920 512 0 24727675623808
243432 512 0 24727675902449
243944 512 0 24727676181089
244456 512 0 24727676459730
244968 512 0 24727676738370
245480 512 0 24727677017011
245992 512 0 24727677295652
246504 512 0 24727677574292
247016 512 0 24727677852933
247528 512 0 24727678131573
248040 512 0 24727678410214
248552 512 0 24727678688854
249064 512 0 24727678967495
249576 512 0 24727679246136
250088 512 0 24727679524776
250600 512 0 24727679803417
251112 512 0 24727680082057
251624 512 0 24727680360698
252136 512 0 24727680639338
252648 512 0 24727680917979
253160 512 0 24727681196619
253672 512 0 24727681475260
254184 512 0 24727681753901
254696 512 0 24727682032541
255208 512 0 24727682311182
255720 512 0 24727682589822
256232 512 0 24727682868463
256744 512 0 24727683147103
257256 512 0 24727683425744
257768 512 0 24727683704384
258280 512 0 24727683983025
258792 512 0 24727684261666
259304 512 0 24727684540306
259816 512 0 24727684818947
260328 512 0 24727685097587
260840 512 0 24727685376228
261352 512 0 24727685654868
261864 512 0 24727685933509
262376 512 0 24727686212150
262888 512 0 24727686490790
263400 512 0 24727686769431
263912 512 0 24727687048071
264424 512 0 24727687326712
264936 512 0 24727687605353
265448 512 0 24727687883993
265960 512 0 24727688162634
266472 512 0 24727688441274
266984 512 0 24727688719915
267496 512 0 24727688998555
268008 512 0 24727689277196
268520 512 0 24727689555836
269032 512 0 24727689834477
269544 512 0 24727690113118
270056 512 0 24727690391758
270568 512 0 24727690670399
271080 512 0 24727690949039
271592 512 0 24727691227680
272104 512 0 24727691506320
272616 512 0 24727691784961
273128 512 0 24727692063601
273640 512 0 24727692342242
274152 512 0 24727692620883
274664 512 0 24727692899523
275176 512 0 24727693178164
275688 512 0 24727693456804
276200 512 0 24727693735445
276712 512 0 24727694014085
277224 512 0 24727694292726
277736 512 0 24727694571366
278248 512 0 24727694850007
278760 512 0 24727695128648
279272 512 0 24727695407288
279784 512 0 24727695685929
280296 512 0 24727695964569
280808 512 0 24727696243210
281320 512 0 24727696521851
281832 512 0 24727696800491
282344 512 0 24727697079132
282856 512 0 24727697357772
283368 512 0 24727697636413
283880 512 0 24727697915053
284392 512 0 24727698193694
284904 512 0 24727698472334
285416 512 0 24727698750975
285928 512 0 24727699029616
286440 512 0 24727699308256
286952 512 0 24727699586897
287464 512 0 24727699865537
287976 512 0 24727700144178
288488 512 0 24727700422818
289000 512 0 24727700701459
289512 512 0 24727700980099
290024 512 0 24727701258740
290536 512 0 24727701537381
291048 512 0 24727701816021
291560 512 0 24727702094662
292072 512 0 24727702373302
292584 512 0 24727702651943
293096 512 0 24727702930583
293608 512 0 24727703209224
294120 512 0 24727703487864
294632 512 0 24727703766506
295144 512 0 24727704045147
295656 512 0 24727704323787
296168 512 0 24727704602428
296680 512 0 24727704881069
297192 512 0 24727705159709
297704 512 0 24727705438350
298216 512 0 24727705716990
298728 512 0 24727705995631
299240 512 0 24727706274271
299752 512 0 24727706552912
300264 512 0 24727706831552
300776 512 0 24727707110193
301288 512 0 24727707388834
301800 512 0 24727707667474
302312 512 0 24727707946115
302824 512 0 24727708224755
303336 512 0 24727708503396
303848 512 0 24727708782036
304360 512 0 24727709060677
304872 512 0 24727709339318
305384 512 0 24727709617958
305896 512 0 24727709896599
306408 512 0 24727710175239
306920 512 0 24727710453880
307432 512 0 24727710732520
307944 512 0 24727711011161
308456 512 0 24727711289801
308968 512 0 24727711568442
309480 512 0 24727711847083
309992 512 0 24727712125723
310504 512 0 24727712404364
311016 512 0 24727712683004
311528 512 0 24727712961645
312040 512 0 24727713240285
312552 512 0 24727713518926
313064 512 0 24727713797567
313576 512 0 24727714076207
314088 512 0 24727714354848
314600 512 0 24727714633488
315112 512 0 24727714912129
315624 512 0 24727715190769
316136 512 0 24727715469410
316648 512 0 24727715748051
317160 512 0 24727716026691
317672 512 0 24727716305332
318184 512 0 24727716583972
318696 512 0 24727716862613
319208 512 0 24727717141253
319720 512 0 24727717419894
320232 512 0 24727717698534
320744 512 0 24727717977175
321256 512 0 24727718255816
321768 512 0 24727718534456
322280 512 0 24727718813097
322792 512 0 24727719091737
323304 512 0 24727719370378
323816 512 0 24727719649018
324328 512 0 24727719927659
324840 512 0 24727720206299
325352 512 0 24727720484940
325864 512 0 24727720763581
326376 512 0 24727721042221
326888 512 0 24727721320862
327400 512 0 24727721599502
327912 512 0 24727721878143
328424 512 0 24727722156783
328936 512 0 24727722435424
329448 512 0 24727722714065
329960 512 0 24727722992705
330472 512 0 24727723271346
330984 512 0 24727723549986
331496 512 0 24727723828627
332008 512 0 24727724107267
332520 512 0 24727724385908
333032 512 0 24727724664549
333544 512 0 24727724943189
334056 512 0 24727725221830
334568 512 0 24727725500470
335080 512 0 24727725779111
335592 512 0 24727726057751
336104 512 0 24727726336392
336616 512 0 24727726615032
337128 512 0 24727726893673
337640 512 0 24727727172314
338152 512 0 24727727450954
338664 512 0 24727727729595
339176 512 0 24727728008235
339688 512 0 24727728286876
340200 512 0 24727728565516
340712 512 0 24727728844157
341224 512 0 24727729122797
341736 512 0 24727729401438
342248 512 0 24727729680079
342760 512 0 24727729958719
343272 512 0 24727730237360
343784 512 0 24727730516001
344296 512 0 24727730794642
344808 512 0 24727731073283
345320 512 0 24727731351923
345832 512 0 24727731630564
346344 512 0 24727731909204
346856 512 0 24727732187845
347368 512 0 24727732466485
347880 512 0 24727732745126
348392 512 0 24727733023767
348904 512 0 24727733302407
349416 512 0 24727733581048
349928 512 0 24727733859688
350440 512 0 24727734138329
350952 512 0 24727734416969
351464 512 0 24727734695610
351976 512 0 24727734974250
352488 512 0 24727735252891
353000 512 0 24727735531532
353512 512 0 24727735810172
354024 512 0 24727736088813
354536 512 0 24727736367453
355048 512 0 24727736646094
355560 512 0 24727736924734
356072 512 0 24727737203375
356584 512 0 24727737482016
357096 512 0 24727737760656
357608 512 0 24727738039297
358120 512 0 24727738317937
358632 512 0 24727738596578
359144 512 0 24727738875218
359656 512 0 24727739153859
360168 512 0 24727739432499
360680 512 0 24727739711140
361192 512 0 24727739989781
361704 512 0 24727740268421
362216 512 0 24727740547062
362728 512 0 24727740825702
363240 512 0 24727741104343
363752 512 0 24727741382983
364264 512 0 24727741661624
364776 512 0 24727741940265
365288 512 0 24727742218905
365800 512 0 24727742497546
366312 512 0 24727742776186
366824 512 0 24727743054827
367336 512 0 24727743333467
367848 512 0 24727743612108
368360 512 0 24727743890748
368872 512 0 24727744169389
369384 512 0 24727744448030
369896 512 0 24727744726670
370408 512 0 24727745005311
370920 512 0 24727745283951
371432 512 0 24727745562592
371944 512 0 24727745841232
372456 512 0 24727746119873
372968 512 0 24727746398514
373480 512 0 24727746677154
373992 512 0 24727746955795
374504 512 0 24727747234435
375016 512 0 24727747513076
375528 512 0 24727747791716
376040 512 0 24727748070357
376552 512 0 24727748348997
377064 512 0 24727748627638
377576 512 0 24727748906279
378088 512 0 24727749184919
378600 512 0 24727749463560
379112 512 0 24727749742200
379624 512 0 24727750020841
380136 512 0 24727750299481
380648 512 0 24727750578122
381160 512 0 24727750856763
381672 512 0 24727751135403
382184 512 0 24727751414044
382696 512 0 24727751692684
383208 512 0 24727751971325
383720 512 0 24727752249965
384232 512 0 24727752528606
384744 512 0 24727752807246
385256 512 0 24727753085887
385768 512 0 24727753364528
386280 512 0 24727753643168
386792 512 0 24727753921809
387304 512 0 24727754200449
387816 512 0 24727754479090
388328 512 0 24727754757730
388840 512 0 24727755036371
389352 512 0 24727755315012
389864 512 0 24727755593652
390376 512 0 24727755872293
390888 512 0 24727756150933
391400 512 0 24727756429574
391912 512 0 24727756708214
392424 512 0 24727756986855
392936 512 0 24727757265497
393448 512 0 24727757544137
393960 512 0 24727757822778
394472 512 0 24727758101418
394984 512 0 24727758380059
395496 512 0 24727758658699
396008 512 0 24727758937340
396520 512 0 24727759215981
397032 512 0 24727759494621
397544 512 0 24727759773262
398056 512 0 24727760051902
398568 512 0 24727760330543
399080 512 0 24727760609183
399592 512 0 24727760887824
400104 512 0 24727761166464
400616 512 0 24727761445105
401128 512 0 24727761723746
401640 512 0 24727762002386
402152 512 0 24727762281027
402664 512 0 24727762559667
403176 512 0 24727762838308
403688 512 0 24727763116948
404200 512 0 24727763395589
404712 512 0 24727763674230
405224 512 0 24727763952870
405736 512 0 24727764231511
406248 512 0 24727764510151
406760 512 0 24727764788792
407272 512 0 24727765067432
407784 512 0 24727765346073
408296 512 0 24727765624714
408808 512 0 24727765903354
409320 512 0 24727766181995
409832 512 0 24727766460635
410344 512 0 24727766739276
410856 512 0 24727767017916
411368 512 0 24727767296557
411880 512 0 24727767575197
412392 512 0 24727767853838
412904 512 0 24727768132479
413416 512 0 24727768411119
413928 512 0 24727768689760
414440 512 0 24727768968400
414952 512 0 24727769247041
415464 512 0 24727769525681
415976 512 0 24727769804322
416488 512 0 24727770082962
417000 512 0 24727770361603
417512 512 0 24727770640244
418024 512 0 24727770918884
418536 512 0 24727771197525
419048 512 0 24727771476165
419560 512 0 24727771754806
420072 512 0 24727772033446
420584 512 0 24727772312087
421096 512 0 24727772590728
421608 512 0 24727772869368
422120 512 0 24727773148009
422632 512 0 24727773426649
423144 512 0 24727773705290
423656 512 0 24727773983930
424168 512 0 24727774262571
424680 512 0 24727774541212
425192 512 0 24727774819852
425704 512 0 24727775098494
426216 512 0 24727775377134
426728 512 0 24727775655775
427240 512 0 24727775934415
427752 512 0 24727776213056
428264 512 0 24727776491696
428776 512 0 24727776770337
429288 512 0 24727777048978
429800 512 0 24727777327618
430312 512 0 24727777606259
430824 512 0 24727777884899
431336 512 0 24727778163540
431848 512 0 24727778442180
432360 512 0 24727778720821
432872 512 0 24727778999462
433384 512 0 24727779278102
433896 512 0 24727779556743
434408 512 0 24727779835383
434920 512 0 24727780114024
435432 512 0 24727780392664
435944 512 0 24727780671305
436456 512 0 24727780949946
436968 512 0 24727781228586
437480 512 0 24727781507227
437992 512 0 24727781785867
438504 512 0 24727782064508
439016 512 0 24727782343148
439528 512 0 24727782621789
440040 512 0 24727782900430
440552 512 0 24727783179070
441064 512 0 24727783457711
441576 512 0 24727783736351
442088 512 0 24727784014993
442600 512 0 24727784293633
443112 512 0 24727784572274
443624 512 0 24727784850914
444136 512 0 24727785129555
444648 512 0 24727785408196
445160 512 0 24727785686836
445672 512 0 24727785965477
446184 512 0 24727786244117
446696 512 0 24727786522758
447208 512 0 24727786801398
447720 512 0 24727787080039
448232 512 0 24727787358680
448744 512 0 24727787637320
449256 512 0 24727787915961
449768 512 0 24727788194601
450280 512 0 24727788473242
450792 512 0 24727788751882
451304 512 0 24727789030523
451816 512 0 24727789309164
452328 512 0 24727789587804
452840 512 0 24727789866445
453352 512 0 24727790145085
453864 512 0 24727790423726
454376 512 0 24727790702366
454888 512 0 24727790981007
455400 512 0 24727791259648
455912 512 0 24727791538288
456424 512 0 24727791816929
456936 512 0 24727792095569
457448 512 0 24727792374210
457960 512 0 24727792652850
458472 512 0 24727792931492
458984 512 0 24727793210132
459496 512 0 24727793488773
460008 512 0 24727793767414
460520 512 0 24727794046054
461032 512 0 24727794324695
461544 512 0 24727794603335
462056 512 0 24727794881976
462568 512 0 24727795160616
463080 512 0 24727795439257
463592 512 0 24727795717898
464104 512 0 24727795996538
464616 512 0 24727796275179
465128 512 0 24727796553819
465640 512 0 24727796832460
466152 512 0 24727797111100
466664 512 0 24727797389741
467176 512 0 24727797668382
467688 512 0 24727797947022
468200 512 0 24727798225663
468712 512 0 24727798504303
469224 512 0 24727798782944
469736 512 0 24727799061584
470248 512 0 24727799340225
470760 512 0 24727799618866
471272 512 0 24727799897506
471784 512 0 24727800176147
472296 512 0 24727800454787
472808 512 0 24727800733428
473320 512 0 24727801012068
473832 512 0 24727801290709
474344 512 0 24727801569350
474856 512 0 24727801847991
475368 512 0 24727802126631
475880 512 0 24727802405272
476392 512 0 24727802683913
476904 512 0 24727802962553
477416 512 0 24727803241194
477928 512 0 24727803519834
478440 512 0 24727803798475
478952 512 0 24727804077115
479464 512 0 24727804355756
479976 512 0 24727804634397
480488 512 0 24727804913037
481000 512 0 24727805191678
481512 512 0 24727805470318
482024 512 0 24727805748959
482536 512 0 24727806027599
483048 512 0 24727806306240
483560 512 0 24727806584881
484072 512 0 24727806863521
484584 512 0 24727807142162
485096 512 0 24727807420802
485608 512 0 24727807699443
486120 512 0 24727807978084
486632 512 0 24727808256724
487144 512 0 24727808535365
487656 512 0 24727808814005
488168 512 0 24727809092646
488680 512 0 24727809371286
489192 512 0 24727809649927
489704 512 0 24727809928568
490216 512 0 24727810207208
490728 512 0 24727810485849
491240 512 0 24727810764489
491752 512 0 24727811043129
492264 512 0 24727811321770
492776 512 0 24727811600411
493288 512 0 24727811879051
493800 512 0 24727812157692
494312 512 0 24727812436332
494824 512 0 24727812714973
495336 512 0 24727812993613
495848 512 0 24727813272254
496360 512 0 24727813550895
496872 512 0 24727813829535
497384 512 0 24727814108176
497896 512 0 24727814386816
498408 512 0 24727814665457
498920 512 0 24727814944097
499432 512 0 24727815222738
499944 512 0 24727815501379
500456 512 0 24727815780019
500968 512 0 24727816058660
501480 512 0 24727816337300
501992 512 0 24727816615941
502504 512 0 24727816894581
503016 512 0 24727817173222
503528 512 0 24727817451863
504040 512 0 24727817730503
504552 512 0 24727818009144
505064 512 0 24727818287784
505576 512 0 24727818566425
506088 512 0 24727818845065
506600 512 0 24727819123706
507112 512 0 24727819402347
507624 512 0 24727819680988
508136 512 0 24727819959628
508648 512 0 24727820238269
509160 512 0 24727820516910
509672 512 0 24727820795550
510184 512 0 24727821074191
510696 512 0 24727821352831
511208 512 0 24727821631472
511720 512 0 24727821910112
512232 512 0 24727822188753
512744 512 0 24727822467394
513256 512 0 24727822746034
513768 512 0 24727823024675
514280 512 0 24727823303315
514792 512 0 24727823581956
515304 512 0 24727823860597
515816 512 0 24727824139237
516328 512 0 24727824417878
516840 512 0 24727824696518
517352 512 0 24727824975159
517864 512 0 24727825253799
518376 512 0 24727825532440
518888 512 0 24727825811081
519400 512 0 24727826089721
519912 512 0 24727826368362
520424 512 0 24727826647002
520936 512 0 24727826925643
521448 512 0 24727827204283
521960 512 0 24727827482924
522472 512 0 24727827761565
522984 512 0 24727828040205
523496 512 0 24727828318846
524008 512 0 24727828597487
524520 512 0 24727828876128
525032 512 0 24727829154768
525544 512 0 24727829433409
526056 512 0 24727829712049
526568 512 0 24727829990690
527080 512 0 24727830269330
527592 512 0 24727830547971
528104 512 0 24727830826612
528616 512 0 24727831105252
529128 512 0 24727831383893
529640 512 0 24727831662533
530152 512 0 24727831941174
530664 512 0 24727832219814
531176 512 0 24727832498455
531688 512 0 24727832777096
532200 512 0 24727833055736
532712 512 0 24727833334377
533224 512 0 24727833613017
533736 512 0 24727833891658
534248 512 0 24727834170298
534760 512 0 24727834448939
535272 512 0 24727834727580
535784 512 0 24727835006220
536296 512 0 24727835284861
536808 512 0 24727835563501
537320 512 0 24727835842142
537832 512 0 24727836120783
538344 512 0 24727836399423
538856 512 0 24727836678064
539368 512 0 24727836956704
539880 512 0 24727837235345
540392 512 0 24727837513986
540904 512 0 24727837792627
541416 512 0 24727838071267
541928 512 0 24727838349908
542440 512 0 24727838628548
542952 512 0 24727838907189
543464 512 0 24727839185829
543976 512 0 24727839464470
544488 512 0 24727839743111
545000 512 0 24727840021751
545512 512 0 24727840300392
546024 512 0 24727840579032
546536 512 0 24727840857673
547048 512 0 24727841136314
547560 512 0 24727841414954
548072 512 0 24727841693595
548584 512 0 24727841972235
549096 512 0 24727842250876
549608 512 0 24727842529516
550120 512 0 24727842808157
550632 512 0 24727843086798
551144 512 0 24727843365438
551656 512 0 24727843644079
552168 512 0 24727843922719
552680 512 0 24727844201360
553192 512 0 24727844480000
553704 512 0 24727844758641
554216 512 0 24727845037282
554728 512 0 24727845315922
555240 512 0 24727845594563
555752 512 0 24727845873203
556264 512 0 24727846151844
556776 512 0 24727846430486
557288 512 0 24727846709127
557800 512 0 24727846987767
558312 512 0 24727847266408
558824 512 0 24727847545048
559336 512 0 24727847823689
559848 512 0 24727848102330
560360 512 0 24727848380970
560872 512 0 24727848659611
561384 512 0 24727848938251
561896 512 0 24727849216892
562408 512 0 24727849495533
562920 512 0 24727849774173
563432 512 0 24727850052814
563944 512 0 24727850331454
564456 512 0 24727850610095
564968 512 0 24727850888735
565480 512 0 24727851167376
565992 512 0 24727851446017
566504 512 0 24727851724657
567016 512 0 24727852003298
567528 512 0 24727852281938
568040 512 0 24727852560579
568552 512 0 24727852839220
569064 512 0 24727853117860
569576 512 0 24727853396501
570088 512 0 24727853675141
570600 512 0 24727853953782
571112 512 0 24727854232422
571624 512 0 24727854511063
572136 512 0 24727854789704
572648 512 0 24727855068344
573160 512 0 24727855346985
573672 512 0 24727855625626
574184 512 0 24727855904266
574696 512 0 24727856182907
575208 512 0 24727856461547
575720 512 0 24727856740188
576232 512 0 24727857018829
576744 512 0 24727857297469
577256 512 0 24727857576110
577768 512 0 24727857854750
578280 512 0 24727858133391
578792 512 0 24727858412032
579304 512 0 24727858690672
579816 512 0 24727858969313
580328 512 0 24727859247953
580840 512 0 24727859526594
581352 512 0 24727859805235
581864 512 0 24727860083875
582376 512 0 24727860362516
582888 512 0 24727860641156
583400 512 0 24727860919797
583912 512 0 24727861198437
584424 512 0 24727861477078
584936 512 0 24727861755719
585448 512 0 24727862034359
585960 512 0 24727862313000
586472 512 0 24727862591640
586984 512 0 24727862870281
587496 512 0 24727863148922
588008 512 0 24727863427562
588520 512 0 24727863706203
589032 512 0 24727863984843
589544 512 0 24727864263485
590056 512 0 24727864542126
590568 512 0 24727864820766
591080 512 0 24727865099407
591592 512 0 24727865378048
592104 512 0 24727865656688
592616 512 0 24727865935329
593128 512 0 24727866213969
593640 512 0 24727866492610
594152 512 0 24727866771251
594664 512 0 24727867049891
595176 512 0 24727867328532
595688 512 0 24727867607172
596200 512 0 24727867885813
596712 512 0 24727868164454
597224 512 0 24727868443094
597736 512 0 24727868721735
598248 512 0 24727869000375
598760 512 0 24727869279016
599272 512 0 24727869557656
599784 512 0 24727869836297
600296 512 0 24727870114938
600808 512 0 24727870393578
601320 512 0 24727870672219
601832 512 0 24727870950859
602344 512 0 24727871229500
602856 512 0 24727871508141
603368 512 0 24727871786781
603880 512 0 24727872065422
604392 512 0 24727872344062
604904 512 0 24727872622703
605416 512 0 24727872901344
605928 512 0 24727873179985
606440 512 0 24727873458626
606952 512 0 24727873737267
607464 512 0 24727874015907
607976 512 0 24727874294548
608488 512 0 24727874573188
609000 512 0 24727874851829
609512 512 0 24727875130470
610024 512 0 24727875409110
610536 512 0 24727875687751
611048 512 0 24727875966391
611560 512 0 24727876245032
612072 512 0 24727876523672
612584 512 0 24727876802313
613096 512 0 24727877080954
613608 512 0 24727877359594
614120 512 0 24727877638235
614632 512 0 24727877916875
615144 512 0 24727878195516
615656 512 0 24727878474157
616168 512 0 24727878752797
616680 512 0 24727879031438
617192 512 0 24727879310078
617704 512 0 24727879588719
618216 512 0 24727879867360
618728 512 0 24727880146000
619240 512 0 24727880424641
619752 512 0 24727880703281
620264 512 0 24727880981922
620776 512 0 24727881260563
621288 512 0 24727881539203
621800 512 0 24727881817844
622312 512 0 24727882096484
622824 512 0 24727882375125
623336 512 0 24727882653766
623848 512 0 24727882932406
624360 512 0 24727883211047
624872 512 0 24727883489687
625384 512 0 24727883768328
625896 512 0 24727884046969
626408 512 0 24727884325609
626920 512 0 24727884604250
627432 512 0 24727884882890
627944 512 0 24727885161531
628456 512 0 24727885440172
628968 512 0 24727885718812
629480 512 0 24727885997453
629992 512 0 24727886276093
630504 512 0 24727886554734
631016 512 0 24727886833374
631528 512 0 24727887112015
632040 512 0 24727887390656
632552 512 0 24727887669296
633064 512 0 24727887947937
633576 512 0 24727888226577
634088 512 0 24727888505218
634600 512 0 24727888783859
635112 512 0 24727889062499
635624 512 0 24727889341140
636136 512 0 24727889619780
636648 512 0 24727889898421
637160 512 0 24727890177062
637672 512 0 24727890455702
638184 512 0 24727890734343
638696 512 0 24727891012984
639208 512 0 24727891291625
639720 512 0 24727891570266
640232 512 0 24727891848906
640744 512 0 24727892127547
641256 512 0 24727892406187
641768 512 0 24727892684828
642280 512 0 24727892963469
642792 512 0 24727893242109
643304 512 0 24727893520750
643816 512 0 24727893799390
644328 512 0 24727894078031
644840 512 0 24727894356672
645352 512 0 24727894635312
645864 512 0 24727894913953
646376 512 0 24727895192593
646888 512 0 24727895471234
647400 512 0 24727895749875
647912 512 0 24727896028515
648424 512 0 24727896307156
648936 512 0 24727896585796
649448 512 0 24727896864437
649960 512 0 24727897143078
650472 512 0 24727897421718
650984 512 0 24727897700359
651496 512 0 24727897978999
652008 512 0 24727898257640
652520 512 0 24727898536281
653032 512 0 24727898814921
653544 512 0 24727899093562
654056 512 0 24727899372202
654568 512 0 24727899650843
655080 512 0 24727899929485
655592 512 0 24727900208125
656104 512 0 24727900486766
656616 512 0 24727900765406
657128 512 0 24727901044047
657640 512 0 24727901322688
658152 512 0 24727901601328
658664 512 0 24727901879969
659176 512 0 24727902158609
659688 512 0 24727902437250
660200 512 0 24727902715891
660712 512 0 24727902994531
661224 512 0 24727903273172
661736 512 0 24727903551812
662248 512 0 24727903830453
662760 512 0 24727904109094
663272 512 0 24727904387734
663784 512 0 24727904666375
664296 512 0 24727904945015
664808 512 0 24727905223656
665320 512 0 24727905502297
665832 512 0 24727905780937
666344 512 0 24727906059578
666856 512 0 24727906338218
667368 512 0 24727906616859
667880 512 0 24727906895500
668392 512 0 24727907174140
668904 512 0 24727907452781
669416 512 0 24727907731421
669928 512 0 24727908010062
670440 512 0 24727908288703
670952 512 0 24727908567343
671464 512 0 24727908845985
671976 512 0 24727909124625
672488 512 0 24727909403266
673000 512 0 24727909681906
673512 512 0 24727909960547
674024 512 0 24727910239188
674536 512 0 24727910517828
675048 512 0 24727910796469
675560 512 0 24727911075109
676072 512 0 24727911353750
676584 512 0 24727911632391
677096 512 0 24727911911031
677608 512 0 24727912189672
678120 512 0 24727912468312
678632 512 0 24727912746953
679144 512 0 24727913025594
679656 512 0 24727913304234
680168 512 0 24727913582875
680680 512 0 24727913861515
681192 512 0 24727914140156
681704 512 0 24727914418797
682216 512 0 24727914697437
682728 512 0 24727914976078
683240 512 0 24727915254719
683752 512 0 24727915533359
684264 512 0 24727915812000
684776 512 0 24727916090640
685288 512 0 24727916369281
685800 512 0 24727916647922
686312 512 0 24727916926562
686824 512 0 24727917205203
687336 512 0 24727917483843
687848 512 0 24727917762485
688360 512 0 24727918041125
688872 512 0 24727918319766
689384 512 0 24727918598407
689896 512 0 24727918877047
690408 512 0 24727919155688
690920 512 0 24727919434328
691432 512 0 24727919712969
691944 512 0 24727919991610
692456 512 0 24727920270250
692968 512 0 24727920548891
693480 512 0 24727920827531
693992 512 0 24727921106172
694504 512 0 24727921384813
695016 512 0 24727921663453
695528 512 0 24727921942094
696040 512 0 24727922220734
696552 512 0 24727922499375
697064 512 0 24727922778016
697576 512 0 24727923056656
698088 512 0 24727923335297
698600 512 0 24727923613937
699112 512 0 24727923892578
699624 512 0 24727924171219
700136 512 0 24727924449859
700648 512 0 24727924728500
701160 512 0 24727925007140
701672 512 0 24727925285781
702184 512 0 24727925564422
702696 512 0 24727925843062
703208 512 0 24727926121703
703720 512 0 24727926400343
704232 512 0 24727926678985
704744 512 0 24727926957625
705256 512 0 24727927236266
705768 512 0 24727927514907
706280 512 0 24727927793547
706792 512 0 24727928072188
707304 512 0 24727928350828
707816 512 0 24727928629469
708328 512 0 24727928908110
708840 512 0 24727929186750
709352 512 0 24727929465391
709864 512 0 24727929744031
710376 512 0 24727930022672
710888 512 0 24727930301313
711400 512 0 24727930579953
711912 512 0 24727930858594
712424 512 0 24727931137235
712936 512 0 24727931415875
713448 512 0 24727931694516
713960 512 0 24727931973156
714472 512 0 24727932251797
714984 512 0 24727932530438
715496 512 0 24727932809078
716008 512 0 24727933087719
716520 512 0 24727933366359
717032 512 0 24727933645000
717544 512 0 24727933923641
718056 512 0 24727934202281
718568 512 0 24727934480922
719080 512 0 24727934759562
719592 512 0 24727935038203
720104 512 0 24727935316844
720616 512 0 24727935595486
721128 512 0 24727935874127
721640 512 0 24727936152767
722152 512 0 24727936431408
722664 512 0 24727936710048
723176 512 0 24727936988689
723688 512 0 24727937267330
724200 512 0 24727937545970
724712 512 0 24727937824611
725224 512 0 24727938103251
725736 512 0 24727938381892
726248 512 0 24727938660533
726760 512 0 24727938939173
727272 512 0 24727939217814
727784 512 0 24727939496455
728296 512 0 24727939775095
728808 512 0 24727940053736
729320 512 0 24727940332376
729832 512 0 24727940611017
730344 512 0 24727940889658
730856 512 0 24727941168298
731368 512 0 24727941446939
731880 512 0 24727941725579
732392 512 0 24727942004220
732904 512 0 24727942282861
733416 512 0 24727942561501
733928 512 0 24727942840142
734440 512 0 24727943118782
734952 512 0 24727943397423
735464 512 0 24727943676064
735976 512 0 24727943954704
736488 512 0 24727944233345
737000 512 0 24727944511986
737512 512 0 24727944790627
738024 512 0 24727945069267
738536 512 0 24727945347908
739048 512 0 24727945626548
739560 512 0 24727945905189
740072 512 0 24727946183830
740584 512 0 24727946462470
741096 512 0 24727946741111
741608 512 0 24727947019752
742120 512 0 24727947298392
742632 512 0 24727947577033
743144 512 0 24727947855673
743656 512 0 24727948134314
744168 512 0 24727948412955
744680 512 0 24727948691595
745192 512 0 24727948970236
745704 512 0 24727949248876
746216 512 0 24727949527517
746728 512 0 24727949806158
747240 512 0 24727950084798
747752 512 0 24727950363439
748264 512 0 24727950642079
748776 512 0 24727950920720
749288 512 0 24727951199361
749800 512 0 24727951478001
750312 512 0 24727951756642
750824 512 0 24727952035283
751336 512 0 24727952313923
751848 512 0 24727952592564
752360 512 0 24727952871204
752872 512 0 24727953149845
753384 512 0 24727953428486
753896 512 0 24727953707127
754408 512 0 24727953985767
754920 512 0 24727954264408
755432 512 0 24727954543049
755944 512 0 24727954821689
756456 512 0 24727955100330
756968 512 0 24727955378970
757480 512 0 24727955657611
757992 512 0 24727955936252
758504 512 0 24727956214892
759016 512 0 24727956493533
759528 512 0 24727956772173
760040 512 0 24727957050814
760552 512 0 24727957329455
761064 512 0 24727957608095
761576 512 0 24727957886736
762088 512 0 24727958165376
762600 512 0 24727958444017
763112 512 0 24727958722658
763624 512 0 24727959001298
764136 512 0 24727959279939
764648 512 0 24727959558580
765160 512 0 24727959837220
765672 512 0 24727960115861
766184 512 0 24727960394501
766696 512 0 24727960673142
767208 512 0 24727960951783
767720 512 0 24727961230423
768232 512 0 24727961509064
768744 512 0 24727961787704
769256 512 0 24727962066345
769768 512 0 24727962344986
770280 512 0 24727962623627
770792 512 0 24727962902267
771304 512 0 24727963180908
771816 512 0 24727963459549
772328 512 0 24727963738189
772840 512 0 24727964016830
773352 512 0 24727964295470
773864 512 0 24727964574111
774376 512 0 24727964852752
774888 512 0 24727965131392
775400 512 0 24727965410033
775912 512 0 24727965688673
776424 512 0 24727965967314
776936 512 0 24727966245955
777448 512 0 24727966524595
777960 512 0 24727966803236
778472 512 0 24727967081877
778984 512 0 24727967360517
779496 512 0 24727967639158
780008 512 0 24727967917798
780520 512 0 24727968196439
781032 512 0 24727968475080
781544 512 0 24727968753720
782056 512 0 24727969032361
782568 512 0 24727969311001
783080 512 0 24727969589642
783592 512 0 24727969868283
784104 512 0 24727970146923
784616 512 0 24727970425564
785128 512 0 24727970704205
785640 512 0 24727970982845
786152 512 0 24727971261486
786664 512 0 24727971540127
787176 512 0 24727971818767
787688 512 0 24727972097408
788200 512 0 24727972376049
788712 512 0 24727972654689
789224 512 0 24727972933330
789736 512 0 24727973211970
790248 512 0 24727973490611
790760 512 0 24727973769252
791272 512 0 24727974047892
791784 512 0 24727974326533
792296 512 0 24727974605174
792808 512 0 24727974883814
793320 512 0 24727975162455
793832 512 0 24727975441095
794344 512 0 24727975719736
794856 512 0 24727975998377
795368 512 0 24727976277017
795880 512 0 24727976555658
796392 512 0 24727976834298
796904 512 0 24727977112939
797416 512 0 24727977391580
797928 512 0 24727977670220
798440 512 0 24727977948861
798952 512 0 24727978227502
799464 512 0 24727978506142
799976 512 0 24727978784783
800488 512 0 24727979063423
801000 512 0 24727979342064
801512 512 0 24727979620705
802024 512 0 24727979899345
802536 512 0 24727980177987
803048 512 0 24727980456628
803560 512 0 24727980735268
804072 512 0 24727981013909
804584 512 0 24727981292550
805096 512 0 24727981571190
928 512 0 24727987425850
1440 512 0 24727987681850
1952 512 0 24727987937850
2464 512 0 24727988193850
2976 512 0 24727988449850
3488 512 0 24727988705850
4000 512 0 24727988961850
4512 512 0 24727989217850
5024 512 0 24727989473850
5536 512 0 24727989729850
6048 512 0 24727989985850
6560 512 0 24727990241850
7072 512 0 24727990497850
7584 512 0 24727990753850
8096 512 0 24727991009850
8608 512 0 24727991265850
9120 512 0 24727991521850
9632 512 0 24727991777850
10144 512 0 24727992033850
10656 512 0 24727992289850
11168 512 0 24727992545850
11680 512 0 24727992801850
12192 512 0 24727993057850
12704 512 0 24727993313850
13216 512 0 24727993569850
13728 512 0 24727993825850
14240 512 0 24727994081850
14752 512 0 24727994337850
15264 512 0 24727994593850
15776 512 0 24727994849850
16288 512 0 24727995105850
16800 512 0 24727995361850
17312 512 0 24727995617850
17824 512 0 24727995873850
18336 512 0 24727996129850
18848 512 0 24727996385850
19360 512 0 24727996641850
19872 512 0 24727996897850
20384 512 0 24727997153850
20896 512 0 24727997409850
21408 512 0 24727997665850
21920 512 0 24727997921850
22432 512 0 24727998177850
22944 512 0 24727998433850
23456 512 0 24727998689850
23968 512 0 24727998945850
24480 512 0 24727999201850
24992 512 0 24727999457850
25504 512 0 24727999713850
26016 512 0 24727999969850
26528 512 0 24728000225850
27040 512 0 24728000481850
27552 512 0 24728000737850
28064 512 0 24728000993850
28576 512 0 24728001249850
29088 512 0 24728001505850
29600 512 0 24728001761850
30112 512 0 24728002017850
30624 512 0 24728002273850
31136 512 0 24728002529850
31648 512 0 24728002785850
32160 512 0 24728003041850
32672 512 0 24728003297911
33184 512 0 24728003553912
33696 512 0 24728003809913
34208 512 0 24728004065914
34720 512 0 24728004321914
35232 512 0 24728004577915
35744 512 0 24728004833916
36256 512 0 24728005089917
36768 512 0 24728005345918
37280 512 0 24728005601918
37792 512 0 24728005857919
38304 512 0 24728006113920
38816 512 0 24728006369921
39328 512 0 24728006625922
39840 512 0 24728006881923
40352 512 0 24728007137923
40864 512 0 24728007393924
41376 512 0 24728007649925
41888 512 0 24728007905926
42400 512 0 24728008161927
42912 512 0 24728008417928
43424 512 0 24728008673928
43936 512 0 24728008929929
44448 512 0 24728009185930
44960 512 0 24728009441931
45472 512 0 24728009697932
45984 512 0 24728009953932
46496 512 0 24728010209933
47008 512 0 24728010465934
47520 512 0 24728010721935
48032 512 0 24728010977936
48544 512 0 24728011233937
49056 512 0 24728011489953
49568 512 0 24728011745954
50080 512 0 24728012001955
50592 512 0 24728012257956
51104 512 0 24728012513957
51616 512 0 24728012769958
52128 512 0 24728013025959
52640 512 0 24728013281960
53152 512 0 24728013537961
53664 512 0 24728013793962
54176 512 0 24728014049963
54688 512 0 24728014305964
55200 512 0 24728014561965
55712 512 0 24728014817966
56224 512 0 24728015073967
56736 512 0 24728015329968
57248 512 0 24728015585969
57760 512 0 24728015841970
58272 512 0 24728016097971
58784 512 0 24728016353972
59296 512 0 24728016609973
59808 512 0 24728016865974
60320 512 0 24728017121975
60832 512 0 24728017377976
61344 512 0 24728017633977
61856 512 0 24728017889978
62368 512 0 24728018145979
62880 512 0 24728018401980
63392 512 0 24728018657981
63904 512 0 24728018913982
64416 512 0 24728019169983
64928 512 0 24728019425984
65440 512 0 24728019681990
65952 512 0 24728019937991
66464 512 0 24728020193992
66976 512 0 24728020449993
67488 512 0 24728020705995
68000 512 0 24728020961996
68512 512 0 24728021217997
69024 512 0 24728021473998
69536 512 0 24728021729999
70048 512 0 24728021986000
70560 512 0 24728022242001
71072 512 0 24728022498002
71584 512 0 24728022754003
72096 512 0 24728023010004
72608 512 0 24728023266005
73120 512 0 24728023522006
73632 512 0 24728023778007
74144 512 0 24728024034008
74656 512 0 24728024290010
75168 512 0 24728024546011
75680 512 0 24728024802012
76192 512 0 24728025058013
76704 512 0 24728025314014
77216 512 0 24728025570015
77728 512 0 24728025826016
78240 512 0 24728026082017
78752 512 0 24728026338018
79264 512 0 24728026594019
79776 512 0 24728026850020
80288 512 0 24728027106021
80800 512 0 24728027362022
81312 512 0 24728027618024
81824 512 0 24728027874025
82336 512 0 24728028130027
82848 512 0 24728028386028
83360 512 0 24728028642029
83872 512 0 24728028898030
84384 512 0 24728029154031
84896 512 0 24728029410032
85408 512 0 24728029666033
85920 512 0 24728029922034
86432 512 0 24728030178035
86944 512 0 24728030434036
87456 512 0 24728030690037
87968 512 0 24728030946039
88480 512 0 24728031202040
88992 512 0 24728031458041
89504 512 0 24728031714042
90016 512 0 24728031970043
90528 512 0 24728032226044
91040 512 0 24728032482045
91552 512 0 24728032738046
92064 512 0 24728032994047
92576 512 0 24728033250048
93088 512 0 24728033506049
93600 512 0 24728033762050
94112 512 0 24728034018052
94624 512 0 24728034274053
95136 512 0 24728034530054
95648 512 0 24728034786055
96160 512 0 24728035042056
96672 512 0 24728035298057
97184 512 0 24728035554058
97696 512 0 24728035810059
98208 512 0 24728036066053
98720 512 0 24728036322054
99232 512 0 24728036578055
99744 512 0 24728036834056
100256 512 0 24728037090057
100768 512 0 24728037346058
101280 512 0 24728037602059
101792 512 0 24728037858060
102304 512 0 24728038114061
102816 512 0 24728038370062
103328 512 0 24728038626063
103840 512 0 24728038882064
104352 512 0 24728039138065
104864 512 0 24728039394066
105376 512 0 24728039650067
105888 512 0 24728039906068
106400 512 0 24728040162069
106912 512 0 24728040418070
107424 512 0 24728040674071
107936 512 0 24728040930072
108448 512 0 24728041186073
108960 512 0 24728041442074
109472 512 0 24728041698075
109984 512 0 24728041954076
110496 512 0 24728042210077
111008 512 0 24728042466078
111520 512 0 24728042722079
112032 512 0 24728042978080
112544 512 0 24728043234081
113056 512 0 24728043490082
113568 512 0 24728043746083
114080 512 0 24728044002085
114592 512 0 24728044258082
115104 512 0 24728044514083
115616 512 0 24728044770084
116128 512 0 24728045026085
116640 512 0 24728045282086
117152 512 0 24728045538087
117664 512 0 24728045794088
118176 512 0 24728046050089
118688 512 0 24728046306090
119200 512 0 24728046562091
119712 512 0 24728046818092
120224 512 0 24728047074093
120736 512 0 24728047330094
121248 512 0 24728047586095
121760 512 0 24728047842096
122272 512 0 24728048098097
122784 512 0 24728048354098
123296 512 0 24728048610099
123808 512 0 24728048866100
124320 512 0 24728049122101
124832 512 0 24728049378101
125344 512 0 24728049634102
125856 512 0 24728049890103
126368 512 0 24728050146104
126880 512 0 24728050402105
127392 512 0 24728050658106
127904 512 0 24728050914107
128416 512 0 24728051170108
128928 512 0 24728051426109
129440 512 0 24728051682110
129952 512 0 24728051938111
130464 512 0 24728052194112
130976 512 0 24728052450115
131488 512 0 24728052706116
132000 512 0 24728052962117
132512 512 0 24728053218118
133024 512 0 24728053474119
133536 512 0 24728053730120
134048 512 0 24728053986121
134560 512 0 24728054242122
135072 512 0 24728054498123
135584 512 0 24728054754124
136096 512 0 24728055010125
136608 512 0 24728055266126
137120 512 0 24728055522127
137632 512 0 24728055778128
138144 512 0 24728056034129
138656 512 0 24728056290130
139168 512 0 24728056546131
139680 512 0 24728056802132
140192 512 0 24728057058133
140704 512 0 24728057314134
141216 512 0 24728057570135
141728 512 0 24728057826136
142240 512 0 24728058082137
142752 512 0 24728058338138
143264 512 0 24728058594139
143776 512 0 24728058850140
144288 512 0 24728059106141
144800 512 0 24728059362142
145312 512 0 24728059618143
145824 512 0 24728059874144
146336 512 0 24728060130145
146848 512 0 24728060386146
147360 512 0 24728060642149
147872 512 0 24728060898150
148384 512 0 24728061154151
148896 512 0 24728061410152
149408 512 0 24728061666153
149920 512 0 24728061922154
150432 512 0 24728062178155
150944 512 0 24728062434156
151456 512 0 24728062690157
151968 512 0 24728062946158
152480 512 0 24728063202159
152992 512 0 24728063458160
153504 512 0 24728063714161
154016 512 0 24728063970162
154528 512 0 24728064226163
155040 512 0 24728064482164
155552 512 0 24728064738165
156064 512 0 24728064994166
156576 512 0 24728065250167
157088 512 0 24728065506168
157600 512 0 24728065762169
158112 512 0 24728066018170
158624 512 0 24728066274171
159136 512 0 24728066530172
159648 512 0 24728066786173
160160 512 0 24728067042174
160672 512 0 24728067298175
161184 512 0 24728067554176
161696 512 0 24728067810177
162208 512 0 24728068066178
162720 512 0 24728068322179
163232 512 0 24728068578180
163744 512 0 24728068834182
164256 512 0 24728069090183
164768 512 0 24728069346184
165280 512 0 24728069602185
165792 512 0 24728069858186
166304 512 0 24728070114187
166816 512 0 24728070370188
167328 512 0 24728070626189
167840 512 0 24728070882190
168352 512 0 24728071138191
168864 512 0 24728071394192
169376 512 0 24728071650193
169888 512 0 24728071906194
170400 512 0 24728072162195
170912 512 0 24728072418196
171424 512 0 24728072674197
171936 512 0 24728072930198
172448 512 0 24728073186199
172960 512 0 24728073442200
173472 512 0 24728073698201
173984 512 0 24728073954202
174496 512 0 24728074210203
175008 512 0 24728074466204
175520 512 0 24728074722205
176032 512 0 24728074978206
176544 512 0 24728075234207
177056 512 0 24728075490208
177568 512 0 24728075746209
178080 512 0 24728076002210
178592 512 0 24728076258211
179104 512 0 24728076514212
179616 512 0 24728076770213
180128 512 0 24728077026215
180640 512 0 24728077282216
181152 512 0 24728077538217
181664 512 0 24728077794218
182176 512 0 24728078050219
182688 512 0 24728078306220
183200 512 0 24728078562221
183712 512 0 24728078818222
184224 512 0 24728079074223
184736 512 0 24728079330224
185248 512 0 24728079586225
185760 512 0 24728079842226
186272 512 0 24728080098227
186784 512 0 24728080354228
187296 512 0 24728080610229
187808 512 0 24728080866230
188320 512 0 24728081122231
188832 512 0 24728081378232
189344 512 0 24728081634233
189856 512 0 24728081890234
190368 512 0 24728082146235
190880 512 0 24728082402237
191392 512 0 24728082658238
191904 512 0 24728082914239
192416 512 0 24728083170240
192928 512 0 24728083426241
193440 512 0 24728083682242
193952 512 0 24728083938243
194464 512 0 24728084194244
194976 512 0 24728084450245
195488 512 0 24728084706246
196000 512 0 24728084962247
196512 512 0 24728085218250
197024 512 0 24728085474251
197536 512 0 24728085730252
198048 512 0 24728085986253
198560 512 0 24728086242254
199072 512 0 24728086498255
199584 512 0 24728086754256
200096 512 0 24728087010257
200608 512 0 24728087266258
201120 512 0 24728087522259
201632 512 0 24728087778260
202144 512 0 24728088034261
202656 512 0 24728088290262
203168 512 0 24728088546263
203680 512 0 24728088802264
204192 512 0 24728089058265
204704 512 0 24728089314266
205216 512 0 24728089570267
205728 512 0 24728089826268
206240 512 0 24728090082269
206752 512 0 24728090338270
207264 512 0 24728090594271
207776 512 0 24728090850272
208288 512 0 24728091106273
208800 512 0 24728091362274
209312 512 0 24728091618275
209824 512 0 24728091874276
210336 512 0 24728092130277
210848 512 0 24728092386278
211360 512 0 24728092642279
211872 512 0 24728092898280
212384 512 0 24728093154281
212896 512 0 24728093410283
213408 512 0 24728093666284
213920 512 0 24728093922285
214432 512 0 24728094178286
214944 512 0 24728094434287
215456 512 0 24728094690288
215968 512 0 24728094946289
216480 512 0 24728095202290
216992 512 0 24728095458291
217504 512 0 24728095714292
218016 512 0 24728095970293
218528 512 0 24728096226294
219040 512 0 24728096482295
219552 512 0 24728096738296
220064 512 0 24728096994297
220576 512 0 24728097250298
221088 512 0 24728097506299
221600 512 0 24728097762300
222112 512 0 24728098018301
222624 512 0 24728098274302
223136 512 0 24728098530303
223648 512 0 24728098786304
224160 512 0 24728099042305
224672 512 0 24728099298306
225184 512 0 24728099554307
225696 512 0 24728099810308
226208 512 0 24728100066309
226720 512 0 24728100322310
227232 512 0 24728100578311
227744 512 0 24728100834312
228256 512 0 24728101090313
228768 512 0 24728101346315
229280 512 0 24728101602316
229792 512 0 24728101858317
230304 512 0 24728102114318
230816 512 0 24728102370319
231328 512 0 24728102626320
231840 512 0 24728102882321
232352 512 0 24728103138322
232864 512 0 24728103394323
233376 512 0 24728103650324
233888 512 0 24728103906325
234400 512 0 24728104162326
234912 512 0 24728104418327
235424 512 0 24728104674328
235936 512 0 24728104930329
236448 512 0 24728105186330
236960 512 0 24728105442331
237472 512 0 24728105698332
237984 512 0 24728105954333
238496 512 0 24728106210334
239008 512 0 24728106466335
239520 512 0 24728106722336
240032 512 0 24728106978337
240544 512 0 24728107234338
241056 512 0 24728107490339
241568 512 0 24728107746340
242080 512 0 24728108002341
242592 512 0 24728108258342
243104 512 0 24728108514343
243616 512 0 24728108770344
244128 512 0 24728109026346
244640 512 0 24728109282347
245152 512 0 24728109538348
245664 512 0 24728109794350
246176 512 0 24728110050351
246688 512 0 24728110306352
247200 512 0 24728110562353
247712 512 0 24728110818354
248224 512 0 24728111074355
248736 512 0 24728111330356
249248 512 0 24728111586357
249760 512 0 24728111842358
250272 512 0 24728112098359
250784 512 0 24728112354360
251296 512 0 24728112610361
251808 512 0 24728112866362
252320 512 0 24728113122363
252832 512 0 24728113378364
253344 512 0 24728113634366
253856 512 0 24728113890367
254368 512 0 24728114146368
254880 512 0 24728114402369
255392 512 0 24728114658370
255904 512 0 24728114914371
256416 512 0 24728115170372
256928 512 0 24728115426373
257440 512 0 24728115682374
257952 512 0 24728115938375
258464 512 0 24728116194376
258976 512 0 24728116450377
259488 512 0 24728116706378
260000 512 0 24728116962379
260512 512 0 24728117218380
261024 512 0 24728117474381
261536 512 0 24728117730382
262048 512 0 24728117986383
262560 512 0 24728118242384
263072 512 0 24728118498385
263584 512 0 24728118754386
264096 512 0 24728119010387
264608 512 0 24728119266388
265120 512 0 24728119522389
265632 512 0 24728119778390
266144 512 0 24728120034391
266656 512 0 24728120290392
267168 512 0 24728120546393
267680 512 0 24728120802394
268192 512 0 24728121058395
268704 512 0 24728121314396
269216 512 0 24728121570397
269728 512 0 24728121826399
270240 512 0 24728122082400
270752 512 0 24728122338401
271264 512 0 24728122594402
271776 512 0 24728122850403
272288 512 0 24728123106404
272800 512 0 24728123362405
273312 512 0 24728123618406
273824 512 0 24728123874407
274336 512 0 24728124130408
274848 512 0 24728124386409
275360 512 0 24728124642410
275872 512 0 24728124898411
276384 512 0 24728125154412
276896 512 0 24728125410413
277408 512 0 24728125666414
277920 512 0 24728125922415
278432 512 0 24728126178416
278944 512 0 24728126434417
279456 512 0 24728126690418
279968 512 0 24728126946419
280480 512 0 24728127202420
280992 512 0 24728127458421
281504 512 0 24728127714422
282016 512 0 24728127970423
282528 512 0 24728128226424
283040 512 0 24728128482425
283552 512 0 24728128738426
284064 512 0 24728128994427
284576 512 0 24728129250428
285088 512 0 24728129506429
285600 512 0 24728129762430
286112 512 0 24728130018431
286624 512 0 24728130274433
287136 512 0 24728130530434
287648 512 0 24728130786435
288160 512 0 24728131042436
288672 512 0 24728131298437
289184 512 0 24728131554438
289696 512 0 24728131810439
290208 512 0 24728132066440
290720 512 0 24728132322441
291232 512 0 24728132578442
291744 512 0 24728132834443
292256 512 0 24728133090444
292768 512 0 24728133346445
293280 512 0 24728133602446
293792 512 0 24728133858447
294304 512 0 24728134114448
294816 512 0 24728134370450
295328 512 0 24728134626451
295840 512 0 24728134882452
296352 512 0 24728135138453
296864 512 0 24728135394454
297376 512 0 24728135650455
297888 512 0 24728135906456
298400 512 0 24728136162457
298912 512 0 24728136418458
299424 512 0 24728136674459
299936 512 0 24728136930460
300448 512 0 24728137186461
300960 512 0 24728137442462
301472 512 0 24728137698464
301984 512 0 24728137954465
302496 512 0 24728138210466
303008 512 0 24728138466467
303520 512 0 24728138722468
304032 512 0 24728138978469
304544 512 0 24728139234470
305056 512 0 24728139490471
305568 512 0 24728139746472
306080 512 0 24728140002473
306592 512 0 24728140258474
307104 512 0 24728140514475
307616 512 0 24728140770476
308128 512 0 24728141026477
308640 512 0 24728141282478
309152 512 0 24728141538479
309664 512 0 24728141794480
310176 512 0 24728142050481
310688 512 0 24728142306482
311200 512 0 24728142562483
311712 512 0 24728142818484
312224 512 0 24728143074485
312736 512 0 24728143330486
313248 512 0 24728143586487
313760 512 0 24728143842488
314272 512 0 24728144098489
314784 512 0 24728144354490
315296 512 0 24728144610491
315808 512 0 24728144866492
316320 512 0 24728145122493
316832 512 0 24728145378494
317344 512 0 24728145634495
317856 512 0 24728145890496
318368 512 0 24728146146498
318880 512 0 24728146402499
319392 512 0 24728146658500
319904 512 0 24728146914501
320416 512 0 24728147170502
320928 512 0 24728147426503
321440 512 0 24728147682504
321952 512 0 24728147938505
322464 512 0 24728148194506
322976 512 0 24728148450507
323488 512 0 24728148706508
324000 512 0 24728148962509
324512 512 0 24728149218510
325024 512 0 24728149474511
325536 512 0 24728149730512
326048 512 0 24728149986513
326560 512 0 24728150242514
327072 512 0 24728150498515
327584 512 0 24728150754517
328096 512 0 24728151010518
328608 512 0 24728151266519
329120 512 0 24728151522520
329632 512 0 24728151778521
330144 512 0 24728152034522
330656 512 0 24728152290523
331168 512 0 24728152546524
331680 512 0 24728152802525
332192 512 0 24728153058526
332704 512 0 24728153314527
333216 512 0 24728153570529
333728 512 0 24728153826530
334240 512 0 24728154082531
334752 512 0 24728154338532
335264 512 0 24728154594533
335776 512 0 24728154850534
336288 512 0 24728155106535
336800 512 0 24728155362536
337312 512 0 24728155618537
337824 512 0 24728155874538
338336 512 0 24728156130539
338848 512 0 24728156386540
339360 512 0 24728156642541
339872 512 0 24728156898542
340384 512 0 24728157154543
340896 512 0 24728157410544
341408 512 0 24728157666545
341920 512 0 24728157922546
342432 512 0 24728158178547
342944 512 0 24728158434548
343456 512 0 24728158690549
343968 512 0 24728158946550
344480 512 0 24728159202551
344992 512 0 24728159458552
345504 512 0 24728159714553
346016 512 0 24728159970554
346528 512 0 24728160226555
347040 512 0 24728160482556
347552 512 0 24728160738557
348064 512 0 24728160994558
348576 512 0 24728161250559
349088 512 0 24728161506560
349600 512 0 24728161762561
350112 512 0 24728162018563
350624 512 0 24728162274564
351136 512 0 24728162530565
351648 512 0 24728162786566
352160 512 0 24728163042567
352672 512 0 24728163298568
353184 512 0 24728163554569
353696 512 0 24728163810570
354208 512 0 24728164066571
354720 512 0 24728164322572
355232 512 0 24728164578573
355744 512 0 24728164834574
356256 512 0 24728165090575
356768 512 0 24728165346576
357280 512 0 24728165602577
357792 512 0 24728165858578
358304 512 0 24728166114579
358816 512 0 24728166370580
359328 512 0 24728166626581
359840 512 0 24728166882582
360352 512 0 24728167138584
360864 512 0 24728167394585
361376 512 0 24728167650586
361888 512 0 24728167906587
362400 512 0 24728168162588
362912 512 0 24728168418589
363424 512 0 24728168674590
363936 512 0 24728168930591
364448 512 0 24728169186592
364960 512 0 24728169442594
365472 512 0 24728169698595
365984 512 0 24728169954596
366496 512 0 24728170210597
367008 512 0 24728170466598
367520 512 0 24728170722599
368032 512 0 24728170978600
368544 512 0 24728171234601
369056 512 0 24728171490602
369568 512 0 24728171746603
370080 512 0 24728172002604
370592 512 0 24728172258605
371104 512 0 24728172514606
371616 512 0 24728172770607
372128 512 0 24728173026608
372640 512 0 24728173282609
373152 512 0 24728173538610
373664 512 0 24728173794611
374176 512 0 24728174050612
374688 512 0 24728174306613
375200 512 0 24728174562614
375712 512 0 24728174818615
376224 512 0 24728175074616
376736 512 0 24728175330617
377248 512 0 24728175586618
377760 512 0 24728175842619
378272 512 0 24728176098620
378784 512 0 24728176354621
379296 512 0 24728176610622
379808 512 0 24728176866623
380320 512 0 24728177122624
380832 512 0 24728177378625
381344 512 0 24728177634626
381856 512 0 24728177890628
382368 512 0 24728178146629
382880 512 0 24728178402630
383392 512 0 24728178658631
383904 512 0 24728178914632
384416 512 0 24728179170633
384928 512 0 24728179426634
385440 512 0 24728179682635
385952 512 0 24728179938636
386464 512 0 24728180194637
386976 512 0 24728180450638
387488 512 0 24728180706639
388000 512 0 24728180962640
388512 512 0 24728181218641
389024 512 0 24728181474642
389536 512 0 24728181730643
390048 512 0 24728181986644
390560 512 0 24728182242645
391072 512 0 24728182498646
391584 512 0 24728182754647
392096 512 0 24728183010648
392608 512 0 24728183266649
393120 512 0 24728183522651
393632 512 0 24728183778652
394144 512 0 24728184034653
394656 512 0 24728184290654
395168 512 0 24728184546655
395680 512 0 24728184802656
396192 512 0 24728185058657
396704 512 0 24728185314658
397216 512 0 24728185570660
397728 512 0 24728185826661
398240 512 0 24728186082662
398752 512 0 24728186338663
399264 512 0 24728186594664
399776 512 0 24728186850665
400288 512 0 24728187106666
400800 512 0 24728187362667
401312 512 0 24728187618668
401824 512 0 24728187874669
402336 512 0 24728188130670
402848 512 0 24728188386671
403360 512 0 24728188642672
403872 512 0 24728188898673
404384 512 0 24728189154674
404896 512 0 24728189410675
405408 512 0 24728189666676
405920 512 0 24728189922677
406432 512 0 24728190178678
406944 512 0 24728190434679
407456 512 0 24728190690680
407968 512 0 24728190946681
408480 512 0 24728191202682
408992 512 0 24728191458683
409504 512 0 24728191714685
410016 512 0 24728191970686
410528 512 0 24728192226687
411040 512 0 24728192482688
411552 512 0 24728192738689
412064 512 0 24728192994690
412576 512 0 24728193250692
413088 512 0 24728193506693
413600 512 0 24728193762694
414112 512 0 24728194018695
414624 512 0 24728194274696
415136 512 0 24728194530697
415648 512 0 24728194786698
416160 512 0 24728195042699
416672 512 0 24728195298700
417184 512 0 24728195554701
417696 512 0 24728195810702
418208 512 0 24728196066703
418720 512 0 24728196322704
419232 512 0 24728196578705
419744 512 0 24728196834706
420256 512 0 24728197090707
420768 512 0 24728197346708
421280 512 0 24728197602709
421792 512 0 24728197858710
422304 512 0 24728198114711
422816 512 0 24728198370712
423328 512 0 24728198626713
423840 512 0 24728198882714
424352 512 0 24728199138716
424864 512 0 24728199394717
425376 512 0 24728199650718
425888 512 0 24728199906718
426400 512 0 24728200162719
426912 512 0 24728200418720
427424 512 0 24728200674721
427936 512 0 24728200930722
428448 512 0 24728201186723
428960 512 0 24728201442724
429472 512 0 24728201698725
429984 512 0 24728201954727
430496 512 0 24728202210728
431008 512 0 24728202466729
704 512 0 24728206964803
1216 512 0 24728207243443
1728 512 0 24728207522082
2240 512 0 24728207800722
2752 512 0 24728208079361
3264 512 0 24728208358001
3776 512 0 24728208636640
4288 512 0 24728208915280
4800 512 0 24728209193919
5312 512 0 24728209472558
5824 512 0 24728209751198
6336 512 0 24728210029837
6848 512 0 24728210308477
7360 512 0 24728210587116
7872 512 0 24728210865756
8384 512 0 24728211144395
8896 512 0 24728211423035
9408 512 0 24728211701674
9920 512 0 24728211980314
10432 512 0 24728212258953
10944 512 0 24728212537593
11456 512 0 24728212816232
11968 512 0 24728213094872
12480 512 0 24728213373511
12992 512 0 24728213652151
13504 512 0 24728213930790
14016 512 0 24728214209429
14528 512 0 24728214488069
15040 512 0 24728214766708
15552 512 0 24728215045348
16064 512 0 24728215323987
16576 512 0 24728215602627
17088 512 0 24728215881266
17600 512 0 24728216159906
18112 512 0 24728216438545
18624 512 0 24728216717185
19136 512 0 24728216995824
19648 512 0 24728217274464
20160 512 0 24728217553103
20672 512 0 24728217831743
21184 512 0 24728218110382
21696 512 0 24728218389021
22208 512 0 24728218667661
22720 512 0 24728218946300
23232 512 0 24728219224940
23744 512 0 24728219503579
24256 512 0 24728219782219
24768 512 0 24728220060858
25280 512 0 24728220339498
25792 512 0 24728220618137
26304 512 0 24728220896777
26816 512 0 24728221175416
27328 512 0 24728221454056
27840 512 0 24728221732695
28352 512 0 24728222011335
28864 512 0 24728222289974
29376 512 0 24728222568614
29888 512 0 24728222847253
30400 512 0 24728223125892
30912 512 0 24728223404532
31424 512 0 24728223683171
31936 512 0 24728223961811
32448 512 0 24728224240513
32960 512 0 24728224519153
33472 512 0 24728224797793
33984 512 0 24728225076434
34496 512 0 24728225355074
35008 512 0 24728225633714
35520 512 0 24728225912355
36032 512 0 24728226190995
36544 512 0 24728226469635
37056 512 0 24728226748276
37568 512 0 24728227026916
38080 512 0 24728227305556
38592 512 0 24728227584197
39104 512 0 24728227862837
39616 512 0 24728228141477
40128 512 0 24728228420117
40640 512 0 24728228698758
41152 512 0 24728228977398
41664 512 0 24728229256038
42176 512 0 24728229534679
42688 512 0 24728229813319
43200 512 0 24728230091959
43712 512 0 24728230370600
44224 512 0 24728230649240
44736 512 0 24728230927880
45248 512 0 24728231206521
45760 512 0 24728231485161
46272 512 0 24728231763801
46784 512 0 24728232042442
47296 512 0 24728232321082
47808 512 0 24728232599722
48320 512 0 24728232878362
48832 512 0 24728233157018
49344 512 0 24728233435659
49856 512 0 24728233714299
50368 512 0 24728233992940
50880 512 0 24728234271581
51392 512 0 24728234550221
51904 512 0 24728234828862
52416 512 0 24728235107502
52928 512 0 24728235386143
53440 512 0 24728235664783
53952 512 0 24728235943424
54464 512 0 24728236222064
54976 512 0 24728236500705
55488 512 0 24728236779345
56000 512 0 24728237057986
56512 512 0 24728237336626
57024 512 0 24728237615267
57536 512 0 24728237893907
58048 512 0 24728238172548
58560 512 0 24728238451188
59072 512 0 24728238729829
59584 512 0 24728239008469
60096 512 0 24728239287110
60608 512 0 24728239565750
61120 512 0 24728239844391
61632 512 0 24728240123032
62144 512 0 24728240401672
62656 512 0 24728240680313
63168 512 0 24728240958953
63680 512 0 24728241237594
64192 512 0 24728241516234
64704 512 0 24728241794875
65216 512 0 24728242073519
65728 512 0 24728242352159
66240 512 0 24728242630800
66752 512 0 24728242909440
67264 512 0 24728243188081
67776 512 0 24728243466721
68288 512 0 24728243745362
68800 512 0 24728244024002
69312 512 0 24728244302643
69824 512 0 24728244581284
70336 512 0 24728244859924
70848 512 0 24728245138565
71360 512 0 24728245417205
71872 512 0 24728245695846
72384 512 0 24728245974486
72896 512 0 24728246253127
73408 512 0 24728246531767
73920 512 0 24728246810408
74432 512 0 24728247089049
74944 512 0 24728247367689
75456 512 0 24728247646330
75968 512 0 24728247924970
76480 512 0 24728248203611
76992 512 0 24728248482251
77504 512 0 24728248760892
78016 512 0 24728249039532
78528 512 0 24728249318173
79040 512 0 24728249596814
79552 512 0 24728249875454
80064 512 0 24728250154095
80576 512 0 24728250432735
81088 512 0 24728250711376
81600 512 0 24728250990018
82112 512 0 24728251268659
82624 512 0 24728251547299
83136 512 0 24728251825940
83648 512 0 24728252104580
84160 512 0 24728252383221
84672 512 0 24728252661862
85184 512 0 24728252940502
85696 512 0 24728253219143
86208 512 0 24728253497783
86720 512 0 24728253776424
87232 512 0 24728254055064
87744 512 0 24728254333705
88256 512 0 24728254612346
88768 512 0 24728254890986
89280 512 0 24728255169627
89792 512 0 24728255448267
90304 512 0 24728255726908
90816 512 0 24728256005548
91328 512 0 24728256284189
91840 512 0 24728256562830
92352 512 0 24728256841470
92864 512 0 24728257120111
93376 512 0 24728257398751
93888 512 0 24728257677392
94400 512 0 24728257956032
94912 512 0 24728258234673
95424 512 0 24728258513314
95936 512 0 24728258791954
96448 512 0 24728259070595
96960 512 0 24728259349235
97472 512 0 24728259627876
97984 512 0 24728259906513
98496 512 0 24728260185153
99008 512 0 24728260463794
99520 512 0 24728260742434
100032 512 0 24728261021075
100544 512 0 24728261299716
101056 512 0 24728261578356
101568 512 0 24728261856997
102080 512 0 24728262135637
102592 512 0 24728262414278
103104 512 0 24728262692918
103616 512 0 24728262971559
104128 512 0 24728263250199
104640 512 0 24728263528840
105152 512 0 24728263807480
105664 512 0 24728264086121
106176 512 0 24728264364761
106688 512 0 24728264643402
107200 512 0 24728264922043
107712 512 0 24728265200683
108224 512 0 24728265479324
108736 512 0 24728265757964
109248 512 0 24728266036605
109760 512 0 24728266315245
110272 512 0 24728266593886
110784 512 0 24728266872526
111296 512 0 24728267151167
111808 512 0 24728267429807
112320 512 0 24728267708448
112832 512 0 24728267987088
113344 512 0 24728268265729
113856 512 0 24728268544370
114368 512 0 24728268823010
114880 512 0 24728269101650
115392 512 0 24728269380291
115904 512 0 24728269658931
116416 512 0 24728269937572
116928 512 0 24728270216212
117440 512 0 24728270494853
117952 512 0 24728270773494
118464 512 0 24728271052134
118976 512 0 24728271330775
119488 512 0 24728271609415
120000 512 0 24728271888056
120512 512 0 24728272166696
121024 512 0 24728272445337
121536 512 0 24728272723977
122048 512 0 24728273002618
122560 512 0 24728273281258
123072 512 0 24728273559899
123584 512 0 24728273838539
124096 512 0 24728274117180
124608 512 0 24728274395820
125120 512 0 24728274674461
125632 512 0 24728274953102
126144 512 0 24728275231742
126656 512 0 24728275510383
127168 512 0 24728275789023
127680 512 0 24728276067664
128192 512 0 24728276346304
128704 512 0 24728276624945
129216 512 0 24728276903585
129728 512 0 24728277182226
130240 512 0 24728277460866
130752 512 0 24728277739508
131264 512 0 24728278018149
131776 512 0 24728278296789
132288 512 0 24728278575430
132800 512 0 24728278854070
133312 512 0 24728279132711
133824 512 0 24728279411351
134336 512 0 24728279689992
134848 512 0 24728279968632
135360 512 0 24728280247273
135872 512 0 24728280525913
136384 512 0 24728280804554
136896 512 0 24728281083194
137408 512 0 24728281361835
137920 512 0 24728281640476
138432 512 0 24728281919116
138944 512 0 24728282197757
139456 512 0 24728282476397
139968 512 0 24728282755038
140480 512 0 24728283033678
140992 512 0 24728283312319
141504 512 0 24728283590959
142016 512 0 24728283869600
142528 512 0 24728284148240
143040 512 0 24728284426881
143552 512 0 24728284705522
144064 512 0 24728284984162
144576 512 0 24728285262803
145088 512 0 24728285541443
145600 512 0 24728285820084
146112 512 0 24728286098724
146624 512 0 24728286377365
147136 512 0 24728286656006
147648 512 0 24728286934647
148160 512 0 24728287213287
148672 512 0 24728287491928
149184 512 0 24728287770568
149696 512 0 24728288049209
150208 512 0 24728288327849
150720 512 0 24728288606490
151232 512 0 24728288885131
151744 512 0 24728289163771
152256 512 0 24728289442412
152768 512 0 24728289721052
153280 512 0 24728289999693
153792 512 0 24728290278333
154304 512 0 24728290556974
154816 512 0 24728290835614
155328 512 0 24728291114255
155840 512 0 24728291392895
156352 512 0 24728291671536
156864 512 0 24728291950177
157376 512 0 24728292228817
157888 512 0 24728292507458
158400 512 0 24728292786098
158912 512 0 24728293064739
159424 512 0 24728293343379
159936 512 0 24728293622020
160448 512 0 24728293900660
160960 512 0 24728294179301
161472 512 0 24728294457941
161984 512 0 24728294736582
162496 512 0 24728295015223
163008 512 0 24728295293863
163520 512 0 24728295572506
164032 512 0 24728295851146
164544 512 0 24728296129787
165056 512 0 24728296408427
165568 512 0 24728296687068
166080 512 0 24728296965708
166592 512 0 24728297244349
167104 512 0 24728297522989
167616 512 0 24728297801630
168128 512 0 24728298080271
168640 512 0 24728298358911
169152 512 0 24728298637552
169664 512 0 24728298916192
170176 512 0 24728299194833
170688 512 0 24728299473473
171200 512 0 24728299752114
171712 512 0 24728300030754
172224 512 0 24728300309395
172736 512 0 24728300588036
173248 512 0 24728300866676
173760 512 0 24728301145317
174272 512 0 24728301423957
174784 512 0 24728301702598
175296 512 0 24728301981238
175808 512 0 24728302259879
176320 512 0 24728302538519
176832 512 0 24728302817160
177344 512 0 24728303095801
177856 512 0 24728303374441
178368 512 0 24728303653082
178880 512 0 24728303931722
179392 512 0 24728304210363
179904 512 0 24728304489005
180416 512 0 24728304767645
180928 512 0 24728305046286
181440 512 0 24728305324927
181952 512 0 24728305603567
182464 512 0 24728305882208
182976 512 0 24728306160848
183488 512 0 24728306439489
184000 512 0 24728306718129
184512 512 0 24728306996770
185024 512 0 24728307275410
185536 512 0 24728307554051
186048 512 0 24728307832692
186560 512 0 24728308111332
187072 512 0 24728308389973
187584 512 0 24728308668613
188096 512 0 24728308947254
188608 512 0 24728309225894
189120 512 0 24728309504535
189632 512 0 24728309783176
190144 512 0 24728310061816
190656 512 0 24728310340457
191168 512 0 24728310619097
191680 512 0 24728310897738
192192 512 0 24728311176378
192704 512 0 24728311455019
193216 512 0 24728311733660
193728 512 0 24728312012300
194240 512 0 24728312290941
194752 512 0 24728312569581
195264 512 0 24728312848222
195776 512 0 24728313126862
196288 512 0 24728313405504
196800 512 0 24728313684145
197312 512 0 24728313962785
197824 512 0 24728314241426
198336 512 0 24728314520066
198848 512 0 24728314798707
199360 512 0 24728315077347
199872 512 0 24728315355988
200384 512 0 24728315634629
200896 512 0 24728315913269
201408 512 0 24728316191910
201920 512 0 24728316470550
202432 512 0 24728316749191
202944 512 0 24728317027831
203456 512 0 24728317306472
203968 512 0 24728317585113
204480 512 0 24728317863753
204992 512 0 24728318142394
205504 512 0 24728318421034
206016 512 0 24728318699675
206528 512 0 24728318978315
207040 512 0 24728319256956
207552 512 0 24728319535597
208064 512 0 24728319814237
208576 512 0 24728320092878
209088 512 0 24728320371518
209600 512 0 24728320650159
210112 512 0 24728320928800
210624 512 0 24728321207440
211136 512 0 24728321486081
211648 512 0 24728321764721
212160 512 0 24728322043362
212672 512 0 24728322322003
213184 512 0 24728322600644
213696 512 0 24728322879284
214208 512 0 24728323157925
214720 512 0 24728323436565
215232 512 0 24728323715206
215744 512 0 24728323993847
216256 512 0 24728324272487
216768 512 0 24728324551128
217280 512 0 24728324829768
217792 512 0 24728325108409
218304 512 0 24728325387050
218816 512 0 24728325665690
219328 512 0 24728325944331
219840 512 0 24728326222971
220352 512 0 24728326501612
220864 512 0 24728326780252
221376 512 0 24728327058893
221888 512 0 24728327337534
222400 512 0 24728327616174
222912 512 0 24728327894815
223424 512 0 24728328173455
223936 512 0 24728328452096
224448 512 0 24728328730736
224960 512 0 24728329009377
225472 512 0 24728329288018
225984 512 0 24728329566658
226496 512 0 24728329845299
227008 512 0 24728330123939
227520 512 0 24728330402580
228032 512 0 24728330681221
228544 512 0 24728330959861
229056 512 0 24728331238502
229568 512 0 24728331517143
230080 512 0 24728331795783
230592 512 0 24728332074424
231104 512 0 24728332353065
231616 512 0 24728332631705
232128 512 0 24728332910346
232640 512 0 24728333188986
233152 512 0 24728333467627
233664 512 0 24728333746268
234176 512 0 24728334024908
234688 512 0 24728334303549
235200 512 0 24728334582189
235712 512 0 24728334860830
236224 512 0 24728335139470
236736 512 0 24728335418111
237248 512 0 24728335696752
237760 512 0 24728335975392
238272 512 0 24728336254033
238784 512 0 24728336532673
239296 512 0 24728336811314
239808 512 0 24728337089955
240320 512 0 24728337368595
240832 512 0 24728337647236
241344 512 0 24728337925876
241856 512 0 24728338204517
242368 512 0 24728338483157
242880 512 0 24728338761798
243392 512 0 24728339040439
243904 512 0 24728339319079
244416 512 0 24728339597720
244928 512 0 24728339876360
245440 512 0 24728340155001
245952 512 0 24728340433642
246464 512 0 24728340712283
246976 512 0 24728340990923
247488 512 0 24728341269564
248000 512 0 24728341548204
248512 512 0 24728341826845
249024 512 0 24728342105485
249536 512 0 24728342384126
250048 512 0 24728342662767
250560 512 0 24728342941407
251072 512 0 24728343220048
251584 512 0 24728343498688
252096 512 0 24728343777329
252608 512 0 24728344055970
253120 512 0 24728344334610
253632 512 0 24728344613251
254144 512 0 24728344891891
254656 512 0 24728345170532
255168 512 0 24728345449172
255680 512 0 24728345727813
256192 512 0 24728346006454
256704 512 0 24728346285094
257216 512 0 24728346563735
257728 512 0 24728346842375
258240 512 0 24728347121016
258752 512 0 24728347399657
259264 512 0 24728347678297
259776 512 0 24728347956938
260288 512 0 24728348235578
260800 512 0 24728348514219
261312 512 0 24728348792860
261824 512 0 24728349071500
262336 512 0 24728349350141
262848 512 0 24728349628782
263360 512 0 24728349907422
263872 512 0 24728350186063
264384 512 0 24728350464703
264896 512 0 24728350743344
265408 512 0 24728351021984
265920 512 0 24728351300625
266432 512 0 24728351579266
266944 512 0 24728351857906
267456 512 0 24728352136547
267968 512 0 24728352415187
268480 512 0 24728352693828
268992 512 0 24728352972469
269504 512 0 24728353251109
270016 512 0 24728353529750
270528 512 0 24728353808390
271040 512 0 24728354087031
271552 512 0 24728354365672
272064 512 0 24728354644312
272576 512 0 24728354922953
273088 512 0 24728355201593
273600 512 0 24728355480234
274112 512 0 24728355758874
274624 512 0 24728356037515
275136 512 0 24728356316156
275648 512 0 24728356594796
276160 512 0 24728356873437
276672 512 0 24728357152077
277184 512 0 24728357430718
277696 512 0 24728357709359
278208 512 0 24728357987999
278720 512 0 24728358266640
279232 512 0 24728358545281
279744 512 0 24728358823921
280256 512 0 24728359102562
280768 512 0 24728359381202
281280 512 0 24728359659843
281792 512 0 24728359938484
282304 512 0 24728360217124
282816 512 0 24728360495765
283328 512 0 24728360774405
283840 512 0 24728361053046
284352 512 0 24728361331686
284864 512 0 24728361610327
285376 512 0 24728361888968
285888 512 0 24728362167608
286400 512 0 24728362446249
286912 512 0 24728362724889
287424 512 0 24728363003530
287936 512 0 24728363282171
288448 512 0 24728363560811
288960 512 0 24728363839452
289472 512 0 24728364118092
289984 512 0 24728364396733
290496 512 0 24728364675374
291008 512 0 24728364954014
291520 512 0 24728365232655
292032 512 0 24728365511295
292544 512 0 24728365789936
293056 512 0 24728366068576
293568 512 0 24728366347217
294080 512 0 24728366625858
294592 512 0 24728366904498
295104 512 0 24728367183139
295616 512 0 24728367461780
296128 512 0 24728367740420
296640 512 0 24728368019061
297152 512 0 24728368297701
297664 512 0 24728368576342
298176 512 0 24728368854983
298688 512 0 24728369133623
299200 512 0 24728369412264
299712 512 0 24728369690904
300224 512 0 24728369969545
300736 512 0 24728370248185
301248 512 0 24728370526826
301760 512 0 24728370805467
302272 512 0 24728371084107
302784 512 0 24728371362748
303296 512 0 24728371641388
303808 512 0 24728371920029
304320 512 0 24728372198670
304832 512 0 24728372477310
305344 512 0 24728372755951
305856 512 0 24728373034591
306368 512 0 24728373313232
306880 512 0 24728373591873
307392 512 0 24728373870513
307904 512 0 24728374149154
308416 512 0 24728374427794
308928 512 0 24728374706435
309440 512 0 24728374985075
309952 512 0 24728375263716
310464 512 0 24728375542357
310976 512 0 24728375820997
311488 512 0 24728376099638
312000 512 0 24728376378279
312512 512 0 24728376656919
313024 512 0 24728376935560
313536 512 0 24728377214200
314048 512 0 24728377492841
314560 512 0 24728377771482
315072 512 0 24728378050122
315584 512 0 24728378328763
316096 512 0 24728378607403
316608 512 0 24728378886044
317120 512 0 24728379164685
317632 512 0 24728379443325
318144 512 0 24728379721966
318656 512 0 24728380000606
319168 512 0 24728380279247
319680 512 0 24728380557887
320192 512 0 24728380836528
320704 512 0 24728381115169
321216 512 0 24728381393809
321728 512 0 24728381672450
322240 512 0 24728381951090
322752 512 0 24728382229731
323264 512 0 24728382508372
323776 512 0 24728382787012
324288 512 0 24728383065653
324800 512 0 24728383344293
325312 512 0 24728383622934
325824 512 0 24728383901575
326336 512 0 24728384180215
326848 512 0 24728384458856
327360 512 0 24728384737496
327872 512 0 24728385016137
328384 512 0 24728385294778
328896 512 0 24728385573418
329408 512 0 24728385852059
329920 512 0 24728386130699
330432 512 0 24728386409340
330944 512 0 24728386687981
331456 512 0 24728386966621
331968 512 0 24728387245262
332480 512 0 24728387523902
332992 512 0 24728387802543
333504 512 0 24728388081184
334016 512 0 24728388359824
334528 512 0 24728388638465
335040 512 0 24728388917105
335552 512 0 24728389195746
336064 512 0 24728389474386
336576 512 0 24728389753027
337088 512 0 24728390031668
337600 512 0 24728390310308
338112 512 0 24728390588949
338624 512 0 24728390867589
339136 512 0 24728391146230
339648 512 0 24728391424871
340160 512 0 24728391703511
340672 512 0 24728391982152
341184 512 0 24728392260792
341696 512 0 24728392539433
342208 512 0 24728392818074
342720 512 0 24728393096714
343232 512 0 24728393375355
343744 512 0 24728393653995
344256 512 0 24728393932636
344768 512 0 24728394211277
345280 512 0 24728394489917
345792 512 0 24728394768558
346304 512 0 24728395047198
346816 512 0 24728395325839
347328 512 0 24728395604480
347840 512 0 24728395883120
348352 512 0 24728396161761
348864 512 0 24728396440401
349376 512 0 24728396719042
349888 512 0 24728396997683
350400 512 0 24728397276323
350912 512 0 24728397554964
351424 512 0 24728397833604
351936 512 0 24728398112245
352448 512 0 24728398390886
352960 512 0 24728398669526
353472 512 0 24728398948167
353984 512 0 24728399226807
354496 512 0 24728399505448
355008 512 0 24728399784088
355520 512 0 24728400062729
356032 512 0 24728400341370
356544 512 0 24728400620010
357056 512 0 24728400898651
357568 512 0 24728401177291
358080 512 0 24728401455932
358592 512 0 24728401734573
359104 512 0 24728402013213
359616 512 0 24728402291854
360128 512 0 24728402570495
360640 512 0 24728402849135
361152 512 0 24728403127776
361664 512 0 24728403406416
362176 512 0 24728403685057
362688 512 0 24728403963697
363200 512 0 24728404242338
363712 512 0 24728404520979
364224 512 0 24728404799619
364736 512 0 24728405078260
365248 512 0 24728405356900
365760 512 0 24728405635541
366272 512 0 24728405914182
366784 512 0 24728406192822
367296 512 0 24728406471463
367808 512 0 24728406750103
368320 512 0 24728407028744
368832 512 0 24728407307385
369344 512 0 24728407586025
369856 512 0 24728407864666
370368 512 0 24728408143306
370880 512 0 24728408421947
371392 512 0 24728408700587
371904 512 0 24728408979228
372416 512 0 24728409257869
372928 512 0 24728409536509
373440 512 0 24728409815150
373952 512 0 24728410093790
374464 512 0 24728410372431
374976 512 0 24728410651072
375488 512 0 24728410929712
376000 512 0 24728411208353
376512 512 0 24728411486994
377024 512 0 24728411765634
377536 512 0 24728412044275
378048 512 0 24728412322915
378560 512 0 24728412601556
379072 512 0 24728412880196
379584 512 0 24728413158837
380096 512 0 24728413437478
380608 512 0 24728413716118
381120 512 0 24728413994759
381632 512 0 24728414273399
382144 512 0 24728414552040
382656 512 0 24728414830681
383168 512 0 24728415109321
383680 512 0 24728415387962
384192 512 0 24728415666602
384704 512 0 24728415945243
385216 512 0 24728416223884
385728 512 0 24728416502524
386240 512 0 24728416781165
386752 512 0 24728417059805
387264 512 0 24728417338446
387776 512 0 24728417617086
388288 512 0 24728417895727
388800 512 0 24728418174368
389312 512 0 24728418453008
389824 512 0 24728418731649
390336 512 0 24728419010289
390848 512 0 24728419288930
391360 512 0 24728419567571
391872 512 0 24728419846211
392384 512 0 24728420124852
392896 512 0 24728420403494
393408 512 0 24728420682134
393920 512 0 24728420960775
394432 512 0 24728421239415
394944 512 0 24728421518056
395456 512 0 24728421796697
395968 512 0 24728422075337
396480 512 0 24728422353978
396992 512 0 24728422632618
397504 512 0 24728422911259
398016 512 0 24728423189900
398528 512 0 24728423468540
399040 512 0 24728423747181
480 512 0 24728428523728
992 512 0 24728428779728
1504 512 0 24728429035728
2016 512 0 24728429291728
2528 512 0 24728429547728
3040 512 0 24728429803728
3552 512 0 24728430059728
4064 512 0 24728430315728
4576 512 0 24728430571728
5088 512 0 24728430827728
5600 512 0 24728431083728
6112 512 0 24728431339728
6624 512 0 24728431595728
7136 512 0 24728431851728
7648 512 0 24728432107728
8160 512 0 24728432363728
8672 512 0 24728432619728
9184 512 0 24728432875728
9696 512 0 24728433131728
10208 512 0 24728433387728
10720 512 0 24728433643728
11232 512 0 24728433899728
11744 512 0 24728434155728
12256 512 0 24728434411728
12768 512 0 24728434667728
13280 512 0 24728434923728
13792 512 0 24728435179728
14304 512 0 24728435435728
14816 512 0 24728435691728
15328 512 0 24728435947728
15840 512 0 24728436203728
16352 512 0 24728436459728
16864 512 0 24728436715728
17376 512 0 24728436971728
17888 512 0 24728437227728
18400 512 0 24728437483728
18912 512 0 24728437739728
19424 512 0 24728437995728
19936 512 0 24728438251728
20448 512 0 24728438507728
20960 512 0 24728438763728
21472 512 0 24728439019728
21984 512 0 24728439275728
22496 512 0 24728439531728
23008 512 0 24728439787728
23520 512 0 24728440043728
24032 512 0 24728440299728
24544 512 0 24728440555728
25056 512 0 24728440811728
25568 512 0 24728441067728
26080 512 0 24728441323728
26592 512 0 24728441579728
27104 512 0 24728441835728
27616 512 0 24728442091728
28128 512 0 24728442347728
28640 512 0 24728442603728
29152 512 0 24728442859728
29664 512 0 24728443115728
30176 512 0 24728443371728
30688 512 0 24728443627728
31200 512 0 24728443883728
31712 512 0 24728444139728
32224 512 0 24728444395728
32736 512 0 24728444651786
33248 512 0 24728444907786
33760 512 0 24728445163787
34272 512 0 24728445419788
34784 512 0 24728445675789
35296 512 0 24728445931790
35808 512 0 24728446187790
36320 512 0 24728446443791
36832 512 0 24728446699792
37344 512 0 24728446955793
37856 512 0 24728447211793
38368 512 0 24728447467794
38880 512 0 24728447723795
39392 512 0 24728447979796
39904 512 0 24728448235797
40416 512 0 24728448491797
40928 512 0 24728448747798
41440 512 0 24728449003799
41952 512 0 24728449259800
42464 512 0 24728449515800
42976 512 0 24728449771801
43488 512 0 24728450027802
44000 512 0 24728450283803
44512 512 0 24728450539803
45024 512 0 24728450795804
45536 512 0 24728451051805
46048 512 0 24728451307806
46560 512 0 24728451563807
47072 512 0 24728451819807
47584 512 0 24728452075808
48096 512 0 24728452331809
48608 512 0 24728452587810
49120 512 0 24728452843827
49632 512 0 24728453099828
50144 512 0 24728453355829
50656 512 0 24728453611830
51168 512 0 24728453867831
51680 512 0 24728454123832
52192 512 0 24728454379833
52704 512 0 24728454635834
53216 512 0 24728454891835
53728 512 0 24728455147836
54240 512 0 24728455403837
54752 512 0 24728455659838
55264 512 0 24728455915839
55776 512 0 24728456171839
56288 512 0 24728456427840
56800 512 0 24728456683841
57312 512 0 24728456939842
57824 512 0 24728457195843
58336 512 0 24728457451844
58848 512 0 24728457707845
59360 512 0 24728457963846
59872 512 0 24728458219847
60384 512 0 24728458475848
60896 512 0 24728458731849
61408 512 0 24728458987850
61920 512 0 24728459243851
62432 512 0 24728459499852
62944 512 0 24728459755853
63456 512 0 24728460011854
63968 512 0 24728460267855
64480 512 0 24728460523856
64992 512 0 24728460779857
65504 512 0 24728461035862
66016 512 0 24728461291863
66528 512 0 24728461547864
67040 512 0 24728461803865
67552 512 0 24728462059866
68064 512 0 24728462315867
68576 512 0 24728462571868
69088 512 0 24728462827869
69600 512 0 24728463083870
70112 512 0 24728463339871
70624 512 0 24728463595872
71136 512 0 24728463851873
71648 512 0 24728464107874
72160 512 0 24728464363875
72672 512 0 24728464619876
73184 512 0 24728464875877
73696 512 0 24728465131878
74208 512 0 24728465387879
74720 512 0 24728465643880
75232 512 0 24728465899881
75744 512 0 24728466155882
76256 512 0 24728466411883
76768 512 0 24728466667884
77280 512 0 24728466923885
77792 512 0 24728467179886
78304 512 0 24728467435887
78816 512 0 24728467691888
79328 512 0 24728467947889
79840 512 0 24728468203891
80352 512 0 24728468459892
80864 512 0 24728468715893
81376 512 0 24728468971894
81888 512 0 24728469227896
82400 512 0 24728469483897
82912 512 0 24728469739898
83424 512 0 24728469995899
83936 512 0 24728470251901
84448 512 0 24728470507902
84960 512 0 24728470763903
85472 512 0 24728471019904
85984 512 0 24728471275905
86496 512 0 24728471531906
87008 512 0 24728471787907
87520 512 0 24728472043908
88032 512 0 24728472299909
88544 512 0 24728472555910
89056 512 0 24728472811911
89568 512 0 24728473067912
90080 512 0 24728473323913
90592 512 0 24728473579914
91104 512 0 24728473835915
91616 512 0 24728474091916
92128 512 0 24728474347917
92640 512 0 24728474603918
93152 512 0 24728474859919
93664 512 0 24728475115920
94176 512 0 24728475371921
94688 512 0 24728475627922
95200 512 0 24728475883924
95712 512 0 24728476139925
96224 512 0 24728476395926
96736 512 0 24728476651927
97248 512 0 24728476907928
97760 512 0 24728477163929
98272 512 0 24728477419926
98784 512 0 24728477675927
99296 512 0 24728477931928
99808 512 0 24728478187929
100320 512 0 24728478443930
100832 512 0 24728478699931
101344 512 0 24728478955932
101856 512 0 24728479211933
102368 512 0 24728479467934
102880 512 0 24728479723935
103392 512 0 24728479979936
103904 512 0 24728480235937
104416 512 0 24728480491938
104928 512 0 24728480747939
105440 512 0 24728481003940
105952 512 0 24728481259941
106464 512 0 24728481515942
106976 512 0 24728481771943
107488 512 0 24728482027944
108000 512 0 24728482283945
108512 512 0 24728482539946
109024 512 0 24728482795947
109536 512 0 24728483051948
110048 512 0 24728483307949
110560 512 0 24728483563950
111072 512 0 24728483819951
111584 512 0 24728484075952
112096 512 0 24728484331953
112608 512 0 24728484587954
113120 512 0 24728484843955
113632 512 0 24728485099956
114144 512 0 24728485355957
114656 512 0 24728485611957
115168 512 0 24728485867958
115680 512 0 24728486123959
116192 512 0 24728486379960
116704 512 0 24728486635960
117216 512 0 24728486891961
117728 512 0 24728487147962
118240 512 0 24728487403963
118752 512 0 24728487659964
119264 512 0 24728487915965
119776 512 0 24728488171966
120288 512 0 24728488427967
120800 512 0 24728488683968
121312 512 0 24728488939969
121824 512 0 24728489195970
122336 512 0 24728489451971
122848 512 0 24728489707972
123360 512 0 24728489963973
123872 512 0 24728490219974
124384 512 0 24728490475975
124896 512 0 24728490731976
125408 512 0 24728490987977
125920 512 0 24728491243978
126432 512 0 24728491499979
126944 512 0 24728491755980
127456 512 0 24728492011981
127968 512 0 24728492267982
128480 512 0 24728492523983
128992 512 0 24728492779984
129504 512 0 24728493035985
130016 512 0 24728493291986
130528 512 0 24728493547987
131040 512 0 24728493803990
131552 512 0 24728494059991
132064 512 0 24728494315992
132576 512 0 24728494571993
133088 512 0 24728494827994
133600 512 0 24728495083995
134112 512 0 24728495339996
134624 512 0 24728495595997
135136 512 0 24728495851998
135648 512 0 24728496107999
136160 512 0 24728496364000
136672 512 0 24728496620001
137184 512 0 24728496876002
137696 512 0 24728497132003
138208 512 0 24728497388004
138720 512 0 24728497644005
139232 512 0 24728497900006
139744 512 0 24728498156007
140256 512 0 24728498412008
140768 512 0 24728498668009
141280 512 0 24728498924010
141792 512 0 24728499180011
142304 512 0 24728499436012
142816 512 0 24728499692013
143328 512 0 24728499948014
143840 512 0 24728500204015
144352 512 0 24728500460016
144864 512 0 24728500716017
145376 512 0 24728500972018
145888 512 0 24728501228019
146400 512 0 24728501484020
146912 512 0 24728501740021
147424 512 0 24728501996023
147936 512 0 24728502252024
148448 512 0 24728502508025
148960 512 0 24728502764026
149472 512 0 24728503020027
149984 512 0 24728503276028
150496 512 0 24728503532029
151008 512 0 24728503788030
151520 512 0 24728504044031
152032 512 0 24728504300032
152544 512 0 24728504556033
153056 512 0 24728504812034
153568 512 0 24728505068035
154080 512 0 24728505324036
154592 512 0 24728505580037
155104 512 0 24728505836038
155616 512 0 24728506092039
156128 512 0 24728506348040
156640 512 0 24728506604041
157152 512 0 24728506860042
157664 512 0 24728507116043
158176 512 0 24728507372044
158688 512 0 24728507628045
159200 512 0 24728507884046
159712 512 0 24728508140047
160224 512 0 24728508396048
160736 512 0 24728508652049
161248 512 0 24728508908050
161760 512 0 24728509164051
162272 512 0 24728509420052
162784 512 0 24728509676053
163296 512 0 24728509932054
163808 512 0 24728510188056
164320 512 0 24728510444057
164832 512 0 24728510700058
165344 512 0 24728510956059
165856 512 0 24728511212060
166368 512 0 24728511468061
166880 512 0 24728511724062
167392 512 0 24728511980063
167904 512 0 24728512236064
168416 512 0 24728512492065
168928 512 0 24728512748066
169440 512 0 24728513004067
169952 512 0 24728513260069
170464 512 0 24728513516070
170976 512 0 24728513772071
171488 512 0 24728514028072
172000 512 0 24728514284073
172512 512 0 24728514540074
173024 512 0 24728514796075
173536 512 0 24728515052076
174048 512 0 24728515308077
174560 512 0 24728515564078
175072 512 0 24728515820079
175584 512 0 24728516076080
176096 512 0 24728516332081
176608 512 0 24728516588082
177120 512 0 24728516844083
177632 512 0 24728517100084
178144 512 0 24728517356085
178656 512 0 24728517612086
179168 512 0 24728517868087
179680 512 0 24728518124088
180192 512 0 24728518380089
180704 512 0 24728518636091
181216 512 0 24728518892092
181728 512 0 24728519148093
182240 512 0 24728519404094
182752 512 0 24728519660095
183264 512 0 24728519916096
183776 512 0 24728520172097
184288 512 0 24728520428098
184800 512 0 24728520684099
185312 512 0 24728520940100
185824 512 0 24728521196101
186336 512 0 24728521452102
186848 512 0 24728521708103
187360 512 0 24728521964104
187872 512 0 24728522220105
188384 512 0 24728522476106
188896 512 0 24728522732107
189408 512 0 24728522988108
189920 512 0 24728523244109
190432 512 0 24728523500110
190944 512 0 24728523756111
191456 512 0 24728524012112
191968 512 0 24728524268113
192480 512 0 24728524524114
192992 512 0 24728524780115
193504 512 0 24728525036116
194016 512 0 24728525292117
194528 512 0 24728525548118
195040 512 0 24728525804119
195552 512 0 24728526060120
196064 512 0 24728526316121
196576 512 0 24728526572124
197088 512 0 24728526828125
197600 512 0 24728527084126
198112 512 0 24728527340127
198624 512 0 24728527596128
199136 512 0 24728527852129
199648 512 0 24728528108130
200160 512 0 24728528364131
200672 512 0 24728528620132
201184 512 0 24728528876133
201696 512 0 24728529132134
202208 512 0 24728529388135
202720 512 0 24728529644136
203232 512 0 24728529900137
203744 512 0 24728530156138
204256 512 0 24728530412139
204768 512 0 24728530668140
205280 512 0 24728530924141
205792 512 0 24728531180142
206304 512 0 24728531436143
206816 512 0 24728531692144
207328 512 0 24728531948145
207840 512 0 24728532204146
208352 512 0 24728532460148
208864 512 0 24728532716149
209376 512 0 24728532972150
209888 512 0 24728533228151
210400 512 0 24728533484152
210912 512 0 24728533740153
211424 512 0 24728533996154
211936 512 0 24728534252155
212448 512 0 24728534508156
212960 512 0 24728534764158
213472 512 0 24728535020159
213984 512 0 24728535276160
214496 512 0 24728535532161
215008 512 0 24728535788162
215520 512 0 24728536044163
216032 512 0 24728536300164
216544 512 0 24728536556165
217056 512 0 24728536812166
217568 512 0 24728537068167
218080 512 0 24728537324168
218592 512 0 24728537580170
219104 512 0 24728537836171
219616 512 0 24728538092172
220128 512 0 24728538348173
220640 512 0 24728538604174
221152 512 0 24728538860175
221664 512 0 24728539116176
222176 512 0 24728539372177
222688 512 0 24728539628178
223200 512 0 24728539884179
223712 512 0 24728540140180
224224 512 0 24728540396181
224736 512 0 24728540652182
225248 512 0 24728540908183
225760 512 0 24728541164184
226272 512 0 24728541420185
226784 512 0 24728541676186
227296 512 0 24728541932187
227808 512 0 24728542188188
228320 512 0 24728542444189
228832 512 0 24728542700190
229344 512 0 24728542956192
229856 512 0 24728543212193
230368 512 0 24728543468194
230880 512 0 24728543724195
231392 512 0 24728543980197
231904 512 0 24728544236198
232416 512 0 24728544492199
232928 512 0 24728544748200
233440 512 0 24728545004201
233952 512 0 24728545260202
234464 512 0 24728545516203
234976 512 0 24728545772204
235488 512 0 24728546028205
236000 512 0 24728546284206
236512 512 0 24728546540207
237024 512 0 24728546796208
237536 512 0 24728547052209
238048 512 0 24728547308210
238560 512 0 24728547564211
239072 512 0 24728547820212
239584 512 0 24728548076213
240096 512 0 24728548332214
240608 512 0 24728548588215
241120 512 0 24728548844216
241632 512 0 24728549100217
242144 512 0 24728549356218
242656 512 0 24728549612219
243168 512 0 24728549868221
243680 512 0 24728550124222
244192 512 0 24728550380223
244704 512 0 24728550636224
245216 512 0 24728550892225
245728 512 0 24728551148225
246240 512 0 24728551404226
246752 512 0 24728551660227
247264 512 0 24728551916228
247776 512 0 24728552172229
248288 512 0 24728552428230
248800 512 0 24728552684231
249312 512 0 24728552940233
249824 512 0 24728553196234
250336 512 0 24728553452235
250848 512 0 24728553708236
251360 512 0 24728553964237
251872 512 0 24728554220238
252384 512 0 24728554476239
252896 512 0 24728554732240
253408 512 0 24728554988241
253920 512 0 24728555244242
254432 512 0 24728555500243
254944 512 0 24728555756244
255456 512 0 24728556012245
255968 512 0 24728556268246
256480 512 0 24728556524247
256992 512 0 24728556780248
257504 512 0 24728557036249
258016 512 0 24728557292250
258528 512 0 24728557548251
259040 512 0 24728557804252
259552 512 0 24728558060253
260064 512 0 24728558316254
260576 512 0 24728558572255
261088 512 0 24728558828256
261600 512 0 24728559084257
262112 512 0 24728559340259
262624 512 0 24728559596260
263136 512 0 24728559852261
263648 512 0 24728560108262
264160 512 0 24728560364263
264672 512 0 24728560620265
265184 512 0 24728560876266
265696 512 0 24728561132267
266208 512 0 24728561388268
266720 512 0 24728561644269
267232 512 0 24728561900270
267744 512 0 24728562156271
268256 512 0 24728562412272
268768 512 0 24728562668273
269280 512 0 24728562924274
269792 512 0 24728563180275
270304 512 0 24728563436276
270816 512 0 24728563692277
271328 512 0 24728563948278
271840 512 0 24728564204279
272352 512 0 24728564460280
272864 512 0 24728564716281
273376 512 0 24728564972282
273888 512 0 24728565228283
274400 512 0 24728565484284
274912 512 0 24728565740285
275424 512 0 24728565996286
275936 512 0 24728566252287
276448 512 0 24728566508288
276960 512 0 24728566764290
277472 512 0 24728567020291
277984 512 0 24728567276292
278496 512 0 24728567532292
279008 512 0 24728567788293
279520 512 0 24728568044294
280032 512 0 24728568300295
280544 512 0 24728568556296
281056 512 0 24728568812297
281568 512 0 24728569068299
282080 512 0 24728569324300
282592 512 0 24728569580301
283104 512 0 24728569836302
283616 512 0 24728570092303
284128 512 0 24728570348304
284640 512 0 24728570604305
285152 512 0 24728570860306
285664 512 0 24728571116307
286176 512 0 24728571372308
286688 512 0 24728571628309
287200 512 0 24728571884310
287712 512 0 24728572140311
288224 512 0 24728572396312
288736 512 0 24728572652313
289248 512 0 24728572908314
289760 512 0 24728573164315
290272 512 0 24728573420316
290784 512 0 24728573676317
291296 512 0 24728573932318
291808 512 0 24728574188319
292320 512 0 24728574444320
292832 512 0 24728574700321
293344 512 0 24728574956322
293856 512 0 24728575212324
294368 512 0 24728575468325
294880 512 0 24728575724326
295392 512 0 24728575980327
295904 512 0 24728576236328
296416 512 0 24728576492329
296928 512 0 24728576748331
297440 512 0 24728577004332
297952 512 0 24728577260333
298464 512 0 24728577516334
298976 512 0 24728577772335
299488 512 0 24728578028336
300000 512 0 24728578284337
300512 512 0 24728578540338
301024 512 0 24728578796339
301536 512 0 24728579052340
302048 512 0 24728579308341
302560 512 0 24728579564342
303072 512 0 24728579820343
303584 512 0 24728580076344
304096 512 0 24728580332345
304608 512 0 24728580588346
305120 512 0 24728580844347
305632 512 0 24728581100348
306144 512 0 24728581356349
306656 512 0 24728581612350
307168 512 0 24728581868351
307680 512 0 24728582124352
308192 512 0 24728582380353
308704 512 0 24728582636355
309216 512 0 24728582892356
309728 512 0 24728583148357
310240 512 0 24728583404358
310752 512 0 24728583660359
311264 512 0 24728583916360
311776 512 0 24728584172361
312288 512 0 24728584428362
312800 512 0 24728584684364
313312 512 0 24728584940365
313824 512 0 24728585196366
314336 512 0 24728585452367
314848 512 0 24728585708368
315360 512 0 24728585964369
315872 512 0 24728586220370
316384 512 0 24728586476371
316896 512 0 24728586732372
317408 512 0 24728586988373
317920 512 0 24728587244374
318432 512 0 24728587500375
318944 512 0 24728587756376
319456 512 0 24728588012377
319968 512 0 24728588268378
320480 512 0 24728588524379
320992 512 0 24728588780380
321504 512 0 24728589036381
322016 512 0 24728589292382
322528 512 0 24728589548383
323040 512 0 24728589804384
323552 512 0 24728590060385
324064 512 0 24728590316387
324576 512 0 24728590572388
325088 512 0 24728590828389
325600 512 0 24728591084390
326112 512 0 24728591340391
326624 512 0 24728591596392
327136 512 0 24728591852393
327648 512 0 24728592108394
328160 512 0 24728592364395
328672 512 0 24728592620397
329184 512 0 24728592876398
329696 512 0 24728593132399
330208 512 0 24728593388400
330720 512 0 24728593644401
331232 512 0 24728593900402
331744 512 0 24728594156403
332256 512 0 24728594412404
332768 512 0 24728594668405
333280 512 0 24728594924406
333792 512 0 24728595180407
334304 512 0 24728595436408
334816 512 0 24728595692409
335328 512 0 24728595948410
335840 512 0 24728596204411
336352 512 0 24728596460412
336864 512 0 24728596716413
337376 512 0 24728596972414
337888 512 0 24728597228415
338400 512 0 24728597484416
338912 512 0 24728597740417
339424 512 0 24728597996419
339936 512 0 24728598252420
340448 512 0 24728598508421
340960 512 0 24728598764422
341472 512 0 24728599020423
341984 512 0 24728599276424
342496 512 0 24728599532425
343008 512 0 24728599788426
343520 512 0 24728600044427
344032 512 0 24728600300427
344544 512 0 24728600556428
345056 512 0 24728600812429
345568 512 0 24728601068431
346080 512 0 24728601324432
346592 512 0 24728601580433
347104 512 0 24728601836434
347616 512 0 24728602092435
348128 512 0 24728602348436
348640 512 0 24728602604437
349152 512 0 24728602860438
349664 512 0 24728603116439
350176 512 0 24728603372440
350688 512 0 24728603628441
351200 512 0 24728603884442
351712 512 0 24728604140443
352224 512 0 24728604396444
352736 512 0 24728604652445
353248 512 0 24728604908446
353760 512 0 24728605164447
354272 512 0 24728605420448
354784 512 0 24728605676449
355296 512 0 24728605932450
355808 512 0 24728606188451
356320 512 0 24728606444452
356832 512 0 24728606700454
357344 512 0 24728606956455
357856 512 0 24728607212456
358368 512 0 24728607468457
358880 512 0 24728607724458
359392 512 0 24728607980459
359904 512 0 24728608236460
360416 512 0 24728608492461
360928 512 0 24728608748462
361440 512 0 24728609004464
361952 512 0 24728609260465
362464 512 0 24728609516466
362976 512 0 24728609772467
363488 512 0 24728610028468
364000 512 0 24728610284469
364512 512 0 24728610540470
365024 512 0 24728610796471
365536 512 0 24728611052472
366048 512 0 24728611308473
366560 512 0 24728611564474
367072 512 0 24728611820475
367584 512 0 24728612076476
368096 512 0 24728612332477
368608 512 0 24728612588478
369120 512 0 24728612844479
369632 512 0 24728613100480
370144 512 0 24728613356481
370656 512 0 24728613612482
371168 512 0 24728613868483
371680 512 0 24728614124484
372192 512 0 24728614380486
372704 512 0 24728614636487
373216 512 0 24728614892488
373728 512 0 24728615148489
374240 512 0 24728615404490
374752 512 0 24728615660491
375264 512 0 24728615916492
375776 512 0 24728616172493
376288 512 0 24728616428494
376800 512 0 24728616684495
377312 512 0 24728616940497
377824 512 0 24728617196498
378336 512 0 24728617452499
378848 512 0 24728617708500
379360 512 0 24728617964501
379872 512 0 24728618220502
380384 512 0 24728618476503
380896 512 0 24728618732504
381408 512 0 24728618988505
381920 512 0 24728619244506
382432 512 0 24728619500507
382944 512 0 24728619756508
383456 512 0 24728620012509
383968 512 0 24728620268510
384480 512 0 24728620524511
384992 512 0 24728620780512
385504 512 0 24728621036513
386016 512 0 24728621292514
386528 512 0 24728621548515
387040 512 0 24728621804516
387552 512 0 24728622060518
388064 512 0 24728622316519
388576 512 0 24728622572520
389088 512 0 24728622828521
389600 512 0 24728623084522
390112 512 0 24728623340523
390624 512 0 24728623596524
391136 512 0 24728623852525
391648 512 0 24728624108526
392160 512 0 24728624364527
392672 512 0 24728624620528
393184 512 0 24728624876530
393696 512 0 24728625132531
394208 512 0 24728625388532
394720 512 0 24728625644533
395232 512 0 24728625900534
395744 512 0 24728626156535
396256 512 0 24728626412536
396768 512 0 24728626668537
397280 512 0 24728626924538
397792 512 0 24728627180539
398304 512 0 24728627436540
398816 512 0 24728627692541
399328 512 0 24728627948542
399840 512 0 24728628204543
400352 512 0 24728628460544
400864 512 0 24728628716545
401376 512 0 24728628972546
401888 512 0 24728629228547
402400 512 0 24728629484548
402912 512 0 24728629740549
403424 512 0 24728629996551
403936 512 0 24728630252552
404448 512 0 24728630508553
404960 512 0 24728630764554
405472 512 0 24728631020555
405984 512 0 24728631276556
406496 512 0 24728631532557
407008 512 0 24728631788558
407520 512 0 24728632044559
408032 512 0 24728632300560
408544 512 0 24728632556561
409056 512 0 24728632812562
409568 512 0 24728633068564
410080 512 0 24728633324565
410592 512 0 24728633580566
411104 512 0 24728633836567
411616 512 0 24728634092568
412128 512 0 24728634348569
412640 512 0 24728634604570
413152 512 0 24728634860571
413664 512 0 24728635116572
414176 512 0 24728635372573
414688 512 0 24728635628574
415200 512 0 24728635884575
415712 512 0 24728636140576
416224 512 0 24728636396577
416736 512 0 24728636652578
417248 512 0 24728636908579
417760 512 0 24728637164580
418272 512 0 24728637420581
418784 512 0 24728637676583
419296 512 0 24728637932584
419808 512 0 24728638188585
420320 512 0 24728638444586
420832 512 0 24728638700587
421344 512 0 24728638956588
421856 512 0 24728639212589
422368 512 0 24728639468590
422880 512 0 24728639724591
423392 512 0 24728639980592
423904 512 0 24728640236593
424416 512 0 24728640492594
424928 512 0 24728640748595
425440 512 0 24728641004596
425952 512 0 24728641260597
426464 512 0 24728641516598
426976 512 0 24728641772599
427488 512 0 24728642028600
428000 512 0 24728642284601
428512 512 0 24728642540602
429024 512 0 24728642796603
429536 512 0 24728643052604
430048 512 0 24728643308605
430560 512 0 24728643564606
431072 512 0 24728643820607
431584 512 0 24728644076608
432096 512 0 24728644332609
432608 512 0 24728644588610
433120 512 0 24728644844611
433632 512 0 24728645100612
434144 512 0 24728645356613
434656 512 0 24728645612614
435168 512 0 24728645868615
435680 512 0 24728646124616
436192 512 0 24728646380618
436704 512 0 24728646636619
437216 512 0 24728646892620
437728 512 0 24728647148621
438240 512 0 24728647404622
438752 512 0 24728647660623
439264 512 0 24728647916624
439776 512 0 24728648172625
440288 512 0 24728648428626
440800 512 0 24728648684627
441312 512 0 24728648940628
441824 512 0 24728649196629
442336 512 0 24728649452631
442848 512 0 24728649708632
443360 512 0 24728649964633
443872 512 0 24728650220634
444384 512 0 24728650476635
444896 512 0 24728650732636
445408 512 0 24728650988637
445920 512 0 24728651244638
446432 512 0 24728651500639
446944 512 0 24728651756640
447456 512 0 24728652012641
447968 512 0 24728652268642
448480 512 0 24728652524643
448992 512 0 24728652780644
449504 512 0 24728653036645
450016 512 0 24728653292646
450528 512 0 24728653548647
451040 512 0 24728653804648
451552 512 0 24728654060649
452064 512 0 24728654316651
452576 512 0 24728654572652
453088 512 0 24728654828653
453600 512 0 24728655084654
454112 512 0 24728655340655
454624 512 0 24728655596656
455136 512 0 24728655852657
455648 512 0 24728656108658
456160 512 0 24728656364659
456672 512 0 24728656620660
457184 512 0 24728656876661
457696 512 0 24728657132662
458208 512 0 24728657388663
458720 512 0 24728657644665
459232 512 0 24728657900666
459744 512 0 24728658156667
460256 512 0 24728658412668
460768 512 0 24728658668669
461280 512 0 24728658924670
461792 512 0 24728659180671
462304 512 0 24728659436672
462816 512 0 24728659692673
463328 512 0 24728659948674
463840 512 0 24728660204675
464352 512 0 24728660460676
464864 512 0 24728660716677
465376 512 0 24728660972678
465888 512 0 24728661228679
466400 512 0 24728661484680
466912 512 0 24728661740681
467424 512 0 24728661996682
467936 512 0 24728662252684
468448 512 0 24728662508685
468960 512 0 24728662764686
469472 512 0 24728663020687
469984 512 0 24728663276688
470496 512 0 24728663532689
471008 512 0 24728663788690
471520 512 0 24728664044691
472032 512 0 24728664300692
472544 512 0 24728664556693
473056 512 0 24728664812694
473568 512 0 24728665068695
474080 512 0 24728665324696
474592 512 0 24728665580697
475104 512 0 24728665836699
475616 512 0 24728666092700
476128 512 0 24728666348701
476640 512 0 24728666604702
477152 512 0 24728666860703
477664 512 0 24728667116704
478176 512 0 24728667372705
478688 512 0 24728667628706
479200 512 0 24728667884707
479712 512 0 24728668140708
480224 512 0 24728668396709
480736 512 0 24728668652710
481248 512 0 24728668908711
481760 512 0 24728669164712
482272 512 0 24728669420713
482784 512 0 24728669676714
483296 512 0 24728669932715
483808 512 0 24728670188717
484320 512 0 24728670444718
484832 512 0 24728670700719
485344 512 0 24728670956720
485856 512 0 24728671212721
486368 512 0 24728671468722
486880 512 0 24728671724723
487392 512 0 24728671980724
487904 512 0 24728672236725
488416 512 0 24728672492726
488928 512 0 24728672748727
489440 512 0 24728673004728
489952 512 0 24728673260729
490464 512 0 24728673516730
490976 512 0 24728673772731
491488 512 0 24728674028733
492000 512 0 24728674284734
492512 512 0 24728674540735
493024 512 0 24728674796736
493536 512 0 24728675052737
494048 512 0 24728675308738
494560 512 0 24728675564739
495072 512 0 24728675820740
495584 512 0 24728676076741
496096 512 0 24728676332742
496608 512 0 24728676588743
497120 512 0 24728676844744
497632 512 0 24728677100745
498144 512 0 24728677356746
498656 512 0 24728677612747
499168 512 0 24728677868748
499680 512 0 24728678124750
500192 512 0 24728678380751
500704 512 0 24728678636752
501216 512 0 24728678892753
501728 512 0 24728679148754
502240 512 0 24728679404755
502752 512 0 24728679660756
503264 512 0 24728679916757
503776 512 0 24728680172758
504288 512 0 24728680428759
504800 512 0 24728680684760
505312 512 0 24728680940761
505824 512 0 24728681196762
506336 512 0 24728681452763
506848 512 0 24728681708764
507360 512 0 24728681964765
507872 512 0 24728682220767
508384 512 0 24728682476768
508896 512 0 24728682732769
509408 512 0 24728682988770
509920 512 0 24728683244771
510432 512 0 24728683500772
510944 512 0 24728683756773
511456 512 0 24728684012774
511968 512 0 24728684268775
512480 512 0 24728684524776
512992 512 0 24728684780777
513504 512 0 24728685036778
514016 512 0 24728685292779
514528 512 0 24728685548780
515040 512 0 24728685804781
515552 512 0 24728686060783
516064 512 0 24728686316784
516576 512 0 24728686572785
517088 512 0 24728686828786
517600 512 0 24728687084787
518112 512 0 24728687340788
518624 512 0 24728687596789
519136 512 0 24728687852790
519648 512 0 24728688108791
520160 512 0 24728688364792
520672 512 0 24728688620793
521184 512 0 24728688876794
521696 512 0 24728689132795
522208 512 0 24728689388796
522720 512 0 24728689644797
523232 512 0 24728689900798
523744 512 0 24728690156799
524256 512 0 24728690412801
524768 512 0 24728690668802
525280 512 0 24728690924803
525792 512 0 24728691180804
526304 512 0 24728691436805
526816 512 0 24728691692806
527328 512 0 24728691948807
527840 512 0 24728692204808
528352 512 0 24728692460809
528864 512 0 24728692716810
529376 512 0 24728692972811
529888 512 0 24728693228812
530400 512 0 24728693484813
530912 512 0 24728693740814
531424 512 0 24728693996815
531936 512 0 24728694252817
532448 512 0 24728694508818
532960 512 0 24728694764819
533472 512 0 24728695020820
533984 512 0 24728695276821
534496 512 0 24728695532822
535008 512 0 24728695788823
535520 512 0 24728696044824
536032 512 0 24728696300825
536544 512 0 24728696556826
537056 512 0 24728696812827
537568 512 0 24728697068828
538080 512 0 24728697324829
538592 512 0 24728697580830
539104 512 0 24728697836831
539616 512 0 24728698092832
540128 512 0 24728698348833
540640 512 0 24728698604835
541152 512 0 24728698860836
541664 512 0 24728699116837
542176 512 0 24728699372838
542688 512 0 24728699628839
543200 512 0 24728699884840
543712 512 0 24728700140841
544224 512 0 24728700396842
544736 512 0 24728700652843
545248 512 0 24728700908844
545760 512 0 24728701164845
546272 512 0 24728701420846
546784 512 0 24728701676847
547296 512 0 24728701932848
547808 512 0 24728702188850
548320 512 0 24728702444851
548832 512 0 24728702700852
549344 512 0 24728702956853
549856 512 0 24728703212854
550368 512 0 24728703468855
550880 512 0 24728703724856
551392 512 0 24728703980857
551904 512 0 24728704236858
552416 512 0 24728704492859
552928 512 0 24728704748860
553440 512 0 24728705004861
553952 512 0 24728705260862
554464 512 0 24728705516863
554976 512 0 24728705772864
555488 512 0 24728706028865
556000 512 0 24728706284866
556512 512 0 24728706540867
557024 512 0 24728706796869
557536 512 0 24728707052870
558048 512 0 24728707308871
558560 512 0 24728707564872
559072 512 0 24728707820873
559584 512 0 24728708076874
560096 512 0 24728708332875
560608 512 0 24728708588876
561120 512 0 24728708844877
561632 512 0 24728709100878
562144 512 0 24728709356879
562656 512 0 24728709612880
563168 512 0 24728709868881
563680 512 0 24728710124882
564192 512 0 24728710380884
564704 512 0 24728710636885
565216 512 0 24728710892886
565728 512 0 24728711148887
566240 512 0 24728711404888
566752 512 0 24728711660889
567264 512 0 24728711916890
567776 512 0 24728712172891
568288 512 0 24728712428892
568800 512 0 24728712684893
569312 512 0 24728712940894
569824 512 0 24728713196895
570336 512 0 24728713452896
570848 512 0 24728713708897
571360 512 0 24728713964898
571872 512 0 24728714220899
572384 512 0 24728714476900
572896 512 0 24728714732902
573408 512 0 24728714988903
573920 512 0 24728715244904
574432 512 0 24728715500905
574944 512 0 24728715756906
575456 512 0 24728716012907
575968 512 0 24728716268908
576480 512 0 24728716524909
576992 512 0 24728716780910
577504 512 0 24728717036911
578016 512 0 24728717292912
578528 512 0 24728717548913
579040 512 0 24728717804914
579552 512 0 24728718060915
580064 512 0 24728718316917
580576 512 0 24728718572918
581088 512 0 24728718828919
581600 512 0 24728719084920
582112 512 0 24728719340921
582624 512 0 24728719596922
583136 512 0 24728719852923
583648 512 0 24728720108924
584160 512 0 24728720364925
584672 512 0 24728720620926
585184 512 0 24728720876927
585696 512 0 24728721132928
586208 512 0 24728721388929
586720 512 0 24728721644930
587232 512 0 24728721900931
587744 512 0 24728722156932
588256 512 0 24728722412933
588768 512 0 24728722668934
589280 512 0 24728722924936
589792 512 0 24728723180937
590304 512 0 24728723436938
590816 512 0 24728723692939
591328 512 0 24728723948940
591840 512 0 24728724204941
592352 512 0 24728724460942
592864 512 0 24728724716943
593376 512 0 24728724972944
593888 512 0 24728725228945
594400 512 0 24728725484946
594912 512 0 24728725740947
595424 512 0 24728725996948
595936 512 0 24728726252949
596448 512 0 24728726508951
596960 512 0 24728726764952
597472 512 0 24728727020953
597984 512 0 24728727276954
598496 512 0 24728727532955
599008 512 0 24728727788956
599520 512 0 24728728044957
600032 512 0 24728728300958
600544 512 0 24728728556959
601056 512 0 24728728812960
601568 512 0 24728729068961
602080 512 0 24728729324962
602592 512 0 24728729580963
603104 512 0 24728729836964
603616 512 0 24728730092965
604128 512 0 24728730348966
604640 512 0 24728730604967
605152 512 0 24728730860969
605664 512 0 24728731116970
606176 512 0 24728731372972
606688 512 0 24728731628973
607200 512 0 24728731884974
607712 512 0 24728732140975
608224 512 0 24728732396976
608736 512 0 24728732652977
609248 512 0 24728732908978
609760 512 0 24728733164979
610272 512 0 24728733420980
610784 512 0 24728733676981
611296 512 0 24728733932983
611808 512 0 24728734188984
612320 512 0 24728734444985
612832 512 0 24728734700986
613344 512 0 24728734956987
613856 512 0 24728735212988
614368 512 0 24728735468989
614880 512 0 24728735724990
615392 512 0 24728735980991
615904 512 0 24728736236992
616416 512 0 24728736492993
616928 512 0 24728736748994
617440 512 0 24728737004995
617952 512 0 24728737260996
618464 512 0 24728737516997
618976 512 0 24728737772998
619488 512 0 24728738029000
620000 512 0 24728738285001
620512 512 0 24728738541002
621024 512 0 24728738797003
621536 512 0 24728739053004
622048 512 0 24728739309005
622560 512 0 24728739565006
623072 512 0 24728739821007
623584 512 0 24728740077008
624096 512 0 24728740333009
624608 512 0 24728740589010
625120 512 0 24728740845011
625632 512 0 24728741101012
626144 512 0 24728741357013
626656 512 0 24728741613014
627168 512 0 24728741869015
627680 512 0 24728742125017
628192 512 0 24728742381018
628704 512 0 24728742637019
629216 512 0 24728742893020
629728 512 0 24728743149021
630240 512 0 24728743405022
630752 512 0 24728743661023
631264 512 0 24728743917024
631776 512 0 24728744173025
632288 512 0 24728744429026
632800 512 0 24728744685027
633312 512 0 24728744941028
633824 512 0 24728745197029
634336 512 0 24728745453030
634848 512 0 24728745709031
635360 512 0 24728745965032
635872 512 0 24728746221034
636384 512 0 24728746477035
636896 512 0 24728746733036
637408 512 0 24728746989037
637920 512 0 24728747245038
638432 512 0 24728747501039
638944 512 0 24728747757040
639456 512 0 24728748013041
639968 512 0 24728748269042
640480 512 0 24728748525043
640992 512 0 24728748781044
641504 512 0 24728749037045
642016 512 0 24728749293046
642528 512 0 24728749549047
643040 512 0 24728749805048
643552 512 0 24728750061049
644064 512 0 24728750317051
644576 512 0 24728750573052
645088 512 0 24728750829053
645600 512 0 24728751085054
646112 512 0 24728751341055
646624 512 0 24728751597056
647136 512 0 24728751853057
647648 512 0 24728752109058
648160 512 0 24728752365059
648672 512 0 24728752621060
649184 512 0 24728752877061
649696 512 0 24728753133062
650208 512 0 24728753389063
650720 512 0 24728753645064
651232 512 0 24728753901065
651744 512 0 24728754157066
652256 512 0 24728754413068
652768 512 0 24728754669069
653280 512 0 24728754925070
653792 512 0 24728755181071
654304 512 0 24728755437072
654816 512 0 24728755693073
655328 512 0 24728755949074
655840 512 0 24728756205075
656352 512 0 24728756461076
656864 512 0 24728756717077
657376 512 0 24728756973078
657888 512 0 24728757229079
658400 512 0 24728757485080
658912 512 0 24728757741081
659424 512 0 24728757997082
659936 512 0 24728758253083
660448 512 0 24728758509085
660960 512 0 24728758765086
661472 512 0 24728759021087
661984 512 0 24728759277088
662496 512 0 24728759533089
663008 512 0 24728759789090
663520 512 0 24728760045091
664032 512 0 24728760301092
664544 512 0 24728760557093
665056 512 0 24728760813094
665568 512 0 24728761069095
666080 512 0 24728761325096
666592 512 0 24728761581097
667104 512 0 24728761837098
667616 512 0 24728762093099
668128 512 0 24728762349100
668640 512 0 24728762605102
669152 512 0 24728762861103
669664 512 0 24728763117104
670176 512 0 24728763373105
670688 512 0 24728763629106
671200 512 0 24728763885107
671712 512 0 24728764141108
672224 512 0 24728764397109
672736 512 0 24728764653110
673248 512 0 24728764909111
673760 512 0 24728765165112
674272 512 0 24728765421113
674784 512 0 24728765677114
675296 512 0 24728765933115
675808 512 0 24728766189116
676320 512 0 24728766445117
676832 512 0 24728766701119
677344 512 0 24728766957120
677856 512 0 24728767213121
678368 512 0 24728767469122
678880 512 0 24728767725123
679392 512 0 24728767981124
679904 512 0 24728768237125
680416 512 0 24728768493126
680928 512 0 24728768749127
681440 512 0 24728769005128
681952 512 0 24728769261129
682464 512 0 24728769517130
682976 512 0 24728769773131
683488 512 0 24728770029132
684000 512 0 24728770285133
684512 512 0 24728770541134
685024 512 0 24728770797136
685536 512 0 24728771053137
686048 512 0 24728771309138
686560 512 0 24728771565139
687072 512 0 24728771821140
687584 512 0 24728772077141
688096 512 0 24728772333143
688608 512 0 24728772589144
689120 512 0 24728772845145
689632 512 0 24728773101146
690144 512 0 24728773357147
690656 512 0 24728773613148
691168 512 0 24728773869149
691680 512 0 24728774125150
692192 512 0 24728774381152
692704 512 0 24728774637153
693216 512 0 24728774893154
693728 512 0 24728775149155
694240 512 0 24728775405156
694752 512 0 24728775661157
695264 512 0 24728775917158
695776 512 0 24728776173159
696288 512 0 24728776429160
696800 512 0 24728776685161
697312 512 0 24728776941162
697824 512 0 24728777197163
698336 512 0 24728777453164
698848 512 0 24728777709165
699360 512 0 24728777965166
699872 512 0 24728778221168
700384 512 0 24728778477169
700896 512 0 24728778733170
701408 512 0 24728778989171
701920 512 0 24728779245172
702432 512 0 24728779501173
702944 512 0 24728779757174
703456 512 0 24728780013175
703968 512 0 24728780269176
704480 512 0 24728780525177
704992 512 0 24728780781178
705504 512 0 24728781037179
706016 512 0 24728781293180
706528 512 0 24728781549181
707040 512 0 24728781805182
707552 512 0 24728782061183
708064 512 0 24728782317184
708576 512 0 24728782573186
709088 512 0 24728782829187
709600 512 0 24728783085188
710112 512 0 24728783341189
710624 512 0 24728783597190
711136 512 0 24728783853191
711648 512 0 24728784109192
712160 512 0 24728784365193
712672 512 0 24728784621194
713184 512 0 24728784877195
713696 512 0 24728785133196
714208 512 0 24728785389197
714720 512 0 24728785645198
715232 512 0 24728785901199
715744 512 0 24728786157200
716256 512 0 24728786413201
716768 512 0 24728786669203
717280 512 0 24728786925204
717792 512 0 24728787181205
718304 512 0 24728787437206
718816 512 0 24728787693207
719328 512 0 24728787949208
719840 512 0 24728788205209
720352 512 0 24728788461210
720864 512 0 24728788717211
721376 512 0 24728788973212
721888 512 0 24728789229213
722400 512 0 24728789485214
722912 512 0 24728789741215
723424 512 0 24728789997216
723936 512 0 24728790253217
724448 512 0 24728790509218
724960 512 0 24728790765220
725472 512 0 24728791021221
725984 512 0 24728791277222
726496 512 0 24728791533223
727008 512 0 24728791789224
727520 512 0 24728792045225
728032 512 0 24728792301226
728544 512 0 24728792557227
729056 512 0 24728792813228
729568 512 0 24728793069229
730080 512 0 24728793325230
730592 512 0 24728793581231
731104 512 0 24728793837232
731616 512 0 24728794093233
732128 512 0 24728794349234
732640 512 0 24728794605235
733152 512 0 24728794861237
733664 512 0 24728795117238
734176 512 0 24728795373239
734688 512 0 24728795629240
735200 512 0 24728795885241
735712 512 0 24728796141242
736224 512 0 24728796397243
736736 512 0 24728796653244
737248 512 0 24728796909246
737760 512 0 24728797165247
738272 512 0 24728797421248
738784 512 0 24728797677249
739296 512 0 24728797933250
739808 512 0 24728798189251
740320 512 0 24728798445252
740832 512 0 24728798701254
741344 512 0 24728798957255
741856 512 0 24728799213256
742368 512 0 24728799469257
742880 512 0 24728799725258
743392 512 0 24728799981259
743904 512 0 24728800237260
744416 512 0 24728800493261
744928 512 0 24728800749262
745440 512 0 24728801005263
745952 512 0 24728801261264
746464 512 0 24728801517265
746976 512 0 24728801773266
747488 512 0 24728802029267
748000 512 0 24728802285269
748512 512 0 24728802541270
749024 512 0 24728802797271
749536 512 0 24728803053272
750048 512 0 24728803309273
750560 512 0 24728803565274
751072 512 0 24728803821275
751584 512 0 24728804077276
752096 512 0 24728804333277
752608 512 0 24728804589278
753120 512 0 24728804845279
753632 512 0 24728805101281
754144 512 0 24728805357282
754656 512 0 24728805613283
755168 512 0 24728805869284
755680 512 0 24728806125285
756192 512 0 24728806381287
756704 512 0 24728806637288
757216 512 0 24728806893289
757728 512 0 24728807149290
758240 512 0 24728807405291
758752 512 0 24728807661292
759264 512 0 24728807917293
759776 512 0 24728808173294
760288 512 0 24728808429295
760800 512 0 24728808685296
761312 512 0 24728808941297
761824 512 0 24728809197298
762336 512 0 24728809453299
762848 512 0 24728809709300
763360 512 0 24728809965302
763872 512 0 24728810221303
764384 512 0 24728810477304
764896 512 0 24728810733305
765408 512 0 24728810989306
765920 512 0 24728811245307
766432 512 0 24728811501308
766944 512 0 24728811757309
767456 512 0 24728812013310
767968 512 0 24728812269311
768480 512 0 24728812525312
768992 512 0 24728812781313
769504 512 0 24728813037314
770016 512 0 24728813293316
770528 512 0 24728813549317
771040 512 0 24728813805318
771552 512 0 24728814061319
772064 512 0 24728814317321
772576 512 0 24728814573322
773088 512 0 24728814829323
773600 512 0 24728815085324
774112 512 0 24728815341325
774624 512 0 24728815597326
775136 512 0 24728815853327
775648 512 0 24728816109328
776160 512 0 24728816365329
776672 512 0 24728816621330
777184 512 0 24728816877331
777696 512 0 24728817133332
778208 512 0 24728817389333
778720 512 0 24728817645334
779232 512 0 24728817901336
779744 512 0 24728818157337
780256 512 0 24728818413338
780768 512 0 24728818669339
781280 512 0 24728818925340
781792 512 0 24728819181341
782304 512 0 24728819437342
782816 512 0 24728819693343
783328 512 0 24728819949344
783840 512 0 24728820205345
784352 512 0 24728820461346
784864 512 0 24728820717347
785376 512 0 24728820973348
785888 512 0 24728821229349
786400 512 0 24728821485351
786912 512 0 24728821741352
787424 512 0 24728821997353
787936 512 0 24728822253355
788448 512 0 24728822509356
788960 512 0 24728822765357
789472 512 0 24728823021358
789984 512 0 24728823277359
790496 512 0 24728823533360
791008 512 0 24728823789361
791520 512 0 24728824045362
792032 512 0 24728824301363
792544 512 0 24728824557364
793056 512 0 24728824813365
793568 512 0 24728825069366
794080 512 0 24728825325367
794592 512 0 24728825581369
795104 512 0 24728825837370
795616 512 0 24728826093371
796128 512 0 24728826349372
796640 512 0 24728826605373
797152 512 0 24728826861374
797664 512 0 24728827117375
798176 512 0 24728827373376
798688 512 0 24728827629377
799200 512 0 24728827885378
799712 512 0 24728828141379
800224 512 0 24728828397380
800736 512 0 24728828653381
801248 512 0 24728828909382
801760 512 0 24728829165384
802272 512 0 24728829421385
802784 512 0 24728829677385
803296 512 0 24728829933386
803808 512 0 24728830189387
804320 512 0 24728830445389
804832 512 0 24728830701390
805344 512 0 24728830957391
805856 512 0 24728831213392
806368 512 0 24728831469393
806880 512 0 24728831725394
807392 512 0 24728831981395
807904 512 0 24728832237396
808416 512 0 24728832493397
808928 512 0 24728832749398
809440 512 0 24728833005399
809952 512 0 24728833261400
810464 512 0 24728833517401
810976 512 0 24728833773402
811488 512 0 24728834029404
812000 512 0 24728834285405
812512 512 0 24728834541406
813024 512 0 24728834797407
813536 512 0 24728835053408
814048 512 0 24728835309409
814560 512 0 24728835565410
815072 512 0 24728835821411
815584 512 0 24728836077412
816096 512 0 24728836333413
816608 512 0 24728836589414
817120 512 0 24728836845415
817632 512 0 24728837101416
818144 512 0 24728837357417
818656 512 0 24728837613419
819168 512 0 24728837869420
819680 512 0 24728838125421
820192 512 0 24728838381422
820704 512 0 24728838637424
821216 512 0 24728838893425
821728 512 0 24728839149426
822240 512 0 24728839405427
822752 512 0 24728839661428
823264 512 0 24728839917429
823776 512 0 24728840173430
824288 512 0 24728840429431
824800 512 0 24728840685432
825312 512 0 24728840941433
825824 512 0 24728841197434
826336 512 0 24728841453435
826848 512 0 24728841709436
827360 512 0 24728841965438
827872 512 0 24728842221439
828384 512 0 24728842477440
828896 512 0 24728842733441
829408 512 0 24728842989442
829920 512 0 24728843245443
830432 512 0 24728843501444
830944 512 0 24728843757445
831456 512 0 24728844013446
831968 512 0 24728844269447
832480 512 0 24728844525448
832992 512 0 24728844781449
833504 512 0 24728845037450
834016 512 0 24728845293452
834528 512 0 24728845549453
835040 512 0 24728845805454
835552 512 0 24728846061457
836064 512 0 24728846317458
836576 512 0 24728846573459
837088 512 0 24728846829460
837600 512 0 24728847085461
838112 512 0 24728847341462
838624 512 0 24728847597463
839136 512 0 24728847853464
839648 512 0 24728848109465
840160 512 0 24728848365466
840672 512 0 24728848621467
841184 512 0 24728848877468
841696 512 0 24728849133469
842208 512 0 24728849389471
842720 512 0 24728849645472
843232 512 0 24728849901473
843744 512 0 24728850157474
844256 512 0 24728850413475
844768 512 0 24728850669476
845280 512 0 24728850925477
845792 512 0 24728851181478
846304 512 0 24728851437479
846816 512 0 24728851693480
847328 512 0 24728851949481
847840 512 0 24728852205482
848352 512 0 24728852461484
848864 512 0 24728852717485
849376 512 0 24728852973486
849888 512 0 24728853229487
850400 512 0 24728853485488
850912 512 0 24728853741489
851424 512 0 24728853997490
851936 512 0 24728854253492
852448 512 0 24728854509493
852960 512 0 24728854765494
853472 512 0 24728855021495
853984 512 0 24728855277496
854496 512 0 24728855533497
855008 512 0 24728855789498
855520 512 0 24728856045499
856032 512 0 24728856301500
856544 512 0 24728856557501
857056 512 0 24728856813502
857568 512 0 24728857069503
858080 512 0 24728857325505
858592 512 0 24728857581506
859104 512 0 24728857837507
859616 512 0 24728858093508
860128 512 0 24728858349509
860640 512 0 24728858605510
861152 512 0 24728858861511
861664 512 0 24728859117512
862176 512 0 24728859373513
862688 512 0 24728859629514
863200 512 0 24728859885515
863712 512 0 24728860141516
864224 512 0 24728860397518
864736 512 0 24728860653519
865248 512 0 24728860909520
865760 512 0 24728861165521
866272 512 0 24728861421522
866784 512 0 24728861677523
867296 512 0 24728861933524
867808 512 0 24728862189525
868320 512 0 24728862445528
868832 512 0 24728862701529
869344 512 0 24728862957530
869856 512 0 24728863213531
870368 512 0 24728863469532
870880 512 0 24728863725533
871392 512 0 24728863981534
871904 512 0 24728864237535
872416 512 0 24728864493536
872928 512 0 24728864749537
873440 512 0 24728865005539
873952 512 0 24728865261540
874464 512 0 24728865517541
874976 512 0 24728865773542
875488 512 0 24728866029543
876000 512 0 24728866285544
876512 512 0 24728866541545
877024 512 0 24728866797546
877536 512 0 24728867053547
878048 512 0 24728867309548
878560 512 0 24728867565549
608 512 0 24728871997566
1120 512 0 24728872276206
1632 512 0 24728872554845
2144 512 0 24728872833485
2656 512 0 24728873112124
3168 512 0 24728873390764
3680 512 0 24728873669403
4192 512 0 24728873948043
4704 512 0 24728874226682
5216 512 0 24728874505322
5728 512 0 24728874783961
6240 512 0 24728875062601
6752 512 0 24728875341240
7264 512 0 24728875619879
7776 512 0 24728875898519
8288 512 0 24728876177158
8800 512 0 24728876455798
9312 512 0 24728876734437
9824 512 0 24728877013077
10336 512 0 24728877291716
10848 512 0 24728877570356
11360 512 0 24728877848995
11872 512 0 24728878127635
12384 512 0 24728878406274
12896 512 0 24728878684914
13408 512 0 24728878963553
13920 512 0 24728879242193
14432 512 0 24728879520832
14944 512 0 24728879799471
15456 512 0 24728880078111
15968 512 0 24728880356750
16480 512 0 24728880635390
16992 512 0 24728880914029
17504 512 0 24728881192669
18016 512 0 24728881471308
18528 512 0 24728881749948
19040 512 0 24728882028587
19552 512 0 24728882307227
20064 512 0 24728882585866
20576 512 0 24728882864506
21088 512 0 24728883143145
21600 512 0 24728883421785
22112 512 0 24728883700424
22624 512 0 24728883979064
23136 512 0 24728884257703
23648 512 0 24728884536342
24160 512 0 24728884814982
24672 512 0 24728885093621
25184 512 0 24728885372261
25696 512 0 24728885650900
26208 512 0 24728885929540
26720 512 0 24728886208179
27232 512 0 24728886486819
27744 512 0 24728886765458
28256 512 0 24728887044098
28768 512 0 24728887322737
29280 512 0 24728887601377
29792 512 0 24728887880016
30304 512 0 24728888158656
30816 512 0 24728888437295
31328 512 0 24728888715934
31840 512 0 24728888994574
32352 512 0 24728889273279
32864 512 0 24728889551920
33376 512 0 24728889830560
33888 512 0 24728890109200
34400 512 0 24728890387841
34912 512 0 24728890666481
35424 512 0 24728890945121
35936 512 0 24728891223762
36448 512 0 24728891502402
36960 512 0 24728891781042
37472 512 0 24728892059683
37984 512 0 24728892338323
38496 512 0 24728892616964
39008 512 0 24728892895604
39520 512 0 24728893174244
40032 512 0 24728893452885
40544 512 0 24728893731525
41056 512 0 24728894010165
41568 512 0 24728894288806
42080 512 0 24728894567446
42592 512 0 24728894846086
43104 512 0 24728895124727
43616 512 0 24728895403367
44128 512 0 24728895682007
44640 512 0 24728895960648
45152 512 0 24728896239288
45664 512 0 24728896517929
46176 512 0 24728896796569
46688 512 0 24728897075209
47200 512 0 24728897353850
47712 512 0 24728897632490
48224 512 0 24728897911130
48736 512 0 24728898189789
49248 512 0 24728898468429
49760 512 0 24728898747070
50272 512 0 24728899025711
50784 512 0 24728899304351
51296 512 0 24728899582992
51808 512 0 24728899861633
52320 512 0 24728900140273
52832 512 0 24728900418914
53344 512 0 24728900697554
53856 512 0 24728900976195
54368 512 0 24728901254836
54880 512 0 24728901533476
55392 512 0 24728901812117
55904 512 0 24728902090757
56416 512 0 24728902369398
56928 512 0 24728902648039
57440 512 0 24728902926679
57952 512 0 24728903205320
58464 512 0 24728903483960
58976 512 0 24728903762601
59488 512 0 24728904041242
60000 512 0 24728904319882
60512 512 0 24728904598523
61024 512 0 24728904877163
61536 512 0 24728905155804
62048 512 0 24728905434445
62560 512 0 24728905713085
63072 512 0 24728905991726
63584 512 0 24728906270366
64096 512 0 24728906549007
64608 512 0 24728906827648
65120 512 0 24728907106291
65632 512 0 24728907384931
66144 512 0 24728907663572
66656 512 0 24728907942213
67168 512 0 24728908220853
67680 512 0 24728908499494
68192 512 0 24728908778134
68704 512 0 24728909056775
69216 512 0 24728909335416
69728 512 0 24728909614056
70240 512 0 24728909892697
70752 512 0 24728910171338
71264 512 0 24728910449978
71776 512 0 24728910728619
72288 512 0 24728911007260
72800 512 0 24728911285900
73312 512 0 24728911564541
73824 512 0 24728911843181
74336 512 0 24728912121822
74848 512 0 24728912400463
75360 512 0 24728912679103
75872 512 0 24728912957744
76384 512 0 24728913236385
76896 512 0 24728913515025
77408 512 0 24728913793666
77920 512 0 24728914072306
78432 512 0 24728914350947
78944 512 0 24728914629588
79456 512 0 24728914908228
79968 512 0 24728915186869
80480 512 0 24728915465510
80992 512 0 24728915744150
81504 512 0 24728916022794
82016 512 0 24728916301434
82528 512 0 24728916580075
83040 512 0 24728916858716
83552 512 0 24728917137356
84064 512 0 24728917415997
84576 512 0 24728917694638
85088 512 0 24728917973278
85600 512 0 24728918251919
86112 512 0 24728918530559
86624 512 0 24728918809200
87136 512 0 24728919087841
87648 512 0 24728919366481
88160 512 0 24728919645122
88672 512 0 24728919923763
89184 512 0 24728920202403
89696 512 0 24728920481044
90208 512 0 24728920759685
90720 512 0 24728921038325
91232 512 0 24728921316966
91744 512 0 24728921595607
92256 512 0 24728921874247
92768 512 0 24728922152888
93280 512 0 24728922431529
93792 512 0 24728922710169
94304 512 0 24728922988810
94816 512 0 24728923267451
95328 512 0 24728923546091
95840 512 0 24728923824732
96352 512 0 24728924103373
96864 512 0 24728924382013
97376 512 0 24728924660654
97888 512 0 24728924939278
98400 512 0 24728925217919
98912 512 0 24728925496559
99424 512 0 24728925775200
99936 512 0 24728926053840
100448 512 0 24728926332481
100960 512 0 24728926611121
101472 512 0 24728926889762
101984 512 0 24728927168402
102496 512 0 24728927447043
103008 512 0 24728927725683
103520 512 0 24728928004323
104032 512 0 24728928282964
104544 512 0 24728928561604
105056 512 0 24728928840245
105568 512 0 24728929118885
106080 512 0 24728929397526
106592 512 0 24728929676166
107104 512 0 24728929954807
107616 512 0 24728930233447
108128 512 0 24728930512088
108640 512 0 24728930790728
109152 512 0 24728931069369
109664 512 0 24728931348009
110176 512 0 24728931626650
110688 512 0 24728931905290
111200 512 0 24728932183931
111712 512 0 24728932462571
112224 512 0 24728932741212
112736 512 0 24728933019852
113248 512 0 24728933298493
113760 512 0 24728933577133
114272 512 0 24728933855771
114784 512 0 24728934134412
115296 512 0 24728934413052
115808 512 0 24728934691693
116320 512 0 24728934970333
116832 512 0 24728935248974
117344 512 0 24728935527614
117856 512 0 24728935806255
118368 512 0 24728936084895
118880 512 0 24728936363536
119392 512 0 24728936642176
119904 512 0 24728936920816
120416 512 0 24728937199457
120928 512 0 24728937478097
121440 512 0 24728937756738
121952 512 0 24728938035378
122464 512 0 24728938314019
122976 512 0 24728938592659
123488 512 0 24728938871300
124000 512 0 24728939149940
124512 512 0 24728939428581
125024 512 0 24728939707221
125536 512 0 24728939985862
126048 512 0 24728940264502
126560 512 0 24728940543142
127072 512 0 24728940821783
127584 512 0 24728941100423
128096 512 0 24728941379064
128608 512 0 24728941657704
129120 512 0 24728941936345
129632 512 0 24728942214985
130144 512 0 24728942493626
130656 512 0 24728942772269
131168 512 0 24728943050909
131680 512 0 24728943329550
132192 512 0 24728943608190
132704 512 0 24728943886831
133216 512 0 24728944165471
133728 512 0 24728944444112
134240 512 0 24728944722752
134752 512 0 24728945001393
135264 512 0 24728945280033
135776 512 0 24728945558674
136288 512 0 24728945837314
136800 512 0 24728946115955
137312 512 0 24728946394595
137824 512 0 24728946673236
138336 512 0 24728946951876
138848 512 0 24728947230517
139360 512 0 24728947509157
139872 512 0 24728947787798
140384 512 0 24728948066438
140896 512 0 24728948345079
141408 512 0 24728948623719
141920 512 0 24728948902359
142432 512 0 24728949181000
142944 512 0 24728949459640
143456 512 0 24728949738281
143968 512 0 24728950016921
144480 512 0 24728950295562
144992 512 0 24728950574202
145504 512 0 24728950852843
146016 512 0 24728951131483
146528 512 0 24728951410124
147040 512 0 24728951688768
147552 512 0 24728951967408
148064 512 0 24728952246049
148576 512 0 24728952524689
149088 512 0 24728952803330
149600 512 0 24728953081970
150112 512 0 24728953360611
150624 512 0 24728953639251
151136 512 0 24728953917892
151648 512 0 24728954196532
152160 512 0 24728954475173
152672 512 0 24728954753813
153184 512 0 24728955032454
153696 512 0 24728955311094
154208 512 0 24728955589735
154720 512 0 24728955868375
155232 512 0 24728956147016
155744 512 0 24728956425656
156256 512 0 24728956704297
156768 512 0 24728956982937
157280 512 0 24728957261578
157792 512 0 24728957540218
158304 512 0 24728957818859
158816 512 0 24728958097499
159328 512 0 24728958376140
159840 512 0 24728958654780
160352 512 0 24728958933421
160864 512 0 24728959212061
161376 512 0 24728959490702
161888 512 0 24728959769342
162400 512 0 24728960047983
162912 512 0 24728960326623
163424 512 0 24728960605266
163936 512 0 24728960883907
164448 512 0 24728961162547
164960 512 0 24728961441188
165472 512 0 24728961719828
165984 512 0 24728961998469
166496 512 0 24728962277109
167008 512 0 24728962555750
167520 512 0 24728962834390
168032 512 0 24728963113031
168544 512 0 24728963391671
169056 512 0 24728963670312
169568 512 0 24728963948952
170080 512 0 24728964227593
170592 512 0 24728964506233
171104 512 0 24728964784874
171616 512 0 24728965063514
172128 512 0 24728965342155
172640 512 0 24728965620795
173152 512 0 24728965899436
173664 512 0 24728966178076
174176 512 0 24728966456717
174688 512 0 24728966735357
175200 512 0 24728967013998
175712 512 0 24728967292638
176224 512 0 24728967571279
176736 512 0 24728967849919
177248 512 0 24728968128560
177760 512 0 24728968407201
178272 512 0 24728968685841
178784 512 0 24728968964482
179296 512 0 24728969243122
179808 512 0 24728969521764
180320 512 0 24728969800405
180832 512 0 24728970079045
181344 512 0 24728970357686
181856 512 0 24728970636327
182368 512 0 24728970914967
182880 512 0 24728971193608
183392 512 0 24728971472248
183904 512 0 24728971750889
184416 512 0 24728972029529
184928 512 0 24728972308170
185440 512 0 24728972586810
185952 512 0 24728972865451
186464 512 0 24728973144091
186976 512 0 24728973422732
187488 512 0 24728973701372
188000 512 0 24728973980013
188512 512 0 24728974258653
189024 512 0 24728974537294
189536 512 0 24728974815934
190048 512 0 24728975094575
190560 512 0 24728975373216
191072 512 0 24728975651856
191584 512 0 24728975930497
192096 512 0 24728976209137
192608 512 0 24728976487778
193120 512 0 24728976766418
193632 512 0 24728977045059
194144 512 0 24728977323699
194656 512 0 24728977602340
195168 512 0 24728977880980
195680 512 0 24728978159621
196192 512 0 24728978438263
196704 512 0 24728978716903
197216 512 0 24728978995544
197728 512 0 24728979274184
198240 512 0 24728979552825
198752 512 0 24728979831465
199264 512 0 24728980110106
199776 512 0 24728980388746
200288 512 0 24728980667387
200800 512 0 24728980946028
201312 512 0 24728981224668
201824 512 0 24728981503309
202336 512 0 24728981781949
202848 512 0 24728982060590
203360 512 0 24728982339230
203872 512 0 24728982617871
204384 512 0 24728982896511
204896 512 0 24728983175152
205408 512 0 24728983453792
205920 512 0 24728983732433
206432 512 0 24728984011073
206944 512 0 24728984289714
207456 512 0 24728984568355
207968 512 0 24728984846995
208480 512 0 24728985125636
208992 512 0 24728985404276
209504 512 0 24728985682917
210016 512 0 24728985961557
210528 512 0 24728986240198
211040 512 0 24728986518838
211552 512 0 24728986797479
212064 512 0 24728987076119
212576 512 0 24728987354762
213088 512 0 24728987633403
213600 512 0 24728987912043
214112 512 0 24728988190684
214624 512 0 24728988469324
215136 512 0 24728988747965
215648 512 0 24728989026605
216160 512 0 24728989305246
216672 512 0 24728989583887
217184 512 0 24728989862527
217696 512 0 24728990141168
218208 512 0 24728990419808
218720 512 0 24728990698449
219232 512 0 24728990977089
219744 512 0 24728991255730
220256 512 0 24728991534370
220768 512 0 24728991813011
221280 512 0 24728992091652
221792 512 0 24728992370292
222304 512 0 24728992648933
222816 512 0 24728992927573
223328 512 0 24728993206214
223840 512 0 24728993484854
224352 512 0 24728993763495
224864 512 0 24728994042135
225376 512 0 24728994320776
225888 512 0 24728994599416
226400 512 0 24728994878057
226912 512 0 24728995156698
227424 512 0 24728995435338
227936 512 0 24728995713979
228448 512 0 24728995992619
228960 512 0 24728996271262
229472 512 0 24728996549902
229984 512 0 24728996828543
230496 512 0 24728997107183
231008 512 0 24728997385824
231520 512 0 24728997664464
232032 512 0 24728997943105
232544 512 0 24728998221745
233056 512 0 24728998500386
233568 512 0 24728998779027
234080 512 0 24728999057667
234592 512 0 24728999336308
235104 512 0 24728999614948
235616 512 0 24728999893589
236128 512 0 24729000172229
236640 512 0 24729000450870
237152 512 0 24729000729510
237664 512 0 24729001008151
238176 512 0 24729001286792
238688 512 0 24729001565432
239200 512 0 24729001844073
239712 512 0 24729002122713
240224 512 0 24729002401354
240736 512 0 24729002679994
241248 512 0 24729002958635
241760 512 0 24729003237276
242272 512 0 24729003515916
242784 512 0 24729003794557
243296 512 0 24729004073197
243808 512 0 24729004351838
244320 512 0 24729004630478
244832 512 0 24729004909119
245344 512 0 24729005187760
245856 512 0 24729005466400
246368 512 0 24729005745041
246880 512 0 24729006023681
247392 512 0 24729006302322
247904 512 0 24729006580962
248416 512 0 24729006859603
248928 512 0 24729007138243
249440 512 0 24729007416884
249952 512 0 24729007695525
250464 512 0 24729007974165
250976 512 0 24729008252806
251488 512 0 24729008531446
252000 512 0 24729008810087
252512 512 0 24729009088727
253024 512 0 24729009367368
253536 512 0 24729009646009
254048 512 0 24729009924649
254560 512 0 24729010203290
255072 512 0 24729010481930
255584 512 0 24729010760571
256096 512 0 24729011039211
256608 512 0 24729011317852
257120 512 0 24729011596492
257632 512 0 24729011875133
258144 512 0 24729012153774
258656 512 0 24729012432414
259168 512 0 24729012711055
259680 512 0 24729012989695
260192 512 0 24729013268336
260704 512 0 24729013546976
261216 512 0 24729013825617
261728 512 0 24729014104259
262240 512 0 24729014382899
262752 512 0 24729014661540
263264 512 0 24729014940180
263776 512 0 24729015218821
264288 512 0 24729015497461
264800 512 0 24729015776102
265312 512 0 24729016054743
265824 512 0 24729016333383
266336 512 0 24729016612024
266848 512 0 24729016890664
267360 512 0 24729017169305
267872 512 0 24729017447945
268384 512 0 24729017726586
268896 512 0 24729018005227
269408 512 0 24729018283867
269920 512 0 24729018562508
270432 512 0 24729018841148
270944 512 0 24729019119789
271456 512 0 24729019398429
271968 512 0 24729019677070
272480 512 0 24729019955710
272992 512 0 24729020234351
273504 512 0 24729020512992
274016 512 0 24729020791632
274528 512 0 24729021070273
275040 512 0 24729021348913
275552 512 0 24729021627554
276064 512 0 24729021906194
276576 512 0 24729022184835
277088 512 0 24729022463476
277600 512 0 24729022742116
278112 512 0 24729023020757
278624 512 0 24729023299397
279136 512 0 24729023578038
279648 512 0 24729023856678
280160 512 0 24729024135319
280672 512 0 24729024413959
281184 512 0 24729024692600
281696 512 0 24729024971241
282208 512 0 24729025249881
282720 512 0 24729025528522
283232 512 0 24729025807162
283744 512 0 24729026085803
284256 512 0 24729026364443
284768 512 0 24729026643084
285280 512 0 24729026921725
285792 512 0 24729027200365
286304 512 0 24729027479006
286816 512 0 24729027757646
287328 512 0 24729028036287
287840 512 0 24729028314927
288352 512 0 24729028593568
288864 512 0 24729028872208
289376 512 0 24729029150849
289888 512 0 24729029429490
290400 512 0 24729029708130
290912 512 0 24729029986771
291424 512 0 24729030265411
291936 512 0 24729030544052
292448 512 0 24729030822692
292960 512 0 24729031101333
293472 512 0 24729031379974
293984 512 0 24729031658614
294496 512 0 24729031937256
295008 512 0 24729032215896
295520 512 0 24729032494537
296032 512 0 24729032773177
296544 512 0 24729033051818
297056 512 0 24729033330459
297568 512 0 24729033609099
298080 512 0 24729033887740
298592 512 0 24729034166380
299104 512 0 24729034445021
299616 512 0 24729034723661
300128 512 0 24729035002302
300640 512 0 24729035280943
301152 512 0 24729035559583
301664 512 0 24729035838224
302176 512 0 24729036116864
302688 512 0 24729036395505
303200 512 0 24729036674145
303712 512 0 24729036952786
304224 512 0 24729037231426
304736 512 0 24729037510067
305248 512 0 24729037788708
305760 512 0 24729038067348
306272 512 0 24729038345989
306784 512 0 24729038624629
307296 512 0 24729038903270
307808 512 0 24729039181910
308320 512 0 24729039460551
308832 512 0 24729039739192
309344 512 0 24729040017832
309856 512 0 24729040296473
310368 512 0 24729040575113
310880 512 0 24729040853755
311392 512 0 24729041132395
311904 512 0 24729041411036
312416 512 0 24729041689676
312928 512 0 24729041968317
313440 512 0 24729042246958
313952 512 0 24729042525598
314464 512 0 24729042804239
314976 512 0 24729043082879
315488 512 0 24729043361520
316000 512 0 24729043640160
316512 512 0 24729043918801
317024 512 0 24729044197442
317536 512 0 24729044476082
318048 512 0 24729044754723
318560 512 0 24729045033363
319072 512 0 24729045312004
319584 512 0 24729045590644
320096 512 0 24729045869285
320608 512 0 24729046147926
321120 512 0 24729046426566
321632 512 0 24729046705207
322144 512 0 24729046983847
322656 512 0 24729047262488
323168 512 0 24729047541128
323680 512 0 24729047819769
324192 512 0 24729048098410
324704 512 0 24729048377050
325216 512 0 24729048655691
325728 512 0 24729048934331
326240 512 0 24729049212972
326752 512 0 24729049491612
327264 512 0 24729049770253
327776 512 0 24729050048893
328288 512 0 24729050327534
328800 512 0 24729050606174
329312 512 0 24729050884815
329824 512 0 24729051163456
330336 512 0 24729051442096
330848 512 0 24729051720737
331360 512 0 24729051999377
331872 512 0 24729052278018
332384 512 0 24729052556658
332896 512 0 24729052835299
333408 512 0 24729053113940
333920 512 0 24729053392580
334432 512 0 24729053671221
334944 512 0 24729053949861
335456 512 0 24729054228502
335968 512 0 24729054507142
336480 512 0 24729054785783
336992 512 0 24729055064424
337504 512 0 24729055343064
338016 512 0 24729055621705
338528 512 0 24729055900345
339040 512 0 24729056178986
339552 512 0 24729056457626
340064 512 0 24729056736267
340576 512 0 24729057014908
341088 512 0 24729057293548
341600 512 0 24729057572189
342112 512 0 24729057850829
342624 512 0 24729058129470
343136 512 0 24729058408110
343648 512 0 24729058686752
344160 512 0 24729058965392
344672 512 0 24729059244033
345184 512 0 24729059522674
345696 512 0 24729059801314
346208 512 0 24729060079955
346720 512 0 24729060358595
347232 512 0 24729060637236
347744 512 0 24729060915876
348256 512 0 24729061194517
348768 512 0 24729061473158
349280 512 0 24729061751798
349792 512 0 24729062030439
350304 512 0 24729062309079
350816 512 0 24729062587720
351328 512 0 24729062866360
351840 512 0 24729063145001
352352 512 0 24729063423642
352864 512 0 24729063702282
353376 512 0 24729063980923
353888 512 0 24729064259563
354400 512 0 24729064538204
354912 512 0 24729064816844
355424 512 0 24729065095485
355936 512 0 24729065374126
356448 512 0 24729065652766
356960 512 0 24729065931407
357472 512 0 24729066210047
357984 512 0 24729066488688
358496 512 0 24729066767328
359008 512 0 24729067045969
359520 512 0 24729067324610
360032 512 0 24729067603251
360544 512 0 24729067881891
361056 512 0 24729068160532
361568 512 0 24729068439173
362080 512 0 24729068717813
362592 512 0 24729068996454
363104 512 0 24729069275094
363616 512 0 24729069553735
364128 512 0 24729069832375
364640 512 0 24729070111016
365152 512 0 24729070389657
365664 512 0 24729070668297
366176 512 0 24729070946938
366688 512 0 24729071225578
367200 512 0 24729071504219
367712 512 0 24729071782860
368224 512 0 24729072061500
368736 512 0 24729072340141
369248 512 0 24729072618781
369760 512 0 24729072897422
370272 512 0 24729073176062
370784 512 0 24729073454703
371296 512 0 24729073733344
371808 512 0 24729074011984
372320 512 0 24729074290625
372832 512 0 24729074569265
373344 512 0 24729074847906
373856 512 0 24729075126546
374368 512 0 24729075405187
374880 512 0 24729075683828
375392 512 0 24729075962468
375904 512 0 24729076241109
376416 512 0 24729076519750
376928 512 0 24729076798391
377440 512 0 24729077077031
377952 512 0 24729077355672
378464 512 0 24729077634312
378976 512 0 24729077912953
379488 512 0 24729078191593
380000 512 0 24729078470234
380512 512 0 24729078748875
381024 512 0 24729079027515
381536 512 0 24729079306156
382048 512 0 24729079584796
382560 512 0 24729079863437
383072 512 0 24729080142077
383584 512 0 24729080420718
384096 512 0 24729080699359
384608 512 0 24729080977999
385120 512 0 24729081256640
385632 512 0 24729081535280
386144 512 0 24729081813921
386656 512 0 24729082092561
387168 512 0 24729082371202
387680 512 0 24729082649843
388192 512 0 24729082928483
388704 512 0 24729083207124
389216 512 0 24729083485764
389728 512 0 24729083764405
390240 512 0 24729084043046
390752 512 0 24729084321686
391264 512 0 24729084600327
391776 512 0 24729084878967
392288 512 0 24729085157608
392800 512 0 24729085436249
393312 512 0 24729085714890
393824 512 0 24729085993530
394336 512 0 24729086272171
394848 512 0 24729086550811
395360 512 0 24729086829452
395872 512 0 24729087108092
396384 512 0 24729087386733
396896 512 0 24729087665374
397408 512 0 24729087944014
397920 512 0 24729088222655
398432 512 0 24729088501295
398944 512 0 24729088779936
399456 512 0 24729089058577
399968 512 0 24729089337217
400480 512 0 24729089615858
400992 512 0 24729089894498
401504 512 0 24729090173139
402016 512 0 24729090451779
402528 512 0 24729090730420
403040 512 0 24729091009061
403552 512 0 24729091287701
404064 512 0 24729091566342
404576 512 0 24729091844982
405088 512 0 24729092123623
405600 512 0 24729092402263
406112 512 0 24729092680904
406624 512 0 24729092959545
407136 512 0 24729093238185
407648 512 0 24729093516826
408160 512 0 24729093795466
408672 512 0 24729094074107
409184 512 0 24729094352748
409696 512 0 24729094631389
410208 512 0 24729094910029
410720 512 0 24729095188670
411232 512 0 24729095467310
411744 512 0 24729095745951
412256 512 0 24729096024592
412768 512 0 24729096303232
413280 512 0 24729096581873
413792 512 0 24729096860513
414304 512 0 24729097139154
414816 512 0 24729097417794
415328 512 0 24729097696435
415840 512 0 24729097975076
416352 512 0 24729098253716
416864 512 0 24729098532357
417376 512 0 24729098810997
